state_id,store_id,product_id,activity_flag,possible_stockout_flag,stockout_risk_group,demand_volume_group,markdown_rate,support_status,absolute_uplift_vs_zero_observed,absolute_uplift_vs_zero_recovered,percentage_uplift_vs_zero_observed,percentage_uplift_vs_zero_recovered,predicted_demand_observed,predicted_demand_recovered,absolute_prediction_difference,percentage_prediction_difference,difference_in_implied_uplift
0,493,37,0,1,high,high,0.0,supported,0.0,0.0,0.0,0.0,1.5305709373112206,1.9849700465152265,0.45439910920400584,29.68820968221546,0.0
0,493,37,0,1,high,high,0.05,supported,0.23967178488797902,0.024386637258625665,15.658979211314072,1.228564496549378,1.7702427221991996,2.009356683773852,0.23911396157465248,13.507411078498755,-0.21528514762935336
0,493,37,0,1,high,high,0.1,supported,0.42421491390358357,0.14112495551898308,27.716122367304898,7.1096768319874215,1.9547858512148042,2.1260950020342095,0.17130915081940534,8.763576363771254,-0.2830899583846005
0,493,37,0,1,high,high,0.2,supported,0.45838694899716037,0.17327681786910132,29.948755580216122,8.729442450444157,1.988957886308381,2.158246864384328,0.16928897807594678,8.511441053694547,-0.28511013112805905
0,493,37,0,1,high,high,0.3,supported,0.5374910890400408,0.3124317140404478,35.11703220918727,15.73987046247607,2.0680620263512615,2.2974017605556742,0.22933973420441278,11.089596505431864,-0.22505937499959305
0,493,37,0,1,high,high,0.4,supported,0.7582112383278892,0.6458858186396452,49.537804478363576,32.53881940302068,2.28878217563911,2.6308558651548717,0.3420736895157619,14.945663818805421,-0.11232541968824394
1,117,316,0,1,high,high,0.0,supported,0.0,0.0,0.0,0.0,1.180740264380991,1.4852228433037764,0.3044825789227854,25.787430826915347,0.0
1,117,316,0,1,high,high,0.05,supported,0.09708364003212067,0.03717151607052749,8.222268941003485,2.502756824547747,1.2778239044131117,1.522394359374304,0.24457045496119223,19.139605552575745,-0.05991212396159318
1,117,316,0,1,high,high,0.1,supported,0.05708446604250916,0.0330414802259007,4.834633641670205,2.2246816613998632,1.2378247304235002,1.518264323529677,0.28043959310617694,22.65584021820517,-0.024042985816608464
1,117,316,0,1,high,high,0.2,supported,0.03367613688638382,0.05395768232903553,2.852120648569456,3.632968787970592,1.2144164012673748,1.539180525632812,0.3247641243654371,26.74240269042074,0.020281545442651705
1,117,316,0,1,high,high,0.3,supported,0.05577577325742089,0.08111216279726152,4.723797005996211,5.461278969883954,1.236516037638412,1.566335006101038,0.32981896846262604,26.67324631652479,0.02533638953984063
1,117,316,0,1,high,high,0.4,supported,0.418801794788763,0.5984062092272211,35.46942603912318,40.29066829433538,1.599542059169754,2.0836290525309975,0.4840869933612435,30.264099064235307,0.1796044144384581
2,513,467,0,0,high,high,0.0,supported,0.0,0.0,0.0,0.0,3.0704316342199105,3.3839365884468853,0.3135049542269748,10.21045219613319,0.0
2,513,467,0,0,high,high,0.05,supported,0.16311064254607466,0.15978885356585248,5.312303349412151,4.721981319371893,3.233542276765985,3.5437254420127378,0.3101831652467526,9.59267387581464,-0.0033217889802221734
2,513,467,0,0,high,high,0.1,supported,0.6440507291910427,0.2836806978473385,20.97590195505765,8.383156434309491,3.714482363410953,3.667617286294224,-0.04686507711672938,-1.2616852775602871,-0.36037003134370416
2,513,467,0,0,high,high,0.2,supported,0.7131684546006882,0.2836806978473385,23.226977166742202,8.383156434309491,3.7836000888205987,3.667617286294224,-0.11598280252637494,-3.065408600371622,-0.4294877567533497
2,513,467,0,0,high,high,0.3,supported,0.6930060751951546,0.3239132262426221,22.570314462358088,9.572083216585558,3.763437709415065,3.7078498146895074,-0.055587894725557696,-1.4770510107419144,-0.36909284895253247
2,513,467,0,0,high,high,0.4,supported,0.7503548885609543,0.3656825146332139,24.438091380972683,10.806423379258723,3.820786522780865,3.749619103080099,-0.07116741970076568,-1.8626379484025235,-0.38467237392774045
3,325,758,0,1,high,high,0.0,supported,0.0,0.0,0.0,0.0,0.9202766580544641,1.3927668146607277,0.4724901566062636,51.342186338306604,0.0
3,325,758,0,1,high,high,0.05,supported,0.04943458373805898,0.01965690083143956,5.37170896440724,1.4113562029569149,0.9697112417925231,1.4124237154921673,0.44271247369964417,45.65405190944107,-0.029777682906619418
3,325,758,0,1,high,high,0.1,supported,0.1139513246611692,0.003307595439626443,12.382290006362995,0.2374837916016892,1.0342279827156333,1.3960744101003542,0.36184642738472084,34.98710472275168,-0.11064372922154275
3,325,758,0,1,high,high,0.2,supported,0.12772382663547965,-0.0051379759516181345,13.878851051758456,-0.36890424854570947,1.0480004846899438,1.3876288387091096,0.3396283540191658,32.40727070079996,-0.1328618025870978
3,325,758,0,1,high,high,0.3,supported,0.1585222477426056,0.049711266599287374,17.22549913172131,3.5692454814409746,1.0787989057970697,1.442478081260015,0.36367917546294537,33.711489092978006,-0.10881098114331822
3,325,758,0,1,high,high,0.4,supported,0.47857862247023597,0.36442850928132664,52.00377715566405,26.16579498055458,1.3988552805247,1.7571953239420544,0.35834004341735426,25.616663024851547,-0.11415011318890933
4,417,756,0,1,high,high,0.0,supported,0.0,0.0,0.0,0.0,6.532178516931096,7.255230292080922,0.723051775149826,11.069075550763197,0.0
4,417,756,0,1,high,high,0.05,supported,-0.07674397393645549,-0.017383558676025146,-1.1748603277993541,-0.23960037071462104,6.455434542994641,7.237846733404897,0.7824121904102563,12.120209494794132,0.059360415260430344
4,417,756,0,1,high,high,0.1,supported,0.4485380403520409,0.1698813667970569,6.86659189104295,2.3415020606924353,6.980716557283137,7.425111658877979,0.44439510159484197,6.366038471096425,-0.278656673554984
4,417,756,0,1,high,high,0.2,supported,1.6346541496799771,2.2262989204261494,25.02463987233403,30.68543424260637,8.166832666611073,9.481529212507072,1.3146965458959983,16.097997835451515,0.5916447707461723
4,417,756,0,1,high,high,0.3,supported,1.8002312382826657,2.3446598906355067,27.559431108879707,32.31682243353049,8.332409755213762,9.599890182716429,1.267480427502667,15.211451005629883,0.544428652352841
4,417,756,0,1,high,high,0.4,supported,1.9790437560605332,2.262645291079613,30.296841259480978,31.186402084979825,8.51122227299163,9.517875583160535,1.0066533101689057,11.827364835286748,0.2836015350190797
5,498,547,0,1,high,low,0.0,supported,0.0,0.0,0.0,0.0,0.21173189549593,0.42910759662916226,0.21737570113323226,102.66554343363481,0.0
5,498,547,0,1,high,low,0.05,supported,0.08452006873914261,0.03385089853284795,39.918439563002586,7.888673796213896,0.2962519642350726,0.4629584951620102,0.1667065309269376,56.27187362533665,-0.05066917020629466
5,498,547,0,1,high,low,0.1,supported,0.09287745133837325,0.04581966029408974,43.86559290976477,10.677895393608573,0.30460934683430324,0.474927256923252,0.17031791008894875,55.91355349368045,-0.04705779104428351
5,498,547,0,1,high,low,0.2,supported,0.1274298422143055,0.12503715181541425,60.184528134427914,29.138880970096693,0.3391617377102355,0.5541447484445765,0.214983010734341,63.386575439123625,-0.0023926903988912562
5,498,547,0,1,high,low,0.3,supported,0.2283109785209693,0.2556176822329687,107.83022462733207,59.56960078100768,0.4400428740168993,0.684725278862131,0.24468240484523168,55.604219337008274,0.02730670371199942
5,498,547,0,1,high,low,0.4,supported,0.4365531521722703,0.5497742926359195,206.1820450573834,128.1203821499898,0.6482850476682003,0.9788818892650817,0.3305968415968814,50.99559873947372,0.11322114046364917
6,212,608,0,0,high,low,0.0,supported,0.0,0.0,0.0,0.0,0.39212347768288064,0.3937036484979268,0.0015801708150461335,0.4029778641114756,0.0
6,212,608,0,0,high,low,0.05,supported,0.0773919031352136,0.06959289647373845,19.73661551522865,17.676467246176642,0.46951538081809424,0.4632965449716652,-0.006218835846429016,-1.3245222841460902,-0.00779900666147515
6,212,608,0,0,high,low,0.1,supported,0.09619199916730614,0.08165377905544463,24.531048162614443,20.739909159331702,0.4883154768501868,0.4753574275533714,-0.012958049296815377,-2.653622486102536,-0.01453822011186151
6,212,608,0,0,high,low,0.2,supported,0.09757715227545777,0.1518658758529095,24.884292277538833,38.57365214478301,0.4897006299583384,0.5455695243508363,0.05586889439249787,11.40878548537929,0.054288723577451736
6,212,608,0,0,high,low,0.3,supported,0.19576924483541996,0.19816277581863223,49.92540767827809,50.33297927887395,0.5878927225183006,0.591866424316559,0.0039737017982584,0.6759229441107184,0.0023935309832122664
6,212,608,0,0,high,low,0.4,supported,0.502720756431347,0.498510095771821,128.204707201416,126.62064415043032,0.8948442341142275,0.8922137442697478,-0.0026304898444797775,-0.2939606407682316,-0.004210660659525967
7,802,591,0,1,high,low,0.0,supported,0.0,0.0,0.0,0.0,0.2947551651807538,0.4750064234395354,0.18025125825878163,61.152875183118674,0.0
7,802,591,0,1,high,low,0.05,supported,0.07545615821118773,0.035714133116303615,25.599605070505028,7.518663191477826,0.3702113233919415,0.510720556555839,0.14050923316389752,37.953791330996346,-0.039742025094884115
7,802,591,0,1,high,low,0.1,supported,0.07292765911906651,0.029188182051003653,24.74177477919508,6.1447973355078345,0.3676828242998203,0.5041946054905391,0.13651178119071877,37.127592633862804,-0.04373947706806286
7,802,591,0,1,high,low,0.2,supported,0.11276203987250205,0.13771765943575148,38.25617094898153,28.99279938964485,0.40751720505325584,0.6127240828752869,0.20520687782203106,50.35538997555058,0.02495561956324943
7,802,591,0,1,high,low,0.3,supported,0.19598929426203843,0.2770220136528832,66.49223403493241,58.3196352687104,0.4907444594427922,0.7520284370924186,0.2612839776496264,53.24236934764317,0.08103271939084478
7,802,591,0,1,high,low,0.4,supported,0.5361492700805213,0.5795698165273384,181.8964799995062,122.01304823009687,0.8309044352612751,1.0545762399668739,0.22367180470559878,26.919076997737523,0.04342054644681714
8,507,715,0,1,high,low,0.0,supported,0.0,0.0,0.0,0.0,0.2931801664085034,0.46838918833420773,0.1752090219257043,59.76155347479282,0.0
8,507,715,0,1,high,low,0.05,supported,0.06682005125345675,0.031845034279478934,22.791463717348748,6.798840595090061,0.36000021766196016,0.5002342226136867,0.1402340049517265,38.95386671221574,-0.03497501697397781
8,507,715,0,1,high,low,0.1,supported,0.06380948909712025,0.036953693623763995,21.764599522128346,7.889527457964429,0.35698965550562367,0.5053428819579717,0.14835322645234805,41.55672977196703,-0.02685579547335626
8,507,715,0,1,high,low,0.2,supported,0.09274254165935458,0.11684196529669655,31.633293205152047,24.945487258627065,0.385922708067858,0.5852311536309043,0.19930844556304628,51.64465355275265,0.024099423637341966
8,507,715,0,1,high,low,0.3,supported,0.1973522087518947,0.25182243542449245,67.3143109131446,53.76350302193795,0.4905323751603981,0.7202116237587002,0.22967924859830208,46.822444394867865,0.054470226672597766
8,507,715,0,1,high,low,0.4,supported,0.500865013395392,0.5567456601004312,170.83864148487805,118.86390078311946,0.7940451798038954,1.025134848434639,0.23108966863074354,29.10283627536352,0.05588064670503923
9,115,779,0,0,high,low,0.0,supported,0.0,0.0,0.0,0.0,0.3630563468806759,0.4022931538348242,0.03923680695414833,10.807360149812805,0.0
9,115,779,0,0,high,low,0.05,supported,0.020559694151647545,0.023122298995174317,5.662948555587377,5.7476242821343115,0.38361604103232344,0.42541545282999854,0.0417994117976751,10.896158483151929,0.0025626048435267723
9,115,779,0,0,high,low,0.1,supported,0.015543496488341413,0.015606053859369473,4.281290389739434,3.8792740345208854,0.3785998433690173,0.4178992076941937,0.03929936432517639,10.380185045895995,6.255737102806025e-05
9,115,779,0,0,high,low,0.2,supported,0.020757714956597617,0.05005166101176628,5.717491275099507,12.441589058787894,0.3838140618372735,0.4523448148465905,0.06853075300931699,17.855195998100793,0.029293946055168663
9,115,779,0,0,high,low,0.3,supported,0.05318105129888534,0.06246170400885881,14.648153587124613,15.52641485778421,0.41623739817956124,0.46475485784368303,0.0485174596641218,11.656199052827976,0.00928065270997347
9,115,779,0,0,high,low,0.4,supported,0.15229725619751033,0.2903109459094775,41.94865549274234,72.16402843103688,0.5153536030781862,0.6926040997443017,0.17725049666611548,34.39395700493901,0.13801368971196715
10,17,381,0,1,high,medium,0.0,supported,0.0,0.0,0.0,0.0,1.00382298379255,1.1484833274106547,0.14466034361810465,14.410941565769143,0.0
10,17,381,0,1,high,medium,0.05,supported,0.09895724948888152,0.07090600254739021,9.858037830037581,6.173881749529042,1.1027802332814316,1.219389329958045,0.11660909667661334,10.574101090806764,-0.028051246941491303
10,17,381,0,1,high,medium,0.1,supported,0.18664056492981063,0.07838096056440058,18.592975847660178,6.824736475810811,1.1904635487223607,1.2268642879750553,0.0364007392526946,3.0576945671088263,-0.10825960436541004
10,17,381,0,1,high,medium,0.2,supported,0.12233479739809106,0.11380837891092321,12.186889458926032,9.909449810430694,1.1261577811906411,1.262291706321578,0.1361339251309368,12.0883527516906,-0.008526418487167842
10,17,381,0,1,high,medium,0.3,supported,0.1881836637433203,0.21545383978521615,18.746698051517253,18.75985786149579,1.1920066475358704,1.3639371671958709,0.1719305196600005,14.423620876227261,0.027270176041895855
10,17,381,0,1,high,medium,0.4,supported,0.5538343037715276,0.5653024113471115,55.17250677794632,49.22164718068915,1.5576572875640777,1.7137857387577662,0.15612845119368846,10.023286408388831,0.011468107575583808
11,507,715,0,1,high,medium,0.0,supported,0.0,0.0,0.0,0.0,0.4596519903209375,0.8335568745703816,0.3739048842494441,81.3452116215959,0.0
11,507,715,0,1,high,medium,0.05,supported,0.10285293583257049,0.027885965968471815,22.37626247647848,3.345418509426179,0.562504926153508,0.8614428405388534,0.29893791438534545,53.14405269826297,-0.07496696986409868
11,507,715,0,1,high,medium,0.1,supported,0.10491263783670335,0.042167088961704735,22.824362788781016,5.058693683431947,0.5645646281576409,0.8757239635320864,0.3111593353744455,55.114918621426966,-0.06274554887499861
11,507,715,0,1,high,medium,0.2,supported,0.11217078182363016,0.06091644995978385,24.40341479764081,7.308013624286924,0.5718227721445677,0.8944733245301655,0.3226505523855978,56.424921864431376,-0.051254331863846314
11,507,715,0,1,high,medium,0.3,supported,0.188094454634951,0.12366947702042541,40.921057364207215,14.836357397228017,0.6477464449558885,0.957226351590807,0.30947990663491853,47.777939816558025,-0.06442497761452559
11,507,715,0,1,high,medium,0.4,supported,0.32840069309391695,0.2603538021791736,71.44550660264117,31.234077736250555,0.7880526834148545,1.0939106767495552,0.30585799333470076,38.81187130907693,-0.06804689091474336
12,291,426,0,1,high,medium,0.0,supported,0.0,0.0,0.0,0.0,0.5637619975452672,0.8751206928480293,0.31135869530276206,55.22874841838936,0.0
12,291,426,0,1,high,medium,0.05,supported,0.08074930940474534,0.03206934013996787,14.323297731373174,3.664561974371794,0.6445113069500126,0.9071900329879972,0.2626787260379846,40.75626342089256,-0.04867996926477747
12,291,426,0,1,high,medium,0.1,supported,0.07482351754138494,0.039579888219685166,13.272181854609123,4.522791946659921,0.6385855150866522,0.9147005810677145,0.2761150659810623,43.23854197406829,-0.035243629321699776
12,291,426,0,1,high,medium,0.2,supported,0.07848487229544965,0.061511399549312396,13.921632291142094,7.028904704461647,0.6422468698407169,0.9366320923973417,0.2943852225566248,45.83677031071167,-0.016973472746137253
12,291,426,0,1,high,medium,0.3,supported,0.2163139384987851,0.1412650696801554,38.36972684229505,16.142352801693715,0.7800759360440523,1.0163857625281847,0.23630982648413235,30.293182440996034,-0.07504886881862971
12,291,426,0,1,high,medium,0.4,supported,0.5709969603313962,0.3794255752689193,101.2833363755683,43.35694246174215,1.1347589578766635,1.2545462681169486,0.1197873102402851,10.556189877049182,-0.19157138506247695
13,714,793,0,1,high,medium,0.0,supported,0.0,0.0,0.0,0.0,0.5497636827457015,0.8196602428489572,0.2698965601032557,49.09319559911689,0.0
13,714,793,0,1,high,medium,0.05,supported,0.0440238106129498,0.03392350858047499,8.007769882703109,4.138728073788767,0.5937874933586513,0.8535837514294322,0.2597962580707809,43.75239643416713,-0.010100302032474806
13,714,793,0,1,high,medium,0.1,supported,0.04612474945754852,0.03585139917538194,8.389922962387452,4.373934137731306,0.59588843220325,0.8555116420243392,0.2596232098210891,43.56909713134605,-0.010273350282166582
13,714,793,0,1,high,medium,0.2,supported,0.047620497590056265,0.0832078974663295,8.661994068473877,10.151510725604718,0.5973841803357578,0.9028681403152867,0.30548395997952893,51.13693499681104,0.03558739987627324
13,714,793,0,1,high,medium,0.3,supported,0.10836983846014703,0.16923519829127698,19.712076636076105,20.64699364983873,0.6581335212058486,0.9888954411402342,0.33076191993438564,50.25757073250963,0.06086535983112995
13,714,793,0,1,high,medium,0.4,supported,0.2518324723297436,0.35336435971345104,45.80740420538676,43.11107715621718,0.8015961550754451,1.1730246025624083,0.37142844748696313,46.33610642156896,0.10153188738370744
14,714,793,0,1,high,medium,0.0,supported,0.0,0.0,0.0,0.0,0.5306620652861378,0.85816189086598,0.32749982557984225,61.71532638257293,0.0
14,714,793,0,1,high,medium,0.05,supported,0.06822497096562996,0.02705058746534683,12.85657585658444,3.1521543607640146,0.5988870362517678,0.8852124783313269,0.2863254420795591,47.809590915771636,-0.04117438350028313
14,714,793,0,1,high,medium,0.1,supported,0.05259470134414479,0.029801676602102756,9.911147750081817,3.4727336321156876,0.5832567666302826,0.8879635674680828,0.3047068008378002,52.242308751635825,-0.022793024742042034
14,714,793,0,1,high,medium,0.2,supported,0.05429704654113299,0.05054884833520301,10.231944224589618,5.890362747778699,0.5849591118272708,0.9087107392011831,0.3237516273739123,55.34602689794686,-0.0037481982059299757
14,714,793,0,1,high,medium,0.3,supported,0.11832782450344692,0.11435982661769373,22.298150224784475,13.326136692261192,0.6489898897895847,0.9725217174836738,0.32353182769408906,49.851597503157464,-0.003967997885753194
14,714,793,0,1,high,medium,0.4,supported,0.27446836148157794,0.29063310715844404,51.72187337973406,33.86693236461049,0.8051304267677157,1.148794998024424,0.34366457125670835,42.68433533637368,0.0161647456768661
15,554,765,0,1,high,medium,0.0,supported,0.0,0.0,0.0,0.0,0.28594029772889934,0.5015548805243992,0.2156145827954999,75.40545509256083,0.0
15,554,765,0,1,high,medium,0.05,supported,0.06290493269443237,0.02520456942847349,21.99932405262888,5.02528644564697,0.3488452304233317,0.5267594499528727,0.177914219529541,51.00090355646771,-0.03770036326595888
15,554,765,0,1,high,medium,0.1,supported,0.05991906375652256,0.03040355356902258,20.95509595269849,6.061859778382428,0.3458593614854219,0.5319584340934218,0.1860990726079999,53.807730347019685,-0.029515510187499983
15,554,765,0,1,high,medium,0.2,supported,0.08664512819608206,0.08944049032646961,30.301824850945103,17.83264280729466,0.3725854259249814,0.5909953708508688,0.21840994492588744,58.62009883603536,0.0027953621303875575
15,554,765,0,1,high,medium,0.3,supported,0.21146377782794373,0.21992052326832812,73.95382165700654,43.84774863288956,0.4974040755568431,0.7214754037927273,0.22407132823588427,45.04814882850261,0.008456745440384383
15,554,765,0,1,high,medium,0.4,supported,0.5473852467548848,0.526806350511575,191.4334044912627,105.0346374779115,0.8333255444837842,1.0283612310359742,0.19503568655219006,23.404501139228586,-0.020578896243309774
16,230,4,0,1,low,high,0.0,supported,0.0,0.0,0.0,0.0,1.4547736291496625,2.0864489180247667,0.6316752888751043,43.42086467736759,0.0
16,230,4,0,1,low,high,0.05,supported,0.09822120898195319,0.06853319208625885,6.75164898606011,3.2846810431927054,1.5529948381316157,2.1549821101110256,0.6019872719794099,38.762992458085144,-0.029688016895694336
16,230,4,0,1,low,high,0.1,supported,0.46518485392347353,0.3084310891009481,31.976442561402575,14.782585206684029,1.919958483073136,2.394880007125715,0.4749215240525788,24.736030921481532,-0.15675376482252545
16,230,4,0,1,low,high,0.2,supported,0.44173990843449706,0.40343820381952744,30.364855368783438,19.336116994489405,1.8965135375841595,2.489887121844294,0.5933735842601346,31.28760077378583,-0.03830170461496962
16,230,4,0,1,low,high,0.3,supported,0.4724804515712884,0.4504182139022319,32.47793623035773,21.587790144828524,1.9272540807209508,2.5368671319269986,0.6096130512060478,31.63117189914071,-0.02206223766905646
16,230,4,0,1,low,high,0.4,supported,0.7466751058519057,0.6902893287211818,51.32586203726752,33.084410682561824,2.201448735001568,2.7767382467459485,0.5752895117443804,26.13231471610764,-0.0563857771307239
17,230,4,0,1,low,high,0.0,supported,0.0,0.0,0.0,0.0,1.3961315428866778,2.0154610918009688,0.6193295489142909,44.36040085690989,0.0
17,230,4,0,1,low,high,0.05,supported,0.048627021476391086,0.016870159210387925,3.482982798014045,0.8370372059781639,1.444758564363069,2.0323312510113567,0.5875726866482878,40.669264826772135,-0.03175686226600316
17,230,4,0,1,low,high,0.1,supported,0.2527033686843061,0.13187932413429593,18.100254948886118,6.543382289580779,1.648834911570984,2.1473404159352647,0.49850550436428076,30.233803327788134,-0.12082404455001017
17,230,4,0,1,low,high,0.2,supported,0.25269428033185504,0.22007497748959182,18.099603982113166,10.919336442904882,1.6488258232185329,2.2355360692905606,0.5867102460720277,35.58351875680601,-0.03261930284226322
17,230,4,0,1,low,high,0.3,supported,0.31347865062695224,0.35676625732349754,22.4533749863423,17.701470833391262,1.70961019351363,2.3722273491244663,0.6626171556108362,38.75837650739613,0.0432876066965453
17,230,4,0,1,low,high,0.4,supported,0.47580101775256134,0.45607526744211313,34.079956160060874,22.6288301618651,1.8719325606392392,2.471536359243082,0.5996037986038427,32.03127138293307,-0.01972575031044821
18,658,19,0,0,low,high,0.0,supported,0.0,0.0,0.0,0.0,1.3424100068655664,1.1003401905744972,-0.24206981629106927,-18.032480021233255,0.0
18,658,19,0,0,low,high,0.05,supported,0.057877358856377015,0.008838626072698919,4.311451684684364,0.8032630406860086,1.4002873657219435,1.109178816647196,-0.29110854907474737,-20.78920057417365,-0.049038732783678096
18,658,19,0,0,low,high,0.1,supported,0.16133039271535932,0.20723673838764567,12.017967080866331,18.833878846090823,1.5037403995809258,1.3075769289621428,-0.19616347061878292,-13.045035610764423,0.04590634567228635
18,658,19,0,0,low,high,0.2,supported,0.10841920319168263,0.2389479456860939,8.07645969839228,21.715824590696542,1.450829210057249,1.339288136260591,-0.11154107379665801,-7.68809126694221,0.13052874249441127
18,658,19,0,0,low,high,0.3,supported,0.19934460029678203,0.24196135915920403,14.849755237018659,21.989686574374232,1.5417546071623485,1.3423015497337012,-0.19945305742864727,-12.93675767220488,0.042616758862422
18,658,19,0,0,low,high,0.4,supported,0.5001205630259391,0.49833344340166663,37.25542572449125,45.28903403423647,1.8425305698915055,1.5986736339761638,-0.24385693591534174,-13.234892267198628,-0.0017871196242724707
19,488,740,0,1,low,high,0.0,supported,0.0,0.0,0.0,0.0,0.8142470146544043,1.1635540345417392,0.3493070198873349,42.8993921501319,0.0
19,488,740,0,1,low,high,0.05,supported,0.07318836619992242,0.02487292503220484,8.988472156816707,2.137668238329904,0.8874353808543267,1.188426959573944,0.30099157871961735,33.91701358918722,-0.04831544116771758
19,488,740,0,1,low,high,0.1,supported,0.07549816701410506,0.00542364474672441,9.27214538774197,0.4661274496684964,0.8897451816685094,1.1689776792884636,0.2792324976199543,31.383423408522315,-0.07007452226738065
19,488,740,0,1,low,high,0.2,supported,0.05809849387680055,0.008387609650721384,7.135241865327524,0.7208612064178777,0.8723455085312048,1.1719416441924606,0.29959613566125576,34.34374714276858,-0.049710884226079166
19,488,740,0,1,low,high,0.3,supported,0.12279412588384875,0.03847307339234263,15.080697094844986,3.3065136856746946,0.937041140538253,1.2020271079340819,0.2649859673958288,28.27901102011552,-0.08432105249150612
19,488,740,0,1,low,high,0.4,supported,0.33924213739199427,0.4065935564780738,41.66329520237551,34.9441061100535,1.1534891520463986,1.570147591019813,0.4166584389734145,36.121574115735996,0.06735141908607956
20,754,92,0,0,low,low,0.0,supported,0.0,0.0,0.0,0.0,0.03966124375466501,0.04388104165026652,0.004219797895601507,10.63960051707953,0.0
20,754,92,0,0,low,low,0.05,supported,0.005261359399563438,0.013121662033267499,13.265744846805493,29.90280435420749,0.04492260315422845,0.057002703683534016,0.012080100529305568,26.89091833755075,0.007860302633704061
20,754,92,0,0,low,low,0.1,supported,0.0033331270106557037,0.04172067794480136,8.403990130197702,95.07677205412912,0.042994370765320714,0.08560171959506788,0.04260734882974716,99.0998311437419,0.038387550934145656
20,754,92,0,0,low,low,0.2,supported,0.007717781905150559,0.0444218787851193,19.459253352948068,101.23250751238606,0.04737902565981557,0.08830292043538582,0.04092389477557025,86.37555164052218,0.03670409687996874
20,754,92,0,0,low,low,0.3,supported,0.00945301580714518,0.042571006595591696,23.834390735750198,97.01457621467637,0.04911425956181019,0.08645204824585821,0.03733778868404802,76.02229783604595,0.033117990788446516
20,754,92,0,0,low,low,0.4,supported,0.025167738556692285,0.08963463309348779,63.45675569927638,204.26733213828206,0.0648289823113573,0.1335156747437543,0.06868669243239701,105.95059490909806,0.06446689453679551
21,658,19,0,0,low,low,0.0,supported,0.0,0.0,0.0,0.0,0.7817439960244714,0.6403469811723281,-0.1413970148521433,-18.08738098037367,0.0
21,658,19,0,0,low,low,0.05,supported,0.10303505650854472,0.09798733907634571,13.180153225675607,15.302225505452283,0.8847790525330161,0.7383343202486738,-0.1464447322843423,-16.551559608592527,-0.005047717432199006
21,658,19,0,0,low,low,0.1,supported,0.3005723841447665,0.47883843287221173,38.44895332401856,74.77796365894763,1.082316380169238,1.1191854140445399,0.03686903387530194,3.406493198369298,0.17826604872744523
21,658,19,0,0,low,low,0.2,supported,0.2623245408457371,0.4910133119131317,33.55632306481129,76.67925770715733,1.0440685368702085,1.1313602930854598,0.08729175621525131,8.360730462860676,0.2286887710673946
21,658,19,0,0,low,low,0.3,supported,0.24840879181800934,0.4681600356946236,31.776232766901003,73.11036820030449,1.0301527878424808,1.1085070168669517,0.07835422902447098,7.606078433139385,0.21975124387661427
21,658,19,0,0,low,low,0.4,supported,0.303787390354731,0.4823689342712638,38.86021407259026,75.32930558806683,1.0855313863792024,1.122715915443592,0.037184529064389515,3.4254678889035883,0.1785815439165328
22,754,92,0,0,low,medium,0.0,supported,0.0,0.0,0.0,0.0,0.5255789050067383,0.5811319747978037,0.055553069791065335,10.569881945766667,0.0
22,754,92,0,0,low,medium,0.05,supported,0.03403304757608194,0.04073030717444914,6.475345043699132,7.008787838359898,0.5596119525828203,0.6218622819722528,0.062250329389432535,11.1238384209136,0.0066972595983672
22,754,92,0,0,low,medium,0.1,supported,0.03058061524405775,0.03670283095219573,5.818463213181224,6.315747978755759,0.5561595202507961,0.6178348057499994,0.061675285499203314,11.089495594967303,0.006122215708137979
22,754,92,0,0,low,medium,0.2,supported,0.055682165580802634,0.10360609083081251,10.594444535419223,17.828323913317746,0.581261070587541,0.6847380656286162,0.10347699504107521,17.802154707605023,0.04792392525000988
22,754,92,0,0,low,medium,0.3,supported,0.1759076596803606,0.24321778901021385,33.46931507422379,41.85241899567443,0.7014865646870989,0.8243497638080175,0.12286319912091859,17.51469027432082,0.06731012932985325
22,754,92,0,0,low,medium,0.4,supported,0.46182002773865394,0.5892163607266812,87.86882870284398,101.39114457291569,0.9873989327453923,1.1703483355244848,0.18294940277909255,18.528418120770574,0.12739633298802722
23,237,596,0,0,low,medium,0.0,supported,0.0,0.0,0.0,0.0,0.8303482135452573,0.8624116765058405,0.032063462960583156,3.8614478164148647,0.0
23,237,596,0,0,low,medium,0.05,supported,0.108929983414366,0.09902336136124368,13.118590687306742,11.482145251377872,0.9392781969596233,0.9614350378670842,0.02215684090746084,2.358922093494864,-0.009906622053122316
23,237,596,0,0,low,medium,0.1,supported,0.18155030365656,0.11295567374040938,21.86435771101527,13.09765125143738,1.0118985172018173,0.9753673502462499,-0.03653116695556746,-3.610161131235412,-0.06859462991615062
23,237,596,0,0,low,medium,0.2,supported,0.25006269985470375,0.19510544692412068,30.115401680342657,22.623238093738784,1.080410913399961,1.0575171234299612,-0.02289378996999991,-2.1189891444131304,-0.05495725293058307
23,237,596,0,0,low,medium,0.3,supported,0.3872785747304084,0.2066947741317633,46.64050195000511,23.967065818172916,1.2176267882756657,1.0691064506376038,-0.14852033763806194,-12.19752547070585,-0.1805838005986451
23,237,596,0,0,low,medium,0.4,supported,0.954046465410459,0.6846891428284465,114.89715397074912,79.39237854507523,1.7843946789557164,1.547100819334287,-0.23729385962142935,-13.298283301332258,-0.2693573225820125
24,370,127,0,0,medium,high,0.0,supported,0.0,0.0,0.0,0.0,1.1530237696065444,1.157406565143821,0.004382795537276607,0.3801131991209683,0.0
24,370,127,0,0,medium,high,0.05,supported,0.06007061496042754,0.07668493817352706,5.209833183311208,6.625583479734121,1.213094384566972,1.234091503317348,0.02099711875037613,1.7308726359219984,0.016614323213099524
24,370,127,0,0,medium,high,0.1,supported,0.07211969447270805,0.07870118896863731,6.254831545868145,6.799787675202773,1.2251434640792525,1.2361077541124583,0.01096429003320587,0.894939274842077,0.006581494495929263
24,370,127,0,0,medium,high,0.2,supported,0.07718096992562584,0.10415332279747336,6.693788277405854,8.998853638309123,1.2302047395321702,1.2615598879412944,0.03135514840912412,2.5487748015869283,0.026972352871847516
24,370,127,0,0,medium,high,0.3,supported,0.11420999187685155,0.1355040363963389,9.905259101104601,11.707557264417368,1.267233761483396,1.29291060154016,0.02567684005676396,2.0262118037880583,0.021294044519487354
24,370,127,0,0,medium,high,0.4,supported,0.4409851322535636,0.37747601120534613,38.24597062765189,32.61395110182743,1.594008901860108,1.5348825763491671,-0.05912632551094088,-3.709284524192069,-0.06350912104821749
25,3,351,0,1,medium,high,0.0,supported,0.0,0.0,0.0,0.0,0.5781566553895643,0.8559237275892801,0.27776707219971586,48.04356563405039,0.0
25,3,351,0,1,medium,high,0.05,supported,0.06280079692622409,0.03181322309552126,10.862245784217194,3.716829206864447,0.6409574523157884,0.8877369506848014,0.24677949836901303,38.50169734003328,-0.03098757383070283
25,3,351,0,1,medium,high,0.1,supported,0.05180249016924954,0.03688822232884159,8.959940128051414,4.309755780779412,0.6299591455588138,0.8928119499181217,0.2628528043593079,41.72537317894491,-0.014914267840407947
25,3,351,0,1,medium,high,0.2,supported,0.09122298368572879,0.048706682096120835,15.77824674944932,5.69054000095357,0.6693796390752931,0.904630409685401,0.2352507706101079,35.144596112169225,-0.04251630158960795
25,3,351,0,1,medium,high,0.3,supported,0.1831261765735066,0.19486085944632814,31.674144864788502,22.766147632705103,0.7612828319630709,1.0507845870356083,0.2895017550725374,38.028147085100805,0.011734682872821534
25,3,351,0,1,medium,high,0.4,supported,0.3204836830474016,0.33497708918350977,55.431980253078365,39.13632469647463,0.8986403384369659,1.19090081677279,0.292260478335824,32.52251939237028,0.014493406136108167
26,843,6,0,1,medium,high,0.0,supported,0.0,0.0,0.0,0.0,1.8647126593081524,2.7738923514754594,0.909179692167307,48.757093358535556,0.0
26,843,6,0,1,medium,high,0.05,supported,0.16856385987096623,0.03083198236309803,9.039669411238238,1.1115060880678485,2.0332765191791187,2.8047243338385575,0.7714478146594388,37.94111658609476,-0.1377318775078682
26,843,6,0,1,medium,high,0.1,supported,0.43410446624681853,-0.001292415287639237,23.279965633304613,-0.04659212124622503,2.298817125554971,2.77259993618782,0.4737828106328492,20.609852143783325,-0.43539688153445777
26,843,6,0,1,medium,high,0.2,supported,0.4773124613971391,-0.004728838292223259,25.597105216963143,-0.17047663330221896,2.3420251207052916,2.769163513183236,0.4271383924779446,18.237993636435192,-0.4820412996893624
26,843,6,0,1,medium,high,0.3,supported,0.4866085551126118,0.0992444471082985,26.09563209020922,3.577804562441278,2.3513212144207642,2.873136798583758,0.5218155841629937,22.19244146493784,-0.3873641080043133
26,843,6,0,1,medium,high,0.4,supported,0.529002729673234,0.10965572577923766,28.369128457008763,3.9531355901720744,2.3937153889813865,2.883548077254697,0.4898326882733106,20.46328024326034,-0.4193470038939964
27,368,540,0,1,medium,high,0.0,supported,0.0,0.0,0.0,0.0,7.0034727656512015,7.928894058736557,0.9254212930853551,13.213748722264175,0.0
27,368,540,0,1,medium,high,0.05,supported,0.5716703193409778,0.4186261900369299,8.162669270947355,5.279755120143914,7.575143084992179,8.347520248773487,0.7723771637813073,10.196205604505826,-0.15304412930404787
27,368,540,0,1,medium,high,0.1,supported,1.277879610110908,0.9210757227984132,18.24637080589957,11.61669857076113,8.28135237576211,8.84996978153497,0.5686174057728604,6.866238507578681,-0.3568038873124948
27,368,540,0,1,medium,high,0.2,supported,3.886187812333935,3.2167112340679402,55.48943991606408,40.5694818248147,10.889660577985136,11.145605292804497,0.25594471481936054,2.350346119481328,-0.6694765782659946
27,368,540,0,1,medium,high,0.3,supported,3.9206334945020433,3.2203829215618676,55.98127708486196,40.61578951245346,10.924106260153245,11.149276980298424,0.22517072014517936,2.0612278458560285,-0.7002505729401758
27,368,540,0,1,medium,high,0.4,supported,4.1509499063947946,3.238179489226372,59.26988003370679,40.8402415928151,11.154422672045996,11.167073547962929,0.012650875916932591,0.1134157839350669,-0.9127704171684226
28,284,190,0,0,medium,high,0.0,supported,0.0,0.0,0.0,0.0,1.0479566611736448,1.0637340454611035,0.015777384287458673,1.5055378597230273,0.0
28,284,190,0,0,medium,high,0.05,supported,0.05138217743266482,0.05834018288059584,4.903082287307581,5.484470778154593,1.0993388386063097,1.1220742283416993,0.02273538973538969,2.0680966538226375,0.006958005447931015
28,284,190,0,0,medium,high,0.1,supported,0.062095501663115726,0.06981442421651618,5.925388326037528,6.563146541601306,1.1100521628367606,1.1335484696776197,0.023496306840859127,2.116684929545465,0.0077189225534004535
28,284,190,0,0,medium,high,0.2,supported,0.06880558335971054,0.12317885915284021,6.565689776011596,11.579854915656584,1.1167622445333554,1.1869129046139437,0.07015066008058835,6.281611007533772,0.05437327579312967
28,284,190,0,0,medium,high,0.3,supported,0.3077707231959379,0.20770136563015207,29.368649925966817,19.525685627568535,1.3557273843695827,1.2714354110912556,-0.08429197327832716,-6.217472203493413,-0.10006935756578583
28,284,190,0,0,medium,high,0.4,supported,0.7367937258338273,0.6930822098605387,70.30765232301354,65.1555915520316,1.7847503870074721,1.7568162553216422,-0.02793413168582992,-1.5651562195578284,-0.043711515973288595
29,666,729,0,1,medium,high,0.0,supported,0.0,0.0,0.0,0.0,0.7664061070295616,1.0782914717490315,0.3118853647194699,40.6945302051775,0.0
29,666,729,0,1,medium,high,0.05,supported,0.06491875558882487,0.0472636877117707,8.470542574410999,4.383201476601406,0.8313248626183865,1.1255551594608022,0.29423029684241575,35.39293843753113,-0.017655067877054176
29,666,729,0,1,medium,high,0.1,supported,0.0743240573888968,0.05036550874042378,9.697738145245506,4.670862198207781,0.8407301644184584,1.1286569804894553,0.2879268160709969,34.247232733722456,-0.02395854864847302
29,666,729,0,1,medium,high,0.2,supported,0.06736381138209269,0.05568706117756461,8.78957132050806,5.164379264470864,0.8337699184116543,1.1339785329265961,0.30020861451494185,36.006170033915865,-0.011676750204528075
29,666,729,0,1,medium,high,0.3,supported,0.09808556211855457,0.0902034182910536,12.798118545625226,8.365402180612636,0.8644916691481161,1.168494890040085,0.30400322089196896,35.16554661440967,-0.007882143827500965
29,666,729,0,1,medium,high,0.4,supported,0.36826682160691293,0.3638554553411226,48.05113349556181,33.74370148276648,1.1346729286364745,1.4421469270901541,0.3074739984536796,27.09802892919708,-0.004411366265790306
30,563,295,0,1,medium,high,0.0,supported,0.0,0.0,0.0,0.0,0.9507551487625858,1.3336144921279938,0.38285934336540794,40.268973969134116,0.0
30,563,295,0,1,medium,high,0.05,supported,0.04792221230607696,0.02303620149411323,5.040436790528879,1.727350867142663,0.9986773610686628,1.356650693622107,0.3579733325534442,35.84474290779804,-0.024886010811963732
30,563,295,0,1,medium,high,0.1,supported,0.06195162646826402,0.058257868509244304,6.516044277950472,4.368418973633426,1.0127067752308498,1.391872360637238,0.37916558540638823,37.440806626375746,-0.0036937579590197167
30,563,295,0,1,medium,high,0.2,supported,0.10561003057599327,0.061801769852878774,11.108015635092316,4.634155538776752,1.056365179338579,1.3954162619808725,0.33905108264229344,32.0960108562631,-0.0438082607231145
30,563,295,0,1,medium,high,0.3,supported,0.1900033389701936,0.1602418853016685,19.98446594977521,12.01560767729639,1.1407584877327794,1.4938563774296623,0.3530978896968828,30.952904886875167,-0.029761453668525117
30,563,295,0,1,medium,high,0.4,supported,0.6951573066919443,0.6906740666753741,73.11633364244162,51.78963416731426,1.6459124554545301,2.024288558803368,0.37837610334883776,22.988835286767827,-0.004483240016570189
31,49,11,0,1,medium,high,0.0,supported,0.0,0.0,0.0,0.0,0.5801648227309517,0.9315922499805409,0.3514274272495892,60.57372206666203,0.0
31,49,11,0,1,medium,high,0.05,supported,0.09482601577153593,0.05200827602791369,16.344668283259733,5.582729571762757,0.6749908385024876,0.9836005260084546,0.30860968750596696,45.720574251146616,-0.04281773974362224
31,49,11,0,1,medium,high,0.1,supported,0.10945757815971913,0.05642102462386078,18.86663476845778,6.056407685340792,0.6896224008906708,0.9880132746044017,0.29839087371373085,43.26873276279149,-0.053036553535858344
31,49,11,0,1,medium,high,0.2,supported,0.09116905041851053,0.08196051917756852,15.714336141470909,8.797896201828692,0.6713338731494622,1.0135527691581094,0.3422188960086472,50.97596139506242,-0.009208531240942008
31,49,11,0,1,medium,high,0.3,supported,0.13466011491447127,0.15341815997922348,23.210665252091502,16.468380880415022,0.714824937645423,1.0850104099597644,0.3701854723143414,51.786871556790274,0.018758045064752205
31,49,11,0,1,medium,high,0.4,supported,0.3602560760296689,0.36642601092812743,62.09547044473873,39.33330391443053,0.9404208987606206,1.2980182609086683,0.3575973621480477,38.025246208301496,0.006169934898458518
32,865,4,0,1,medium,high,0.0,supported,0.0,0.0,0.0,0.0,0.565166627997604,0.8134151664016813,0.24824853840407735,43.9248402340433,0.0
32,865,4,0,1,medium,high,0.05,supported,0.10492891754043376,0.031861960384291566,18.566014400425402,3.917060032853814,0.6700955455380377,0.8452771267859729,0.17518158124793515,26.142776565881686,-0.0730669571561422
32,865,4,0,1,medium,high,0.1,supported,0.12788282006203633,0.06716966207216402,22.627454227990707,8.257734161670927,0.6930494480596403,0.8805848284738453,0.18753538041420503,27.05945166528243,-0.06071315798987231
32,865,4,0,1,medium,high,0.2,supported,0.12313700376248038,0.12518687320229072,21.78773438883983,15.390280188170324,0.6883036317600844,0.938602039603972,0.2502984078438877,36.364533949042396,0.0020498694398103368
32,865,4,0,1,medium,high,0.3,supported,0.191907503132851,0.21753495188412275,33.95591558772373,26.74340986859587,0.757074131130455,1.030950118285804,0.2738759871553491,36.17558385549384,0.025627448751271764
32,865,4,0,1,medium,high,0.4,supported,0.6008642063344298,0.5564852589446971,106.31629267695848,68.41343534402371,1.1660308343320338,1.3699004253463785,0.20386959101434465,17.484065173210638,-0.04437894738973269
33,155,300,0,1,medium,high,0.0,supported,0.0,0.0,0.0,0.0,5.918374673802656,6.168286578788202,0.24991190498554605,4.222644201486037,0.0
33,155,300,0,1,medium,high,0.05,supported,-0.38613707297586597,0.03686231730585998,-6.524376949047839,0.5976103223320317,5.53223760082679,6.205148896094062,0.672911295267272,12.163456160427843,0.42299939028172595
33,155,300,0,1,medium,high,0.1,supported,0.22629983115411,0.030880319010863744,3.823682068589096,0.5006304200757539,6.144674504956766,6.199166897799066,0.054492392842299786,0.886823098576528,-0.19541951214324627
33,155,300,0,1,medium,high,0.2,supported,1.1409528576256953,1.5954606749128635,19.27814510757586,25.865540690009592,7.059327531428352,7.763747253701066,0.7044197222727142,9.97856692633421,0.45450781728716816
33,155,300,0,1,medium,high,0.3,supported,1.1470428468672402,1.7578319821132444,19.381044798406542,28.497897425164396,7.065417520669897,7.926118560901447,0.8607010402315503,12.181885043786412,0.6107891352460042
33,155,300,0,1,medium,high,0.4,supported,1.323525757805264,1.7523167850117938,22.362993739882242,28.408485284029194,7.24190043160792,7.920603363799996,0.6787029321920759,9.371889859598404,0.42879102720652984
34,481,296,0,1,medium,high,0.0,supported,0.0,0.0,0.0,0.0,1.3481258769789561,1.6809747697434805,0.33284889276452434,24.689748817106928,0.0
34,481,296,0,1,medium,high,0.05,supported,0.04271856146219566,0.023222714801686806,3.168736851036824,1.381502876764218,1.3908444384411518,1.7041974845451673,0.3133530461040155,22.529697602646294,-0.019495846660508853
34,481,296,0,1,medium,high,0.1,supported,0.07105523640359968,0.0671816660710296,5.270667792745654,3.9965897930331007,1.4191811133825558,1.74815643581451,0.32897532243195426,23.180644058026957,-0.0038735703325700754
34,481,296,0,1,medium,high,0.2,supported,0.07109612555506084,0.06865647654681606,5.2737008293603616,4.084325225017693,1.419222002534017,1.7496312462902965,0.33040924375627956,23.281011932335804,-0.002439649008244782
34,481,296,0,1,medium,high,0.3,supported,0.11178194382348394,0.18946319637412445,8.291654787754577,11.271031533866328,1.45990782080244,1.870437966117605,0.41053014531516485,28.120278517962618,0.07768125255064051
34,481,296,0,1,medium,high,0.4,supported,0.4346530732098346,0.6158972414309729,32.24128255618517,36.63929123248886,1.7827789501887907,2.2968720111744534,0.5140930609856627,28.83661269004898,0.1812441682211383
35,668,631,0,0,medium,high,0.0,supported,0.0,0.0,0.0,0.0,0.7715018935074343,0.7363161377880445,-0.035185755719389755,-4.560683002270649,0.0
35,668,631,0,0,medium,high,0.05,supported,0.1144791884918579,0.04980612363291259,14.838484449002177,6.764230888994827,0.8859810819992922,0.7861222614209571,-0.09985882057833506,-11.27098790337544,-0.0646730648589453
35,668,631,0,0,medium,high,0.1,supported,0.16237751520167643,0.1191013759341828,21.046936704648765,16.175304305019502,0.9338794087091107,0.8554175137222273,-0.07846189498688338,-8.401715923401742,-0.04327613926749363
35,668,631,0,0,medium,high,0.2,supported,0.1624102017531761,0.09558320302973455,21.051173447523254,12.981272326432292,0.9339120952606104,0.831899340817779,-0.10201275444283131,-10.923164499156035,-0.06682699872344156
35,668,631,0,0,medium,high,0.3,supported,0.1886906768642025,0.09262650412358164,24.457577933654704,12.579719412620705,0.9601925703716367,0.8289426419116261,-0.1312499284600106,-13.66912560146254,-0.09606417274062085
35,668,631,0,0,medium,high,0.4,supported,0.6900652447593145,0.78458425073419,89.44440066402312,106.5553517665859,1.4615671382667488,1.5209003885222345,0.05933325025548575,4.05956378615957,0.0945190059748755
36,97,102,0,1,medium,high,0.0,supported,0.0,0.0,0.0,0.0,1.9892518284883338,2.315690671322445,0.3264388428341114,16.410131596167886,0.0
36,97,102,0,1,medium,high,0.05,supported,0.05879599168131078,0.030742042104371148,2.9556836816377663,1.327553912320023,2.0480478201696446,2.3464327134268164,0.29838489325717177,14.569234678927367,-0.02805394957693963
36,97,102,0,1,medium,high,0.1,supported,0.10795731439210687,0.07716234936202371,5.427031049866904,3.3321527057824873,2.0972091428804407,2.392853020684469,0.29564387780402823,14.097014539902887,-0.030794965030083166
36,97,102,0,1,medium,high,0.2,supported,0.13325711116118955,0.17082032775084555,6.698855783505997,7.376647056806318,2.1225089396495234,2.4865109990732908,0.3640020594237674,17.149612546926306,0.037563216589656
36,97,102,0,1,medium,high,0.3,supported,0.1963791201949565,0.31320218982841697,9.872009032872842,13.525217064054296,2.1856309486832903,2.628892861150862,0.44326191246757185,20.280730044320162,0.11682306963346045
36,97,102,0,1,medium,high,0.4,supported,0.22597399372158833,0.37529071895671295,11.35974794570429,16.206427032950476,2.215225822209922,2.690981390279158,0.475755568069236,21.476617115027107,0.14931672523512463
37,370,127,0,0,medium,high,0.0,supported,0.0,0.0,0.0,0.0,0.779724071857701,0.7891346947246527,0.009410622866951712,1.2069170629208426,0.0
37,370,127,0,0,medium,high,0.05,supported,0.020597451276260337,0.024110189390588843,2.6416333700185257,3.0552692147189697,0.8003215231339613,0.8132448841152415,0.012923360981280219,1.6147711398131426,0.0035127381143285064
37,370,127,0,0,medium,high,0.1,supported,-0.0004650945418529506,0.008328086869371587,-0.05964860630054414,1.0553441541785835,0.779258977315848,0.7974627815940243,0.01820380427817625,2.3360403675911634,0.008793181411224538
37,370,127,0,0,medium,high,0.2,supported,0.012992306782793284,0.04411729363625283,1.6662698064251025,5.590591052601779,0.7927163786404943,0.8332519883609055,0.04053560972041126,5.113507278596874,0.031124986853459546
37,370,127,0,0,medium,high,0.3,supported,0.09105855589924339,0.1347717064365146,11.678305080705709,17.078416059699354,0.8707826277569444,0.9239064011611673,0.05312377340422292,6.100692837782584,0.043713150537271206
37,370,127,0,0,medium,high,0.4,supported,0.3707049293221525,0.30095167542283807,47.543091550186986,38.13692103955042,1.1504290011798535,1.0900863701474908,-0.060342631032362704,-5.245228603458074,-0.06975325389931442
38,57,11,0,1,medium,high,0.0,supported,0.0,0.0,0.0,0.0,0.6725702953202772,0.9659087130452662,0.2933384177249889,43.61453661662258,0.0
38,57,11,0,1,medium,high,0.05,supported,0.054861964300065846,0.053102622682008604,8.15706026296339,5.497685440127098,0.7274322596203431,1.0190113357272748,0.2915790761069317,40.08333040647809,-0.0017593416180572419
38,57,11,0,1,medium,high,0.1,supported,0.07510687441680886,0.05759414671626528,11.167141180542783,5.962690463230791,0.7476771697370861,1.0235028597615314,0.27582569002444535,36.891014088531946,-0.017512727700543573
38,57,11,0,1,medium,high,0.2,supported,0.0534877313762403,0.07790999551437139,7.952734717605914,8.065979161606363,0.7260580266965175,1.0438187085596375,0.31776068186312,43.76519095985969,0.02442226413813109
38,57,11,0,1,medium,high,0.3,supported,0.11243324667777,0.1203078271582676,16.716950995320047,12.455403448941604,0.7850035419980472,1.0862165402035338,0.3012129982054865,38.37090944058896,0.007874580480497606
38,57,11,0,1,medium,high,0.4,supported,0.3832513816180556,0.38403026516999494,56.983096679217994,39.758443006404256,1.0558216769383328,1.349938978215261,0.29411730127692826,27.856721234385738,0.0007788835519393356
39,153,834,0,1,medium,high,0.0,supported,0.0,0.0,0.0,0.0,2.5802016888166994,3.6659216864091926,1.0857199975924932,42.07888097656478,0.0
39,153,834,0,1,medium,high,0.05,supported,-0.0469537093120449,-0.05819290445758796,-1.819768955099721,-1.587401735103311,2.5332479795046545,3.6077287819516046,1.07448080244695,42.4151449498857,-0.011239195145543057
39,153,834,0,1,medium,high,0.1,supported,0.06104895068392935,-0.039099381757641716,2.3660534348354245,-1.0665634757718978,2.6412506395006288,3.626822304651551,0.9855716651509221,37.314583114961785,-0.10014833244157106
39,153,834,0,1,medium,high,0.2,supported,0.09875305756954456,-0.03354054929651973,3.8273386920707475,-0.9149281453792568,2.678954746386244,3.632381137112673,0.9534263907264289,35.589492208203446,-0.13229360686606428
39,153,834,0,1,medium,high,0.3,supported,0.1334841103606932,-0.09032914003614856,5.173398302126908,-2.464022632317242,2.7136857991773926,3.575592546373044,0.8619067471956514,31.761479072371746,-0.22381325039684175
39,153,834,0,1,medium,high,0.4,supported,0.19550109268709193,-0.13845090042329922,7.576969410354506,-3.7767009845459443,2.7757027815037913,3.5274707859858934,0.751768004482102,27.083879783224376,-0.33395199311039114
40,501,6,0,1,medium,high,0.0,supported,0.0,0.0,0.0,0.0,1.216207363021777,1.6485311451489761,0.43232378212719924,35.54688084218236,0.0
40,501,6,0,1,medium,high,0.05,supported,0.09932412632361487,0.05332471330245525,8.166709834483754,3.2346803673907187,1.3155314893453918,1.7018558584514314,0.3863243691060396,29.36640986817234,-0.04599941302115962
40,501,6,0,1,medium,high,0.1,supported,0.16147538274944973,0.03141007156510467,13.276961450738934,1.9053368604853516,1.3776827457712266,1.6799412167140808,0.3022584709428542,21.93962810891197,-0.13006531118434506
40,501,6,0,1,medium,high,0.2,supported,0.161515570492889,0.03141007156510467,13.280265800363921,1.9053368604853516,1.377722933514666,1.6799412167140808,0.3022182831994149,21.93607116841956,-0.13010549892778434
40,501,6,0,1,medium,high,0.3,supported,0.15488018465799858,0.053066881793753407,12.734685660279577,3.2190402923177874,1.3710875476797755,1.7015980269427295,0.33051047926295407,24.10571664969614,-0.10181330286424517
40,501,6,0,1,medium,high,0.4,supported,0.44199597375345157,0.4085976164051406,36.34215572049102,24.78555637893125,1.6582033367752285,2.0571287615541167,0.39892542477888826,24.057690388845423,-0.03339835734831098
41,265,481,0,1,medium,high,0.0,supported,0.0,0.0,0.0,0.0,0.9672215951896708,1.2313335314570306,0.26411193626735985,27.306248907270092,0.0
41,265,481,0,1,medium,high,0.05,supported,0.08647111356116666,0.051035892043695075,8.94015538850843,4.144765876984158,1.0536927087508374,1.2823694235007257,0.22867671474988827,21.702410280601313,-0.03543522151747158
41,265,481,0,1,medium,high,0.1,supported,0.10447521329042253,0.06631058569537451,10.801579887175183,5.38526597394855,1.0716968084800933,1.2976441171524051,0.22594730867231183,21.083137216089675,-0.03816462759504802
41,265,481,0,1,medium,high,0.2,supported,0.09664162653378483,0.0670593871924039,9.99167378131518,5.4460782135164365,1.0638632217234556,1.2983929186494345,0.23452969692597891,22.04509866842106,-0.029582239341380934
41,265,481,0,1,medium,high,0.3,supported,0.13510363572026218,0.1391284913943669,13.968219526133364,11.299009394289538,1.102325230909933,1.3704620228513975,0.26813679194146456,24.324653416499096,0.00402485567410471
41,265,481,0,1,medium,high,0.4,supported,0.32223225947294365,0.3892845055424221,33.31524658625455,31.61487083696841,1.2894538546626144,1.6206180369994527,0.3311641823368383,25.682515209005864,0.06705224606947846
42,881,496,0,0,medium,low,0.0,supported,0.0,0.0,0.0,0.0,0.543562545562909,0.5252245991185707,-0.018337946444338282,-3.373658945788416,0.0
42,881,496,0,0,medium,low,0.05,supported,0.048755699265174535,0.049648234766416666,8.969657615883664,9.452762656154356,0.5923182448280835,0.5748728338849873,-0.01744541094309615,-2.9452766473805903,0.000892535501242131
42,881,496,0,0,medium,low,0.1,supported,0.08158883006074613,0.0632636394820949,15.010016920178604,12.045064071306566,0.6251513756236551,0.5884882386006656,-0.03666313702298951,-5.864681491968904,-0.01832519057865123
42,881,496,0,0,medium,low,0.2,supported,0.07414510170638744,0.1107711065283159,13.640583279998332,21.090235818012214,0.6177076472692964,0.6359957056468866,0.018288058377590177,2.9606333122855544,0.03662600482192846
42,881,496,0,0,medium,low,0.3,supported,0.2796635609133944,0.20184617604737976,51.45011612670574,38.43044982777215,0.8232261064763033,0.7270707751659504,-0.09615533131035292,-11.680306364667114,-0.07781738486601464
42,881,496,0,0,medium,low,0.4,supported,0.4962311529382537,0.5053891496212934,91.29237416907759,96.22343478760041,1.0397936985011627,1.030613748739864,-0.009179949761298545,-0.8828626077010515,0.009157996683039737
43,358,768,0,0,medium,low,0.0,supported,0.0,0.0,0.0,0.0,0.012559394355174629,0.004714437464783352,-0.007844956890391278,-62.46285982061751,0.0
43,358,768,0,0,medium,low,0.05,supported,0.034395664134626275,0.008171662481979518,273.8640348565441,173.33271557893158,0.0469550584898009,0.012886099946762871,-0.03406895854303803,-72.55652455515127,-0.026224001652646756
43,358,768,0,0,medium,low,0.1,supported,0.015078450025526843,-0.004714437464783352,120.05714287738986,-100.0,0.027637844380701472,0.0,-0.027637844380701472,-100.0,-0.019792887490310194
43,358,768,0,0,medium,low,0.2,supported,0.02059367409931566,0.014808156040197643,163.9702800703189,314.1022900571689,0.033153068454490286,0.019522593504980996,-0.01363047494950929,-41.113765889332534,-0.005785518059118016
43,358,768,0,0,medium,low,0.3,supported,0.024777996232874543,0.03371302451960073,197.2865532537856,715.1017437697625,0.03733739058804917,0.038427461984384084,0.0010900713963349143,2.9195168145569994,0.008935028286726189
43,358,768,0,0,medium,low,0.4,supported,0.04377320618628826,0.07972149129670797,348.529594249528,1691.0075039116361,0.056332600541462885,0.08443592876149132,0.028103328220028437,49.88821384048008,0.03594828511041971
44,229,109,0,0,medium,low,0.0,supported,0.0,0.0,0.0,0.0,0.2524113670796314,0.278054524901188,0.025643157821556573,10.159272190569224,0.0
44,229,109,0,0,medium,low,0.05,supported,0.04853630134791953,0.032493348396149924,19.229047371946283,11.68596281887413,0.30094766842755094,0.3105478732973379,0.009600204869786966,3.1899914426810394,-0.016042952951769607
44,229,109,0,0,medium,low,0.1,supported,0.05751928300139114,0.02819480829545934,22.787913106641035,10.140028580897553,0.30993065008102255,0.3062493331966473,-0.0036813168843752297,-1.18778729480703,-0.029324474705931802
44,229,109,0,0,medium,low,0.2,supported,0.046533589523576724,0.06293627501331833,18.43561566262433,22.634508478394277,0.29894495660320813,0.3409907999145063,0.04204584331129818,14.06474415526131,0.01640268548974161
44,229,109,0,0,medium,low,0.3,supported,0.12396475178696403,0.07060557422208369,49.112190635953134,25.39270822770272,0.37637611886659544,0.34866009912327167,-0.027716019743323772,-7.363915603037386,-0.053359177564880345
44,229,109,0,0,medium,low,0.4,supported,0.3865651147287089,0.2557816662684146,153.1488534772502,91.98975141991,0.6389764818083403,0.5338361911696026,-0.10514029063873775,-16.45448520126823,-0.13078344846029433
45,666,729,0,0,medium,low,0.0,supported,0.0,0.0,0.0,0.0,0.2983413342986112,0.3097222958855527,0.011380961586941518,3.8147451521250764,0.0
45,666,729,0,0,medium,low,0.05,supported,0.02265073902964798,0.051871822776449195,7.592222875485555,16.747849110487234,0.3209920733282592,0.3615941186620019,0.04060204533374273,12.648924602017031,0.029221083746801213
45,666,729,0,0,medium,low,0.1,supported,0.029435078268832127,0.040277653739449026,9.866242080747156,13.004441163748904,0.32777641256744333,0.34999994962500175,0.022223537057558418,6.78009039255858,0.0108425754706169
45,666,729,0,0,medium,low,0.2,supported,0.02441443447641578,0.042152793444530046,8.183389852369327,13.609867292248845,0.322755768775027,0.35187508933008277,0.029119320555055783,9.022091430177671,0.017738358968114265
45,666,729,0,0,medium,low,0.3,supported,0.035267499746178876,0.0494825410182953,11.821191263721943,15.976421999848501,0.3336088340447901,0.359204836903848,0.025596002859057942,7.672459553520539,0.014215041272116424
45,666,729,0,0,medium,low,0.4,supported,0.10530507739408274,0.21355672646870266,35.29684468350685,68.95103429932445,0.40364641169269394,0.5232790223542554,0.11963261066156144,29.637972045851036,0.10825164907461993
46,188,719,0,0,medium,low,0.0,supported,0.0,0.0,0.0,0.0,0.3767020387333975,0.39310740620546997,0.01640536747207244,4.354998323670611,0.0
46,188,719,0,0,medium,low,0.05,supported,0.029727303923570703,0.033351431547435695,7.891463508805052,8.484050674436672,0.40642934265696823,0.42645883775290566,0.020029495095937433,4.928161673809717,0.003624127623864992
46,188,719,0,0,medium,low,0.1,supported,0.027742546306178617,0.030222855792006287,7.364586185797828,7.68819292511862,0.40444458503957614,0.42333026199747625,0.01888567695790011,4.669533888320476,0.0024803094858276697
46,188,719,0,0,medium,low,0.2,supported,0.04239705631736013,0.11099963961647769,11.254798742240336,28.2364661322255,0.41909909505075765,0.5041070458219477,0.08500795077119,20.28349661811952,0.06860258329911756
46,188,719,0,0,medium,low,0.3,supported,0.21411973117392352,0.20003719589348973,56.84060853343615,50.88614275278598,0.590821769907321,0.5931446020989597,0.0023228321916386463,0.3931527763445519,-0.014082535280433794
46,188,719,0,0,medium,low,0.4,supported,0.5707039173877104,0.511053696692195,151.5000872590481,130.00357882473392,0.9474059561211079,0.904161102897665,-0.04324485322344285,-4.564553657705184,-0.0596502206955154
47,78,217,0,1,medium,low,0.0,supported,0.0,0.0,0.0,0.0,0.2916792471021145,0.4809014266826654,0.18922217958055088,64.87337767787974,0.0
47,78,217,0,1,medium,low,0.05,supported,0.06321749173247493,0.03211638785677656,21.67363374684761,6.678372338863814,0.35489673883458944,0.513017814539442,0.1581210757048525,44.55410782981291,-0.031101103875698366
47,78,217,0,1,medium,low,0.1,supported,0.07195297737979856,0.039065023855817504,24.668528218810316,8.123291320904213,0.36363222448191307,0.5199664505384829,0.15633422605656982,42.99240153407962,-0.03288795352398105
47,78,217,0,1,medium,low,0.2,supported,0.08181813732420934,0.12354953983045763,28.050722887242465,25.69124002869403,0.37349738442632385,0.604450966513123,0.23095358208679917,61.83539476227769,0.041731402506248294
47,78,217,0,1,medium,low,0.3,supported,0.18975578720221736,0.26726843553255725,65.05632097157239,55.57655284498062,0.4814350343043319,0.7481698622152226,0.26673482791089076,55.40411663150346,0.07751264833033988
47,78,217,0,1,medium,low,0.4,supported,0.5138575849722482,0.5859975545985394,176.17214459976677,121.85398547075312,0.8055368320743628,1.0668989812812049,0.2613621492068421,32.445710587038,0.07213996962629121
48,409,749,0,0,medium,low,0.0,supported,0.0,0.0,0.0,0.0,0.9860047739005604,0.9494269597433818,-0.036577814157178645,-3.7096994989668786,0.0
48,409,749,0,0,medium,low,0.05,supported,0.08929821029643348,0.10086460196621094,9.056569771277733,10.623734762437476,1.0753029841969939,1.0502915617095927,-0.02501142248740118,-2.3259883823422145,0.011566391669777465
48,409,749,0,0,medium,low,0.1,supported,0.07677505812905716,0.11738352296148213,7.786479351954934,12.363618049482117,1.0627798320296176,1.066810482704864,0.004030650675246328,0.3792554726550268,0.04060846483242497
48,409,749,0,0,medium,low,0.2,supported,0.06897518861731022,0.11738352296148213,6.995421365400656,12.363618049482117,1.0549799625178706,1.066810482704864,0.011830520186993265,1.1213976196057684,0.04840833434417191
48,409,749,0,0,medium,low,0.3,supported,0.16401161374551032,0.1299537622130511,16.63395736885662,13.687599754716896,1.1500163876460707,1.0793807219564329,-0.07063566568963786,-6.142144272762895,-0.034057851532459216
48,409,749,0,0,medium,low,0.4,supported,0.32237913111590055,0.3997053977229157,32.69549394173752,42.09964691027428,1.308383905016461,1.3491323574662974,0.04074845244983649,3.11441101450447,0.07732626660701514
49,34,345,0,0,medium,low,0.0,supported,0.0,0.0,0.0,0.0,0.512004384309644,0.47045779163916224,-0.041546592670481775,-8.114499395644959,0.0
49,34,345,0,0,medium,low,0.05,supported,0.010686749126692874,0.02549647340656508,2.087237815571097,5.419502845883506,0.5226911334363369,0.4959542650457273,-0.02673686839060957,-5.1152328172917265,0.014809724279872205
49,34,345,0,0,medium,low,0.1,supported,0.012123877766342162,0.017683507237889806,2.3679245994522535,3.7587871966743736,0.5241282620759862,0.48814129887705204,-0.03598696319893413,-6.866060428872056,0.005559629471547645
49,34,345,0,0,medium,low,0.2,supported,0.01734073144446313,0.08552715170763492,3.3868326084442346,18.179558980124956,0.5293451157541071,0.5559849433467972,0.026639827592690013,5.032601000717429,0.06818642026317179
49,34,345,0,0,medium,low,0.3,supported,0.16348492223234667,0.21405903231338563,31.930375450354774,45.50015668091376,0.6754893065419907,0.6845168239525479,0.009027517410557184,1.3364412024183592,0.05057411008103896
49,34,345,0,0,medium,low,0.4,supported,0.5523754216317622,0.4631375852249494,107.88490070774532,98.4440248319179,1.0643798059414062,0.9335953768641116,-0.1307844290772946,-12.287383539902885,-0.08923783640681282
50,188,259,0,0,medium,low,0.0,supported,0.0,0.0,0.0,0.0,0.669398858457134,0.6669397544981497,-0.002459103958984299,-0.3673600466920668,0.0
50,188,259,0,0,medium,low,0.05,supported,0.05472746251377836,0.07934822729047641,8.175613361504253,11.897360556979141,0.7241263209709123,0.7462879817886261,0.022161660817713758,3.0604688955373494,0.024620764776698056
50,188,259,0,0,medium,low,0.1,supported,0.06625924998217836,0.07851757780611202,9.89832132891535,11.772814152485767,0.7356581084393123,0.7454573323042617,0.009799223864949358,1.3320350516815793,0.012258327823933657
50,188,259,0,0,medium,low,0.2,supported,0.05667521222985572,0.0989602815606676,8.466583340235111,14.837964132927105,0.7260740706869897,0.7659000360588173,0.03982596537182759,5.485110538948934,0.042285069330811886
50,188,259,0,0,medium,low,0.3,supported,0.06782402935562781,0.08930755125097467,10.132080223732709,13.390647453333425,0.7372228878127618,0.7562473057491244,0.01902441793636256,2.5805517233472353,0.021483521895346858
50,188,259,0,0,medium,low,0.4,supported,0.2977251436193582,0.37862245182669585,44.476494074933285,56.77011293345331,0.9671240020764922,1.0455622063248455,0.07843820424835335,8.110459887247167,0.08089730820733765
51,877,54,0,0,medium,low,0.0,supported,0.0,0.0,0.0,0.0,0.4170558395874476,0.42696545147765497,0.009909611890207393,2.376087552211237,0.0
51,877,54,0,0,medium,low,0.05,supported,0.027826820556173693,0.04565661156086215,6.672204993868447,10.693280077545463,0.44488266014362127,0.4726220630385171,0.027739402894895848,6.235217818096284,0.017829791004688456
51,877,54,0,0,medium,low,0.1,supported,0.037142476412433234,0.053697711055184116,8.90587611701461,12.576593930339207,0.4541983159998808,0.4806631625328391,0.026464846532958275,5.826716128327791,0.016555234642750882
51,877,54,0,0,medium,low,0.2,supported,0.04014695539847768,0.12971683380692223,9.626278207299798,30.38110773553089,0.45720279498592525,0.5566822852845772,0.09947949029865194,21.75828568627065,0.08956987840844455
51,877,54,0,0,medium,low,0.3,supported,0.21437168820417524,0.22643880013227669,51.4011956807108,53.03445497723771,0.6314275277916228,0.6534042516099317,0.02197672381830884,3.480482375415428,0.012067111928101448
51,877,54,0,0,medium,low,0.4,supported,0.5657580284854853,0.5393021506077375,135.65522282223264,126.31048923075726,0.9828138680729328,0.9662676020853924,-0.016546265987540387,-1.683560491467595,-0.026455877877747835
52,256,108,0,0,medium,low,0.0,supported,0.0,0.0,0.0,0.0,0.32163324568240165,0.3330342988445113,0.011401053162109653,3.5447371548672724,0.0
52,256,108,0,0,medium,low,0.05,supported,0.03141399695885372,0.06097801054605473,9.767024205536767,18.309828974860174,0.35304724264125537,0.39401230939056603,0.040965066749310663,11.603281884554129,0.02956401358720101
52,256,108,0,0,medium,low,0.1,supported,0.05100607504090465,0.08102454330634384,15.858458578399226,24.32918879150432,0.3726393207233063,0.41405884215085514,0.041419521427548844,11.115177364308227,0.03001846826543919
52,256,108,0,0,medium,low,0.2,supported,0.02955152271260586,0.12717051015237518,9.18795650303721,38.18540930877188,0.3511847683950075,0.4602048089968865,0.10902004060187898,31.043499152917377,0.09761898743976932
52,256,108,0,0,medium,low,0.3,supported,0.04846572781099062,0.13036381902076566,15.068631262966004,39.14426215950524,0.37009897349339227,0.46339811786527696,0.09329914437188469,25.20924159589717,0.08189809120977504
52,256,108,0,0,medium,low,0.4,supported,0.22220905521929984,0.28526646155330126,69.08771347559055,85.65678146156588,0.5438423009017015,0.6183007603978126,0.07445845949611107,13.6911857302489,0.06305740633400142
53,188,719,0,1,medium,low,0.0,supported,0.0,0.0,0.0,0.0,0.35440355201531354,0.5222097863533919,0.16780623433807834,47.348914361565875,0.0
53,188,719,0,1,medium,low,0.05,supported,0.047865715409140974,0.035368265670053134,13.505992007403101,6.772807901022104,0.4022692674244545,0.557578052023445,0.1553087845989905,38.60816551892252,-0.01249744973908784
53,188,719,0,1,medium,low,0.1,supported,0.045886828503313326,0.04044408468037752,12.94762093731232,7.744796389742126,0.40029038051862686,0.5626538710337694,0.16236349051514254,40.56142700825838,-0.005442743822935803
53,188,719,0,1,medium,low,0.2,supported,0.05933601415273587,0.10690876050337916,16.74249984666407,20.472377825380583,0.4137395661680494,0.629118546856771,0.21537898068872163,52.05665551484644,0.04757274635064329
53,188,719,0,1,medium,low,0.3,supported,0.20363415423918835,0.23263104408090718,57.45827125073213,44.54743096742353,0.5580377062545019,0.7548408304342991,0.19680312417979717,35.2669939636735,0.02899688984171883
53,188,719,0,1,medium,low,0.4,supported,0.4954262628972181,0.4828194810164743,139.79156249421877,92.45699594946673,0.8498298149125316,1.0050292673698662,0.15519945245733457,18.262415572382395,-0.012606781880743767
54,860,250,0,0,medium,low,0.0,supported,0.0,0.0,0.0,0.0,0.36215712262053223,0.33921503734594516,-0.022942085274587076,-6.334843039557104,0.0
54,860,250,0,0,medium,low,0.05,supported,0.04741740300962871,0.043084290286362514,13.093047201866748,12.701173457243708,0.40957452563016095,0.3822993276323077,-0.027275197997853273,-6.6593980560408,-0.004333112723266197
54,860,250,0,0,medium,low,0.1,supported,0.056505415169187445,0.046033775815363165,15.60245861252707,13.570676634955925,0.4186625377897197,0.3852488131613083,-0.033413724628411356,-7.981063890935946,-0.01047163935382428
54,860,250,0,0,medium,low,0.2,supported,0.06680548519935137,0.12290714313802986,18.446547375888578,36.2328109330496,0.4289626078198836,0.462122180483975,0.03315957266409142,7.730177889541068,0.056101657938678495
54,860,250,0,0,medium,low,0.3,supported,0.15924796197399482,0.16507151845998036,43.97206406481604,48.66279506696331,0.5214050845945271,0.5042865558059255,-0.01711852878860154,-3.283153404979511,0.005823556485985537
54,860,250,0,0,medium,low,0.4,supported,0.5644229483978362,0.5142603616441385,155.85029622328813,151.60305559204176,0.9265800710183685,0.8534753989900836,-0.07310467202828486,-7.889730668169703,-0.05016258675369778
55,722,473,0,1,medium,low,0.0,supported,0.0,0.0,0.0,0.0,0.3315834028631208,0.46039159363339516,0.12880819077027433,38.84639268975925,0.0
55,722,473,0,1,medium,low,0.05,supported,0.06976408894585645,0.04267288669062158,21.03968061834971,9.268824036044743,0.4013474918089773,0.5030644803240167,0.10171698851503946,25.343870484047272,-0.02709120225523487
55,722,473,0,1,medium,low,0.1,supported,0.06717813318830668,0.03821176541997878,20.25979967882714,8.299839951119182,0.3987615360514275,0.49860335905337394,0.09984182300194644,25.037977331161155,-0.028966367768327894
55,722,473,0,1,medium,low,0.2,supported,0.10585495729963501,0.13208746124364507,31.9240819611627,28.690241757286493,0.43743836016275583,0.5924790548770402,0.1550406947142844,35.442866660481954,0.026232503944010055
55,722,473,0,1,medium,low,0.3,supported,0.1915373366971811,0.28167818368723213,57.76445233486207,61.18230384361218,0.5231207395603019,0.7420697773206273,0.21894903776032537,41.854398268430025,0.09014084699005104
55,722,473,0,1,medium,low,0.4,supported,0.5685807415269903,0.5899026329598691,171.47442743438614,128.13062643137707,0.9001641443901112,1.0502942265932642,0.15013008220315305,16.678078452554978,0.02132189143287877
56,4,295,0,1,medium,medium,0.0,supported,0.0,0.0,0.0,0.0,0.8008709488428356,1.0202391500220926,0.21936820117925704,27.39120472483343,0.0
56,4,295,0,1,medium,medium,0.05,supported,0.04664947278316722,0.027098314351351682,5.82484267291381,2.6560747400023788,0.8475204216260028,1.0473374643734443,0.1998170427474415,23.57666407189154,-0.01955115843181554
56,4,295,0,1,medium,medium,0.1,supported,0.026890952048760797,0.03761594271112312,3.3577135102247135,3.6869730700207493,0.8277619008915964,1.0578550927332158,0.23009319184161936,27.797026124756652,0.010724990662362321
56,4,295,0,1,medium,medium,0.2,supported,0.030975013981148214,0.05624259054454006,3.8676660735295076,5.512686956124169,0.8318459628239838,1.0764817405666327,0.24463577774264889,29.40878343775928,0.025267576563391847
56,4,295,0,1,medium,medium,0.3,supported,0.1056897057593249,0.11657067940039667,13.196845997727102,11.42581907368212,0.9065606546021605,1.1368098294224893,0.2302491748203288,25.398099250333384,0.010880973641071767
56,4,295,0,1,medium,medium,0.4,supported,0.4237248378113003,0.4276103495421557,52.908004519771,41.91275638980292,1.224595786654136,1.4478494995642484,0.22325371291011242,18.23080851193277,0.0038855117308553844
57,876,548,0,1,medium,medium,0.0,supported,0.0,0.0,0.0,0.0,0.5508898163692681,0.7991960977902433,0.2483062814209751,45.073674270742444,0.0
57,876,548,0,1,medium,medium,0.05,supported,0.040326005242760754,0.0335420002174609,7.320158050576442,4.196967466458323,0.5912158216120289,0.8327380980077042,0.24152227639567525,40.85179515952948,-0.006784005025299855
57,876,548,0,1,medium,medium,0.1,supported,0.0424235540964788,0.04005662832478851,7.70091456329296,5.0121151036077505,0.593313370465747,0.8392527261150318,0.24593935564928482,41.45184785844689,-0.002366925771690287
57,876,548,0,1,medium,medium,0.2,supported,0.04391688874963107,0.05368943674824078,7.971991393682432,6.7179302922887985,0.5948067051188992,0.852885534538484,0.2580788294195848,43.388688661133365,0.009772547998609715
57,876,548,0,1,medium,medium,0.3,supported,0.1092438495726169,0.1328835625015139,19.83043547484811,16.627153569559905,0.660133665941885,0.9320796602917572,0.2719459943498721,41.19559543473017,0.023639712928896994
57,876,548,0,1,medium,medium,0.4,supported,0.41377887922826595,0.3797435776863236,75.11100531052564,47.515694675725385,0.9646686955975341,1.1789396754765669,0.21427097987903276,22.21187241349314,-0.03403530154194234
58,370,223,0,0,medium,medium,0.0,supported,0.0,0.0,0.0,0.0,0.7994623386258823,0.7951556962269541,-0.0043066423989281954,-0.5386923424473555,0.0
58,370,223,0,0,medium,medium,0.05,supported,0.07336203835301891,0.08438596180782931,9.176422053740986,10.61250799161022,0.8728243769789013,0.8795416580347835,0.006717281055882207,0.7696028242397013,0.011023923454810403
58,370,223,0,0,medium,medium,0.1,supported,0.06054261077585177,0.07683760034316967,7.57291592746101,9.663214475827452,0.8600049494017341,0.8719932965701238,0.011988347168389701,1.393985834236111,0.016294989567317897
58,370,223,0,0,medium,medium,0.2,supported,0.05431789537534559,0.11776921234312732,6.794303214921582,14.810836783531457,0.8537802340012279,0.9129249085700815,0.05914467456885353,6.927388596439266,0.06345131696778172
58,370,223,0,0,medium,medium,0.3,supported,0.15431515831889042,0.13373190493432174,19.302367461627725,16.818329488034234,0.9537774969447728,0.9288876011612759,-0.024889895783496874,-2.6096123952626726,-0.020583253384568678
58,370,223,0,0,medium,medium,0.4,supported,0.364380525343891,0.3951323500657331,45.578197713501936,49.69245041451027,1.1638428639697733,1.1902880462926873,0.02644518232291393,2.2722296232252193,0.030751824721842125
59,370,223,0,1,medium,medium,0.0,supported,0.0,0.0,0.0,0.0,0.41304778074619625,0.6924415574286837,0.2793937766824875,67.64199923256953,0.0
59,370,223,0,1,medium,medium,0.05,supported,0.07551126126595126,0.027322146316014928,18.28148335031252,3.9457692888152485,0.4885590420121475,0.7197637037446987,0.23120466173255116,47.323791364156655,-0.04818911494993633
59,370,223,0,1,medium,medium,0.1,supported,0.08337384192566455,0.031147959411724768,20.185035681597064,4.498279902117619,0.4964216226718608,0.7235895168404085,0.2271678941685477,45.761079653596745,-0.05222588251393978
59,370,223,0,1,medium,medium,0.2,supported,0.08946694418034756,0.07013472816514832,21.66019244038062,10.128613369998618,0.5025147249265438,0.7625762855938321,0.26006156066728825,51.7520279043173,-0.019332216015199244
59,370,223,0,1,medium,medium,0.3,supported,0.15984772303587086,0.15424034482465343,38.6995719350183,22.274853837110875,0.5728955037820671,0.8466819022533372,0.27378639847127006,47.789936674982194,-0.005607378211217429
59,370,223,0,1,medium,medium,0.4,supported,0.42327727999595993,0.3814656111146961,102.47658981033223,55.08993604185639,0.8363250607421562,1.0739071685433799,0.23758210780122369,28.407866624299526,-0.04181166888126381
60,378,18,0,0,medium,medium,0.0,supported,0.0,0.0,0.0,0.0,0.36870353691379937,0.4303477272878808,0.06164419037408142,16.71917521867805,0.0
60,378,18,0,0,medium,medium,0.05,supported,0.02799886673472357,0.03512431556825818,7.593869852479762,8.161845257001165,0.39670240364852294,0.46547204285613897,0.06876963920761603,17.335322038670007,0.007125448833534609
60,378,18,0,0,medium,medium,0.1,supported,0.04267504554073659,0.03385416616238135,11.57435209272586,7.866700348514821,0.41137858245453596,0.46420189345026214,0.05282331099572618,12.840559340875268,-0.00882087937835524
60,378,18,0,0,medium,medium,0.2,supported,0.0551616755879859,0.11624123334968278,14.960983572252085,27.011002029045983,0.42386521250178527,0.5465889606375636,0.1227237481357783,28.953484389866357,0.06107955776169688
60,378,18,0,0,medium,medium,0.3,supported,0.17994503272922918,0.2528678196987098,48.8048024262103,58.7589532056606,0.5486485696430285,0.6832155469865906,0.13456697734356204,24.5269895501808,0.07292278696948062
60,378,18,0,0,medium,medium,0.4,supported,0.5887873735972955,0.5588164720972699,159.69127351630218,129.85231166875667,0.9574909105110949,0.9891641993851508,0.03167328887405585,3.3079466892431464,-0.02997090150002557
61,49,11,0,1,medium,medium,0.0,supported,0.0,0.0,0.0,0.0,0.48721770772695067,0.7703191839050438,0.28310147617809317,58.10574445228303,0.0
61,49,11,0,1,medium,medium,0.05,supported,0.04684764383856893,0.02127941711911041,9.615340964746611,2.762415575740551,0.5340653515655196,0.7915986010241542,0.25753324945863465,48.22129889230238,-0.02556822671945852
61,49,11,0,1,medium,medium,0.1,supported,0.046895410503646484,0.026095957645753787,9.625144932114793,3.387681131536069,0.5341131182305972,0.7964151415507976,0.2623020233202005,49.10982605878529,-0.020799452857892697
61,49,11,0,1,medium,medium,0.2,supported,0.048544915595618965,0.03963350381348141,9.963700995618318,5.145075527337117,0.5357626233225696,0.8099526877185252,0.2741900643959556,51.17752759525229,-0.008911411782137557
61,49,11,0,1,medium,medium,0.3,supported,0.11319175782385033,0.11699263803240023,23.232275023814598,15.18755348131402,0.600409465550801,0.8873118219374441,0.2869023563866431,47.7844492547175,0.003800880208549906
61,49,11,0,1,medium,medium,0.4,supported,0.37789369476082907,0.30822240154734226,77.56156822046592,40.01229723824928,0.8651114024877797,1.078541585452386,0.21343018296460636,24.670832259388842,-0.0696712932134868
62,613,768,0,1,medium,medium,0.0,supported,0.0,0.0,0.0,0.0,0.5862215617788691,0.8969727691599045,0.31075120738103545,53.00917394407527,0.0
62,613,768,0,1,medium,medium,0.05,supported,0.08871835660407057,0.0412273338478677,15.133929283470525,4.596274855309246,0.6749399183829397,0.9382001030077722,0.2632601846248326,39.004980658955034,-0.04749102275620287
62,613,768,0,1,medium,medium,0.1,supported,0.09732049801051423,0.04383636813660208,16.601316695892,4.887145925027214,0.6835420597893833,0.9408091372965066,0.2572670775071233,37.63734415792845,-0.053484129873912156
62,613,768,0,1,medium,medium,0.2,supported,0.0926831101223391,0.04653213732854877,15.810252669843017,5.187686731240482,0.6789046719012082,0.9435049064884533,0.26460023458724513,38.97457854373829,-0.046150972793790324
62,613,768,0,1,medium,medium,0.3,supported,0.24740809871124592,0.14512903139281574,42.203855136357426,16.17987037987141,0.833629660490115,1.0421018005527203,0.20847214006260528,25.00776423190587,-0.10227906731843017
62,613,768,0,1,medium,medium,0.4,supported,0.6274042321798217,0.34322617732245275,107.02510332031889,38.264949519472566,1.2136257939586907,1.2401989464823573,0.026573152523666543,2.1895672171722946,-0.2841780548573689
63,57,11,0,1,medium,medium,0.0,supported,0.0,0.0,0.0,0.0,0.6118843168028956,0.986771100749934,0.37488678394703845,61.26759154505337,0.0
63,57,11,0,1,medium,medium,0.05,supported,0.07086066090895438,0.02373637352415181,11.58072840944875,2.4054589262000547,0.6827449777118499,1.0105074742740858,0.3277624965622359,48.00657745747152,-0.047124287384802566
63,57,11,0,1,medium,medium,0.1,supported,0.06011691586763246,0.03313007098048559,9.824882615351903,3.35742209670582,0.672001232670528,1.0199011717304196,0.3478999390598916,51.77072930020377,-0.026986844887146866
63,57,11,0,1,medium,medium,0.2,supported,0.061914680657138454,0.06866726830674152,10.118690568936884,6.958783881546116,0.673798997460034,1.0554383690566755,0.3816393715966415,56.63994351954764,0.00675258764960307
63,57,11,0,1,medium,medium,0.3,supported,0.1391513135510436,0.13893371174783886,22.741441434242216,14.079629170559516,0.7510356303539392,1.1257048124977729,0.3746691821438337,49.88700495704366,-0.00021760180320473665
63,57,11,0,1,medium,medium,0.4,supported,0.3971403412044767,0.32688807607050596,64.90448117375205,33.12704190688955,1.0090246580073723,1.31365917682044,0.3046345188130677,30.19098853487503,-0.07025226513397076
64,542,489,0,1,medium,medium,0.0,supported,0.0,0.0,0.0,0.0,0.4574078693648788,0.7032546668811093,0.24584679751623045,53.74782857531382,0.0
64,542,489,0,1,medium,medium,0.05,supported,0.05235690071502869,0.030042736323024455,11.446436369301516,4.271956908051844,0.5097647700799075,0.7332974032041337,0.22353263312422622,43.850153295055414,-0.022314164392004232
64,542,489,0,1,medium,medium,0.1,supported,0.0720807109627773,0.035399316337275444,15.758520084681304,5.033641155098079,0.5294885803276561,0.7386539832183847,0.2091654028907286,39.50328876994735,-0.03668139462550185
64,542,489,0,1,medium,medium,0.2,supported,0.046850381230344074,0.05328162623004529,10.242583122891368,7.576434077052907,0.5042582505952229,0.7565362931111546,0.25227804251593167,50.02953193490527,0.006431244999701213
64,542,489,0,1,medium,medium,0.3,supported,0.14312586408541011,0.14162610684350607,31.290643137413365,20.138665765505557,0.6005337334502889,0.8448807737246153,0.2443470402743264,40.68831219030147,-0.0014997572419040428
64,542,489,0,1,medium,medium,0.4,supported,0.43145189868944317,0.3616001411062828,94.32542104894783,51.41809335015961,0.888859768054322,1.064854807987392,0.17599503993307009,19.800090662030545,-0.06985175758316037
65,160,677,0,0,medium,medium,0.0,supported,0.0,0.0,0.0,0.0,0.6075692689586227,0.6130566056901186,0.005487336731495818,0.9031623243389353,0.0
65,160,677,0,0,medium,medium,0.05,supported,0.06496167054067992,0.02439300525403265,10.692059960837819,3.9789156543829085,0.6725309394993026,0.6374496109441512,-0.03508132855515145,-5.2163144466289335,-0.040568665286647265
65,160,677,0,0,medium,medium,0.1,supported,0.06321790006168837,0.030126891147532975,10.405052278243797,4.914210346631709,0.6707871690203111,0.6431834968376515,-0.027603672182659578,-4.115116307751521,-0.033091008914155395
65,160,677,0,0,medium,medium,0.2,supported,0.08750426366405462,0.07748769472835071,14.402351819741877,12.639566070921404,0.6950735326226773,0.6905443004184693,-0.004529232204208089,-0.651619144109572,-0.010016568935703907
65,160,677,0,0,medium,medium,0.3,supported,0.2050483151375453,0.15946532198223062,33.74896091913919,26.01151679994058,0.812617584096168,0.7725219276723492,-0.04009565642381885,-4.934135958725916,-0.045582993155314666
65,160,677,0,0,medium,medium,0.4,supported,0.8686491934741416,0.42723022800153676,142.971219555428,69.68854491349998,1.4762184624327643,1.0402868336916553,-0.435931628741109,-29.530292421807715,-0.44141896547260484
66,565,772,0,1,medium,medium,0.0,supported,0.0,0.0,0.0,0.0,0.7416658889591681,1.0433087022738867,0.30164281331471865,40.67098376845066,0.0
66,565,772,0,1,medium,medium,0.05,supported,0.05467895510730303,0.022646257870380104,7.37245111596514,2.170619091072723,0.7963448440664711,1.0659549601442668,0.2696101160777957,33.855950482589094,-0.032032697236922925
66,565,772,0,1,medium,medium,0.1,supported,0.054080686767393304,0.02688359742774349,7.291785637234649,2.57676346120288,0.7957465757265614,1.0701922997016302,0.27444572397506883,34.48908639342676,-0.027197089339649816
66,565,772,0,1,medium,medium,0.2,supported,0.06580940033365645,0.034200276299714005,8.873186877451179,3.27805914253132,0.8074752892928245,1.0775089785736007,0.2700336892807762,33.441727921763146,-0.03160912403394245
66,565,772,0,1,medium,medium,0.3,supported,0.12747467354460795,0.104152276037905,17.187614455816778,9.982881941931998,0.869140562503776,1.1474609783117917,0.2783204158080157,32.02248609893943,-0.023322397506702952
66,565,772,0,1,medium,medium,0.4,supported,0.36108693736063,0.39578286825639797,48.68593024648453,37.93535579582448,1.102752826319798,1.4390915705302847,0.3363387442104866,30.499921304481738,0.034695930895767946
67,510,793,0,1,medium,medium,0.0,supported,0.0,0.0,0.0,0.0,0.484885473810314,0.7711383552354312,0.2862528814251172,59.035153017823475,0.0
67,510,793,0,1,medium,medium,0.05,supported,0.053248785966844125,0.024012029212044927,10.981724312837414,3.113841899967995,0.5381342597771581,0.7951503844474761,0.257016124670318,47.76059505610153,-0.029236756754799198
67,510,793,0,1,medium,medium,0.1,supported,0.055276362433618886,0.025879143951236472,11.399880058119226,3.355966380810549,0.5401618362439329,0.7970174991866676,0.25685566294273476,47.55161244430099,-0.029397218482382415
67,510,793,0,1,medium,medium,0.2,supported,0.05693237121234318,0.06926015371599914,11.741405813822126,8.981546987745649,0.5418178450226572,0.8403985089514303,0.29858066392877314,55.107203771829894,0.01232778250365596
67,510,793,0,1,medium,medium,0.3,supported,0.11257350408639388,0.14774300071966384,23.2165140361438,19.159078227221293,0.5974589778967079,0.918881355955095,0.32142237805838714,53.79823384526268,0.03516949663326996
67,510,793,0,1,medium,medium,0.4,supported,0.35465071707375195,0.34259670331789915,73.14113047908926,44.427397624814446,0.839536190884066,1.1137350585533303,0.2741988676692644,32.66075609921255,-0.0120540137558528
68,268,596,0,0,medium,medium,0.0,supported,0.0,0.0,0.0,0.0,0.8042647687165063,0.8270184637250995,0.022753695008593144,2.829129895233984,0.0
68,268,596,0,0,medium,medium,0.05,supported,0.054956459644578626,0.05580417636993684,6.83313030512096,6.74763367659057,0.8592212283610849,0.8828226400950363,0.02360141173395136,2.74683759606007,0.0008477167253582163
68,268,596,0,0,medium,medium,0.1,supported,0.06351721386213693,0.02526727413014007,7.897550201471781,3.05522491194814,0.8677819825786433,0.8522857378552395,-0.015496244723403718,-1.7857301758393396,-0.03824993973199686
68,268,596,0,0,medium,medium,0.2,supported,0.06769069908979586,0.13317197938748637,8.416469516353509,16.102660971757054,0.8719554678063022,0.9601904431125858,0.08823497530628366,10.119206606762665,0.06548128029769051
68,268,596,0,0,medium,medium,0.3,supported,0.15959063251930505,0.16992006498920298,19.843046559653388,20.546102952023617,0.9638554012358114,0.9969385287143024,0.03308312747849107,3.432374548721051,0.010329432469897926
68,268,596,0,0,medium,medium,0.4,supported,0.5017135426138135,0.3682976697810867,62.381638749945225,44.53318588827886,1.3059783113303198,1.1953161335061862,-0.11066217782413368,-8.473508086930547,-0.13341587283272682
69,18,88,0,1,medium,medium,0.0,supported,0.0,0.0,0.0,0.0,0.4474415217511425,0.6825071050738789,0.23506558332273642,52.53548718562489,0.0
69,18,88,0,1,medium,medium,0.05,supported,0.060210310339728235,0.03576082537158998,13.456576426810907,5.239626826700805,0.5076518320908707,0.7182679304454689,0.21061609835459816,41.48829671058834,-0.024449484968138258
69,18,88,0,1,medium,medium,0.1,supported,0.06095321733467274,0.017924965349030098,13.622610860101103,2.6263412081387383,0.5083947390858152,0.700432070422909,0.19203733133709378,37.773272729456494,-0.04302825198564264
69,18,88,0,1,medium,medium,0.2,supported,0.07398739812975452,0.01661891173733121,16.53565762967004,2.4349800337290617,0.521428919880897,0.6991260168112101,0.1776970969303131,34.078872527995195,-0.05736848639242331
69,18,88,0,1,medium,medium,0.3,supported,0.15084791254054353,0.07590179416095943,33.713436327986116,11.121026227667375,0.598289434291686,0.7584088992348383,0.16011946494315232,26.76287692305941,-0.07494611837958409
69,18,88,0,1,medium,medium,0.4,supported,0.34934981176972246,0.26712579279539295,78.07719998861067,39.138902849440306,0.796791333520865,0.9496328978692719,0.1528415643484069,19.182131872974818,-0.08222401897432952
70,358,11,0,0,medium,medium,0.0,supported,0.0,0.0,0.0,0.0,0.7997507316089354,0.7976952854043677,-0.002055446204567657,-0.257010856424289,0.0
70,358,11,0,0,medium,medium,0.05,supported,0.07737272679368168,0.09520436791310383,9.674605315836793,11.934929246177362,0.8771234584026171,0.8928996533174716,0.01577619491485449,1.798628774971478,0.017831641119422148
70,358,11,0,0,medium,medium,0.1,supported,0.05674495872972507,0.10956476694635708,7.095330643282538,13.735165413547158,0.8564956903386605,0.9072600523507248,0.05076436201206436,5.926983939871544,0.052819808216632014
70,358,11,0,0,medium,medium,0.2,supported,0.05677633733674581,0.1246721014021388,7.0992541916808705,15.629038266026619,0.8565270689456812,0.9223673868065065,0.06584031786082534,7.686892831287828,0.067895764065393
70,358,11,0,0,medium,medium,0.3,supported,0.15688950939122992,0.12475520557049702,19.61730114026907,15.639456300316002,0.9566402410001653,0.9224504909748648,-0.03418975002530056,-3.573940187750757,-0.0321343038207329
70,358,11,0,0,medium,medium,0.4,supported,0.3781391335624933,0.5054031592462351,47.28212411906825,63.35792231616815,1.1778898651714287,1.3030984446506029,0.1252085794791742,10.629905492985237,0.12726402568374184
71,161,631,0,0,medium,medium,0.0,supported,0.0,0.0,0.0,0.0,0.5265498720242716,0.5316195222295286,0.005069650205256959,0.9628053247391577,0.0
71,161,631,0,0,medium,medium,0.05,supported,0.058478360411786,0.024742083689257566,11.10594903137503,4.654096144831765,0.5850282324360576,0.5563616059187861,-0.028666626517271476,-4.900041558319956,-0.033736276722528435
71,161,631,0,0,medium,medium,0.1,supported,0.07786171944874254,0.02213310712110861,14.787150009060014,4.163336031808207,0.6044115914730142,0.5537526293506372,-0.05065896212237697,-8.381533848302903,-0.05572861232763393
71,161,631,0,0,medium,medium,0.2,supported,0.054075761715880466,0.029409298622981694,10.269827150083866,5.53202006195026,0.5806256337401521,0.5610288208525103,-0.019596812887641812,-3.375120171909596,-0.02466646309289877
71,161,631,0,0,medium,medium,0.3,supported,0.18377575693912562,0.06261880416253818,34.90187097237665,11.778875971282021,0.7103256289633972,0.5942383263920668,-0.11608730257133049,-16.342828955888965,-0.12115695277658745
71,161,631,0,0,medium,medium,0.4,supported,0.34962858751956327,0.3641223105321627,66.39989981869124,68.49302843603091,0.8761784595438349,0.8957418327616913,0.019563373217856395,2.232806913336094,0.014493723012599435
72,282,108,0,1,medium,medium,0.0,supported,0.0,0.0,0.0,0.0,0.29470961790369726,0.47210230280139787,0.1773926848977006,60.19236364239306,0.0
72,282,108,0,1,medium,medium,0.05,supported,0.09434235093151855,0.03375833988754173,32.01196879918149,7.150640801204289,0.3890519688352158,0.5058606426889396,0.11680867385372379,30.02392564762948,-0.060584011043976815
72,282,108,0,1,medium,medium,0.1,supported,0.10393368858067026,0.04067410609384525,35.26647325593317,8.615528001556028,0.3986433064843675,0.5127764088952431,0.1141331024108756,28.630382237548304,-0.063259582486825
72,282,108,0,1,medium,medium,0.2,supported,0.1156834786796544,0.12333757056833916,39.253377444049505,26.12517876665057,0.41039309658335166,0.595439873369737,0.18504677678638537,45.09012903164222,0.007654091888684766
72,282,108,0,1,medium,medium,0.3,supported,0.22310416250618242,0.27136752322715096,75.70304766201643,57.48066078409042,0.5178137804098797,0.7434698260285488,0.22565604561866914,43.57860956115329,0.04826336072096854
72,282,108,0,1,medium,medium,0.4,supported,0.5304961193521567,0.5927525421296175,180.006381578462,125.55595230362057,0.8252057372558539,1.0648548449310153,0.23964910767516145,29.041134453583982,0.062256422777460796
73,876,548,0,1,medium,medium,0.0,supported,0.0,0.0,0.0,0.0,0.5560268761298894,0.8368262298762623,0.2807993537463729,50.50103975203841,0.0
73,876,548,0,1,medium,medium,0.05,supported,0.043942213767588,0.02673998903656072,7.902893844527581,3.1954052205694694,0.5999690898974774,0.863566218912823,0.2635971290153456,43.93511823423921,-0.017202224731027282
73,876,548,0,1,medium,medium,0.1,supported,0.043444275565011736,0.03328197924747367,7.813340942689084,3.9771673089638915,0.5994711516949012,0.870108209123736,0.2706370574288348,45.14596851969528,-0.010162296317538067
73,876,548,0,1,medium,medium,0.2,supported,0.050501715152401205,0.049505915885828866,9.082603255423184,5.91591349773406,0.6065285912822906,0.8863321457620912,0.27980355447980054,46.13196451106363,-0.0009957992665723392
73,876,548,0,1,medium,medium,0.3,supported,0.12868599642263745,0.1339743779374154,23.143844649799995,16.009820576157807,0.6847128725525269,0.9708006078136777,0.28608773526115083,41.78214646303498,0.005288381514777951
73,876,548,0,1,medium,medium,0.4,supported,0.4556942192393383,0.46523436463300927,81.95543035816975,55.59509824420792,1.0117210953692277,1.3020605945092716,0.29033949914004387,28.697582809033406,0.009540145393670985
74,418,634,0,1,medium,medium,0.0,supported,0.0,0.0,0.0,0.0,0.737421356712145,1.0321136213675866,0.2946922646554415,39.962534577158394,0.0
74,418,634,0,1,medium,medium,0.05,supported,0.10327664239185164,0.04125136761711978,14.005105961714914,3.9967855053070878,0.8406979991039967,1.0733649889847063,0.23266698988070966,27.67545422121649,-0.06202527477473185
74,418,634,0,1,medium,medium,0.1,supported,0.09234173705748683,0.04705493530808358,12.522248808903536,4.559084807517033,0.8297630937696319,1.0791685566756701,0.24940546290603827,30.057430220592707,-0.04528680174940325
74,418,634,0,1,medium,medium,0.2,supported,0.08542296019763618,0.04705493530808358,11.584009524554805,4.559084807517033,0.8228443169097812,1.0791685566756701,0.2563242397658889,31.151000802742736,-0.0383680248895526
74,418,634,0,1,medium,medium,0.3,supported,0.1189165618551502,0.1029770476934666,16.12599916896218,9.977297611576752,0.8563379185672952,1.1350906690610532,0.2787527504937579,32.55172338510106,-0.0159395141616836
74,418,634,0,1,medium,medium,0.4,supported,0.29655262358587464,0.29445185906276317,40.21481353728069,28.52901589193293,1.0339739802980197,1.3265654804303497,0.29259150013233004,28.297762391273817,-0.0021007645231114758
75,233,41,1,1,high,high,0.0,supported,0.0,0.0,0.0,0.0,1.279575004928104,1.691608205400601,0.4120332004724969,32.20078532994226,0.0
75,233,41,1,1,high,high,0.05,supported,0.1154812448887852,0.05276203787693046,9.024968793859323,3.1190459888101207,1.3950562498168892,1.7443702432775314,0.3493139934606422,25.03941998801067,-0.06271920701185474
75,233,41,1,1,high,high,0.1,supported,0.3314427501080366,0.12953250170981434,25.90256521356944,7.657358323060337,1.6110177550361406,1.8211407071104153,0.21012295207427467,13.04287003773965,-0.20191024839822225
75,233,41,1,1,high,high,0.2,supported,0.28234708187484925,0.15800701923821547,22.065692185876486,9.340639205565736,1.5619220868029533,1.8496152246388164,0.28769313783586314,18.419173418869605,-0.12434006263663377
75,233,41,1,1,high,high,0.3,supported,0.2960788267168599,0.2111966581786331,23.13884106649111,12.484962978092096,1.575653831644964,1.902804863579234,0.3271510319342701,20.76287477387899,-0.08488216853822683
75,233,41,1,1,high,high,0.4,supported,0.632720370292966,0.6123430787559561,49.44769691937807,36.19887139356497,1.91229537522107,2.303951284156557,0.39165590893548696,20.480931659953928,-0.020377291537009956
76,386,76,1,1,high,high,0.0,supported,0.0,0.0,0.0,0.0,1.3543316944365391,1.8909614547050397,0.5366297602685006,39.623215086298494,0.0
76,386,76,1,1,high,high,0.05,supported,0.13060309868750997,0.05030513155131677,9.643361314219746,2.6602938640631235,1.484934793124049,1.9412665862563565,0.45633179313230743,30.730763077634094,-0.0802979671361932
76,386,76,1,1,high,high,0.1,supported,0.1841455361328972,0.0722344800898953,13.596782596859303,3.819986912486417,1.5384772305694363,1.963195934794935,0.42471870422549873,27.606434192613793,-0.11191105604300189
76,386,76,1,1,high,high,0.2,supported,0.1755605357185379,0.05330904999586794,12.962890585793962,2.819150536528703,1.529892230155077,1.9442705047009077,0.41437827454583065,27.085455196006023,-0.12225148572266997
76,386,76,1,1,high,high,0.3,supported,0.1993605873424964,0.07940422122189128,14.720218699853959,4.199145414853378,1.5536922817790355,1.970365675926931,0.4166733941478955,26.818270196385917,-0.11995636612060512
76,386,76,1,1,high,high,0.4,supported,1.1621082431546363,0.4251738277291266,85.8067671256947,22.484531700591816,2.5164399375911755,2.3161352824341663,-0.20030465515700913,-7.9598424808321795,-0.7369344154255097
77,780,783,1,1,high,high,0.0,supported,0.0,0.0,0.0,0.0,1.2219237490084591,1.7055421322978734,0.4836183832894143,39.57844208215535,0.0
77,780,783,1,1,high,high,0.05,supported,0.11347474282667003,0.028216922809066514,9.286564969274892,1.6544254331055441,1.3353984918351292,1.73375905510694,0.3983605632718108,29.830838188560204,-0.08525782001760351
77,780,783,1,1,high,high,0.1,supported,0.21286013022032257,0.026271461756360637,17.420082913770173,1.540358415008214,1.4347838792287817,1.731813594054234,0.2970297148254524,20.702052701143426,-0.18658866846396194
77,780,783,1,1,high,high,0.2,supported,0.2265092681171419,0.07251339165885051,18.537103342245764,4.251632972628672,1.448433017125601,1.778055523956724,0.32962250683112293,22.75717985808243,-0.15399587645829138
77,780,783,1,1,high,high,0.3,supported,0.37154231592502995,0.11827868415367737,30.40634214913338,6.934961143077767,1.593466064933489,1.8238208164515508,0.23035475151806173,14.456206918198578,-0.2532636317713526
77,780,783,1,1,high,high,0.4,supported,0.9841266207795805,0.4704505270524635,80.53911887531106,27.583635616120873,2.2060503697880396,2.175992659350337,-0.030057710437702667,-1.3625124271568922,-0.513676093727117
78,233,41,1,1,high,high,0.0,supported,0.0,0.0,0.0,0.0,1.0807400268193375,1.5261528810386906,0.44541285421935317,41.21369091234841,0.0
78,233,41,1,1,high,high,0.05,supported,0.0694804407423395,0.026010087904476897,6.428968948880631,1.7042911118298143,1.150220467561677,1.5521629689431675,0.40194250138149057,34.944822555067056,-0.0434703528378626
78,233,41,1,1,high,high,0.1,supported,0.29163270669952013,0.0749090787711526,26.98453832211687,4.908360079900387,1.3723727335188576,1.6010619598098432,0.22868922629098565,16.66378387630967,-0.21672362792836752
78,233,41,1,1,high,high,0.2,supported,0.3038659470157494,0.13823878128028122,28.116470147778227,9.0579903886298,1.3846059738350869,1.6643916623189718,0.27978568848388496,20.20688150788008,-0.1656271657354682
78,233,41,1,1,high,high,0.3,supported,0.36778291540272656,0.19249274606375977,34.030655502334525,12.612939925962753,1.448522942222064,1.7186456271024504,0.2701226848803864,18.648146812642995,-0.1752901693389668
78,233,41,1,1,high,high,0.4,supported,1.098607837250892,0.6536751978406401,101.65329403817309,42.831567267084836,2.1793478640702295,2.1798280788793307,0.0004802148091012093,0.02203479384903506,-0.44493263941025196
79,72,146,1,1,high,low,0.0,supported,0.0,0.0,0.0,0.0,0.3789702006197143,0.5879305566651722,0.20896035604545793,55.13899396410422,0.0
79,72,146,1,1,high,low,0.05,supported,0.09209710170985175,0.04038498837145932,24.301937608616498,6.869006537188493,0.47106730232956606,0.6283155450366316,0.1572482427070655,33.38126886103681,-0.05171211333839243
79,72,146,1,1,high,low,0.1,supported,0.09650762634137,0.04186775972992307,25.46575593108773,7.121208322187411,0.4754778269610843,0.6297983163950953,0.154320489434011,32.45587505527181,-0.05463986661144693
79,72,146,1,1,high,low,0.2,supported,0.10056026877610408,0.09127485750850073,26.5351388081865,15.5247684396989,0.4795304693958184,0.679205414173673,0.19967494477785458,41.63967829394322,-0.00928541126760335
79,72,146,1,1,high,low,0.3,supported,0.1607068437330038,0.16285899937902593,42.40619538692134,27.700380178024076,0.5396770443527181,0.7507895560441982,0.21111251169148004,39.11830490116284,0.0021521556460221136
79,72,146,1,1,high,low,0.4,supported,0.37577204336672254,0.3926400758725137,99.156092682812,66.78341028906975,0.7547422439864369,0.980570632537686,0.2258283885512491,29.92125992026853,0.016868032505791164
80,213,253,1,0,high,low,0.0,supported,0.0,0.0,0.0,0.0,0.32875961405355375,0.36676505094038964,0.038005436886835886,11.560251096001384,0.0
80,213,253,1,0,high,low,0.05,supported,0.04675273911283878,0.03192365609630371,14.220949628327206,8.704116167680409,0.37551235316639253,0.39868870703669335,0.023176353870300814,6.171928479815203,-0.014829083016535072
80,213,253,1,0,high,low,0.1,supported,0.05422007725732031,0.031918227650931,16.492316859968103,8.702636079717063,0.38297969131087406,0.39868327859132063,0.015703587280446574,4.100370760312599,-0.022301849606389312
80,213,253,1,0,high,low,0.2,supported,0.028164816344863952,0.03395235839379518,8.566993980068371,9.25725019511563,0.3569244303984177,0.4007174093341848,0.04379297893576711,12.269538088744202,0.005787542048931227
80,213,253,1,0,high,low,0.3,supported,0.09135948953614365,0.030565594593952305,27.78914612098964,8.33383511203747,0.4201191035896974,0.39733064553434194,-0.022788458055355454,-5.424285127869699,-0.06079389494219134
80,213,253,1,0,high,low,0.4,supported,0.20820550263884946,0.12012409016648107,63.3306202278646,32.75232737101901,0.5369651166924032,0.4868891411068707,-0.050075975585532506,-9.325740914789849,-0.08808141247236839
81,20,500,1,1,high,medium,0.0,supported,0.0,0.0,0.0,0.0,0.26967005977532926,0.47795077695919214,0.20828071718386287,77.23538807288736,0.0
81,20,500,1,1,high,medium,0.05,supported,0.07827088344672167,0.02901923439680526,29.02468427972005,6.07159477413779,0.34794094322205094,0.5069700113559974,0.15902906813394646,45.70576450741424,-0.04925164904991641
81,20,500,1,1,high,medium,0.1,supported,0.060612382982747404,0.03771989984691376,22.47649703242751,7.892005132180024,0.33028244275807667,0.5156706768061059,0.18538823404802923,56.130211615220894,-0.02289248313583364
81,20,500,1,1,high,medium,0.2,supported,0.1103813344932062,0.08549473600003915,40.931994669771065,17.88777006368143,0.38005139426853546,0.5634455129592313,0.18339411869069583,48.255083774568085,-0.024886598493167045
81,20,500,1,1,high,medium,0.3,supported,0.1682171663070547,0.19192017647568377,62.37888123257056,40.15479955838006,0.43788722608238395,0.6698709534348759,0.23198372735249195,52.97796179805587,0.02370301016862908
81,20,500,1,1,high,medium,0.4,supported,0.416956663194397,0.41139827901640086,154.61733628930733,86.07544936610208,0.6866267229697263,0.889349055975593,0.20272233300586673,29.524387301600097,-0.005558384177996145
82,72,146,1,1,high,medium,0.0,supported,0.0,0.0,0.0,0.0,0.32782777779592076,0.5033564138779649,0.17552863608204416,53.54294174281784,0.0
82,72,146,1,1,high,medium,0.05,supported,0.07467343679728006,0.02348354793790075,22.77825183068096,4.665391617239667,0.4025012145932008,0.5268399618158657,0.12433874722266486,30.891520997851217,-0.05118988885937931
82,72,146,1,1,high,medium,0.1,supported,0.061159529250170264,0.028499573820853108,18.655993601690234,5.661907355324303,0.388987307046091,0.531855987698818,0.142868680652727,36.72836569852356,-0.032659955429317156
82,72,146,1,1,high,medium,0.2,supported,0.09138588245256246,0.08336087029375183,27.876186413175752,16.561002898825095,0.4192136602484832,0.5867172841717168,0.16750362392323354,39.95662350886848,-0.00802501215881063
82,72,146,1,1,high,medium,0.3,supported,0.19548765927033018,0.2001273111749593,59.631206539192384,39.758569804074995,0.5233154370662509,0.7034837250529242,0.18016828798667328,34.42823873048948,0.004639651904629116
82,72,146,1,1,high,medium,0.4,supported,0.5269718912564801,0.44332477633643363,160.74656479675448,88.07373147805255,0.8547996690524009,0.9466811902143986,0.09188152116199766,10.748895266168512,-0.0836471149200465
83,490,843,1,1,high,medium,0.0,supported,0.0,0.0,0.0,0.0,0.5910191231408388,0.892517452651149,0.3014983295103102,51.01329512115696,0.0
83,490,843,1,1,high,medium,0.05,supported,0.0638075462985126,0.0437052450597093,10.796189801680466,4.896850468289049,0.6548266694393514,0.9362226977108583,0.2813960282715069,42.97259739167805,-0.0201023012388033
83,490,843,1,1,high,medium,0.1,supported,0.05039267796201097,0.03563857126006953,8.526403967135664,3.9930391449722435,0.6414118011028498,0.9281560239112185,0.28674422280836875,44.7051679303901,-0.014754106701941438
83,490,843,1,1,high,medium,0.2,supported,0.04905109247307249,0.03650856583769291,8.299408691279142,4.090515622887514,0.6400702156139113,0.9290260184888419,0.2889558028749306,45.14439132240891,-0.01254252663537958
83,490,843,1,1,high,medium,0.3,supported,0.09210872355452615,0.08113403608447234,15.58472813282843,9.090470538527896,0.683127846695365,0.9736514887356214,0.2905236420402564,42.528443752610336,-0.010974687470053812
83,490,843,1,1,high,medium,0.4,supported,0.3436741678265538,0.22230828227760502,58.149415876795054,24.90800394068,0.9346932909673926,1.114825734928754,0.1801324439613614,19.271823784562226,-0.12136588554894878
84,758,764,1,0,high,medium,0.0,supported,0.0,0.0,0.0,0.0,0.4826189604684859,0.537286874399312,0.054667913930826095,11.327344843177967,0.0
84,758,764,1,0,high,medium,0.05,supported,0.0553977659053137,0.03762601315954073,11.478572215964778,7.002965259779836,0.5380167263737996,0.5749128875588527,0.03689616118505312,6.857809316400076,-0.017771752745772973
84,758,764,1,0,high,medium,0.1,supported,0.05060293968919799,0.038420099826840026,10.485070797897556,7.150760917022914,0.5332219001576839,0.575706974226152,0.04248507406846813,7.967616119275012,-0.012182839862357964
84,758,764,1,0,high,medium,0.2,supported,0.07764599583008852,0.06820834838373901,16.0884677540883,12.694958993739824,0.5602649562985744,0.605495222783051,0.04523026648447659,8.07301366540809,-0.009437647446349506
84,758,764,1,0,high,medium,0.3,supported,0.17297673307055578,0.09276273279084557,35.8412634478025,17.265028648718527,0.6555956935390417,0.6300496071901576,-0.02554608634888411,-3.896622049327536,-0.08021400027971021
84,758,764,1,0,high,medium,0.4,supported,0.1686050845966544,0.33997013949896093,34.93544564287048,63.27534799338777,0.6512240450651403,0.8772570138982729,0.22603296883313262,34.70894088539423,0.17136505490230652
85,530,411,1,0,high,medium,0.0,supported,0.0,0.0,0.0,0.0,0.6273999543156965,0.6316831217395165,0.004283167423819956,0.6826853260599286,0.0
85,530,411,1,0,high,medium,0.05,supported,0.062041260990484126,0.04836240049203511,9.88863014154222,7.656117256838479,0.6894412153061806,0.6800455222315516,-0.009395693074629063,-1.362798287371958,-0.01367886049844902
85,530,411,1,0,high,medium,0.1,supported,0.06826751519654883,0.05150292891174013,10.881020109573969,8.153285585644966,0.6956674695122453,0.6831860506512566,-0.012481418860988747,-1.794164512211538,-0.016764586284808702
85,530,411,1,0,high,medium,0.2,supported,0.07716721768224177,0.055877689105692685,12.299525550078805,8.84584171757159,0.7045671719979383,0.6875608108452091,-0.017006361152729133,-2.413731696369592,-0.021289528576549088
85,530,411,1,0,high,medium,0.3,supported,0.23499263515050117,0.05363069153663025,37.45499717270573,8.490125775237289,0.8623925894661977,0.6853138132761467,-0.17707877619005097,-20.533429710899863,-0.18136194361387092
85,530,411,1,0,high,medium,0.4,supported,0.4019850122524564,0.268915646079813,64.07157180795468,42.571288803677135,1.029384966568153,0.9005987678193295,-0.12878619874882347,-12.510984998953434,-0.13306936617264342
86,714,90,1,1,low,high,0.0,supported,0.0,0.0,0.0,0.0,1.0900860722039507,1.884929528367902,0.7948434561639512,72.91566018790847,0.0
86,714,90,1,1,low,high,0.05,supported,0.21843842178219708,0.06346456048023175,20.03863982415217,3.3669460595263434,1.3085244939861478,1.9483940888481337,0.6398695948619859,48.90008538646122,-0.15497386130196533
86,714,90,1,1,low,high,0.1,supported,0.258196369500316,0.005979089389630765,23.68586995871722,0.3172049299269064,1.3482824417042667,1.8909086177575327,0.542626176053266,40.24573481557554,-0.2522172801106852
86,714,90,1,1,low,high,0.2,supported,0.22173292985131665,-0.013201462661433627,20.340864405598168,-0.7003690303936327,1.3118190020552674,1.8717280657064683,0.559909063651201,42.68188391645295,-0.23493439251275028
86,714,90,1,1,low,high,0.3,supported,0.34582237062552457,-0.010497300022044964,31.724317872104923,-0.5569067630413871,1.4359084428294753,1.874432228345857,0.4385237855163817,30.53981524422722,-0.35631967064756953
86,714,90,1,1,low,high,0.4,supported,0.6793634008616425,0.35814556949245,62.32199623357231,19.00047530172422,1.7694494730655932,2.243075097860352,0.4736256247947588,26.766835222155084,-0.32121783136919246
87,441,580,1,0,low,high,0.0,supported,0.0,0.0,0.0,0.0,2.359250001359798,2.0539203541543114,-0.3053296472054865,-12.941809771304612,0.0
87,441,580,1,0,low,high,0.05,supported,0.20055810255662587,-0.04649408636023278,8.500926245248719,-2.2636752328878074,2.5598081039164238,2.0074262677940786,-0.5523818361223451,-21.579033025062255,-0.24705218891685865
87,441,580,1,0,low,high,0.1,supported,0.31575431622281735,0.2351476596467128,13.383673457277801,11.44872337289502,2.6750043175826153,2.289068013801024,-0.38593630378159105,-14.427502088309119,-0.08060665657610455
87,441,580,1,0,low,high,0.2,supported,0.3705609671114374,0.2121144263054484,15.706727430236622,10.327295597242635,2.7298109684712353,2.26603478045976,-0.46377618801147547,-16.989315134564144,-0.15844654080598897
87,441,580,1,0,low,high,0.3,supported,0.4619086489020896,0.17627534935854694,19.578622385752254,8.58238485255809,2.8211586502618875,2.2301957035128583,-0.5909629467490292,-20.947526176671072,-0.28563329954354266
87,441,580,1,0,low,high,0.4,supported,0.3250503276530252,0.2355969555726074,13.777697465960648,11.470598414202527,2.684300329012823,2.289517309726919,-0.3947830192859043,-14.707110639556841,-0.08945337208041781
88,231,740,1,0,low,low,0.0,supported,0.0,0.0,0.0,0.0,0.320904697357703,0.34411097387530537,0.023206276517602376,7.2315166180739965,0.0
88,231,740,1,0,low,low,0.05,supported,0.054249153784109216,0.032495887172939275,16.905066903286638,9.443432392456842,0.3751538511418122,0.37660686104824465,0.0014530099064324342,0.38731040665318517,-0.02175326661116994
88,231,740,1,0,low,low,0.1,supported,0.05106454462240945,0.033033469624527745,15.912682189718552,9.599655963456133,0.37196924198011244,0.3771444434998331,0.0051752015197206735,1.3912982407285668,-0.018031074997881702
88,231,740,1,0,low,low,0.2,supported,0.04404336606227943,0.03773953295826893,13.72474956737253,10.967256444412165,0.3649480634199824,0.3818505068335743,0.016902443413591872,4.631465435162618,-0.006303833104010503
88,231,740,1,0,low,low,0.3,supported,0.09475975210069415,0.03439838702679732,29.528938928266378,9.9963063192696,0.41566444945839714,0.3785093609021027,-0.03715508855629446,-8.938721751332556,-0.06036136507389683
88,231,740,1,0,low,low,0.4,supported,0.15841511356670068,0.15190097766175903,49.3651588372108,44.1430204771101,0.4793198109244037,0.4960119515370644,0.016692140612660722,3.482464156962073,-0.006514135904941654
89,112,686,1,1,low,medium,0.0,supported,0.0,0.0,0.0,0.0,0.4979616802134588,0.7891145046366976,0.2911528244232388,58.46892160425512,0.0
89,112,686,1,1,low,medium,0.05,supported,0.06082332506434368,0.007684725626563527,12.21445895962734,0.9738416391296134,0.5587850052778025,0.7967992302632612,0.23801422498545866,42.59495561573432,-0.053138599437780154
89,112,686,1,1,low,medium,0.1,supported,0.04943358054407526,0.010696460019261389,9.92718566675348,1.3555016358729688,0.5473952607575341,0.799810964655959,0.25241570389842494,46.11214637647936,-0.03873712052481387
89,112,686,1,1,low,medium,0.2,supported,0.04390636252440888,0.026301712976904756,8.817217121122201,3.333066725090017,0.5418680427378677,0.8154162176136024,0.2735481748757347,50.48243360017919,-0.017604649547504125
89,112,686,1,1,low,medium,0.3,supported,0.08149600553836328,0.06130384965087443,16.365919060966448,7.7686887379035285,0.5794576857518221,0.8504183542875721,0.27096066853574996,46.761079402060204,-0.02019215588748885
89,112,686,1,1,low,medium,0.4,supported,0.32639895121156365,0.2151868346159922,65.54700174351724,27.2694055617521,0.8243606314250225,1.0043013392526898,0.17994070782766736,21.827911349504237,-0.11121211659557145
90,254,769,1,0,medium,high,0.0,supported,0.0,0.0,0.0,0.0,0.9490217708345043,0.9850817065084412,0.03605993567393684,3.799695305433115,0.0
90,254,769,1,0,medium,high,0.05,supported,0.08855361030223907,0.07784446087466579,9.33104097542159,7.902335446932662,1.0375753811367434,1.062926167383107,0.025350786246363555,2.443271757141141,-0.010709149427573283
90,254,769,1,0,medium,high,0.1,supported,0.07770605376087758,0.0794475754881927,8.188015928501645,8.065074700228635,1.026727824595382,1.0645292819966339,0.03780145740125196,3.6817408173533073,0.0017415217273151207
90,254,769,1,0,medium,high,0.2,supported,0.0957773794937804,0.04075491416594579,10.092221531394419,4.137211552775555,1.0447991503282847,1.025836620674387,-0.018962529653897775,-1.8149449727193567,-0.05502246532783461
90,254,769,1,0,medium,high,0.3,supported,0.09473965489575775,0.05897192525956463,9.982874767187933,5.986500903421188,1.043761425730262,1.0440536317680058,0.0002922060377437141,0.027995481586162718,-0.035767729636193124
90,254,769,1,0,medium,high,0.4,supported,0.3443146918023601,0.23001890992325258,36.28101086654667,23.350236676157543,1.2933364626368644,1.2151006164316938,-0.07823584620517066,-6.049148730073128,-0.1142957818791075
91,314,691,1,1,medium,high,0.0,supported,0.0,0.0,0.0,0.0,4.710580508500969,4.812211791563608,0.10163128306263935,2.1575107967952256,0.0
91,314,691,1,1,medium,high,0.05,supported,-0.3274965338526705,-0.026656917658121948,-6.952360399353175,-0.553943151564007,4.383083974648298,4.785554873905486,0.40247089925718793,9.182367976180107,0.3008396161945486
91,314,691,1,1,medium,high,0.1,supported,0.14785081696410085,0.022183974197129253,3.1386963177315597,0.4609933053241866,4.8584313254650695,4.834395765760737,-0.024035559704332243,-0.4947185232062834,-0.1256668427669716
91,314,691,1,1,medium,high,0.2,supported,0.28168327612322397,0.3587202620932519,5.979799636475436,7.454373947591675,4.992263784624193,5.17093205365686,0.1786682690326673,3.5789028132478196,0.07703698597002795
91,314,691,1,1,medium,high,0.3,supported,0.4307761609442622,0.32783559482381097,9.14486357184343,6.8125761920650785,5.141356669445231,5.140047386387419,-0.0013092830578118608,-0.025465711523042778,-0.10294056612045122
91,314,691,1,1,medium,high,0.4,supported,0.6188217261379689,0.3548038831016731,13.136846403988,7.3729897699782665,5.329402234638938,5.167015674665281,-0.16238655997365647,-3.0469938808185715,-0.26401784303629583
92,714,644,1,1,medium,high,0.0,supported,0.0,0.0,0.0,0.0,0.8695569961248086,1.3390983083723373,0.4695413122475287,53.9977614279507,0.0
92,714,644,1,1,medium,high,0.05,supported,0.16347377391854634,0.03688946609811383,18.79966174121641,2.7547989469834055,1.033030770043355,1.3759877744704512,0.3429570044270962,33.1991083298228,-0.1265843078204325
92,714,644,1,1,medium,high,0.1,supported,0.22087389594647,0.04021287917127658,25.400738184017513,3.0029818512843143,1.0904308920712786,1.379311187543614,0.2888802954723353,26.49230662601696,-0.18066101677519342
92,714,644,1,1,medium,high,0.2,supported,0.22090922854099615,0.03937958619069404,25.404801470804195,2.9407539345307265,1.0904662246658048,1.3784778945630314,0.2880116698972266,26.4117918907111,-0.1815296423503021
92,714,644,1,1,medium,high,0.3,supported,0.30996139526210253,0.08431250473077956,35.64589746772773,6.296214714307324,1.1795183913869112,1.423410813103117,0.24389242171620573,20.677288586355157,-0.22564889053132298
92,714,644,1,1,medium,high,0.4,supported,1.1933693062842199,0.5089205811982698,137.2387677406409,38.004721387248885,2.0629263024090285,1.8480188895706071,-0.2149074128384214,-10.417600114335567,-0.6844487250859501
93,714,644,1,1,medium,high,0.0,supported,0.0,0.0,0.0,0.0,0.7865256365422826,1.280169757844881,0.4936441213025984,62.76262315780989,0.0
93,714,644,1,1,medium,high,0.05,supported,0.16361810877184646,0.027574298707769174,20.802641537679946,2.15395642170062,0.950143745314129,1.3077440565526501,0.3576003112385211,37.636443222629865,-0.1360438100640773
93,714,644,1,1,medium,high,0.1,supported,0.23260672657082226,0.030802255875507445,29.573953570465417,2.406107134366464,1.0191323631131048,1.3109720137203884,0.29183965060728356,28.636089007693965,-0.20180447069531482
93,714,644,1,1,medium,high,0.2,supported,0.2439257665444199,0.022990293353437607,31.013072582956646,1.795878492875902,1.0304514030867025,1.3031600511983186,0.2727086481116161,26.464969361458614,-0.22093547319098228
93,714,644,1,1,medium,high,0.3,supported,0.2790875041253593,0.09439285622357119,35.48358644128644,7.3734639992182105,1.065613140667642,1.3745626140684521,0.30894947340081025,28.992648608597605,-0.18469464790178813
93,714,644,1,1,medium,high,0.4,supported,0.7804729840648021,0.6543867235454863,99.23045706379145,51.117183446601835,1.5669986206070847,1.9345564813903673,0.36755786078328256,23.456170027825785,-0.12608626051931582
94,244,104,1,1,medium,high,0.0,supported,0.0,0.0,0.0,0.0,2.321021040374559,2.7876050328745534,0.4665839924999946,20.102531790263246,0.0
94,244,104,1,1,medium,high,0.05,supported,0.058998103502940324,-0.014094232110037463,2.5419030020261912,-0.505603625471418,2.380019143877499,2.773510800764516,0.3934916568870168,16.533129907768096,-0.07309233561297779
94,244,104,1,1,medium,high,0.1,supported,0.19070379077986077,0.0535814803985164,8.216374925626946,1.9221331489441162,2.5117248311544196,2.84118651327307,0.32946168211865023,13.116949676658084,-0.13712231038134437
94,244,104,1,1,medium,high,0.2,supported,0.23836541385010346,0.11494335912058418,10.269851487931225,4.123373209799941,2.5593864542246623,2.9025483919951376,0.3431619377704753,13.407976634557617,-0.12342205472951928
94,244,104,1,1,medium,high,0.3,supported,0.2883486229609189,0.16960324464870302,12.423352392979004,6.084192080605111,2.6093696633354777,2.9572082775232564,0.3478386141877787,13.330369363731599,-0.11874537831221588
94,244,104,1,1,medium,high,0.4,supported,0.31988803676557565,0.1865542988675415,13.782211845608817,6.692278736316104,2.6409090771401345,2.974159331742095,0.33325025460196045,12.618770463799557,-0.13333373789803415
95,469,259,1,1,medium,high,0.0,supported,0.0,0.0,0.0,0.0,0.6220021114394487,0.9863025206055835,0.3643004091661348,58.56899879697581,0.0
95,469,259,1,1,medium,high,0.05,supported,0.08238784927541332,0.043168757333366115,13.245589968296056,4.3768272341898395,0.704389960714862,1.0294712779389497,0.3250813172240876,46.15075957274766,-0.0392190919420472
95,469,259,1,1,medium,high,0.1,supported,0.04676305827742655,0.043636354471218164,7.51815105083915,4.424236333130915,0.6687651697168753,1.0299388750768017,0.36117370535992643,54.006057987863066,-0.0031267038062083863
95,469,259,1,1,medium,high,0.2,supported,0.06088050922865973,0.044552274029761696,9.78782999430161,4.517100291136522,0.6828826206681085,1.0308547946353452,0.3479721739672368,50.95636694148007,-0.016328235198898033
95,469,259,1,1,medium,high,0.3,supported,0.08339220164226435,0.07751137416760456,13.407060861783338,7.858782934065012,0.7053943130817131,1.063813894773188,0.35841958169147503,50.81123777786334,-0.005880827474659789
95,469,259,1,1,medium,high,0.4,supported,0.4102257352294296,0.2674543689019979,65.95246666929756,27.11686965351996,1.0322278466688783,1.2537568895075815,0.22152904283870312,21.46125427187453,-0.1427713663274317
96,206,104,1,0,medium,high,0.0,supported,0.0,0.0,0.0,0.0,2.645553545164342,2.93833807740846,0.2927845322441178,11.067042388133942,0.0
96,206,104,1,0,medium,high,0.05,supported,0.060820197414575006,-0.031337615802252916,2.298959230129549,-1.066508174916747,2.706373742578917,2.907000461606207,0.2006267190272899,7.413119476843266,-0.09215781321682792
96,206,104,1,0,medium,high,0.1,supported,0.1509894685256068,-0.003246636829929983,5.707292101556294,-0.11049228320225701,2.796543013689949,2.93509144057853,0.13854842688858104,4.954274838983097,-0.15423610535553678
96,206,104,1,0,medium,high,0.2,supported,0.14826285318956067,0.10947663634670235,5.6042280248140175,3.725801233983872,2.793816398353903,3.0478147137551623,0.2539983154012595,9.091446222125166,-0.03878621684285832
96,206,104,1,0,medium,high,0.3,supported,0.19203250747830847,0.17702493403010422,7.25868912497778,6.0246618791475415,2.8375860526426506,3.115363011438564,0.2777769587959136,9.789199468936616,-0.015007573448204248
96,206,104,1,0,medium,high,0.4,supported,0.2632850557887987,0.21160089873506838,9.95198363193377,7.2013802755364065,2.908838600953141,3.1499389761435284,0.24110037519038752,8.288544270259134,-0.051684157053730306
97,452,240,1,0,medium,high,0.0,supported,0.0,0.0,0.0,0.0,1.025515604020696,0.9954709935657022,-0.030044610454993848,-2.9297077818415618,0.0
97,452,240,1,0,medium,high,0.05,supported,0.0888153075121636,0.035049183493990554,8.66055154733376,3.5208643667704376,1.1143309115328597,1.0305201770596928,-0.08381073447316689,-7.521171099694069,-0.053766124018173045
97,452,240,1,0,medium,high,0.1,supported,0.061857279820357824,0.1101674663549077,6.0318223903991885,11.066868554381081,1.087372883841054,1.10563845992061,0.018265576079556034,1.6797895506676985,0.04831018653454988
97,452,240,1,0,medium,high,0.2,supported,0.061220916690624794,0.11323863314796467,5.969769397032909,11.375382495310316,1.0867365207113209,1.108709626713667,0.021973106002346032,2.02193499377048,0.05201771645733988
97,452,240,1,0,medium,high,0.3,supported,0.23187265345858377,0.12903041020321115,22.610348643110868,12.961744846128953,1.2573882574792798,1.1245014037689134,-0.13288685371036646,-10.568482162921445,-0.10284224325537261
97,452,240,1,0,medium,high,0.4,supported,0.6235086084592467,0.6314880457891405,60.79952426025335,63.436107116210174,1.6490242124799428,1.6269590393548428,-0.022065173125100035,-1.338074538755052,0.007979437329893813
98,532,666,1,0,medium,high,0.0,supported,0.0,0.0,0.0,0.0,1.0332547050935323,1.114253848371023,0.08099914327749058,7.839223269751128,0.0
98,532,666,1,0,medium,high,0.05,supported,0.12417022922708787,0.1494655133462799,12.017388221411274,13.413955317703419,1.1574249343206202,1.2637193617173028,0.1062944273966826,9.183699455988892,0.02529528411919202
98,532,666,1,0,medium,high,0.1,supported,0.21120705031511688,0.3577843330885786,20.440947355376228,32.1097686682114,1.2444617554086492,1.4720381814596015,0.2275764260509523,18.28713699411535,0.14657728277346171
98,532,666,1,0,medium,high,0.2,supported,0.20739227444175645,0.305590879815004,20.071747403558437,27.425606854466867,1.2406469795352888,1.419844728186027,0.17919774865073812,14.443895129447748,0.09819860537324754
98,532,666,1,0,medium,high,0.3,supported,0.18572550127620646,0.3342403261160265,17.974803343324155,29.996784539238284,1.2189802063697388,1.4484941744870494,0.22951396811731062,18.828358895246478,0.14851482483982004
98,532,666,1,0,medium,high,0.4,supported,0.6076445020222003,0.6498677078385389,58.80878151599562,58.32312886229734,1.6408992071157327,1.7641215562095618,0.12322234909382912,7.509440467731188,0.04222320581633854
99,843,686,1,1,medium,high,0.0,supported,0.0,0.0,0.0,0.0,0.8200295615337954,1.172689399836797,0.35265983830300174,43.005746968850936,0.0
99,843,686,1,1,medium,high,0.05,supported,0.08964502483479664,0.030560946211596107,10.931925998755855,2.6060563194183706,0.909674586368592,1.2032503460483932,0.2935757596798012,32.272613094727795,-0.05908407862320053
99,843,686,1,1,medium,high,0.1,supported,0.14721995755212336,0.039383359586633304,17.95300614245674,3.3583794304028247,0.9672495190859187,1.2120727594234304,0.24482324033751168,25.31128064750834,-0.10783659796549006
99,843,686,1,1,medium,high,0.2,supported,0.15274451812968137,0.03535355454282341,18.626708754741195,3.0147415460345828,0.9727740796634767,1.2080429543796205,0.23526887471614377,24.18535604870693,-0.11739096358685797
99,843,686,1,1,medium,high,0.3,supported,0.17834029828093678,0.04950198694549224,21.748032832787946,4.221235985622562,0.9983698598147321,1.2221913867822893,0.2238215269675572,22.418698317784937,-0.12883831133544454
99,843,686,1,1,medium,high,0.4,supported,0.7976619145702442,0.5421981282851629,97.27233650922116,46.2354420838647,1.6176914761040395,1.71488752812196,0.09719605201792048,6.008318239520061,-0.25546378628508126
100,484,119,1,1,medium,high,0.0,supported,0.0,0.0,0.0,0.0,2.1836581531158217,2.5928135359981455,0.4091553828823238,18.73715362903794,0.0
100,484,119,1,1,medium,high,0.05,supported,0.1630226896855671,0.07172030776570182,7.465577405188317,2.7661189966015742,2.3466808428013888,2.6645338437638473,0.3178530009624585,13.544790376479842,-0.09130238191986528
100,484,119,1,1,medium,high,0.1,supported,0.22135925334285922,0.13308644525192337,10.13708363770245,5.132896886111382,2.405017406458681,2.725899981250069,0.32088257479138793,13.342214236356753,-0.08827280809093585
100,484,119,1,1,medium,high,0.2,supported,0.209843658287161,0.13308644525192337,9.6097302587284,5.132896886111382,2.3935018114029827,2.725899981250069,0.33239816984708614,13.887525309715421,-0.07675721303523764
100,484,119,1,1,medium,high,0.3,supported,0.2766016004553453,0.20924981655278918,12.666891109337207,8.070376586962503,2.460259753571167,2.8020633525509346,0.34180359897976764,13.892988270186745,-0.06735178390255614
100,484,119,1,1,medium,high,0.4,supported,0.7553773092330691,0.4785925462187346,34.59228763234918,18.45842516532885,2.939035462348891,3.07140608221688,0.13237061986798926,4.503879642275499,-0.2767847630143345
101,244,104,1,1,medium,high,0.0,supported,0.0,0.0,0.0,0.0,2.295883628345939,2.6772987341212713,0.3814151057753321,16.612998196695237,0.0
101,244,104,1,1,medium,high,0.05,supported,0.08335659935139716,0.030042830890484762,3.6306979292086927,1.1221321889708813,2.3792402276973363,2.707341565011756,0.3281013373144197,13.790172740646756,-0.0533137684609124
101,244,104,1,1,medium,high,0.1,supported,0.17252004095497897,0.054058305389726335,7.514319925669333,2.0191361053875534,2.468403669300918,2.7313570395109976,0.2629533702100795,10.652770188295468,-0.11846173556525263
101,244,104,1,1,medium,high,0.2,supported,0.17254089460680122,0.15688809748326893,7.515228231803173,5.859939926904034,2.4684245229527404,2.83418683160454,0.3657623086517998,14.817641991916087,-0.01565279712353229
101,244,104,1,1,medium,high,0.3,supported,0.24213519226278368,0.2592755161358933,10.54649239505354,9.68422062250709,2.538018820608723,2.9365742502571646,0.3985554296484417,15.703407177762841,0.017140323873109597
101,244,104,1,1,medium,high,0.4,supported,0.3251644957424227,0.3459681449620793,14.162934555036056,12.92228396304198,2.621048124088362,3.0232668790833506,0.4022187549949887,15.345721862122863,0.020803649219656606
102,132,223,1,1,medium,high,0.0,supported,0.0,0.0,0.0,0.0,0.8135473211598192,0.9634232660708164,0.1498759449109972,18.42252331398857,0.0
102,132,223,1,1,medium,high,0.05,supported,0.022917056798505975,0.04078306547322241,2.8169297842238317,4.233141020099129,0.8364643779583252,1.0042063315440388,0.16774195358571364,20.05368764120532,0.017866008674716438
102,132,223,1,1,medium,high,0.1,supported,0.011335272596159962,0.020586426174601602,1.3933144761634875,2.1367997742633316,0.8248825937559792,0.984009692245418,0.15912709848943885,19.29087844669839,0.00925115357844164
102,132,223,1,1,medium,high,0.2,supported,-0.0007966115894617598,0.033570281630249665,-0.09791828560459237,3.4844790252119617,0.8127507095703574,0.9969935477010661,0.18424283813070863,22.66904672751433,0.034366893219711425
102,132,223,1,1,medium,high,0.3,supported,0.056028722071734594,0.08426604613120214,6.886965344788831,8.746523890259471,0.8695760432315538,1.0476893122020186,0.17811326897046476,20.482770926916636,0.02823732405946755
102,132,223,1,1,medium,high,0.4,supported,0.3131216253940916,0.2957054693513841,38.488434200446434,30.693204094746072,1.1266689465539108,1.2591287354222005,0.13245978886828969,11.756762203612524,-0.01741615604270752
103,586,138,1,1,medium,low,0.0,supported,0.0,0.0,0.0,0.0,0.3059564301836195,0.5278373529721099,0.22188092278849036,72.52043130955892,0.0
103,586,138,1,1,medium,low,0.05,supported,0.08035758590614461,0.023865958457106373,26.264388644460944,4.521460696694457,0.3863140160897641,0.5517033114292162,0.16538929533945212,42.81213946454954,-0.05649162744903824
103,586,138,1,1,medium,low,0.1,supported,0.08451400492606309,0.028613842500600395,27.6228889438088,5.420958243952145,0.3904704351096826,0.5564511954727103,0.16598076036302767,42.50789443672065,-0.055900162425462696
103,586,138,1,1,medium,low,0.2,supported,0.08627651407996623,0.0692077038204364,28.19895435052222,13.11155859484867,0.39223294426358574,0.5970450567925463,0.20481211252896053,52.21695819393592,-0.017068810259529832
103,586,138,1,1,medium,low,0.3,supported,0.23068219057258021,0.17963734921139962,75.39707220212253,34.03270878802156,0.5366386207561997,0.7074747021835095,0.17083608142730977,31.83447385627549,-0.05104484136118059
103,586,138,1,1,medium,low,0.4,supported,0.5292945061534606,0.3838844171545981,172.9966929722003,72.72778536665668,0.8352509363370801,0.911721770126708,0.07647083378962782,9.155432273441555,-0.14541008899886254
104,658,93,1,0,medium,low,0.0,supported,0.0,0.0,0.0,0.0,0.4769082006657385,0.511495871821664,0.03458767115592548,7.252479849925608,0.0
104,658,93,1,0,medium,low,0.05,supported,0.0552093317054852,0.020439568164757782,11.576511292616875,3.996037757247861,0.5321175323712237,0.5319354399864218,-0.00018209238480193513,-0.03422033173582362,-0.034769763540727416
104,658,93,1,0,medium,low,0.1,supported,0.04851035917073859,0.05536326355499854,10.17184420461228,10.82379479580653,0.5254185598364771,0.5668591353766625,0.04144057554018543,7.887154871933477,0.00685290438425995
104,658,93,1,0,medium,low,0.2,supported,0.05723443197732486,0.058912533234760645,12.001142336707282,11.517694761630626,0.5341426326430634,0.5704084050564246,0.036265772413361264,6.789529649395276,0.0016781012574357823
104,658,93,1,0,medium,low,0.3,supported,0.18908017213149436,0.1040268517384797,39.64707922144104,20.337769563612284,0.6659883727972329,0.6155227235601437,-0.05046564923708918,-7.577557101354082,-0.08505332039301466
104,658,93,1,0,medium,low,0.4,supported,0.1782870807243045,0.3775037478674508,37.383941076170466,73.8038699164848,0.655195281390043,0.8889996196891148,0.23380433829907177,35.68467981073358,0.1992166671431463
105,483,71,1,0,medium,low,0.0,supported,0.0,0.0,0.0,0.0,0.3153355405581616,0.27200530287162866,-0.043330237686532935,-13.740993993203555,0.0
105,483,71,1,0,medium,low,0.05,supported,0.05675616288154817,0.033341719310526596,17.998657170418085,12.257746065436837,0.37209170343970976,0.30534702218215526,-0.0667446812575545,-17.937696713081696,-0.02341444357102157
105,483,71,1,0,medium,low,0.1,supported,0.07511035099557395,0.05525604592477951,23.819183483924576,20.314326721364417,0.39044589155373555,0.32726134879640817,-0.06318454275732738,-16.182662982031026,-0.019854305070794442
105,483,71,1,0,medium,low,0.2,supported,0.07609905662646621,0.03747737673391022,24.132724301157626,13.778178711316325,0.3914345971846278,0.3094826796055389,-0.08195191757908893,-20.936298980346567,-0.03862167989255599
105,483,71,1,0,medium,low,0.3,supported,0.12841909939262963,0.060594064056438746,40.72458789939144,22.276795127422844,0.44375463995079123,0.3325993669280674,-0.11115527302272382,-25.048813694669203,-0.06782503533619089
105,483,71,1,0,medium,low,0.4,supported,0.255007443465853,0.1562686651416535,80.86860206574735,57.45059507733332,0.5703429840240146,0.42827396801328216,-0.14206901601073246,-24.90940013119379,-0.09873877832419953
106,147,717,1,0,medium,low,0.0,supported,0.0,0.0,0.0,0.0,0.5771719595412601,0.5551151413290287,-0.022056818212231377,-3.8215332272486524,0.0
106,147,717,1,0,medium,low,0.05,supported,0.0496327770233731,0.021606235109024707,8.59930497365491,3.8922078503022206,0.6268047365646332,0.5767213764380534,-0.05008336012657977,-7.990265102506189,-0.02802654191434839
106,147,717,1,0,medium,low,0.1,supported,0.04586538964045683,0.022170987773467488,7.946572747039027,3.9939439807725075,0.6230373491817169,0.5772861291024962,-0.04575122007922072,-7.343254804757581,-0.023694401866989345
106,147,717,1,0,medium,low,0.2,supported,0.07499120610929988,0.05123900018290306,12.992870646194143,9.230337342308692,0.65216316565056,0.6063541415119318,-0.045809024138628196,-7.0241661215152735,-0.02375220592639682
106,147,717,1,0,medium,low,0.3,supported,0.1739322697626997,0.09866669448115606,30.13525984542669,17.774095342622665,0.7511042293039598,0.6537818358101848,-0.09732239349377503,-12.95724211058732,-0.07526557528154365
106,147,717,1,0,medium,low,0.4,supported,0.3221694580131549,0.30344101352159125,55.81862609355055,54.662716061952125,0.899341417554415,0.85855615485062,-0.04078526270379501,-4.535014390274905,-0.018728444491563634
107,602,425,1,1,medium,low,0.0,supported,0.0,0.0,0.0,0.0,0.357133363508245,0.5951864933883737,0.23805312988012872,66.6566482452522,0.0
107,602,425,1,1,medium,low,0.05,supported,0.11940308772485086,0.031000396769802485,33.433753304903504,5.20851818953727,0.47653645123309585,0.6261868901581762,0.14965043892508034,31.40377583663152,-0.08840269095504838
107,602,425,1,1,medium,low,0.1,supported,0.10372449981583243,0.033733798562012085,29.0436319913969,5.667769503633546,0.4608578633240774,0.6289202919503858,0.16806242862630838,36.4673019603283,-0.06999070125382034
107,602,425,1,1,medium,low,0.2,supported,0.11726596223968339,0.06883352040747948,32.83534226198839,11.56503401406388,0.47439932574792837,0.6640200137958532,0.1896206880479248,39.97069088346039,-0.04843244183220391
107,602,425,1,1,medium,low,0.3,supported,0.300215478533463,0.16244252941501336,84.06256855543883,27.292710977064406,0.657348842041708,0.7576290228033871,0.1002801807616791,15.255245669896,-0.13777294911844962
107,602,425,1,1,medium,low,0.4,supported,0.6700826906609989,0.39479881077053225,187.62814094951645,66.33195059971169,1.0272160541692439,0.989985304158906,-0.03723075001033793,-3.62443225641057,-0.27528387989046665
108,60,93,1,1,medium,low,0.0,supported,0.0,0.0,0.0,0.0,0.38118460875865345,0.6081054533279215,0.2269208445692681,59.53043206761339,0.0
108,60,93,1,1,medium,low,0.05,supported,0.06272042270684769,0.028108088209567228,16.45408058607085,4.62223912904296,0.44390503146550114,0.6362135415374888,0.19230851007198763,43.32199376905086,-0.03461233449728046
108,60,93,1,1,medium,low,0.1,supported,0.055876684319619285,0.024512829060159058,14.65869372364863,4.031016154518929,0.43706129307827274,0.6326182823880806,0.19555698930980786,44.7436074543407,-0.03136385525946023
108,60,93,1,1,medium,low,0.2,supported,0.056115407299379305,0.01905686259089756,14.721320328782927,3.13380886269099,0.43730001605803276,0.6271623159188191,0.18986229986078634,43.41694326294978,-0.037058544708481744
108,60,93,1,1,medium,low,0.3,supported,0.1365051443128784,0.09521954034218183,35.81077020853862,15.65839277070824,0.5176897530715319,0.7033249936701034,0.1856352405985715,35.858395785732554,-0.04128560397069658
108,60,93,1,1,medium,low,0.4,supported,0.3750242441113316,0.3296246181101934,98.38388945781851,54.205173840538315,0.7562088528699851,0.9377300714381149,0.18152121856812986,24.004111811071162,-0.04539962600113823
109,530,644,1,1,medium,medium,0.0,supported,0.0,0.0,0.0,0.0,0.43018166824842174,0.6972459442060008,0.2670642759575791,62.08174259144732,0.0
109,530,644,1,1,medium,medium,0.05,supported,0.10423998201206774,0.03116003182450311,24.23161880340079,4.469015859244196,0.5344216502604895,0.7284059760305039,0.19398432577001445,36.29799160933356,-0.07307995018756464
109,530,644,1,1,medium,medium,0.1,supported,0.09949341877364726,0.02800366155898848,23.12823305064495,4.016324769142687,0.529675087022069,0.7252496057649893,0.1955745187429203,36.92348829212948,-0.07148975721465878
109,530,644,1,1,medium,medium,0.2,supported,0.09238388775147632,0.0454545827227264,21.47555197496849,6.519160577475791,0.5225655559998981,0.7427005269287272,0.22013497092882917,42.125809556585494,-0.046929305028749924
109,530,644,1,1,medium,medium,0.3,supported,0.15004370797586597,0.13242215371702204,34.87914968269139,18.992172678439843,0.5802253762242877,0.8296680979230229,0.24944272169873516,42.99066051228899,-0.01762155425884393
109,530,644,1,1,medium,medium,0.4,supported,0.3642144853776118,0.3384169696657817,84.66527336243553,48.5362406878048,0.7943961536260336,1.0356629138717826,0.241266760245749,30.371088674647172,-0.025797515711830088
110,598,145,1,1,medium,medium,0.0,supported,0.0,0.0,0.0,0.0,0.42434335706813003,0.6343521380904498,0.21000878102231973,49.490295423336136,0.0
110,598,145,1,1,medium,medium,0.05,supported,0.06968689905718545,0.022462753653563317,16.42229055703044,3.5410542985133686,0.4940302561253155,0.6568148917440131,0.1627846356186976,32.95033727193537,-0.04722414540362213
110,598,145,1,1,medium,medium,0.1,supported,0.08264589183499843,0.027682938232268306,19.47618372207234,4.363970194157529,0.5069892489031285,0.6620350763227181,0.1550458274195896,30.581679543507345,-0.054962953602730125
110,598,145,1,1,medium,medium,0.2,supported,0.06456986575247997,0.04567070723532374,15.2164195991203,7.199582770037383,0.48891322282061,0.6800228453257735,0.1911096225051635,39.088659006321166,-0.018899158517156234
110,598,145,1,1,medium,medium,0.3,supported,0.1734740352239857,0.14288901537920706,40.88058227718025,22.52518858206056,0.5978173922921157,0.7772411534696568,0.1794237611775411,30.01313837484809,-0.030585019844778627
110,598,145,1,1,medium,medium,0.4,supported,0.4048229319376509,0.3603125739975419,95.3998513691013,56.800088210022935,0.8291662890057809,0.9946647120879917,0.16549842308221074,19.95961790495042,-0.04451035794010899
111,147,717,1,0,medium,medium,0.0,supported,0.0,0.0,0.0,0.0,0.5749105959438043,0.5389731102901547,-0.035937485653649626,-6.2509694389355825,0.0
111,147,717,1,0,medium,medium,0.05,supported,0.04762612784026854,0.016254651490113403,8.284092896580365,3.015855741182105,0.6225367237840729,0.5552277617802681,-0.06730896200380476,-10.81204681302479,-0.031371476350155136
111,147,717,1,0,medium,medium,0.1,supported,0.04386862440785855,0.020628946079943367,7.630512416603041,3.8274536681130122,0.6187792203516629,0.5596020563700981,-0.059177163981564807,-9.563534461925439,-0.02323967832791518
111,147,717,1,0,medium,medium,0.2,supported,0.05908235798037742,0.03953616198480581,10.276790582261697,7.33546094043942,0.6339929539241818,0.5785092722749605,-0.05548368164922124,-8.751466606339676,-0.019546195995571614
111,147,717,1,0,medium,medium,0.3,supported,0.22017040539911203,0.11442797959559736,38.29645982392591,21.23073997773197,0.7950810013429164,0.6534010898857521,-0.1416799114571643,-17.819556902738533,-0.10574242580351467
111,147,717,1,0,medium,medium,0.4,supported,0.24622519598269843,0.3384340268490471,42.82843240669132,62.792376908534834,0.8211357919265028,0.8774071371392018,0.05627134521269905,6.852867182987898,0.09220883086634868
112,485,569,1,1,medium,medium,0.0,supported,0.0,0.0,0.0,0.0,0.5168705570066856,0.7318995134351629,0.2150289564284773,41.60209040997782,0.0
112,485,569,1,1,medium,medium,0.05,supported,0.12423441148934122,0.02856250233713631,24.03588476944998,3.902516918351062,0.6411049684960268,0.7604620157722992,0.11935704727627239,18.617395456515172,-0.09567190915220491
112,485,569,1,1,medium,medium,0.1,supported,0.1091755164796615,0.03235692283258729,21.122409663247545,4.4209515430226665,0.6260460734863471,0.7642564362677502,0.13821036278140308,22.076707870993005,-0.07681859364707422
112,485,569,1,1,medium,medium,0.2,supported,0.12428751253903636,0.05129670057395064,24.04615833774968,7.008708112564532,0.641158069545722,0.7831962140091135,0.14203814446339158,22.153373904196428,-0.07299081196508572
112,485,569,1,1,medium,medium,0.3,supported,0.20699215335999233,0.16140918245698366,40.04719374203296,22.053462189011608,0.7238627103666779,0.8933086958921466,0.16944598552546863,23.40858053589119,-0.04558297090300867
112,485,569,1,1,medium,medium,0.4,supported,0.41819054806763534,0.3004169387190483,80.90817756953916,41.046200086818544,0.9350611050743209,1.0323164521542112,0.09725534707989025,10.400961664656139,-0.11777360934858705
113,20,569,1,1,medium,medium,0.0,supported,0.0,0.0,0.0,0.0,0.43213753758575135,0.7107636648211828,0.27862612723543145,64.47626114409053,0.0
113,20,569,1,1,medium,medium,0.05,supported,0.07805696513938909,0.035151561745317084,18.062991142929775,4.945604774853063,0.5101945027251404,0.7459152265664999,0.23572072384135945,46.20212930211645,-0.042905403394072006
113,20,569,1,1,medium,medium,0.1,supported,0.07733669922724318,0.040933877156105636,17.89631598756838,5.7591403700137045,0.5094742368129945,0.7516975419772884,0.2422233051642939,47.543778990576,-0.03640282207113754
113,20,569,1,1,medium,medium,0.2,supported,0.08075642210779688,0.06406888324135385,18.687666560735174,9.014090957712728,0.5128939596935482,0.7748325480625367,0.2619385883689884,51.07071031319914,-0.01668753886644303
113,20,569,1,1,medium,medium,0.3,supported,0.07923865290413812,0.15011706833202676,18.33644291741594,21.1205321490082,0.5113761904898895,0.8608807331532096,0.3495045426633201,68.34587709852131,0.07087841542788864
113,20,569,1,1,medium,medium,0.4,supported,0.22328117270019188,0.2417746823307978,51.66900657314108,34.016184886381964,0.6554187102859432,0.9525383471519806,0.2971196368660374,45.33279752364887,0.01849350963060592
114,510,793,1,1,medium,medium,0.0,supported,0.0,0.0,0.0,0.0,0.619085092914442,0.980117778074332,0.36103268515988995,58.31713431513443,0.0
114,510,793,1,1,medium,medium,0.05,supported,0.08110051921451844,0.04303434293941999,13.10006009557181,4.3907317979652305,0.7001856121289605,1.023152121013752,0.3229665088847915,46.12584196107523,-0.03806617627509845
114,510,793,1,1,medium,medium,0.1,supported,0.07642575872974788,0.045535473980756525,12.344952189037773,4.645918582379105,0.6955108516441899,1.0256532520550885,0.3301424004108986,47.467613140821726,-0.03089028474899136
114,510,793,1,1,medium,medium,0.2,supported,0.07071874446290671,0.046449459842677676,11.423105688102897,4.7391712385769,0.6898038373773487,1.0265672379170097,0.3367634005396609,48.82016919767273,-0.024269284620229037
114,510,793,1,1,medium,medium,0.3,supported,0.07565292565562576,0.0635408135528559,12.220117480050696,6.482977349691232,0.6947380185700678,1.0436585916271879,0.3489205730571201,50.2233307708249,-0.012112112102769856
114,510,793,1,1,medium,medium,0.4,supported,0.2535566155572,0.2709256575802188,40.956666290176955,27.642153182091533,0.872641708471642,1.2510434356545508,0.37840172718290876,43.36278262995788,0.01736904202301881
115,96,500,1,1,medium,medium,0.0,supported,0.0,0.0,0.0,0.0,0.6256397305818617,0.9271887986143348,0.30154906803247306,48.19851638130852,0.0
115,96,500,1,1,medium,medium,0.05,supported,0.053835138097843016,0.03144630369616386,8.604814474901534,3.3915750215230966,0.6794748686797047,0.9586351023104986,0.2791602336307939,41.08470327581553,-0.02238883440167916
115,96,500,1,1,medium,medium,0.1,supported,0.010528933666299034,0.03243879240962011,1.6829068154777804,3.4986178066537477,0.6361686642481608,0.9596275910239549,0.32345892677579413,50.844838005038426,0.021909858743321076
115,96,500,1,1,medium,medium,0.2,supported,0.03919952807493887,0.047246736113756516,6.26551130927735,5.095697465755178,0.6648392586568006,0.9744355347280913,0.3095962760712907,46.567087012397494,0.008047208038817644
115,96,500,1,1,medium,medium,0.3,supported,0.06543819223966674,0.09087800154480608,10.459404836519482,9.801455936549441,0.6910779228215285,1.0180668001591409,0.3269888773376124,47.31577533291534,0.025439809305139338
115,96,500,1,1,medium,medium,0.4,supported,0.45119489131826995,0.33464409617216084,72.11736551619677,36.0923359592221,1.0768346219001317,1.2618328947864956,0.18499827288636395,17.179822149470336,-0.11655079514610911
116,862,320,1,1,medium,medium,0.0,supported,0.0,0.0,0.0,0.0,0.4094985361473958,0.6338199483764324,0.22432141222903662,54.779539467827036,0.0
116,862,320,1,1,medium,medium,0.05,supported,0.06759340533680719,0.02435516095485024,16.506385095471376,3.8425993087212618,0.477091941484203,0.6581751093312826,0.18108316784707967,37.95561234669806,-0.04323824438195695
116,862,320,1,1,medium,medium,0.1,supported,0.06695269077646904,0.029579631218642044,16.349921884060148,4.666882336917921,0.4764512269238648,0.6633995795950745,0.18694835267120963,39.23766843423058,-0.03737305955782699
116,862,320,1,1,medium,medium,0.2,supported,0.06531308957136306,0.04758216788214953,15.949529438086717,7.507205793070115,0.47481162571875885,0.6814021162585819,0.2065904905398231,43.50998993065749,-0.01773092168921353
116,862,320,1,1,medium,medium,0.3,supported,0.16604441847021228,0.1477184780513754,40.548232487562764,23.306063248682072,0.5755429546176081,0.7815384264278078,0.20599547181019973,35.79150264241591,-0.018325940418836895
116,862,320,1,1,medium,medium,0.4,supported,0.4746204315691042,0.36200054262897696,115.9028396131478,57.11409739568201,0.8841189677165,0.9958204910054094,0.11170152328890937,12.63421862528431,-0.11261988894012726
117,231,212,1,0,medium,medium,0.0,supported,0.0,0.0,0.0,0.0,0.5929135980299474,0.6407683236678441,0.04785472563789672,8.071112856392881,0.0
117,231,212,1,0,medium,medium,0.05,supported,0.04822273885580031,0.024324830733164715,8.133181464555417,3.7961974452679126,0.6411363368857477,0.6650931544010088,0.02395681751526113,3.7366182724299923,-0.02389790812263559
117,231,212,1,0,medium,medium,0.1,supported,0.05594704902170888,0.02548281954750653,9.43595309798968,3.9769162435557837,0.6488606470516562,0.6662511432153506,0.01739049616369437,2.680158866578619,-0.030464229474202353
117,231,212,1,0,medium,medium,0.2,supported,0.07038852967259324,0.05202683190437907,11.871633557818662,8.119445044750417,0.6633021277025406,0.6927951555722232,0.029493027869682553,4.446394280663113,-0.01836169776821417
117,231,212,1,0,medium,medium,0.3,supported,0.1585737116143826,0.11157178661778899,26.744826251458864,17.41218822727333,0.75148730964433,0.7523401102856331,0.0008528006413031086,0.11348170892024889,-0.047001924996593614
117,231,212,1,0,medium,medium,0.4,supported,0.32479820279256,0.29417659056045387,54.78002256513517,45.90997708447064,0.9177118008225074,0.934944914228298,0.01723311340579059,1.8778350011785072,-0.030621612232106132
118,633,489,1,1,medium,medium,0.0,supported,0.0,0.0,0.0,0.0,0.3459145405379655,0.5486727740284894,0.20275823349052385,58.615123022927776,0.0
118,633,489,1,1,medium,medium,0.05,supported,0.06411635658402304,0.023085882085928988,18.535316984452123,4.207586594178303,0.41003089712198854,0.5717586561144183,0.1617277589924298,39.44282251108362,-0.04103047449809405
118,633,489,1,1,medium,medium,0.1,supported,0.06266115374732201,0.02940013659755958,18.114634224358284,5.358409964776745,0.4085756942852875,0.5780729106260489,0.16949721634076143,41.484899545299484,-0.03326101714976243
118,633,489,1,1,medium,medium,0.2,supported,0.060372455968121796,0.07180694903963314,17.452997458340636,13.08739059757038,0.4062869965060873,0.6204797230681225,0.2141927265620352,52.71956237930593,0.011434493071511342
118,633,489,1,1,medium,medium,0.3,supported,0.1692365854028453,0.18385701326327752,48.924391885825024,33.5094107027317,0.5151511259408108,0.7325297872917669,0.21737866135095607,42.19706614325291,0.014620427860432217
118,633,489,1,1,medium,medium,0.4,supported,0.4778414835368761,0.3559824433144332,138.13859423016393,64.88064656474992,0.8237560240748416,0.9046552173429225,0.08089919326808093,9.82077106615864,-0.12185904022244293
119,147,717,1,1,medium,medium,0.0,supported,0.0,0.0,0.0,0.0,0.4441317755595824,0.6327661396644155,0.18863436410483314,42.47261161783884,0.0
119,147,717,1,1,medium,medium,0.05,supported,0.0973152909849404,0.01655899814030448,21.91135521936667,2.616922288080459,0.5414470665445228,0.64932513780472,0.10787807126019722,19.924029129692688,-0.08075629284463592
119,147,717,1,1,medium,medium,0.1,supported,0.09374557662438576,0.022408120113020624,21.107604045279427,3.5412957028491787,0.5378773521839681,0.6551742597774362,0.117296907593468,21.807370605436716,-0.07133745651136514
119,147,717,1,1,medium,medium,0.2,supported,0.09457817339582042,0.04006089842346361,21.295070202229272,6.331074928362912,0.5387099489554028,0.6728270380878791,0.13411708913247633,24.895974056640124,-0.05451727497235681
119,147,717,1,1,medium,medium,0.3,supported,0.17755140465247,0.11084867412342225,39.977190199634926,17.518110906220464,0.6216831802120524,0.7436148137878378,0.1219316335757854,19.61314660856599,-0.06670273052904774
119,147,717,1,1,medium,medium,0.4,supported,0.3900754979966179,0.34348928143499124,87.82877503082132,54.28376455433585,0.8342072735562003,0.9762554210994068,0.1420481475432065,17.02792004409881,-0.04658621656162665
