episode_id,config_id,seed,checkpoint_timesteps,step_index,action,inventory_coverage_proxy,current_inventory_proxy,episode_day_proxy
core_002__recovered_calibration__episode_01,STANDARD_DQN,42,5000,0,1,3.8996362686157227,1.0,0
core_002__recovered_calibration__episode_01,STANDARD_DQN,42,5000,1,0,2.54813289642334,0.6666666865348816,1
core_002__recovered_calibration__episode_01,STANDARD_DQN,42,5000,2,0,1.25551176071167,0.3333333432674408,2
core_002__recovered_calibration__episode_02,STANDARD_DQN,42,5000,0,1,3.639660596847534,1.0,0
core_002__recovered_calibration__episode_02,STANDARD_DQN,42,5000,1,0,2.354114532470703,0.6666666865348816,1
core_002__recovered_calibration__episode_02,STANDARD_DQN,42,5000,2,0,1.1584954261779785,0.3333333432674408,2
core_002__recovered_calibration__episode_03,STANDARD_DQN,42,5000,0,0,3.418684482574463,1.0,0
core_002__recovered_calibration__episode_03,STANDARD_DQN,42,5000,1,0,2.230146646499634,0.6666666865348816,1
core_002__recovered_calibration__episode_03,STANDARD_DQN,42,5000,2,0,1.096077561378479,0.3333333432674408,2
core_003__recovered_calibration__episode_00,STANDARD_DQN,42,5000,0,2,2.440021514892578,1.0,0
core_003__recovered_calibration__episode_00,STANDARD_DQN,42,5000,1,2,1.0114753246307373,0.43670955300331116,1
core_003__recovered_calibration__episode_00,STANDARD_DQN,42,5000,2,3,0.018343128263950348,0.007969284430146217,2
core_003__recovered_calibration__episode_01,STANDARD_DQN,42,5000,0,5,7.799272537231445,1.0,0
core_003__recovered_calibration__episode_01,STANDARD_DQN,42,5000,1,5,4.474823951721191,0.6666666865348816,1
core_003__recovered_calibration__episode_01,STANDARD_DQN,42,5000,2,5,1.9614636898040771,0.3333333432674408,2
core_003__recovered_calibration__episode_02,STANDARD_DQN,42,5000,0,5,7.279321193695068,1.0,0
core_003__recovered_calibration__episode_02,STANDARD_DQN,42,5000,1,5,4.17964506149292,0.6666666865348816,1
core_003__recovered_calibration__episode_02,STANDARD_DQN,42,5000,2,1,1.857505202293396,0.3333333432674408,2
core_003__recovered_calibration__episode_03,STANDARD_DQN,42,5000,0,5,6.837368965148926,1.0,0
core_003__recovered_calibration__episode_03,STANDARD_DQN,42,5000,1,5,3.9955050945281982,0.6666666865348816,1
core_003__recovered_calibration__episode_03,STANDARD_DQN,42,5000,2,1,1.782029390335083,0.3333333432674408,2
core_003__recovered_calibration__episode_05,STANDARD_DQN,42,5000,0,5,6.083359241485596,1.0,0
core_003__recovered_calibration__episode_05,STANDARD_DQN,42,5000,1,1,3.5872952938079834,0.6666666865348816,1
core_003__recovered_calibration__episode_05,STANDARD_DQN,42,5000,2,1,1.6314281225204468,0.3333333432674408,2
core_003__recovered_calibration__episode_06,STANDARD_DQN,42,5000,0,1,5.9184889793396,1.0,0
core_003__recovered_calibration__episode_06,STANDARD_DQN,42,5000,1,1,3.5711333751678467,0.6666666865348816,1
core_003__recovered_calibration__episode_06,STANDARD_DQN,42,5000,2,4,1.6195837259292603,0.3333333432674408,2
core_003__recovered_calibration__episode_07,STANDARD_DQN,42,5000,0,1,5.451850414276123,1.0,0
core_003__recovered_calibration__episode_07,STANDARD_DQN,42,5000,1,4,3.2746188640594482,0.6666666865348816,1
core_003__recovered_calibration__episode_07,STANDARD_DQN,42,5000,2,0,1.5988482236862183,0.3333333432674408,2
core_005__recovered_calibration__episode_01,STANDARD_DQN,42,5000,0,1,3.8996362686157227,1.0,0
core_005__recovered_calibration__episode_01,STANDARD_DQN,42,5000,1,0,2.54813289642334,0.6666666865348816,1
core_005__recovered_calibration__episode_01,STANDARD_DQN,42,5000,2,0,1.25551176071167,0.3333333432674408,2
core_005__recovered_calibration__episode_02,STANDARD_DQN,42,5000,0,1,3.639660596847534,1.0,0
core_005__recovered_calibration__episode_02,STANDARD_DQN,42,5000,1,0,2.354114532470703,0.6666666865348816,1
core_005__recovered_calibration__episode_02,STANDARD_DQN,42,5000,2,0,1.1584954261779785,0.3333333432674408,2
core_005__recovered_calibration__episode_03,STANDARD_DQN,42,5000,0,0,3.418684482574463,1.0,0
core_005__recovered_calibration__episode_03,STANDARD_DQN,42,5000,1,0,2.230146646499634,0.6666666865348816,1
core_005__recovered_calibration__episode_03,STANDARD_DQN,42,5000,2,0,1.096077561378479,0.3333333432674408,2
core_006__recovered_calibration__episode_00,STANDARD_DQN,42,5000,0,2,2.440021514892578,1.0,0
core_006__recovered_calibration__episode_00,STANDARD_DQN,42,5000,1,2,1.0114753246307373,0.43670955300331116,1
core_006__recovered_calibration__episode_00,STANDARD_DQN,42,5000,2,3,0.018343128263950348,0.007969284430146217,2
core_006__recovered_calibration__episode_01,STANDARD_DQN,42,5000,0,5,7.799272537231445,1.0,0
core_006__recovered_calibration__episode_01,STANDARD_DQN,42,5000,1,5,4.474823951721191,0.6666666865348816,1
core_006__recovered_calibration__episode_01,STANDARD_DQN,42,5000,2,5,1.9614636898040771,0.3333333432674408,2
core_006__recovered_calibration__episode_02,STANDARD_DQN,42,5000,0,5,7.279321193695068,1.0,0
core_006__recovered_calibration__episode_02,STANDARD_DQN,42,5000,1,5,4.17964506149292,0.6666666865348816,1
core_006__recovered_calibration__episode_02,STANDARD_DQN,42,5000,2,1,1.857505202293396,0.3333333432674408,2
core_006__recovered_calibration__episode_03,STANDARD_DQN,42,5000,0,5,6.837368965148926,1.0,0
core_006__recovered_calibration__episode_03,STANDARD_DQN,42,5000,1,5,3.9955050945281982,0.6666666865348816,1
core_006__recovered_calibration__episode_03,STANDARD_DQN,42,5000,2,1,1.782029390335083,0.3333333432674408,2
core_006__recovered_calibration__episode_05,STANDARD_DQN,42,5000,0,5,6.083359241485596,1.0,0
core_006__recovered_calibration__episode_05,STANDARD_DQN,42,5000,1,1,3.5872952938079834,0.6666666865348816,1
core_006__recovered_calibration__episode_05,STANDARD_DQN,42,5000,2,1,1.6314281225204468,0.3333333432674408,2
core_006__recovered_calibration__episode_06,STANDARD_DQN,42,5000,0,1,5.9184889793396,1.0,0
core_006__recovered_calibration__episode_06,STANDARD_DQN,42,5000,1,1,3.5711333751678467,0.6666666865348816,1
core_006__recovered_calibration__episode_06,STANDARD_DQN,42,5000,2,4,1.6195837259292603,0.3333333432674408,2
core_006__recovered_calibration__episode_07,STANDARD_DQN,42,5000,0,1,5.451850414276123,1.0,0
core_006__recovered_calibration__episode_07,STANDARD_DQN,42,5000,1,4,3.2746188640594482,0.6666666865348816,1
core_006__recovered_calibration__episode_07,STANDARD_DQN,42,5000,2,0,1.5988482236862183,0.3333333432674408,2
core_009__recovered_calibration__episode_01,STANDARD_DQN,42,5000,0,5,7.799272537231445,1.0,0
core_009__recovered_calibration__episode_01,STANDARD_DQN,42,5000,1,4,4.875975608825684,0.7264308929443359,1
core_009__recovered_calibration__episode_01,STANDARD_DQN,42,5000,2,1,3.1183712482452393,0.5057645440101624,2
core_009__recovered_calibration__episode_01,STANDARD_DQN,42,5000,3,3,2.085026264190674,0.34720540046691895,3
core_009__recovered_calibration__episode_01,STANDARD_DQN,42,5000,4,3,1.037234902381897,0.17869436740875244,4
core_012__recovered_calibration__episode_01,STANDARD_DQN,42,5000,0,5,7.799272537231445,1.0,0
core_012__recovered_calibration__episode_01,STANDARD_DQN,42,5000,1,4,4.875975608825684,0.7264308929443359,1
core_012__recovered_calibration__episode_01,STANDARD_DQN,42,5000,2,1,3.1183712482452393,0.5057645440101624,2
core_012__recovered_calibration__episode_01,STANDARD_DQN,42,5000,3,3,2.085026264190674,0.34720540046691895,3
core_012__recovered_calibration__episode_01,STANDARD_DQN,42,5000,4,3,1.037234902381897,0.17869436740875244,4
core_002__recovered_calibration__episode_01,STANDARD_DQN,42,10000,0,1,3.8996362686157227,1.0,0
core_002__recovered_calibration__episode_01,STANDARD_DQN,42,10000,1,0,2.54813289642334,0.6666666865348816,1
core_002__recovered_calibration__episode_01,STANDARD_DQN,42,10000,2,1,1.25551176071167,0.3333333432674408,2
core_002__recovered_calibration__episode_02,STANDARD_DQN,42,10000,0,1,3.639660596847534,1.0,0
core_002__recovered_calibration__episode_02,STANDARD_DQN,42,10000,1,0,2.354114532470703,0.6666666865348816,1
core_002__recovered_calibration__episode_02,STANDARD_DQN,42,10000,2,1,1.1584954261779785,0.3333333432674408,2
core_002__recovered_calibration__episode_03,STANDARD_DQN,42,10000,0,0,3.418684482574463,1.0,0
core_002__recovered_calibration__episode_03,STANDARD_DQN,42,10000,1,0,2.230146646499634,0.6666666865348816,1
core_002__recovered_calibration__episode_03,STANDARD_DQN,42,10000,2,1,1.096077561378479,0.3333333432674408,2
core_003__recovered_calibration__episode_00,STANDARD_DQN,42,10000,0,1,2.440021514892578,1.0,0
core_003__recovered_calibration__episode_00,STANDARD_DQN,42,10000,1,1,1.0194015502929688,0.439696729183197,1
core_003__recovered_calibration__episode_00,STANDARD_DQN,42,10000,2,4,0.02779952995479107,0.012061425484716892,2
core_003__recovered_calibration__episode_01,STANDARD_DQN,42,10000,0,5,7.799272537231445,1.0,0
core_003__recovered_calibration__episode_01,STANDARD_DQN,42,10000,1,5,4.474823951721191,0.6666666865348816,1
core_003__recovered_calibration__episode_01,STANDARD_DQN,42,10000,2,5,1.9614636898040771,0.3333333432674408,2
core_003__recovered_calibration__episode_02,STANDARD_DQN,42,10000,0,5,7.279321193695068,1.0,0
core_003__recovered_calibration__episode_02,STANDARD_DQN,42,10000,1,5,4.17964506149292,0.6666666865348816,1
core_003__recovered_calibration__episode_02,STANDARD_DQN,42,10000,2,5,1.857505202293396,0.3333333432674408,2
core_003__recovered_calibration__episode_03,STANDARD_DQN,42,10000,0,5,6.837368965148926,1.0,0
core_003__recovered_calibration__episode_03,STANDARD_DQN,42,10000,1,5,3.9955050945281982,0.6666666865348816,1
core_003__recovered_calibration__episode_03,STANDARD_DQN,42,10000,2,5,1.782029390335083,0.3333333432674408,2
core_003__recovered_calibration__episode_05,STANDARD_DQN,42,10000,0,5,6.083359241485596,1.0,0
core_003__recovered_calibration__episode_05,STANDARD_DQN,42,10000,1,1,3.5872952938079834,0.6666666865348816,1
core_003__recovered_calibration__episode_05,STANDARD_DQN,42,10000,2,1,1.6314281225204468,0.3333333432674408,2
core_003__recovered_calibration__episode_06,STANDARD_DQN,42,10000,0,1,5.9184889793396,1.0,0
core_003__recovered_calibration__episode_06,STANDARD_DQN,42,10000,1,1,3.5711333751678467,0.6666666865348816,1
core_003__recovered_calibration__episode_06,STANDARD_DQN,42,10000,2,5,1.6195837259292603,0.3333333432674408,2
core_003__recovered_calibration__episode_07,STANDARD_DQN,42,10000,0,0,5.451850414276123,1.0,0
core_003__recovered_calibration__episode_07,STANDARD_DQN,42,10000,1,1,3.3150336742401123,0.6666666865348816,1
core_003__recovered_calibration__episode_07,STANDARD_DQN,42,10000,2,5,1.6567031145095825,0.3333333432674408,2
core_005__recovered_calibration__episode_01,STANDARD_DQN,42,10000,0,1,3.8996362686157227,1.0,0
core_005__recovered_calibration__episode_01,STANDARD_DQN,42,10000,1,0,2.54813289642334,0.6666666865348816,1
core_005__recovered_calibration__episode_01,STANDARD_DQN,42,10000,2,1,1.25551176071167,0.3333333432674408,2
core_005__recovered_calibration__episode_02,STANDARD_DQN,42,10000,0,1,3.639660596847534,1.0,0
core_005__recovered_calibration__episode_02,STANDARD_DQN,42,10000,1,0,2.354114532470703,0.6666666865348816,1
core_005__recovered_calibration__episode_02,STANDARD_DQN,42,10000,2,1,1.1584954261779785,0.3333333432674408,2
core_005__recovered_calibration__episode_03,STANDARD_DQN,42,10000,0,0,3.418684482574463,1.0,0
core_005__recovered_calibration__episode_03,STANDARD_DQN,42,10000,1,0,2.230146646499634,0.6666666865348816,1
core_005__recovered_calibration__episode_03,STANDARD_DQN,42,10000,2,1,1.096077561378479,0.3333333432674408,2
core_006__recovered_calibration__episode_00,STANDARD_DQN,42,10000,0,1,2.440021514892578,1.0,0
core_006__recovered_calibration__episode_00,STANDARD_DQN,42,10000,1,1,1.0194015502929688,0.439696729183197,1
core_006__recovered_calibration__episode_00,STANDARD_DQN,42,10000,2,4,0.02779952995479107,0.012061425484716892,2
core_006__recovered_calibration__episode_01,STANDARD_DQN,42,10000,0,5,7.799272537231445,1.0,0
core_006__recovered_calibration__episode_01,STANDARD_DQN,42,10000,1,5,4.474823951721191,0.6666666865348816,1
core_006__recovered_calibration__episode_01,STANDARD_DQN,42,10000,2,5,1.9614636898040771,0.3333333432674408,2
core_006__recovered_calibration__episode_02,STANDARD_DQN,42,10000,0,5,7.279321193695068,1.0,0
core_006__recovered_calibration__episode_02,STANDARD_DQN,42,10000,1,5,4.17964506149292,0.6666666865348816,1
core_006__recovered_calibration__episode_02,STANDARD_DQN,42,10000,2,5,1.857505202293396,0.3333333432674408,2
core_006__recovered_calibration__episode_03,STANDARD_DQN,42,10000,0,5,6.837368965148926,1.0,0
core_006__recovered_calibration__episode_03,STANDARD_DQN,42,10000,1,5,3.9955050945281982,0.6666666865348816,1
core_006__recovered_calibration__episode_03,STANDARD_DQN,42,10000,2,5,1.782029390335083,0.3333333432674408,2
core_006__recovered_calibration__episode_05,STANDARD_DQN,42,10000,0,5,6.083359241485596,1.0,0
core_006__recovered_calibration__episode_05,STANDARD_DQN,42,10000,1,1,3.5872952938079834,0.6666666865348816,1
core_006__recovered_calibration__episode_05,STANDARD_DQN,42,10000,2,1,1.6314281225204468,0.3333333432674408,2
core_006__recovered_calibration__episode_06,STANDARD_DQN,42,10000,0,1,5.9184889793396,1.0,0
core_006__recovered_calibration__episode_06,STANDARD_DQN,42,10000,1,1,3.5711333751678467,0.6666666865348816,1
core_006__recovered_calibration__episode_06,STANDARD_DQN,42,10000,2,5,1.6195837259292603,0.3333333432674408,2
core_006__recovered_calibration__episode_07,STANDARD_DQN,42,10000,0,0,5.451850414276123,1.0,0
core_006__recovered_calibration__episode_07,STANDARD_DQN,42,10000,1,1,3.3150336742401123,0.6666666865348816,1
core_006__recovered_calibration__episode_07,STANDARD_DQN,42,10000,2,5,1.6567031145095825,0.3333333432674408,2
core_009__recovered_calibration__episode_01,STANDARD_DQN,42,10000,0,4,7.799272537231445,1.0,0
core_009__recovered_calibration__episode_01,STANDARD_DQN,42,10000,1,2,5.7614827156066895,0.7987948060035706,1
core_009__recovered_calibration__episode_01,STANDARD_DQN,42,10000,2,4,4.525021553039551,0.6443325877189636,2
core_009__recovered_calibration__episode_01,STANDARD_DQN,42,10000,3,1,2.8259379863739014,0.4351006746292114,3
core_009__recovered_calibration__episode_01,STANDARD_DQN,42,10000,4,0,1.7688950300216675,0.27931714057922363,4
core_009__recovered_calibration__episode_01,STANDARD_DQN,42,10000,5,1,0.7493479251861572,0.12149491161108017,5
core_012__recovered_calibration__episode_01,STANDARD_DQN,42,10000,0,4,7.799272537231445,1.0,0
core_012__recovered_calibration__episode_01,STANDARD_DQN,42,10000,1,2,5.7614827156066895,0.7987948060035706,1
core_012__recovered_calibration__episode_01,STANDARD_DQN,42,10000,2,4,4.525021553039551,0.6443325877189636,2
core_012__recovered_calibration__episode_01,STANDARD_DQN,42,10000,3,1,2.8259379863739014,0.4351006746292114,3
core_012__recovered_calibration__episode_01,STANDARD_DQN,42,10000,4,0,1.7688950300216675,0.27931714057922363,4
core_012__recovered_calibration__episode_01,STANDARD_DQN,42,10000,5,1,0.7493479251861572,0.12149491161108017,5
core_002__recovered_calibration__episode_01,STANDARD_DQN,42,15000,0,1,3.8996362686157227,1.0,0
core_002__recovered_calibration__episode_01,STANDARD_DQN,42,15000,1,0,2.54813289642334,0.6666666865348816,1
core_002__recovered_calibration__episode_01,STANDARD_DQN,42,15000,2,0,1.25551176071167,0.3333333432674408,2
core_002__recovered_calibration__episode_02,STANDARD_DQN,42,15000,0,1,3.639660596847534,1.0,0
core_002__recovered_calibration__episode_02,STANDARD_DQN,42,15000,1,0,2.354114532470703,0.6666666865348816,1
core_002__recovered_calibration__episode_02,STANDARD_DQN,42,15000,2,0,1.1584954261779785,0.3333333432674408,2
core_002__recovered_calibration__episode_03,STANDARD_DQN,42,15000,0,0,3.418684482574463,1.0,0
core_002__recovered_calibration__episode_03,STANDARD_DQN,42,15000,1,0,2.230146646499634,0.6666666865348816,1
core_002__recovered_calibration__episode_03,STANDARD_DQN,42,15000,2,0,1.096077561378479,0.3333333432674408,2
core_003__recovered_calibration__episode_00,STANDARD_DQN,42,15000,0,1,2.440021514892578,1.0,0
core_003__recovered_calibration__episode_00,STANDARD_DQN,42,15000,1,1,1.0194015502929688,0.439696729183197,1
core_003__recovered_calibration__episode_00,STANDARD_DQN,42,15000,2,3,0.02779952995479107,0.012061425484716892,2
core_003__recovered_calibration__episode_01,STANDARD_DQN,42,15000,0,5,7.799272537231445,1.0,0
core_003__recovered_calibration__episode_01,STANDARD_DQN,42,15000,1,5,4.474823951721191,0.6666666865348816,1
core_003__recovered_calibration__episode_01,STANDARD_DQN,42,15000,2,5,1.9614636898040771,0.3333333432674408,2
core_003__recovered_calibration__episode_02,STANDARD_DQN,42,15000,0,5,7.279321193695068,1.0,0
core_003__recovered_calibration__episode_02,STANDARD_DQN,42,15000,1,5,4.17964506149292,0.6666666865348816,1
core_003__recovered_calibration__episode_02,STANDARD_DQN,42,15000,2,5,1.857505202293396,0.3333333432674408,2
core_003__recovered_calibration__episode_03,STANDARD_DQN,42,15000,0,5,6.837368965148926,1.0,0
core_003__recovered_calibration__episode_03,STANDARD_DQN,42,15000,1,5,3.9955050945281982,0.6666666865348816,1
core_003__recovered_calibration__episode_03,STANDARD_DQN,42,15000,2,5,1.782029390335083,0.3333333432674408,2
core_003__recovered_calibration__episode_05,STANDARD_DQN,42,15000,0,1,6.083359241485596,1.0,0
core_003__recovered_calibration__episode_05,STANDARD_DQN,42,15000,1,1,3.894260883331299,0.6666666865348816,1
core_003__recovered_calibration__episode_05,STANDARD_DQN,42,15000,2,0,1.7620340585708618,0.3333333432674408,2
core_003__recovered_calibration__episode_06,STANDARD_DQN,42,15000,0,1,5.9184889793396,1.0,0
core_003__recovered_calibration__episode_06,STANDARD_DQN,42,15000,1,1,3.5711333751678467,0.6666666865348816,1
core_003__recovered_calibration__episode_06,STANDARD_DQN,42,15000,2,4,1.6195837259292603,0.3333333432674408,2
core_003__recovered_calibration__episode_07,STANDARD_DQN,42,15000,0,0,5.451850414276123,1.0,0
core_003__recovered_calibration__episode_07,STANDARD_DQN,42,15000,1,4,3.3150336742401123,0.6666666865348816,1
core_003__recovered_calibration__episode_07,STANDARD_DQN,42,15000,2,0,1.6268184185028076,0.3333333432674408,2
core_005__recovered_calibration__episode_01,STANDARD_DQN,42,15000,0,1,3.8996362686157227,1.0,0
core_005__recovered_calibration__episode_01,STANDARD_DQN,42,15000,1,0,2.54813289642334,0.6666666865348816,1
core_005__recovered_calibration__episode_01,STANDARD_DQN,42,15000,2,0,1.25551176071167,0.3333333432674408,2
core_005__recovered_calibration__episode_02,STANDARD_DQN,42,15000,0,1,3.639660596847534,1.0,0
core_005__recovered_calibration__episode_02,STANDARD_DQN,42,15000,1,0,2.354114532470703,0.6666666865348816,1
core_005__recovered_calibration__episode_02,STANDARD_DQN,42,15000,2,0,1.1584954261779785,0.3333333432674408,2
core_005__recovered_calibration__episode_03,STANDARD_DQN,42,15000,0,0,3.418684482574463,1.0,0
core_005__recovered_calibration__episode_03,STANDARD_DQN,42,15000,1,0,2.230146646499634,0.6666666865348816,1
core_005__recovered_calibration__episode_03,STANDARD_DQN,42,15000,2,0,1.096077561378479,0.3333333432674408,2
core_006__recovered_calibration__episode_00,STANDARD_DQN,42,15000,0,1,2.440021514892578,1.0,0
core_006__recovered_calibration__episode_00,STANDARD_DQN,42,15000,1,1,1.0194015502929688,0.439696729183197,1
core_006__recovered_calibration__episode_00,STANDARD_DQN,42,15000,2,3,0.02779952995479107,0.012061425484716892,2
core_006__recovered_calibration__episode_01,STANDARD_DQN,42,15000,0,5,7.799272537231445,1.0,0
core_006__recovered_calibration__episode_01,STANDARD_DQN,42,15000,1,5,4.474823951721191,0.6666666865348816,1
core_006__recovered_calibration__episode_01,STANDARD_DQN,42,15000,2,5,1.9614636898040771,0.3333333432674408,2
core_006__recovered_calibration__episode_02,STANDARD_DQN,42,15000,0,5,7.279321193695068,1.0,0
core_006__recovered_calibration__episode_02,STANDARD_DQN,42,15000,1,5,4.17964506149292,0.6666666865348816,1
core_006__recovered_calibration__episode_02,STANDARD_DQN,42,15000,2,5,1.857505202293396,0.3333333432674408,2
core_006__recovered_calibration__episode_03,STANDARD_DQN,42,15000,0,5,6.837368965148926,1.0,0
core_006__recovered_calibration__episode_03,STANDARD_DQN,42,15000,1,5,3.9955050945281982,0.6666666865348816,1
core_006__recovered_calibration__episode_03,STANDARD_DQN,42,15000,2,5,1.782029390335083,0.3333333432674408,2
core_006__recovered_calibration__episode_05,STANDARD_DQN,42,15000,0,1,6.083359241485596,1.0,0
core_006__recovered_calibration__episode_05,STANDARD_DQN,42,15000,1,1,3.894260883331299,0.6666666865348816,1
core_006__recovered_calibration__episode_05,STANDARD_DQN,42,15000,2,0,1.7620340585708618,0.3333333432674408,2
core_006__recovered_calibration__episode_06,STANDARD_DQN,42,15000,0,1,5.9184889793396,1.0,0
core_006__recovered_calibration__episode_06,STANDARD_DQN,42,15000,1,1,3.5711333751678467,0.6666666865348816,1
core_006__recovered_calibration__episode_06,STANDARD_DQN,42,15000,2,4,1.6195837259292603,0.3333333432674408,2
core_006__recovered_calibration__episode_07,STANDARD_DQN,42,15000,0,0,5.451850414276123,1.0,0
core_006__recovered_calibration__episode_07,STANDARD_DQN,42,15000,1,4,3.3150336742401123,0.6666666865348816,1
core_006__recovered_calibration__episode_07,STANDARD_DQN,42,15000,2,0,1.6268184185028076,0.3333333432674408,2
core_009__recovered_calibration__episode_01,STANDARD_DQN,42,15000,0,4,7.799272537231445,1.0,0
core_009__recovered_calibration__episode_01,STANDARD_DQN,42,15000,1,1,5.7614827156066895,0.7987948060035706,1
core_009__recovered_calibration__episode_01,STANDARD_DQN,42,15000,2,4,4.465025424957275,0.6391165852546692,2
core_009__recovered_calibration__episode_01,STANDARD_DQN,42,15000,3,1,2.778613328933716,0.429884672164917,3
core_009__recovered_calibration__episode_01,STANDARD_DQN,42,15000,4,0,1.7385236024856567,0.27547547221183777,4
core_009__recovered_calibration__episode_01,STANDARD_DQN,42,15000,5,0,0.7232055068016052,0.11765323579311371,5
core_012__recovered_calibration__episode_01,STANDARD_DQN,42,15000,0,4,7.799272537231445,1.0,0
core_012__recovered_calibration__episode_01,STANDARD_DQN,42,15000,1,1,5.7614827156066895,0.7987948060035706,1
core_012__recovered_calibration__episode_01,STANDARD_DQN,42,15000,2,4,4.465025424957275,0.6391165852546692,2
core_012__recovered_calibration__episode_01,STANDARD_DQN,42,15000,3,1,2.778613328933716,0.429884672164917,3
core_012__recovered_calibration__episode_01,STANDARD_DQN,42,15000,4,0,1.7385236024856567,0.27547547221183777,4
core_012__recovered_calibration__episode_01,STANDARD_DQN,42,15000,5,0,0.7232055068016052,0.11765323579311371,5
core_002__recovered_calibration__episode_01,STANDARD_DQN,42,20000,0,1,3.8996362686157227,1.0,0
core_002__recovered_calibration__episode_01,STANDARD_DQN,42,20000,1,0,2.54813289642334,0.6666666865348816,1
core_002__recovered_calibration__episode_01,STANDARD_DQN,42,20000,2,1,1.25551176071167,0.3333333432674408,2
core_002__recovered_calibration__episode_02,STANDARD_DQN,42,20000,0,1,3.639660596847534,1.0,0
core_002__recovered_calibration__episode_02,STANDARD_DQN,42,20000,1,0,2.354114532470703,0.6666666865348816,1
core_002__recovered_calibration__episode_02,STANDARD_DQN,42,20000,2,1,1.1584954261779785,0.3333333432674408,2
core_002__recovered_calibration__episode_03,STANDARD_DQN,42,20000,0,0,3.418684482574463,1.0,0
core_002__recovered_calibration__episode_03,STANDARD_DQN,42,20000,1,0,2.230146646499634,0.6666666865348816,1
core_002__recovered_calibration__episode_03,STANDARD_DQN,42,20000,2,1,1.096077561378479,0.3333333432674408,2
core_003__recovered_calibration__episode_00,STANDARD_DQN,42,20000,0,1,2.440021514892578,1.0,0
core_003__recovered_calibration__episode_00,STANDARD_DQN,42,20000,1,1,1.0194015502929688,0.439696729183197,1
core_003__recovered_calibration__episode_00,STANDARD_DQN,42,20000,2,3,0.02779952995479107,0.012061425484716892,2
core_003__recovered_calibration__episode_01,STANDARD_DQN,42,20000,0,5,7.799272537231445,1.0,0
core_003__recovered_calibration__episode_01,STANDARD_DQN,42,20000,1,5,4.474823951721191,0.6666666865348816,1
core_003__recovered_calibration__episode_01,STANDARD_DQN,42,20000,2,5,1.9614636898040771,0.3333333432674408,2
core_003__recovered_calibration__episode_02,STANDARD_DQN,42,20000,0,5,7.279321193695068,1.0,0
core_003__recovered_calibration__episode_02,STANDARD_DQN,42,20000,1,5,4.17964506149292,0.6666666865348816,1
core_003__recovered_calibration__episode_02,STANDARD_DQN,42,20000,2,5,1.857505202293396,0.3333333432674408,2
core_003__recovered_calibration__episode_03,STANDARD_DQN,42,20000,0,5,6.837368965148926,1.0,0
core_003__recovered_calibration__episode_03,STANDARD_DQN,42,20000,1,5,3.9955050945281982,0.6666666865348816,1
core_003__recovered_calibration__episode_03,STANDARD_DQN,42,20000,2,5,1.782029390335083,0.3333333432674408,2
core_003__recovered_calibration__episode_05,STANDARD_DQN,42,20000,0,5,6.083359241485596,1.0,0
core_003__recovered_calibration__episode_05,STANDARD_DQN,42,20000,1,1,3.5872952938079834,0.6666666865348816,1
core_003__recovered_calibration__episode_05,STANDARD_DQN,42,20000,2,1,1.6314281225204468,0.3333333432674408,2
core_003__recovered_calibration__episode_06,STANDARD_DQN,42,20000,0,1,5.9184889793396,1.0,0
core_003__recovered_calibration__episode_06,STANDARD_DQN,42,20000,1,1,3.5711333751678467,0.6666666865348816,1
core_003__recovered_calibration__episode_06,STANDARD_DQN,42,20000,2,5,1.6195837259292603,0.3333333432674408,2
core_003__recovered_calibration__episode_07,STANDARD_DQN,42,20000,0,0,5.451850414276123,1.0,0
core_003__recovered_calibration__episode_07,STANDARD_DQN,42,20000,1,0,3.3150336742401123,0.6666666865348816,1
core_003__recovered_calibration__episode_07,STANDARD_DQN,42,20000,2,5,1.6673550605773926,0.3333333432674408,2
core_005__recovered_calibration__episode_01,STANDARD_DQN,42,20000,0,1,3.8996362686157227,1.0,0
core_005__recovered_calibration__episode_01,STANDARD_DQN,42,20000,1,0,2.54813289642334,0.6666666865348816,1
core_005__recovered_calibration__episode_01,STANDARD_DQN,42,20000,2,1,1.25551176071167,0.3333333432674408,2
core_005__recovered_calibration__episode_02,STANDARD_DQN,42,20000,0,1,3.639660596847534,1.0,0
core_005__recovered_calibration__episode_02,STANDARD_DQN,42,20000,1,0,2.354114532470703,0.6666666865348816,1
core_005__recovered_calibration__episode_02,STANDARD_DQN,42,20000,2,1,1.1584954261779785,0.3333333432674408,2
core_005__recovered_calibration__episode_03,STANDARD_DQN,42,20000,0,0,3.418684482574463,1.0,0
core_005__recovered_calibration__episode_03,STANDARD_DQN,42,20000,1,0,2.230146646499634,0.6666666865348816,1
core_005__recovered_calibration__episode_03,STANDARD_DQN,42,20000,2,1,1.096077561378479,0.3333333432674408,2
core_006__recovered_calibration__episode_00,STANDARD_DQN,42,20000,0,1,2.440021514892578,1.0,0
core_006__recovered_calibration__episode_00,STANDARD_DQN,42,20000,1,1,1.0194015502929688,0.439696729183197,1
core_006__recovered_calibration__episode_00,STANDARD_DQN,42,20000,2,3,0.02779952995479107,0.012061425484716892,2
core_006__recovered_calibration__episode_01,STANDARD_DQN,42,20000,0,5,7.799272537231445,1.0,0
core_006__recovered_calibration__episode_01,STANDARD_DQN,42,20000,1,5,4.474823951721191,0.6666666865348816,1
core_006__recovered_calibration__episode_01,STANDARD_DQN,42,20000,2,5,1.9614636898040771,0.3333333432674408,2
core_006__recovered_calibration__episode_02,STANDARD_DQN,42,20000,0,5,7.279321193695068,1.0,0
core_006__recovered_calibration__episode_02,STANDARD_DQN,42,20000,1,5,4.17964506149292,0.6666666865348816,1
core_006__recovered_calibration__episode_02,STANDARD_DQN,42,20000,2,5,1.857505202293396,0.3333333432674408,2
core_006__recovered_calibration__episode_03,STANDARD_DQN,42,20000,0,5,6.837368965148926,1.0,0
core_006__recovered_calibration__episode_03,STANDARD_DQN,42,20000,1,5,3.9955050945281982,0.6666666865348816,1
core_006__recovered_calibration__episode_03,STANDARD_DQN,42,20000,2,5,1.782029390335083,0.3333333432674408,2
core_006__recovered_calibration__episode_05,STANDARD_DQN,42,20000,0,5,6.083359241485596,1.0,0
core_006__recovered_calibration__episode_05,STANDARD_DQN,42,20000,1,1,3.5872952938079834,0.6666666865348816,1
core_006__recovered_calibration__episode_05,STANDARD_DQN,42,20000,2,1,1.6314281225204468,0.3333333432674408,2
core_006__recovered_calibration__episode_06,STANDARD_DQN,42,20000,0,1,5.9184889793396,1.0,0
core_006__recovered_calibration__episode_06,STANDARD_DQN,42,20000,1,1,3.5711333751678467,0.6666666865348816,1
core_006__recovered_calibration__episode_06,STANDARD_DQN,42,20000,2,5,1.6195837259292603,0.3333333432674408,2
core_006__recovered_calibration__episode_07,STANDARD_DQN,42,20000,0,0,5.451850414276123,1.0,0
core_006__recovered_calibration__episode_07,STANDARD_DQN,42,20000,1,0,3.3150336742401123,0.6666666865348816,1
core_006__recovered_calibration__episode_07,STANDARD_DQN,42,20000,2,5,1.6673550605773926,0.3333333432674408,2
core_009__recovered_calibration__episode_01,STANDARD_DQN,42,20000,0,4,7.799272537231445,1.0,0
core_009__recovered_calibration__episode_01,STANDARD_DQN,42,20000,1,1,5.7614827156066895,0.7987948060035706,1
core_009__recovered_calibration__episode_01,STANDARD_DQN,42,20000,2,1,4.465025424957275,0.6391165852546692,2
core_009__recovered_calibration__episode_01,STANDARD_DQN,42,20000,3,1,3.276775598526001,0.4823818504810333,3
core_009__recovered_calibration__episode_01,STANDARD_DQN,42,20000,4,0,2.1465842723846436,0.3249596357345581,4
core_009__recovered_calibration__episode_01,STANDARD_DQN,42,20000,5,0,1.0686620473861694,0.1664096862077713,5
core_012__recovered_calibration__episode_01,STANDARD_DQN,42,20000,0,4,7.799272537231445,1.0,0
core_012__recovered_calibration__episode_01,STANDARD_DQN,42,20000,1,1,5.7614827156066895,0.7987948060035706,1
core_012__recovered_calibration__episode_01,STANDARD_DQN,42,20000,2,1,4.465025424957275,0.6391165852546692,2
core_012__recovered_calibration__episode_01,STANDARD_DQN,42,20000,3,1,3.276775598526001,0.4823818504810333,3
core_012__recovered_calibration__episode_01,STANDARD_DQN,42,20000,4,0,2.1465842723846436,0.3249596357345581,4
core_012__recovered_calibration__episode_01,STANDARD_DQN,42,20000,5,0,1.0686620473861694,0.1664096862077713,5
core_002__recovered_calibration__episode_01,STANDARD_DQN,42,25000,0,1,3.8996362686157227,1.0,0
core_002__recovered_calibration__episode_01,STANDARD_DQN,42,25000,1,0,2.54813289642334,0.6666666865348816,1
core_002__recovered_calibration__episode_01,STANDARD_DQN,42,25000,2,0,1.25551176071167,0.3333333432674408,2
core_002__recovered_calibration__episode_02,STANDARD_DQN,42,25000,0,0,3.639660596847534,1.0,0
core_002__recovered_calibration__episode_02,STANDARD_DQN,42,25000,1,0,2.3762869834899902,0.6666666865348816,1
core_002__recovered_calibration__episode_02,STANDARD_DQN,42,25000,2,0,1.1692330837249756,0.3333333432674408,2
core_002__recovered_calibration__episode_03,STANDARD_DQN,42,25000,0,0,3.418684482574463,1.0,0
core_002__recovered_calibration__episode_03,STANDARD_DQN,42,25000,1,0,2.230146646499634,0.6666666865348816,1
core_002__recovered_calibration__episode_03,STANDARD_DQN,42,25000,2,0,1.096077561378479,0.3333333432674408,2
core_003__recovered_calibration__episode_00,STANDARD_DQN,42,25000,0,0,2.440021514892578,1.0,0
core_003__recovered_calibration__episode_00,STANDARD_DQN,42,25000,1,0,1.1207789182662964,0.47738873958587646,1
core_003__recovered_calibration__episode_00,STANDARD_DQN,42,25000,2,0,0.145673930644989,0.062161169946193695,2
core_003__recovered_calibration__episode_01,STANDARD_DQN,42,25000,0,5,7.799272537231445,1.0,0
core_003__recovered_calibration__episode_01,STANDARD_DQN,42,25000,1,5,4.474823951721191,0.6666666865348816,1
core_003__recovered_calibration__episode_01,STANDARD_DQN,42,25000,2,5,1.9614636898040771,0.3333333432674408,2
core_003__recovered_calibration__episode_02,STANDARD_DQN,42,25000,0,4,7.279321193695068,1.0,0
core_003__recovered_calibration__episode_02,STANDARD_DQN,42,25000,1,5,4.459540843963623,0.6666666865348816,1
core_003__recovered_calibration__episode_02,STANDARD_DQN,42,25000,2,5,1.9655414819717407,0.3333333432674408,2
core_003__recovered_calibration__episode_03,STANDARD_DQN,42,25000,0,5,6.837368965148926,1.0,0
core_003__recovered_calibration__episode_03,STANDARD_DQN,42,25000,1,5,3.9955050945281982,0.6666666865348816,1
core_003__recovered_calibration__episode_03,STANDARD_DQN,42,25000,2,5,1.782029390335083,0.3333333432674408,2
core_003__recovered_calibration__episode_05,STANDARD_DQN,42,25000,0,1,6.083359241485596,1.0,0
core_003__recovered_calibration__episode_05,STANDARD_DQN,42,25000,1,0,3.894260883331299,0.6666666865348816,1
core_003__recovered_calibration__episode_05,STANDARD_DQN,42,25000,2,0,1.7848458290100098,0.3333333432674408,2
core_003__recovered_calibration__episode_06,STANDARD_DQN,42,25000,0,0,5.9184889793396,1.0,0
core_003__recovered_calibration__episode_06,STANDARD_DQN,42,25000,1,0,3.617839813232422,0.6666666865348816,1
core_003__recovered_calibration__episode_06,STANDARD_DQN,42,25000,2,5,1.6558184623718262,0.3333333432674408,2
core_003__recovered_calibration__episode_07,STANDARD_DQN,42,25000,0,0,5.451850414276123,1.0,0
core_003__recovered_calibration__episode_07,STANDARD_DQN,42,25000,1,0,3.3150336742401123,0.6666666865348816,1
core_003__recovered_calibration__episode_07,STANDARD_DQN,42,25000,2,5,1.6673550605773926,0.3333333432674408,2
core_005__recovered_calibration__episode_01,STANDARD_DQN,42,25000,0,1,3.8996362686157227,1.0,0
core_005__recovered_calibration__episode_01,STANDARD_DQN,42,25000,1,0,2.54813289642334,0.6666666865348816,1
core_005__recovered_calibration__episode_01,STANDARD_DQN,42,25000,2,0,1.25551176071167,0.3333333432674408,2
core_005__recovered_calibration__episode_02,STANDARD_DQN,42,25000,0,0,3.639660596847534,1.0,0
core_005__recovered_calibration__episode_02,STANDARD_DQN,42,25000,1,0,2.3762869834899902,0.6666666865348816,1
core_005__recovered_calibration__episode_02,STANDARD_DQN,42,25000,2,0,1.1692330837249756,0.3333333432674408,2
core_005__recovered_calibration__episode_03,STANDARD_DQN,42,25000,0,0,3.418684482574463,1.0,0
core_005__recovered_calibration__episode_03,STANDARD_DQN,42,25000,1,0,2.230146646499634,0.6666666865348816,1
core_005__recovered_calibration__episode_03,STANDARD_DQN,42,25000,2,0,1.096077561378479,0.3333333432674408,2
core_006__recovered_calibration__episode_00,STANDARD_DQN,42,25000,0,0,2.440021514892578,1.0,0
core_006__recovered_calibration__episode_00,STANDARD_DQN,42,25000,1,0,1.1207789182662964,0.47738873958587646,1
core_006__recovered_calibration__episode_00,STANDARD_DQN,42,25000,2,0,0.145673930644989,0.062161169946193695,2
core_006__recovered_calibration__episode_01,STANDARD_DQN,42,25000,0,5,7.799272537231445,1.0,0
core_006__recovered_calibration__episode_01,STANDARD_DQN,42,25000,1,5,4.474823951721191,0.6666666865348816,1
core_006__recovered_calibration__episode_01,STANDARD_DQN,42,25000,2,5,1.9614636898040771,0.3333333432674408,2
core_006__recovered_calibration__episode_02,STANDARD_DQN,42,25000,0,4,7.279321193695068,1.0,0
core_006__recovered_calibration__episode_02,STANDARD_DQN,42,25000,1,5,4.459540843963623,0.6666666865348816,1
core_006__recovered_calibration__episode_02,STANDARD_DQN,42,25000,2,5,1.9655414819717407,0.3333333432674408,2
core_006__recovered_calibration__episode_03,STANDARD_DQN,42,25000,0,5,6.837368965148926,1.0,0
core_006__recovered_calibration__episode_03,STANDARD_DQN,42,25000,1,5,3.9955050945281982,0.6666666865348816,1
core_006__recovered_calibration__episode_03,STANDARD_DQN,42,25000,2,5,1.782029390335083,0.3333333432674408,2
core_006__recovered_calibration__episode_05,STANDARD_DQN,42,25000,0,1,6.083359241485596,1.0,0
core_006__recovered_calibration__episode_05,STANDARD_DQN,42,25000,1,0,3.894260883331299,0.6666666865348816,1
core_006__recovered_calibration__episode_05,STANDARD_DQN,42,25000,2,0,1.7848458290100098,0.3333333432674408,2
core_006__recovered_calibration__episode_06,STANDARD_DQN,42,25000,0,0,5.9184889793396,1.0,0
core_006__recovered_calibration__episode_06,STANDARD_DQN,42,25000,1,0,3.617839813232422,0.6666666865348816,1
core_006__recovered_calibration__episode_06,STANDARD_DQN,42,25000,2,5,1.6558184623718262,0.3333333432674408,2
core_006__recovered_calibration__episode_07,STANDARD_DQN,42,25000,0,0,5.451850414276123,1.0,0
core_006__recovered_calibration__episode_07,STANDARD_DQN,42,25000,1,0,3.3150336742401123,0.6666666865348816,1
core_006__recovered_calibration__episode_07,STANDARD_DQN,42,25000,2,5,1.6673550605773926,0.3333333432674408,2
core_009__recovered_calibration__episode_01,STANDARD_DQN,42,25000,0,5,7.799272537231445,1.0,0
core_009__recovered_calibration__episode_01,STANDARD_DQN,42,25000,1,0,4.875975608825684,0.7264308929443359,1
core_009__recovered_calibration__episode_01,STANDARD_DQN,42,25000,2,5,3.7027926445007324,0.5677582621574402,2
core_009__recovered_calibration__episode_01,STANDARD_DQN,42,25000,3,0,1.7374799251556396,0.3008394241333008,3
core_009__recovered_calibration__episode_01,STANDARD_DQN,42,25000,4,0,0.8507893085479736,0.15005452930927277,4
core_012__recovered_calibration__episode_01,STANDARD_DQN,42,25000,0,5,7.799272537231445,1.0,0
core_012__recovered_calibration__episode_01,STANDARD_DQN,42,25000,1,0,4.875975608825684,0.7264308929443359,1
core_012__recovered_calibration__episode_01,STANDARD_DQN,42,25000,2,5,3.7027926445007324,0.5677582621574402,2
core_012__recovered_calibration__episode_01,STANDARD_DQN,42,25000,3,0,1.7374799251556396,0.3008394241333008,3
core_012__recovered_calibration__episode_01,STANDARD_DQN,42,25000,4,0,0.8507893085479736,0.15005452930927277,4
core_002__recovered_calibration__episode_01,STANDARD_DQN,42,30000,0,0,3.8996362686157227,1.0,0
core_002__recovered_calibration__episode_01,STANDARD_DQN,42,30000,1,0,2.5673441886901855,0.6666666865348816,1
core_002__recovered_calibration__episode_01,STANDARD_DQN,42,30000,2,0,1.264838695526123,0.3333333432674408,2
core_002__recovered_calibration__episode_02,STANDARD_DQN,42,30000,0,0,3.639660596847534,1.0,0
core_002__recovered_calibration__episode_02,STANDARD_DQN,42,30000,1,0,2.3762869834899902,0.6666666865348816,1
core_002__recovered_calibration__episode_02,STANDARD_DQN,42,30000,2,0,1.1692330837249756,0.3333333432674408,2
core_002__recovered_calibration__episode_03,STANDARD_DQN,42,30000,0,0,3.418684482574463,1.0,0
core_002__recovered_calibration__episode_03,STANDARD_DQN,42,30000,1,0,2.230146646499634,0.6666666865348816,1
core_002__recovered_calibration__episode_03,STANDARD_DQN,42,30000,2,0,1.096077561378479,0.3333333432674408,2
core_003__recovered_calibration__episode_00,STANDARD_DQN,42,30000,0,0,2.440021514892578,1.0,0
core_003__recovered_calibration__episode_00,STANDARD_DQN,42,30000,1,0,1.1207789182662964,0.47738873958587646,1
core_003__recovered_calibration__episode_00,STANDARD_DQN,42,30000,2,2,0.145673930644989,0.062161169946193695,2
core_003__recovered_calibration__episode_01,STANDARD_DQN,42,30000,0,5,7.799272537231445,1.0,0
core_003__recovered_calibration__episode_01,STANDARD_DQN,42,30000,1,5,4.474823951721191,0.6666666865348816,1
core_003__recovered_calibration__episode_01,STANDARD_DQN,42,30000,2,5,1.9614636898040771,0.3333333432674408,2
core_003__recovered_calibration__episode_02,STANDARD_DQN,42,30000,0,4,7.279321193695068,1.0,0
core_003__recovered_calibration__episode_02,STANDARD_DQN,42,30000,1,5,4.459540843963623,0.6666666865348816,1
core_003__recovered_calibration__episode_02,STANDARD_DQN,42,30000,2,5,1.9655414819717407,0.3333333432674408,2
core_003__recovered_calibration__episode_03,STANDARD_DQN,42,30000,0,2,6.837368965148926,1.0,0
core_003__recovered_calibration__episode_03,STANDARD_DQN,42,30000,1,5,4.437439441680908,0.6666666865348816,1
core_003__recovered_calibration__episode_03,STANDARD_DQN,42,30000,2,5,1.9636425971984863,0.3333333432674408,2
core_003__recovered_calibration__episode_05,STANDARD_DQN,42,30000,0,1,6.083359241485596,1.0,0
core_003__recovered_calibration__episode_05,STANDARD_DQN,42,30000,1,2,3.894260883331299,0.6666666865348816,1
core_003__recovered_calibration__episode_05,STANDARD_DQN,42,30000,2,0,1.7721874713897705,0.3333333432674408,2
core_003__recovered_calibration__episode_06,STANDARD_DQN,42,30000,0,1,5.9184889793396,1.0,0
core_003__recovered_calibration__episode_06,STANDARD_DQN,42,30000,1,2,3.5711333751678467,0.6666666865348816,1
core_003__recovered_calibration__episode_06,STANDARD_DQN,42,30000,2,5,1.6284189224243164,0.3333333432674408,2
core_003__recovered_calibration__episode_07,STANDARD_DQN,42,30000,0,0,5.451850414276123,1.0,0
core_003__recovered_calibration__episode_07,STANDARD_DQN,42,30000,1,2,3.3150336742401123,0.6666666865348816,1
core_003__recovered_calibration__episode_07,STANDARD_DQN,42,30000,2,5,1.6648467779159546,0.3333333432674408,2
core_005__recovered_calibration__episode_01,STANDARD_DQN,42,30000,0,0,3.8996362686157227,1.0,0
core_005__recovered_calibration__episode_01,STANDARD_DQN,42,30000,1,0,2.5673441886901855,0.6666666865348816,1
core_005__recovered_calibration__episode_01,STANDARD_DQN,42,30000,2,0,1.264838695526123,0.3333333432674408,2
core_005__recovered_calibration__episode_02,STANDARD_DQN,42,30000,0,0,3.639660596847534,1.0,0
core_005__recovered_calibration__episode_02,STANDARD_DQN,42,30000,1,0,2.3762869834899902,0.6666666865348816,1
core_005__recovered_calibration__episode_02,STANDARD_DQN,42,30000,2,0,1.1692330837249756,0.3333333432674408,2
core_005__recovered_calibration__episode_03,STANDARD_DQN,42,30000,0,0,3.418684482574463,1.0,0
core_005__recovered_calibration__episode_03,STANDARD_DQN,42,30000,1,0,2.230146646499634,0.6666666865348816,1
core_005__recovered_calibration__episode_03,STANDARD_DQN,42,30000,2,0,1.096077561378479,0.3333333432674408,2
core_006__recovered_calibration__episode_00,STANDARD_DQN,42,30000,0,0,2.440021514892578,1.0,0
core_006__recovered_calibration__episode_00,STANDARD_DQN,42,30000,1,0,1.1207789182662964,0.47738873958587646,1
core_006__recovered_calibration__episode_00,STANDARD_DQN,42,30000,2,2,0.145673930644989,0.062161169946193695,2
core_006__recovered_calibration__episode_01,STANDARD_DQN,42,30000,0,5,7.799272537231445,1.0,0
core_006__recovered_calibration__episode_01,STANDARD_DQN,42,30000,1,5,4.474823951721191,0.6666666865348816,1
core_006__recovered_calibration__episode_01,STANDARD_DQN,42,30000,2,5,1.9614636898040771,0.3333333432674408,2
core_006__recovered_calibration__episode_02,STANDARD_DQN,42,30000,0,4,7.279321193695068,1.0,0
core_006__recovered_calibration__episode_02,STANDARD_DQN,42,30000,1,5,4.459540843963623,0.6666666865348816,1
core_006__recovered_calibration__episode_02,STANDARD_DQN,42,30000,2,5,1.9655414819717407,0.3333333432674408,2
core_006__recovered_calibration__episode_03,STANDARD_DQN,42,30000,0,2,6.837368965148926,1.0,0
core_006__recovered_calibration__episode_03,STANDARD_DQN,42,30000,1,5,4.437439441680908,0.6666666865348816,1
core_006__recovered_calibration__episode_03,STANDARD_DQN,42,30000,2,5,1.9636425971984863,0.3333333432674408,2
core_006__recovered_calibration__episode_05,STANDARD_DQN,42,30000,0,1,6.083359241485596,1.0,0
core_006__recovered_calibration__episode_05,STANDARD_DQN,42,30000,1,2,3.894260883331299,0.6666666865348816,1
core_006__recovered_calibration__episode_05,STANDARD_DQN,42,30000,2,0,1.7721874713897705,0.3333333432674408,2
core_006__recovered_calibration__episode_06,STANDARD_DQN,42,30000,0,1,5.9184889793396,1.0,0
core_006__recovered_calibration__episode_06,STANDARD_DQN,42,30000,1,2,3.5711333751678467,0.6666666865348816,1
core_006__recovered_calibration__episode_06,STANDARD_DQN,42,30000,2,5,1.6284189224243164,0.3333333432674408,2
core_006__recovered_calibration__episode_07,STANDARD_DQN,42,30000,0,0,5.451850414276123,1.0,0
core_006__recovered_calibration__episode_07,STANDARD_DQN,42,30000,1,2,3.3150336742401123,0.6666666865348816,1
core_006__recovered_calibration__episode_07,STANDARD_DQN,42,30000,2,5,1.6648467779159546,0.3333333432674408,2
core_009__recovered_calibration__episode_01,STANDARD_DQN,42,30000,0,5,7.799272537231445,1.0,0
core_009__recovered_calibration__episode_01,STANDARD_DQN,42,30000,1,0,4.875975608825684,0.7264308929443359,1
core_009__recovered_calibration__episode_01,STANDARD_DQN,42,30000,2,2,3.7027926445007324,0.5677582621574402,2
core_009__recovered_calibration__episode_01,STANDARD_DQN,42,30000,3,0,2.6414458751678467,0.41447722911834717,3
core_009__recovered_calibration__episode_01,STANDARD_DQN,42,30000,4,0,1.7009012699127197,0.27067944407463074,4
core_009__recovered_calibration__episode_01,STANDARD_DQN,42,30000,5,5,0.689781129360199,0.11270341277122498,5
core_012__recovered_calibration__episode_01,STANDARD_DQN,42,30000,0,5,7.799272537231445,1.0,0
core_012__recovered_calibration__episode_01,STANDARD_DQN,42,30000,1,0,4.875975608825684,0.7264308929443359,1
core_012__recovered_calibration__episode_01,STANDARD_DQN,42,30000,2,2,3.7027926445007324,0.5677582621574402,2
core_012__recovered_calibration__episode_01,STANDARD_DQN,42,30000,3,0,2.6414458751678467,0.41447722911834717,3
core_012__recovered_calibration__episode_01,STANDARD_DQN,42,30000,4,0,1.7009012699127197,0.27067944407463074,4
core_012__recovered_calibration__episode_01,STANDARD_DQN,42,30000,5,5,0.689781129360199,0.11270341277122498,5
core_002__recovered_calibration__episode_01,STANDARD_DQN,42,final,0,5,3.8996362686157227,1.0,0
core_002__recovered_calibration__episode_01,STANDARD_DQN,42,final,1,5,1.542265772819519,0.45833316445350647,1
core_002__recovered_calibration__episode_02,STANDARD_DQN,42,final,0,5,3.639660596847534,1.0,0
core_002__recovered_calibration__episode_02,STANDARD_DQN,42,final,1,5,1.3806415796279907,0.43933695554733276,1
core_002__recovered_calibration__episode_03,STANDARD_DQN,42,final,0,5,3.418684482574463,1.0,0
core_002__recovered_calibration__episode_03,STANDARD_DQN,42,final,1,5,1.3835999965667725,0.46063947677612305,1
core_003__recovered_calibration__episode_00,STANDARD_DQN,42,final,0,5,2.440021514892578,1.0,0
core_003__recovered_calibration__episode_00,STANDARD_DQN,42,final,1,3,0.7042479515075684,0.31618788838386536,1
core_003__recovered_calibration__episode_01,STANDARD_DQN,42,final,0,5,7.799272537231445,1.0,0
core_003__recovered_calibration__episode_01,STANDARD_DQN,42,final,1,5,4.474823951721191,0.6666666865348816,1
core_003__recovered_calibration__episode_01,STANDARD_DQN,42,final,2,5,1.9614636898040771,0.3333333432674408,2
core_003__recovered_calibration__episode_02,STANDARD_DQN,42,final,0,5,7.279321193695068,1.0,0
core_003__recovered_calibration__episode_02,STANDARD_DQN,42,final,1,5,4.17964506149292,0.6666666865348816,1
core_003__recovered_calibration__episode_02,STANDARD_DQN,42,final,2,5,1.857505202293396,0.3333333432674408,2
core_003__recovered_calibration__episode_03,STANDARD_DQN,42,final,0,5,6.837368965148926,1.0,0
core_003__recovered_calibration__episode_03,STANDARD_DQN,42,final,1,5,3.9955050945281982,0.6666666865348816,1
core_003__recovered_calibration__episode_03,STANDARD_DQN,42,final,2,5,1.782029390335083,0.3333333432674408,2
core_003__recovered_calibration__episode_05,STANDARD_DQN,42,final,0,5,6.083359241485596,1.0,0
core_003__recovered_calibration__episode_05,STANDARD_DQN,42,final,1,5,3.5872952938079834,0.6666666865348816,1
core_003__recovered_calibration__episode_05,STANDARD_DQN,42,final,2,5,1.5877481698989868,0.3333333432674408,2
core_003__recovered_calibration__episode_06,STANDARD_DQN,42,final,0,5,5.9184889793396,1.0,0
core_003__recovered_calibration__episode_06,STANDARD_DQN,42,final,1,5,3.453397512435913,0.6666666865348816,1
core_003__recovered_calibration__episode_06,STANDARD_DQN,42,final,2,5,1.528417944908142,0.3333333432674408,2
core_003__recovered_calibration__episode_07,STANDARD_DQN,42,final,0,5,5.451850414276123,1.0,0
core_003__recovered_calibration__episode_07,STANDARD_DQN,42,final,1,5,3.1848926544189453,0.6666666865348816,1
core_003__recovered_calibration__episode_07,STANDARD_DQN,42,final,2,5,1.5236003398895264,0.3333333432674408,2
core_005__recovered_calibration__episode_01,STANDARD_DQN,42,final,0,5,3.8996362686157227,1.0,0
core_005__recovered_calibration__episode_01,STANDARD_DQN,42,final,1,5,1.542265772819519,0.45833316445350647,1
core_005__recovered_calibration__episode_02,STANDARD_DQN,42,final,0,5,3.639660596847534,1.0,0
core_005__recovered_calibration__episode_02,STANDARD_DQN,42,final,1,5,1.3806415796279907,0.43933695554733276,1
core_005__recovered_calibration__episode_03,STANDARD_DQN,42,final,0,5,3.418684482574463,1.0,0
core_005__recovered_calibration__episode_03,STANDARD_DQN,42,final,1,5,1.3835999965667725,0.46063947677612305,1
core_006__recovered_calibration__episode_00,STANDARD_DQN,42,final,0,5,2.440021514892578,1.0,0
core_006__recovered_calibration__episode_00,STANDARD_DQN,42,final,1,3,0.7042479515075684,0.31618788838386536,1
core_006__recovered_calibration__episode_01,STANDARD_DQN,42,final,0,5,7.799272537231445,1.0,0
core_006__recovered_calibration__episode_01,STANDARD_DQN,42,final,1,5,4.474823951721191,0.6666666865348816,1
core_006__recovered_calibration__episode_01,STANDARD_DQN,42,final,2,5,1.9614636898040771,0.3333333432674408,2
core_006__recovered_calibration__episode_02,STANDARD_DQN,42,final,0,5,7.279321193695068,1.0,0
core_006__recovered_calibration__episode_02,STANDARD_DQN,42,final,1,5,4.17964506149292,0.6666666865348816,1
core_006__recovered_calibration__episode_02,STANDARD_DQN,42,final,2,5,1.857505202293396,0.3333333432674408,2
core_006__recovered_calibration__episode_03,STANDARD_DQN,42,final,0,5,6.837368965148926,1.0,0
core_006__recovered_calibration__episode_03,STANDARD_DQN,42,final,1,5,3.9955050945281982,0.6666666865348816,1
core_006__recovered_calibration__episode_03,STANDARD_DQN,42,final,2,5,1.782029390335083,0.3333333432674408,2
core_006__recovered_calibration__episode_05,STANDARD_DQN,42,final,0,5,6.083359241485596,1.0,0
core_006__recovered_calibration__episode_05,STANDARD_DQN,42,final,1,5,3.5872952938079834,0.6666666865348816,1
core_006__recovered_calibration__episode_05,STANDARD_DQN,42,final,2,5,1.5877481698989868,0.3333333432674408,2
core_006__recovered_calibration__episode_06,STANDARD_DQN,42,final,0,5,5.9184889793396,1.0,0
core_006__recovered_calibration__episode_06,STANDARD_DQN,42,final,1,5,3.453397512435913,0.6666666865348816,1
core_006__recovered_calibration__episode_06,STANDARD_DQN,42,final,2,5,1.528417944908142,0.3333333432674408,2
core_006__recovered_calibration__episode_07,STANDARD_DQN,42,final,0,5,5.451850414276123,1.0,0
core_006__recovered_calibration__episode_07,STANDARD_DQN,42,final,1,5,3.1848926544189453,0.6666666865348816,1
core_006__recovered_calibration__episode_07,STANDARD_DQN,42,final,2,5,1.5236003398895264,0.3333333432674408,2
core_009__recovered_calibration__episode_01,STANDARD_DQN,42,final,0,5,7.799272537231445,1.0,0
core_009__recovered_calibration__episode_01,STANDARD_DQN,42,final,1,5,4.875975608825684,0.7264308929443359,1
core_009__recovered_calibration__episode_01,STANDARD_DQN,42,final,2,5,2.6567885875701904,0.4514976143836975,2
core_009__recovered_calibration__episode_01,STANDARD_DQN,42,final,3,5,0.9248785376548767,0.17656037211418152,3
core_012__recovered_calibration__episode_01,STANDARD_DQN,42,final,0,5,7.799272537231445,1.0,0
core_012__recovered_calibration__episode_01,STANDARD_DQN,42,final,1,5,4.875975608825684,0.7264308929443359,1
core_012__recovered_calibration__episode_01,STANDARD_DQN,42,final,2,5,2.6567885875701904,0.4514976143836975,2
core_012__recovered_calibration__episode_01,STANDARD_DQN,42,final,3,5,0.9248785376548767,0.17656037211418152,3
core_002__recovered_calibration__episode_01,STANDARD_DQN,123,5000,0,0,3.8996362686157227,1.0,0
core_002__recovered_calibration__episode_01,STANDARD_DQN,123,5000,1,0,2.5673441886901855,0.6666666865348816,1
core_002__recovered_calibration__episode_01,STANDARD_DQN,123,5000,2,0,1.264838695526123,0.3333333432674408,2
core_002__recovered_calibration__episode_02,STANDARD_DQN,123,5000,0,0,3.639660596847534,1.0,0
core_002__recovered_calibration__episode_02,STANDARD_DQN,123,5000,1,0,2.3762869834899902,0.6666666865348816,1
core_002__recovered_calibration__episode_02,STANDARD_DQN,123,5000,2,0,1.1692330837249756,0.3333333432674408,2
core_002__recovered_calibration__episode_03,STANDARD_DQN,123,5000,0,0,3.418684482574463,1.0,0
core_002__recovered_calibration__episode_03,STANDARD_DQN,123,5000,1,0,2.230146646499634,0.6666666865348816,1
core_002__recovered_calibration__episode_03,STANDARD_DQN,123,5000,2,0,1.096077561378479,0.3333333432674408,2
core_003__recovered_calibration__episode_00,STANDARD_DQN,123,5000,0,0,2.440021514892578,1.0,0
core_003__recovered_calibration__episode_00,STANDARD_DQN,123,5000,1,0,1.1207789182662964,0.47738873958587646,1
core_003__recovered_calibration__episode_00,STANDARD_DQN,123,5000,2,1,0.145673930644989,0.062161169946193695,2
core_003__recovered_calibration__episode_01,STANDARD_DQN,123,5000,0,5,7.799272537231445,1.0,0
core_003__recovered_calibration__episode_01,STANDARD_DQN,123,5000,1,5,4.474823951721191,0.6666666865348816,1
core_003__recovered_calibration__episode_01,STANDARD_DQN,123,5000,2,5,1.9614636898040771,0.3333333432674408,2
core_003__recovered_calibration__episode_02,STANDARD_DQN,123,5000,0,5,7.279321193695068,1.0,0
core_003__recovered_calibration__episode_02,STANDARD_DQN,123,5000,1,5,4.17964506149292,0.6666666865348816,1
core_003__recovered_calibration__episode_02,STANDARD_DQN,123,5000,2,4,1.857505202293396,0.3333333432674408,2
core_003__recovered_calibration__episode_03,STANDARD_DQN,123,5000,0,5,6.837368965148926,1.0,0
core_003__recovered_calibration__episode_03,STANDARD_DQN,123,5000,1,5,3.9955050945281982,0.6666666865348816,1
core_003__recovered_calibration__episode_03,STANDARD_DQN,123,5000,2,4,1.782029390335083,0.3333333432674408,2
core_003__recovered_calibration__episode_05,STANDARD_DQN,123,5000,0,5,6.083359241485596,1.0,0
core_003__recovered_calibration__episode_05,STANDARD_DQN,123,5000,1,1,3.5872952938079834,0.6666666865348816,1
core_003__recovered_calibration__episode_05,STANDARD_DQN,123,5000,2,0,1.6314281225204468,0.3333333432674408,2
core_003__recovered_calibration__episode_06,STANDARD_DQN,123,5000,0,0,5.9184889793396,1.0,0
core_003__recovered_calibration__episode_06,STANDARD_DQN,123,5000,1,1,3.617839813232422,0.6666666865348816,1
core_003__recovered_calibration__episode_06,STANDARD_DQN,123,5000,2,0,1.6358085870742798,0.3333333432674408,2
core_003__recovered_calibration__episode_07,STANDARD_DQN,123,5000,0,1,5.451850414276123,1.0,0
core_003__recovered_calibration__episode_07,STANDARD_DQN,123,5000,1,0,3.2746188640594482,0.6666666865348816,1
core_003__recovered_calibration__episode_07,STANDARD_DQN,123,5000,2,0,1.6433395147323608,0.3333333432674408,2
core_005__recovered_calibration__episode_01,STANDARD_DQN,123,5000,0,0,3.8996362686157227,1.0,0
core_005__recovered_calibration__episode_01,STANDARD_DQN,123,5000,1,0,2.5673441886901855,0.6666666865348816,1
core_005__recovered_calibration__episode_01,STANDARD_DQN,123,5000,2,0,1.264838695526123,0.3333333432674408,2
core_005__recovered_calibration__episode_02,STANDARD_DQN,123,5000,0,0,3.639660596847534,1.0,0
core_005__recovered_calibration__episode_02,STANDARD_DQN,123,5000,1,0,2.3762869834899902,0.6666666865348816,1
core_005__recovered_calibration__episode_02,STANDARD_DQN,123,5000,2,0,1.1692330837249756,0.3333333432674408,2
core_005__recovered_calibration__episode_03,STANDARD_DQN,123,5000,0,0,3.418684482574463,1.0,0
core_005__recovered_calibration__episode_03,STANDARD_DQN,123,5000,1,0,2.230146646499634,0.6666666865348816,1
core_005__recovered_calibration__episode_03,STANDARD_DQN,123,5000,2,0,1.096077561378479,0.3333333432674408,2
core_006__recovered_calibration__episode_00,STANDARD_DQN,123,5000,0,0,2.440021514892578,1.0,0
core_006__recovered_calibration__episode_00,STANDARD_DQN,123,5000,1,0,1.1207789182662964,0.47738873958587646,1
core_006__recovered_calibration__episode_00,STANDARD_DQN,123,5000,2,1,0.145673930644989,0.062161169946193695,2
core_006__recovered_calibration__episode_01,STANDARD_DQN,123,5000,0,5,7.799272537231445,1.0,0
core_006__recovered_calibration__episode_01,STANDARD_DQN,123,5000,1,5,4.474823951721191,0.6666666865348816,1
core_006__recovered_calibration__episode_01,STANDARD_DQN,123,5000,2,5,1.9614636898040771,0.3333333432674408,2
core_006__recovered_calibration__episode_02,STANDARD_DQN,123,5000,0,5,7.279321193695068,1.0,0
core_006__recovered_calibration__episode_02,STANDARD_DQN,123,5000,1,5,4.17964506149292,0.6666666865348816,1
core_006__recovered_calibration__episode_02,STANDARD_DQN,123,5000,2,4,1.857505202293396,0.3333333432674408,2
core_006__recovered_calibration__episode_03,STANDARD_DQN,123,5000,0,5,6.837368965148926,1.0,0
core_006__recovered_calibration__episode_03,STANDARD_DQN,123,5000,1,5,3.9955050945281982,0.6666666865348816,1
core_006__recovered_calibration__episode_03,STANDARD_DQN,123,5000,2,4,1.782029390335083,0.3333333432674408,2
core_006__recovered_calibration__episode_05,STANDARD_DQN,123,5000,0,5,6.083359241485596,1.0,0
core_006__recovered_calibration__episode_05,STANDARD_DQN,123,5000,1,1,3.5872952938079834,0.6666666865348816,1
core_006__recovered_calibration__episode_05,STANDARD_DQN,123,5000,2,0,1.6314281225204468,0.3333333432674408,2
core_006__recovered_calibration__episode_06,STANDARD_DQN,123,5000,0,0,5.9184889793396,1.0,0
core_006__recovered_calibration__episode_06,STANDARD_DQN,123,5000,1,1,3.617839813232422,0.6666666865348816,1
core_006__recovered_calibration__episode_06,STANDARD_DQN,123,5000,2,0,1.6358085870742798,0.3333333432674408,2
core_006__recovered_calibration__episode_07,STANDARD_DQN,123,5000,0,1,5.451850414276123,1.0,0
core_006__recovered_calibration__episode_07,STANDARD_DQN,123,5000,1,0,3.2746188640594482,0.6666666865348816,1
core_006__recovered_calibration__episode_07,STANDARD_DQN,123,5000,2,0,1.6433395147323608,0.3333333432674408,2
core_009__recovered_calibration__episode_01,STANDARD_DQN,123,5000,0,5,7.799272537231445,1.0,0
core_009__recovered_calibration__episode_01,STANDARD_DQN,123,5000,1,1,4.875975608825684,0.7264308929443359,1
core_009__recovered_calibration__episode_01,STANDARD_DQN,123,5000,2,1,3.618250846862793,0.5592125058174133,2
core_009__recovered_calibration__episode_01,STANDARD_DQN,123,5000,3,0,2.534102439880371,0.40211057662963867,3
core_009__recovered_calibration__episode_01,STANDARD_DQN,123,5000,4,0,1.6053694486618042,0.25831276178359985,4
core_009__recovered_calibration__episode_01,STANDARD_DQN,123,5000,5,0,0.6075242757797241,0.10033674538135529,5
core_012__recovered_calibration__episode_01,STANDARD_DQN,123,5000,0,5,7.799272537231445,1.0,0
core_012__recovered_calibration__episode_01,STANDARD_DQN,123,5000,1,1,4.875975608825684,0.7264308929443359,1
core_012__recovered_calibration__episode_01,STANDARD_DQN,123,5000,2,1,3.618250846862793,0.5592125058174133,2
core_012__recovered_calibration__episode_01,STANDARD_DQN,123,5000,3,0,2.534102439880371,0.40211057662963867,3
core_012__recovered_calibration__episode_01,STANDARD_DQN,123,5000,4,0,1.6053694486618042,0.25831276178359985,4
core_012__recovered_calibration__episode_01,STANDARD_DQN,123,5000,5,0,0.6075242757797241,0.10033674538135529,5
core_002__recovered_calibration__episode_01,STANDARD_DQN,123,10000,0,0,3.8996362686157227,1.0,0
core_002__recovered_calibration__episode_01,STANDARD_DQN,123,10000,1,0,2.5673441886901855,0.6666666865348816,1
core_002__recovered_calibration__episode_01,STANDARD_DQN,123,10000,2,0,1.264838695526123,0.3333333432674408,2
core_002__recovered_calibration__episode_02,STANDARD_DQN,123,10000,0,0,3.639660596847534,1.0,0
core_002__recovered_calibration__episode_02,STANDARD_DQN,123,10000,1,0,2.3762869834899902,0.6666666865348816,1
core_002__recovered_calibration__episode_02,STANDARD_DQN,123,10000,2,0,1.1692330837249756,0.3333333432674408,2
core_002__recovered_calibration__episode_03,STANDARD_DQN,123,10000,0,0,3.418684482574463,1.0,0
core_002__recovered_calibration__episode_03,STANDARD_DQN,123,10000,1,0,2.230146646499634,0.6666666865348816,1
core_002__recovered_calibration__episode_03,STANDARD_DQN,123,10000,2,0,1.096077561378479,0.3333333432674408,2
core_003__recovered_calibration__episode_00,STANDARD_DQN,123,10000,0,0,2.440021514892578,1.0,0
core_003__recovered_calibration__episode_00,STANDARD_DQN,123,10000,1,1,1.1207789182662964,0.47738873958587646,1
core_003__recovered_calibration__episode_00,STANDARD_DQN,123,10000,2,1,0.11647476255893707,0.04990538954734802,2
core_003__recovered_calibration__episode_01,STANDARD_DQN,123,10000,0,5,7.799272537231445,1.0,0
core_003__recovered_calibration__episode_01,STANDARD_DQN,123,10000,1,5,4.474823951721191,0.6666666865348816,1
core_003__recovered_calibration__episode_01,STANDARD_DQN,123,10000,2,5,1.9614636898040771,0.3333333432674408,2
core_003__recovered_calibration__episode_02,STANDARD_DQN,123,10000,0,5,7.279321193695068,1.0,0
core_003__recovered_calibration__episode_02,STANDARD_DQN,123,10000,1,5,4.17964506149292,0.6666666865348816,1
core_003__recovered_calibration__episode_02,STANDARD_DQN,123,10000,2,5,1.857505202293396,0.3333333432674408,2
core_003__recovered_calibration__episode_03,STANDARD_DQN,123,10000,0,5,6.837368965148926,1.0,0
core_003__recovered_calibration__episode_03,STANDARD_DQN,123,10000,1,5,3.9955050945281982,0.6666666865348816,1
core_003__recovered_calibration__episode_03,STANDARD_DQN,123,10000,2,5,1.782029390335083,0.3333333432674408,2
core_003__recovered_calibration__episode_05,STANDARD_DQN,123,10000,0,5,6.083359241485596,1.0,0
core_003__recovered_calibration__episode_05,STANDARD_DQN,123,10000,1,1,3.5872952938079834,0.6666666865348816,1
core_003__recovered_calibration__episode_05,STANDARD_DQN,123,10000,2,0,1.6314281225204468,0.3333333432674408,2
core_003__recovered_calibration__episode_06,STANDARD_DQN,123,10000,0,0,5.9184889793396,1.0,0
core_003__recovered_calibration__episode_06,STANDARD_DQN,123,10000,1,1,3.617839813232422,0.6666666865348816,1
core_003__recovered_calibration__episode_06,STANDARD_DQN,123,10000,2,0,1.6358085870742798,0.3333333432674408,2
core_003__recovered_calibration__episode_07,STANDARD_DQN,123,10000,0,5,5.451850414276123,1.0,0
core_003__recovered_calibration__episode_07,STANDARD_DQN,123,10000,1,5,3.1848926544189453,0.6666666865348816,1
core_003__recovered_calibration__episode_07,STANDARD_DQN,123,10000,2,0,1.5236003398895264,0.3333333432674408,2
core_005__recovered_calibration__episode_01,STANDARD_DQN,123,10000,0,0,3.8996362686157227,1.0,0
core_005__recovered_calibration__episode_01,STANDARD_DQN,123,10000,1,0,2.5673441886901855,0.6666666865348816,1
core_005__recovered_calibration__episode_01,STANDARD_DQN,123,10000,2,0,1.264838695526123,0.3333333432674408,2
core_005__recovered_calibration__episode_02,STANDARD_DQN,123,10000,0,0,3.639660596847534,1.0,0
core_005__recovered_calibration__episode_02,STANDARD_DQN,123,10000,1,0,2.3762869834899902,0.6666666865348816,1
core_005__recovered_calibration__episode_02,STANDARD_DQN,123,10000,2,0,1.1692330837249756,0.3333333432674408,2
core_005__recovered_calibration__episode_03,STANDARD_DQN,123,10000,0,0,3.418684482574463,1.0,0
core_005__recovered_calibration__episode_03,STANDARD_DQN,123,10000,1,0,2.230146646499634,0.6666666865348816,1
core_005__recovered_calibration__episode_03,STANDARD_DQN,123,10000,2,0,1.096077561378479,0.3333333432674408,2
core_006__recovered_calibration__episode_00,STANDARD_DQN,123,10000,0,0,2.440021514892578,1.0,0
core_006__recovered_calibration__episode_00,STANDARD_DQN,123,10000,1,1,1.1207789182662964,0.47738873958587646,1
core_006__recovered_calibration__episode_00,STANDARD_DQN,123,10000,2,1,0.11647476255893707,0.04990538954734802,2
core_006__recovered_calibration__episode_01,STANDARD_DQN,123,10000,0,5,7.799272537231445,1.0,0
core_006__recovered_calibration__episode_01,STANDARD_DQN,123,10000,1,5,4.474823951721191,0.6666666865348816,1
core_006__recovered_calibration__episode_01,STANDARD_DQN,123,10000,2,5,1.9614636898040771,0.3333333432674408,2
core_006__recovered_calibration__episode_02,STANDARD_DQN,123,10000,0,5,7.279321193695068,1.0,0
core_006__recovered_calibration__episode_02,STANDARD_DQN,123,10000,1,5,4.17964506149292,0.6666666865348816,1
core_006__recovered_calibration__episode_02,STANDARD_DQN,123,10000,2,5,1.857505202293396,0.3333333432674408,2
core_006__recovered_calibration__episode_03,STANDARD_DQN,123,10000,0,5,6.837368965148926,1.0,0
core_006__recovered_calibration__episode_03,STANDARD_DQN,123,10000,1,5,3.9955050945281982,0.6666666865348816,1
core_006__recovered_calibration__episode_03,STANDARD_DQN,123,10000,2,5,1.782029390335083,0.3333333432674408,2
core_006__recovered_calibration__episode_05,STANDARD_DQN,123,10000,0,5,6.083359241485596,1.0,0
core_006__recovered_calibration__episode_05,STANDARD_DQN,123,10000,1,1,3.5872952938079834,0.6666666865348816,1
core_006__recovered_calibration__episode_05,STANDARD_DQN,123,10000,2,0,1.6314281225204468,0.3333333432674408,2
core_006__recovered_calibration__episode_06,STANDARD_DQN,123,10000,0,0,5.9184889793396,1.0,0
core_006__recovered_calibration__episode_06,STANDARD_DQN,123,10000,1,1,3.617839813232422,0.6666666865348816,1
core_006__recovered_calibration__episode_06,STANDARD_DQN,123,10000,2,0,1.6358085870742798,0.3333333432674408,2
core_006__recovered_calibration__episode_07,STANDARD_DQN,123,10000,0,5,5.451850414276123,1.0,0
core_006__recovered_calibration__episode_07,STANDARD_DQN,123,10000,1,5,3.1848926544189453,0.6666666865348816,1
core_006__recovered_calibration__episode_07,STANDARD_DQN,123,10000,2,0,1.5236003398895264,0.3333333432674408,2
core_009__recovered_calibration__episode_01,STANDARD_DQN,123,10000,0,3,7.799272537231445,1.0,0
core_009__recovered_calibration__episode_01,STANDARD_DQN,123,10000,1,3,6.278988361358643,0.8366171717643738,1
core_009__recovered_calibration__episode_01,STANDARD_DQN,123,10000,2,1,4.81472110748291,0.6687731742858887,2
core_009__recovered_calibration__episode_01,STANDARD_DQN,123,10000,3,1,3.5671474933624268,0.5106983184814453,3
core_009__recovered_calibration__episode_01,STANDARD_DQN,123,10000,4,0,2.406757116317749,0.3542686700820923,4
core_009__recovered_calibration__episode_01,STANDARD_DQN,123,10000,5,0,1.2930667400360107,0.19590499997138977,5
core_012__recovered_calibration__episode_01,STANDARD_DQN,123,10000,0,3,7.799272537231445,1.0,0
core_012__recovered_calibration__episode_01,STANDARD_DQN,123,10000,1,3,6.278988361358643,0.8366171717643738,1
core_012__recovered_calibration__episode_01,STANDARD_DQN,123,10000,2,1,4.81472110748291,0.6687731742858887,2
core_012__recovered_calibration__episode_01,STANDARD_DQN,123,10000,3,1,3.5671474933624268,0.5106983184814453,3
core_012__recovered_calibration__episode_01,STANDARD_DQN,123,10000,4,0,2.406757116317749,0.3542686700820923,4
core_012__recovered_calibration__episode_01,STANDARD_DQN,123,10000,5,0,1.2930667400360107,0.19590499997138977,5
core_002__recovered_calibration__episode_01,STANDARD_DQN,123,15000,0,2,3.8996362686157227,1.0,0
core_002__recovered_calibration__episode_01,STANDARD_DQN,123,15000,1,0,2.5623247623443604,0.6666666865348816,1
core_002__recovered_calibration__episode_01,STANDARD_DQN,123,15000,2,0,1.2624019384384155,0.3333333432674408,2
core_002__recovered_calibration__episode_02,STANDARD_DQN,123,15000,0,0,3.639660596847534,1.0,0
core_002__recovered_calibration__episode_02,STANDARD_DQN,123,15000,1,0,2.3762869834899902,0.6666666865348816,1
core_002__recovered_calibration__episode_02,STANDARD_DQN,123,15000,2,0,1.1692330837249756,0.3333333432674408,2
core_002__recovered_calibration__episode_03,STANDARD_DQN,123,15000,0,1,3.418684482574463,1.0,0
core_002__recovered_calibration__episode_03,STANDARD_DQN,123,15000,1,0,2.2123770713806152,0.6666666865348816,1
core_002__recovered_calibration__episode_03,STANDARD_DQN,123,15000,2,0,1.0874916315078735,0.3333333432674408,2
core_003__recovered_calibration__episode_00,STANDARD_DQN,123,15000,0,0,2.440021514892578,1.0,0
core_003__recovered_calibration__episode_00,STANDARD_DQN,123,15000,1,0,1.1207789182662964,0.47738873958587646,1
core_003__recovered_calibration__episode_00,STANDARD_DQN,123,15000,2,1,0.145673930644989,0.062161169946193695,2
core_003__recovered_calibration__episode_01,STANDARD_DQN,123,15000,0,5,7.799272537231445,1.0,0
core_003__recovered_calibration__episode_01,STANDARD_DQN,123,15000,1,5,4.474823951721191,0.6666666865348816,1
core_003__recovered_calibration__episode_01,STANDARD_DQN,123,15000,2,5,1.9614636898040771,0.3333333432674408,2
core_003__recovered_calibration__episode_02,STANDARD_DQN,123,15000,0,5,7.279321193695068,1.0,0
core_003__recovered_calibration__episode_02,STANDARD_DQN,123,15000,1,5,4.17964506149292,0.6666666865348816,1
core_003__recovered_calibration__episode_02,STANDARD_DQN,123,15000,2,5,1.857505202293396,0.3333333432674408,2
core_003__recovered_calibration__episode_03,STANDARD_DQN,123,15000,0,5,6.837368965148926,1.0,0
core_003__recovered_calibration__episode_03,STANDARD_DQN,123,15000,1,5,3.9955050945281982,0.6666666865348816,1
core_003__recovered_calibration__episode_03,STANDARD_DQN,123,15000,2,0,1.782029390335083,0.3333333432674408,2
core_003__recovered_calibration__episode_05,STANDARD_DQN,123,15000,0,5,6.083359241485596,1.0,0
core_003__recovered_calibration__episode_05,STANDARD_DQN,123,15000,1,1,3.5872952938079834,0.6666666865348816,1
core_003__recovered_calibration__episode_05,STANDARD_DQN,123,15000,2,0,1.6314281225204468,0.3333333432674408,2
core_003__recovered_calibration__episode_06,STANDARD_DQN,123,15000,0,0,5.9184889793396,1.0,0
core_003__recovered_calibration__episode_06,STANDARD_DQN,123,15000,1,1,3.617839813232422,0.6666666865348816,1
core_003__recovered_calibration__episode_06,STANDARD_DQN,123,15000,2,0,1.6358085870742798,0.3333333432674408,2
core_003__recovered_calibration__episode_07,STANDARD_DQN,123,15000,0,5,5.451850414276123,1.0,0
core_003__recovered_calibration__episode_07,STANDARD_DQN,123,15000,1,0,3.1848926544189453,0.6666666865348816,1
core_003__recovered_calibration__episode_07,STANDARD_DQN,123,15000,2,0,1.5976214408874512,0.3333333432674408,2
core_005__recovered_calibration__episode_01,STANDARD_DQN,123,15000,0,2,3.8996362686157227,1.0,0
core_005__recovered_calibration__episode_01,STANDARD_DQN,123,15000,1,0,2.5623247623443604,0.6666666865348816,1
core_005__recovered_calibration__episode_01,STANDARD_DQN,123,15000,2,0,1.2624019384384155,0.3333333432674408,2
core_005__recovered_calibration__episode_02,STANDARD_DQN,123,15000,0,0,3.639660596847534,1.0,0
core_005__recovered_calibration__episode_02,STANDARD_DQN,123,15000,1,0,2.3762869834899902,0.6666666865348816,1
core_005__recovered_calibration__episode_02,STANDARD_DQN,123,15000,2,0,1.1692330837249756,0.3333333432674408,2
core_005__recovered_calibration__episode_03,STANDARD_DQN,123,15000,0,1,3.418684482574463,1.0,0
core_005__recovered_calibration__episode_03,STANDARD_DQN,123,15000,1,0,2.2123770713806152,0.6666666865348816,1
core_005__recovered_calibration__episode_03,STANDARD_DQN,123,15000,2,0,1.0874916315078735,0.3333333432674408,2
core_006__recovered_calibration__episode_00,STANDARD_DQN,123,15000,0,0,2.440021514892578,1.0,0
core_006__recovered_calibration__episode_00,STANDARD_DQN,123,15000,1,0,1.1207789182662964,0.47738873958587646,1
core_006__recovered_calibration__episode_00,STANDARD_DQN,123,15000,2,1,0.145673930644989,0.062161169946193695,2
core_006__recovered_calibration__episode_01,STANDARD_DQN,123,15000,0,5,7.799272537231445,1.0,0
core_006__recovered_calibration__episode_01,STANDARD_DQN,123,15000,1,5,4.474823951721191,0.6666666865348816,1
core_006__recovered_calibration__episode_01,STANDARD_DQN,123,15000,2,5,1.9614636898040771,0.3333333432674408,2
core_006__recovered_calibration__episode_02,STANDARD_DQN,123,15000,0,5,7.279321193695068,1.0,0
core_006__recovered_calibration__episode_02,STANDARD_DQN,123,15000,1,5,4.17964506149292,0.6666666865348816,1
core_006__recovered_calibration__episode_02,STANDARD_DQN,123,15000,2,5,1.857505202293396,0.3333333432674408,2
core_006__recovered_calibration__episode_03,STANDARD_DQN,123,15000,0,5,6.837368965148926,1.0,0
core_006__recovered_calibration__episode_03,STANDARD_DQN,123,15000,1,5,3.9955050945281982,0.6666666865348816,1
core_006__recovered_calibration__episode_03,STANDARD_DQN,123,15000,2,0,1.782029390335083,0.3333333432674408,2
core_006__recovered_calibration__episode_05,STANDARD_DQN,123,15000,0,5,6.083359241485596,1.0,0
core_006__recovered_calibration__episode_05,STANDARD_DQN,123,15000,1,1,3.5872952938079834,0.6666666865348816,1
core_006__recovered_calibration__episode_05,STANDARD_DQN,123,15000,2,0,1.6314281225204468,0.3333333432674408,2
core_006__recovered_calibration__episode_06,STANDARD_DQN,123,15000,0,0,5.9184889793396,1.0,0
core_006__recovered_calibration__episode_06,STANDARD_DQN,123,15000,1,1,3.617839813232422,0.6666666865348816,1
core_006__recovered_calibration__episode_06,STANDARD_DQN,123,15000,2,0,1.6358085870742798,0.3333333432674408,2
core_006__recovered_calibration__episode_07,STANDARD_DQN,123,15000,0,5,5.451850414276123,1.0,0
core_006__recovered_calibration__episode_07,STANDARD_DQN,123,15000,1,0,3.1848926544189453,0.6666666865348816,1
core_006__recovered_calibration__episode_07,STANDARD_DQN,123,15000,2,0,1.5976214408874512,0.3333333432674408,2
core_009__recovered_calibration__episode_01,STANDARD_DQN,123,15000,0,1,7.799272537231445,1.0,0
core_009__recovered_calibration__episode_01,STANDARD_DQN,123,15000,1,3,6.493423938751221,0.8514392971992493,1
core_009__recovered_calibration__episode_01,STANDARD_DQN,123,15000,2,1,4.997615337371826,0.6835952997207642,2
core_009__recovered_calibration__episode_01,STANDARD_DQN,123,15000,3,1,3.7465755939483643,0.5274308919906616,3
core_009__recovered_calibration__episode_01,STANDARD_DQN,123,15000,4,0,2.549419641494751,0.36966195702552795,4
core_009__recovered_calibration__episode_01,STANDARD_DQN,123,15000,5,0,1.4232264757156372,0.21229280531406403,5
core_012__recovered_calibration__episode_01,STANDARD_DQN,123,15000,0,1,7.799272537231445,1.0,0
core_012__recovered_calibration__episode_01,STANDARD_DQN,123,15000,1,3,6.493423938751221,0.8514392971992493,1
core_012__recovered_calibration__episode_01,STANDARD_DQN,123,15000,2,1,4.997615337371826,0.6835952997207642,2
core_012__recovered_calibration__episode_01,STANDARD_DQN,123,15000,3,1,3.7465755939483643,0.5274308919906616,3
core_012__recovered_calibration__episode_01,STANDARD_DQN,123,15000,4,0,2.549419641494751,0.36966195702552795,4
core_012__recovered_calibration__episode_01,STANDARD_DQN,123,15000,5,0,1.4232264757156372,0.21229280531406403,5
core_002__recovered_calibration__episode_01,STANDARD_DQN,123,20000,0,2,3.8996362686157227,1.0,0
core_002__recovered_calibration__episode_01,STANDARD_DQN,123,20000,1,2,2.5623247623443604,0.6666666865348816,1
core_002__recovered_calibration__episode_01,STANDARD_DQN,123,20000,2,0,1.2599629163742065,0.3333333432674408,2
core_002__recovered_calibration__episode_02,STANDARD_DQN,123,20000,0,2,3.639660596847534,1.0,0
core_002__recovered_calibration__episode_02,STANDARD_DQN,123,20000,1,2,2.366518497467041,0.6666666865348816,1
core_002__recovered_calibration__episode_02,STANDARD_DQN,123,20000,2,0,1.1598546504974365,0.3333333432674408,2
core_002__recovered_calibration__episode_03,STANDARD_DQN,123,20000,0,1,3.418684482574463,1.0,0
core_002__recovered_calibration__episode_03,STANDARD_DQN,123,20000,1,1,2.2123770713806152,0.6666666865348816,1
core_002__recovered_calibration__episode_03,STANDARD_DQN,123,20000,2,0,1.079116702079773,0.3333333432674408,2
core_003__recovered_calibration__episode_00,STANDARD_DQN,123,20000,0,0,2.440021514892578,1.0,0
core_003__recovered_calibration__episode_00,STANDARD_DQN,123,20000,1,0,1.1207789182662964,0.47738873958587646,1
core_003__recovered_calibration__episode_00,STANDARD_DQN,123,20000,2,0,0.145673930644989,0.062161169946193695,2
core_003__recovered_calibration__episode_01,STANDARD_DQN,123,20000,0,5,7.799272537231445,1.0,0
core_003__recovered_calibration__episode_01,STANDARD_DQN,123,20000,1,5,4.474823951721191,0.6666666865348816,1
core_003__recovered_calibration__episode_01,STANDARD_DQN,123,20000,2,5,1.9614636898040771,0.3333333432674408,2
core_003__recovered_calibration__episode_02,STANDARD_DQN,123,20000,0,5,7.279321193695068,1.0,0
core_003__recovered_calibration__episode_02,STANDARD_DQN,123,20000,1,5,4.17964506149292,0.6666666865348816,1
core_003__recovered_calibration__episode_02,STANDARD_DQN,123,20000,2,3,1.857505202293396,0.3333333432674408,2
core_003__recovered_calibration__episode_03,STANDARD_DQN,123,20000,0,5,6.837368965148926,1.0,0
core_003__recovered_calibration__episode_03,STANDARD_DQN,123,20000,1,5,3.9955050945281982,0.6666666865348816,1
core_003__recovered_calibration__episode_03,STANDARD_DQN,123,20000,2,0,1.782029390335083,0.3333333432674408,2
core_003__recovered_calibration__episode_05,STANDARD_DQN,123,20000,0,5,6.083359241485596,1.0,0
core_003__recovered_calibration__episode_05,STANDARD_DQN,123,20000,1,1,3.5872952938079834,0.6666666865348816,1
core_003__recovered_calibration__episode_05,STANDARD_DQN,123,20000,2,0,1.6314281225204468,0.3333333432674408,2
core_003__recovered_calibration__episode_06,STANDARD_DQN,123,20000,0,5,5.9184889793396,1.0,0
core_003__recovered_calibration__episode_06,STANDARD_DQN,123,20000,1,1,3.453397512435913,0.6666666865348816,1
core_003__recovered_calibration__episode_06,STANDARD_DQN,123,20000,2,0,1.560146689414978,0.3333333432674408,2
core_003__recovered_calibration__episode_07,STANDARD_DQN,123,20000,0,5,5.451850414276123,1.0,0
core_003__recovered_calibration__episode_07,STANDARD_DQN,123,20000,1,1,3.1848926544189453,0.6666666865348816,1
core_003__recovered_calibration__episode_07,STANDARD_DQN,123,20000,2,0,1.5877705812454224,0.3333333432674408,2
core_005__recovered_calibration__episode_01,STANDARD_DQN,123,20000,0,2,3.8996362686157227,1.0,0
core_005__recovered_calibration__episode_01,STANDARD_DQN,123,20000,1,2,2.5623247623443604,0.6666666865348816,1
core_005__recovered_calibration__episode_01,STANDARD_DQN,123,20000,2,0,1.2599629163742065,0.3333333432674408,2
core_005__recovered_calibration__episode_02,STANDARD_DQN,123,20000,0,2,3.639660596847534,1.0,0
core_005__recovered_calibration__episode_02,STANDARD_DQN,123,20000,1,2,2.366518497467041,0.6666666865348816,1
core_005__recovered_calibration__episode_02,STANDARD_DQN,123,20000,2,0,1.1598546504974365,0.3333333432674408,2
core_005__recovered_calibration__episode_03,STANDARD_DQN,123,20000,0,1,3.418684482574463,1.0,0
core_005__recovered_calibration__episode_03,STANDARD_DQN,123,20000,1,1,2.2123770713806152,0.6666666865348816,1
core_005__recovered_calibration__episode_03,STANDARD_DQN,123,20000,2,0,1.079116702079773,0.3333333432674408,2
core_006__recovered_calibration__episode_00,STANDARD_DQN,123,20000,0,0,2.440021514892578,1.0,0
core_006__recovered_calibration__episode_00,STANDARD_DQN,123,20000,1,0,1.1207789182662964,0.47738873958587646,1
core_006__recovered_calibration__episode_00,STANDARD_DQN,123,20000,2,0,0.145673930644989,0.062161169946193695,2
core_006__recovered_calibration__episode_01,STANDARD_DQN,123,20000,0,5,7.799272537231445,1.0,0
core_006__recovered_calibration__episode_01,STANDARD_DQN,123,20000,1,5,4.474823951721191,0.6666666865348816,1
core_006__recovered_calibration__episode_01,STANDARD_DQN,123,20000,2,5,1.9614636898040771,0.3333333432674408,2
core_006__recovered_calibration__episode_02,STANDARD_DQN,123,20000,0,5,7.279321193695068,1.0,0
core_006__recovered_calibration__episode_02,STANDARD_DQN,123,20000,1,5,4.17964506149292,0.6666666865348816,1
core_006__recovered_calibration__episode_02,STANDARD_DQN,123,20000,2,3,1.857505202293396,0.3333333432674408,2
core_006__recovered_calibration__episode_03,STANDARD_DQN,123,20000,0,5,6.837368965148926,1.0,0
core_006__recovered_calibration__episode_03,STANDARD_DQN,123,20000,1,5,3.9955050945281982,0.6666666865348816,1
core_006__recovered_calibration__episode_03,STANDARD_DQN,123,20000,2,0,1.782029390335083,0.3333333432674408,2
core_006__recovered_calibration__episode_05,STANDARD_DQN,123,20000,0,5,6.083359241485596,1.0,0
core_006__recovered_calibration__episode_05,STANDARD_DQN,123,20000,1,1,3.5872952938079834,0.6666666865348816,1
core_006__recovered_calibration__episode_05,STANDARD_DQN,123,20000,2,0,1.6314281225204468,0.3333333432674408,2
core_006__recovered_calibration__episode_06,STANDARD_DQN,123,20000,0,5,5.9184889793396,1.0,0
core_006__recovered_calibration__episode_06,STANDARD_DQN,123,20000,1,1,3.453397512435913,0.6666666865348816,1
core_006__recovered_calibration__episode_06,STANDARD_DQN,123,20000,2,0,1.560146689414978,0.3333333432674408,2
core_006__recovered_calibration__episode_07,STANDARD_DQN,123,20000,0,5,5.451850414276123,1.0,0
core_006__recovered_calibration__episode_07,STANDARD_DQN,123,20000,1,1,3.1848926544189453,0.6666666865348816,1
core_006__recovered_calibration__episode_07,STANDARD_DQN,123,20000,2,0,1.5877705812454224,0.3333333432674408,2
core_009__recovered_calibration__episode_01,STANDARD_DQN,123,20000,0,3,7.799272537231445,1.0,0
core_009__recovered_calibration__episode_01,STANDARD_DQN,123,20000,1,3,6.278988361358643,0.8366171717643738,1
core_009__recovered_calibration__episode_01,STANDARD_DQN,123,20000,2,2,4.81472110748291,0.6687731742858887,2
core_009__recovered_calibration__episode_01,STANDARD_DQN,123,20000,3,0,3.622248411178589,0.5158969163894653,3
core_009__recovered_calibration__episode_01,STANDARD_DQN,123,20000,4,0,2.5402824878692627,0.3686898648738861,4
core_009__recovered_calibration__episode_01,STANDARD_DQN,123,20000,5,0,1.4153918027877808,0.21132071316242218,5
core_012__recovered_calibration__episode_01,STANDARD_DQN,123,20000,0,3,7.799272537231445,1.0,0
core_012__recovered_calibration__episode_01,STANDARD_DQN,123,20000,1,3,6.278988361358643,0.8366171717643738,1
core_012__recovered_calibration__episode_01,STANDARD_DQN,123,20000,2,2,4.81472110748291,0.6687731742858887,2
core_012__recovered_calibration__episode_01,STANDARD_DQN,123,20000,3,0,3.622248411178589,0.5158969163894653,3
core_012__recovered_calibration__episode_01,STANDARD_DQN,123,20000,4,0,2.5402824878692627,0.3686898648738861,4
core_012__recovered_calibration__episode_01,STANDARD_DQN,123,20000,5,0,1.4153918027877808,0.21132071316242218,5
core_002__recovered_calibration__episode_01,STANDARD_DQN,123,25000,0,0,3.8996362686157227,1.0,0
core_002__recovered_calibration__episode_01,STANDARD_DQN,123,25000,1,0,2.5673441886901855,0.6666666865348816,1
core_002__recovered_calibration__episode_01,STANDARD_DQN,123,25000,2,0,1.264838695526123,0.3333333432674408,2
core_002__recovered_calibration__episode_02,STANDARD_DQN,123,25000,0,0,3.639660596847534,1.0,0
core_002__recovered_calibration__episode_02,STANDARD_DQN,123,25000,1,0,2.3762869834899902,0.6666666865348816,1
core_002__recovered_calibration__episode_02,STANDARD_DQN,123,25000,2,0,1.1692330837249756,0.3333333432674408,2
core_002__recovered_calibration__episode_03,STANDARD_DQN,123,25000,0,0,3.418684482574463,1.0,0
core_002__recovered_calibration__episode_03,STANDARD_DQN,123,25000,1,0,2.230146646499634,0.6666666865348816,1
core_002__recovered_calibration__episode_03,STANDARD_DQN,123,25000,2,0,1.096077561378479,0.3333333432674408,2
core_003__recovered_calibration__episode_00,STANDARD_DQN,123,25000,0,0,2.440021514892578,1.0,0
core_003__recovered_calibration__episode_00,STANDARD_DQN,123,25000,1,0,1.1207789182662964,0.47738873958587646,1
core_003__recovered_calibration__episode_00,STANDARD_DQN,123,25000,2,1,0.145673930644989,0.062161169946193695,2
core_003__recovered_calibration__episode_01,STANDARD_DQN,123,25000,0,5,7.799272537231445,1.0,0
core_003__recovered_calibration__episode_01,STANDARD_DQN,123,25000,1,5,4.474823951721191,0.6666666865348816,1
core_003__recovered_calibration__episode_01,STANDARD_DQN,123,25000,2,5,1.9614636898040771,0.3333333432674408,2
core_003__recovered_calibration__episode_02,STANDARD_DQN,123,25000,0,5,7.279321193695068,1.0,0
core_003__recovered_calibration__episode_02,STANDARD_DQN,123,25000,1,5,4.17964506149292,0.6666666865348816,1
core_003__recovered_calibration__episode_02,STANDARD_DQN,123,25000,2,0,1.857505202293396,0.3333333432674408,2
core_003__recovered_calibration__episode_03,STANDARD_DQN,123,25000,0,5,6.837368965148926,1.0,0
core_003__recovered_calibration__episode_03,STANDARD_DQN,123,25000,1,5,3.9955050945281982,0.6666666865348816,1
core_003__recovered_calibration__episode_03,STANDARD_DQN,123,25000,2,0,1.782029390335083,0.3333333432674408,2
core_003__recovered_calibration__episode_05,STANDARD_DQN,123,25000,0,5,6.083359241485596,1.0,0
core_003__recovered_calibration__episode_05,STANDARD_DQN,123,25000,1,1,3.5872952938079834,0.6666666865348816,1
core_003__recovered_calibration__episode_05,STANDARD_DQN,123,25000,2,0,1.6314281225204468,0.3333333432674408,2
core_003__recovered_calibration__episode_06,STANDARD_DQN,123,25000,0,5,5.9184889793396,1.0,0
core_003__recovered_calibration__episode_06,STANDARD_DQN,123,25000,1,1,3.453397512435913,0.6666666865348816,1
core_003__recovered_calibration__episode_06,STANDARD_DQN,123,25000,2,0,1.560146689414978,0.3333333432674408,2
core_003__recovered_calibration__episode_07,STANDARD_DQN,123,25000,0,5,5.451850414276123,1.0,0
core_003__recovered_calibration__episode_07,STANDARD_DQN,123,25000,1,0,3.1848926544189453,0.6666666865348816,1
core_003__recovered_calibration__episode_07,STANDARD_DQN,123,25000,2,0,1.5976214408874512,0.3333333432674408,2
core_005__recovered_calibration__episode_01,STANDARD_DQN,123,25000,0,0,3.8996362686157227,1.0,0
core_005__recovered_calibration__episode_01,STANDARD_DQN,123,25000,1,0,2.5673441886901855,0.6666666865348816,1
core_005__recovered_calibration__episode_01,STANDARD_DQN,123,25000,2,0,1.264838695526123,0.3333333432674408,2
core_005__recovered_calibration__episode_02,STANDARD_DQN,123,25000,0,0,3.639660596847534,1.0,0
core_005__recovered_calibration__episode_02,STANDARD_DQN,123,25000,1,0,2.3762869834899902,0.6666666865348816,1
core_005__recovered_calibration__episode_02,STANDARD_DQN,123,25000,2,0,1.1692330837249756,0.3333333432674408,2
core_005__recovered_calibration__episode_03,STANDARD_DQN,123,25000,0,0,3.418684482574463,1.0,0
core_005__recovered_calibration__episode_03,STANDARD_DQN,123,25000,1,0,2.230146646499634,0.6666666865348816,1
core_005__recovered_calibration__episode_03,STANDARD_DQN,123,25000,2,0,1.096077561378479,0.3333333432674408,2
core_006__recovered_calibration__episode_00,STANDARD_DQN,123,25000,0,0,2.440021514892578,1.0,0
core_006__recovered_calibration__episode_00,STANDARD_DQN,123,25000,1,0,1.1207789182662964,0.47738873958587646,1
core_006__recovered_calibration__episode_00,STANDARD_DQN,123,25000,2,1,0.145673930644989,0.062161169946193695,2
core_006__recovered_calibration__episode_01,STANDARD_DQN,123,25000,0,5,7.799272537231445,1.0,0
core_006__recovered_calibration__episode_01,STANDARD_DQN,123,25000,1,5,4.474823951721191,0.6666666865348816,1
core_006__recovered_calibration__episode_01,STANDARD_DQN,123,25000,2,5,1.9614636898040771,0.3333333432674408,2
core_006__recovered_calibration__episode_02,STANDARD_DQN,123,25000,0,5,7.279321193695068,1.0,0
core_006__recovered_calibration__episode_02,STANDARD_DQN,123,25000,1,5,4.17964506149292,0.6666666865348816,1
core_006__recovered_calibration__episode_02,STANDARD_DQN,123,25000,2,0,1.857505202293396,0.3333333432674408,2
core_006__recovered_calibration__episode_03,STANDARD_DQN,123,25000,0,5,6.837368965148926,1.0,0
core_006__recovered_calibration__episode_03,STANDARD_DQN,123,25000,1,5,3.9955050945281982,0.6666666865348816,1
core_006__recovered_calibration__episode_03,STANDARD_DQN,123,25000,2,0,1.782029390335083,0.3333333432674408,2
core_006__recovered_calibration__episode_05,STANDARD_DQN,123,25000,0,5,6.083359241485596,1.0,0
core_006__recovered_calibration__episode_05,STANDARD_DQN,123,25000,1,1,3.5872952938079834,0.6666666865348816,1
core_006__recovered_calibration__episode_05,STANDARD_DQN,123,25000,2,0,1.6314281225204468,0.3333333432674408,2
core_006__recovered_calibration__episode_06,STANDARD_DQN,123,25000,0,5,5.9184889793396,1.0,0
core_006__recovered_calibration__episode_06,STANDARD_DQN,123,25000,1,1,3.453397512435913,0.6666666865348816,1
core_006__recovered_calibration__episode_06,STANDARD_DQN,123,25000,2,0,1.560146689414978,0.3333333432674408,2
core_006__recovered_calibration__episode_07,STANDARD_DQN,123,25000,0,5,5.451850414276123,1.0,0
core_006__recovered_calibration__episode_07,STANDARD_DQN,123,25000,1,0,3.1848926544189453,0.6666666865348816,1
core_006__recovered_calibration__episode_07,STANDARD_DQN,123,25000,2,0,1.5976214408874512,0.3333333432674408,2
core_009__recovered_calibration__episode_01,STANDARD_DQN,123,25000,0,0,7.799272537231445,1.0,0
core_009__recovered_calibration__episode_01,STANDARD_DQN,123,25000,1,3,6.586318492889404,0.8571428656578064,1
core_009__recovered_calibration__episode_01,STANDARD_DQN,123,25000,2,0,5.075805187225342,0.6892988681793213,2
core_009__recovered_calibration__episode_01,STANDARD_DQN,123,25000,3,0,3.960660457611084,0.5462520122528076,3
core_009__recovered_calibration__episode_01,STANDARD_DQN,123,25000,4,0,2.82439923286438,0.39773160219192505,4
core_009__recovered_calibration__episode_01,STANDARD_DQN,123,25000,5,0,1.6539582014083862,0.23990610241889954,5
core_009__recovered_calibration__episode_01,STANDARD_DQN,123,25000,6,0,0.1327892690896988,0.020981747657060623,6
core_012__recovered_calibration__episode_01,STANDARD_DQN,123,25000,0,0,7.799272537231445,1.0,0
core_012__recovered_calibration__episode_01,STANDARD_DQN,123,25000,1,3,6.586318492889404,0.8571428656578064,1
core_012__recovered_calibration__episode_01,STANDARD_DQN,123,25000,2,0,5.075805187225342,0.6892988681793213,2
core_012__recovered_calibration__episode_01,STANDARD_DQN,123,25000,3,0,3.960660457611084,0.5462520122528076,3
core_012__recovered_calibration__episode_01,STANDARD_DQN,123,25000,4,0,2.82439923286438,0.39773160219192505,4
core_012__recovered_calibration__episode_01,STANDARD_DQN,123,25000,5,0,1.6539582014083862,0.23990610241889954,5
core_012__recovered_calibration__episode_01,STANDARD_DQN,123,25000,6,0,0.1327892690896988,0.020981747657060623,6
core_002__recovered_calibration__episode_01,STANDARD_DQN,123,30000,0,2,3.8996362686157227,1.0,0
core_002__recovered_calibration__episode_01,STANDARD_DQN,123,30000,1,0,2.5623247623443604,0.6666666865348816,1
core_002__recovered_calibration__episode_01,STANDARD_DQN,123,30000,2,0,1.2624019384384155,0.3333333432674408,2
core_002__recovered_calibration__episode_02,STANDARD_DQN,123,30000,0,0,3.639660596847534,1.0,0
core_002__recovered_calibration__episode_02,STANDARD_DQN,123,30000,1,0,2.3762869834899902,0.6666666865348816,1
core_002__recovered_calibration__episode_02,STANDARD_DQN,123,30000,2,0,1.1692330837249756,0.3333333432674408,2
core_002__recovered_calibration__episode_03,STANDARD_DQN,123,30000,0,0,3.418684482574463,1.0,0
core_002__recovered_calibration__episode_03,STANDARD_DQN,123,30000,1,0,2.230146646499634,0.6666666865348816,1
core_002__recovered_calibration__episode_03,STANDARD_DQN,123,30000,2,0,1.096077561378479,0.3333333432674408,2
core_003__recovered_calibration__episode_00,STANDARD_DQN,123,30000,0,0,2.440021514892578,1.0,0
core_003__recovered_calibration__episode_00,STANDARD_DQN,123,30000,1,0,1.1207789182662964,0.47738873958587646,1
core_003__recovered_calibration__episode_00,STANDARD_DQN,123,30000,2,1,0.145673930644989,0.062161169946193695,2
core_003__recovered_calibration__episode_01,STANDARD_DQN,123,30000,0,5,7.799272537231445,1.0,0
core_003__recovered_calibration__episode_01,STANDARD_DQN,123,30000,1,5,4.474823951721191,0.6666666865348816,1
core_003__recovered_calibration__episode_01,STANDARD_DQN,123,30000,2,5,1.9614636898040771,0.3333333432674408,2
core_003__recovered_calibration__episode_02,STANDARD_DQN,123,30000,0,5,7.279321193695068,1.0,0
core_003__recovered_calibration__episode_02,STANDARD_DQN,123,30000,1,5,4.17964506149292,0.6666666865348816,1
core_003__recovered_calibration__episode_02,STANDARD_DQN,123,30000,2,5,1.857505202293396,0.3333333432674408,2
core_003__recovered_calibration__episode_03,STANDARD_DQN,123,30000,0,5,6.837368965148926,1.0,0
core_003__recovered_calibration__episode_03,STANDARD_DQN,123,30000,1,5,3.9955050945281982,0.6666666865348816,1
core_003__recovered_calibration__episode_03,STANDARD_DQN,123,30000,2,2,1.782029390335083,0.3333333432674408,2
core_003__recovered_calibration__episode_05,STANDARD_DQN,123,30000,0,5,6.083359241485596,1.0,0
core_003__recovered_calibration__episode_05,STANDARD_DQN,123,30000,1,0,3.5872952938079834,0.6666666865348816,1
core_003__recovered_calibration__episode_05,STANDARD_DQN,123,30000,2,0,1.6510841846466064,0.3333333432674408,2
core_003__recovered_calibration__episode_06,STANDARD_DQN,123,30000,0,2,5.9184889793396,1.0,0
core_003__recovered_calibration__episode_06,STANDARD_DQN,123,30000,1,1,3.5919206142425537,0.6666666865348816,1
core_003__recovered_calibration__episode_06,STANDARD_DQN,123,30000,2,0,1.6252033710479736,0.3333333432674408,2
core_003__recovered_calibration__episode_07,STANDARD_DQN,123,30000,0,5,5.451850414276123,1.0,0
core_003__recovered_calibration__episode_07,STANDARD_DQN,123,30000,1,1,3.1848926544189453,0.6666666865348816,1
core_003__recovered_calibration__episode_07,STANDARD_DQN,123,30000,2,0,1.5877705812454224,0.3333333432674408,2
core_005__recovered_calibration__episode_01,STANDARD_DQN,123,30000,0,2,3.8996362686157227,1.0,0
core_005__recovered_calibration__episode_01,STANDARD_DQN,123,30000,1,0,2.5623247623443604,0.6666666865348816,1
core_005__recovered_calibration__episode_01,STANDARD_DQN,123,30000,2,0,1.2624019384384155,0.3333333432674408,2
core_005__recovered_calibration__episode_02,STANDARD_DQN,123,30000,0,0,3.639660596847534,1.0,0
core_005__recovered_calibration__episode_02,STANDARD_DQN,123,30000,1,0,2.3762869834899902,0.6666666865348816,1
core_005__recovered_calibration__episode_02,STANDARD_DQN,123,30000,2,0,1.1692330837249756,0.3333333432674408,2
core_005__recovered_calibration__episode_03,STANDARD_DQN,123,30000,0,0,3.418684482574463,1.0,0
core_005__recovered_calibration__episode_03,STANDARD_DQN,123,30000,1,0,2.230146646499634,0.6666666865348816,1
core_005__recovered_calibration__episode_03,STANDARD_DQN,123,30000,2,0,1.096077561378479,0.3333333432674408,2
core_006__recovered_calibration__episode_00,STANDARD_DQN,123,30000,0,0,2.440021514892578,1.0,0
core_006__recovered_calibration__episode_00,STANDARD_DQN,123,30000,1,0,1.1207789182662964,0.47738873958587646,1
core_006__recovered_calibration__episode_00,STANDARD_DQN,123,30000,2,1,0.145673930644989,0.062161169946193695,2
core_006__recovered_calibration__episode_01,STANDARD_DQN,123,30000,0,5,7.799272537231445,1.0,0
core_006__recovered_calibration__episode_01,STANDARD_DQN,123,30000,1,5,4.474823951721191,0.6666666865348816,1
core_006__recovered_calibration__episode_01,STANDARD_DQN,123,30000,2,5,1.9614636898040771,0.3333333432674408,2
core_006__recovered_calibration__episode_02,STANDARD_DQN,123,30000,0,5,7.279321193695068,1.0,0
core_006__recovered_calibration__episode_02,STANDARD_DQN,123,30000,1,5,4.17964506149292,0.6666666865348816,1
core_006__recovered_calibration__episode_02,STANDARD_DQN,123,30000,2,5,1.857505202293396,0.3333333432674408,2
core_006__recovered_calibration__episode_03,STANDARD_DQN,123,30000,0,5,6.837368965148926,1.0,0
core_006__recovered_calibration__episode_03,STANDARD_DQN,123,30000,1,5,3.9955050945281982,0.6666666865348816,1
core_006__recovered_calibration__episode_03,STANDARD_DQN,123,30000,2,2,1.782029390335083,0.3333333432674408,2
core_006__recovered_calibration__episode_05,STANDARD_DQN,123,30000,0,5,6.083359241485596,1.0,0
core_006__recovered_calibration__episode_05,STANDARD_DQN,123,30000,1,0,3.5872952938079834,0.6666666865348816,1
core_006__recovered_calibration__episode_05,STANDARD_DQN,123,30000,2,0,1.6510841846466064,0.3333333432674408,2
core_006__recovered_calibration__episode_06,STANDARD_DQN,123,30000,0,2,5.9184889793396,1.0,0
core_006__recovered_calibration__episode_06,STANDARD_DQN,123,30000,1,1,3.5919206142425537,0.6666666865348816,1
core_006__recovered_calibration__episode_06,STANDARD_DQN,123,30000,2,0,1.6252033710479736,0.3333333432674408,2
core_006__recovered_calibration__episode_07,STANDARD_DQN,123,30000,0,5,5.451850414276123,1.0,0
core_006__recovered_calibration__episode_07,STANDARD_DQN,123,30000,1,1,3.1848926544189453,0.6666666865348816,1
core_006__recovered_calibration__episode_07,STANDARD_DQN,123,30000,2,0,1.5877705812454224,0.3333333432674408,2
core_009__recovered_calibration__episode_01,STANDARD_DQN,123,30000,0,0,7.799272537231445,1.0,0
core_009__recovered_calibration__episode_01,STANDARD_DQN,123,30000,1,3,6.586318492889404,0.8571428656578064,1
core_009__recovered_calibration__episode_01,STANDARD_DQN,123,30000,2,3,5.075805187225342,0.6892988681793213,2
core_009__recovered_calibration__episode_01,STANDARD_DQN,123,30000,3,0,3.719862222671509,0.5245656371116638,3
core_009__recovered_calibration__episode_01,STANDARD_DQN,123,30000,4,0,2.6129136085510254,0.37604519724845886,4
core_009__recovered_calibration__episode_01,STANDARD_DQN,123,30000,5,0,1.4839447736740112,0.21955911815166473,5
core_012__recovered_calibration__episode_01,STANDARD_DQN,123,30000,0,0,7.799272537231445,1.0,0
core_012__recovered_calibration__episode_01,STANDARD_DQN,123,30000,1,3,6.586318492889404,0.8571428656578064,1
core_012__recovered_calibration__episode_01,STANDARD_DQN,123,30000,2,3,5.075805187225342,0.6892988681793213,2
core_012__recovered_calibration__episode_01,STANDARD_DQN,123,30000,3,0,3.719862222671509,0.5245656371116638,3
core_012__recovered_calibration__episode_01,STANDARD_DQN,123,30000,4,0,2.6129136085510254,0.37604519724845886,4
core_012__recovered_calibration__episode_01,STANDARD_DQN,123,30000,5,0,1.4839447736740112,0.21955911815166473,5
core_002__recovered_calibration__episode_01,STANDARD_DQN,123,final,0,5,3.8996362686157227,1.0,0
core_002__recovered_calibration__episode_01,STANDARD_DQN,123,final,1,5,1.542265772819519,0.45833316445350647,1
core_002__recovered_calibration__episode_02,STANDARD_DQN,123,final,0,5,3.639660596847534,1.0,0
core_002__recovered_calibration__episode_02,STANDARD_DQN,123,final,1,5,1.3806415796279907,0.43933695554733276,1
core_002__recovered_calibration__episode_03,STANDARD_DQN,123,final,0,5,3.418684482574463,1.0,0
core_002__recovered_calibration__episode_03,STANDARD_DQN,123,final,1,5,1.3835999965667725,0.46063947677612305,1
core_003__recovered_calibration__episode_00,STANDARD_DQN,123,final,0,5,2.440021514892578,1.0,0
core_003__recovered_calibration__episode_00,STANDARD_DQN,123,final,1,4,0.7042479515075684,0.31618788838386536,1
core_003__recovered_calibration__episode_01,STANDARD_DQN,123,final,0,5,7.799272537231445,1.0,0
core_003__recovered_calibration__episode_01,STANDARD_DQN,123,final,1,5,4.474823951721191,0.6666666865348816,1
core_003__recovered_calibration__episode_01,STANDARD_DQN,123,final,2,5,1.9614636898040771,0.3333333432674408,2
core_003__recovered_calibration__episode_02,STANDARD_DQN,123,final,0,5,7.279321193695068,1.0,0
core_003__recovered_calibration__episode_02,STANDARD_DQN,123,final,1,5,4.17964506149292,0.6666666865348816,1
core_003__recovered_calibration__episode_02,STANDARD_DQN,123,final,2,5,1.857505202293396,0.3333333432674408,2
core_003__recovered_calibration__episode_03,STANDARD_DQN,123,final,0,5,6.837368965148926,1.0,0
core_003__recovered_calibration__episode_03,STANDARD_DQN,123,final,1,5,3.9955050945281982,0.6666666865348816,1
core_003__recovered_calibration__episode_03,STANDARD_DQN,123,final,2,5,1.782029390335083,0.3333333432674408,2
core_003__recovered_calibration__episode_05,STANDARD_DQN,123,final,0,5,6.083359241485596,1.0,0
core_003__recovered_calibration__episode_05,STANDARD_DQN,123,final,1,5,3.5872952938079834,0.6666666865348816,1
core_003__recovered_calibration__episode_05,STANDARD_DQN,123,final,2,5,1.5877481698989868,0.3333333432674408,2
core_003__recovered_calibration__episode_06,STANDARD_DQN,123,final,0,5,5.9184889793396,1.0,0
core_003__recovered_calibration__episode_06,STANDARD_DQN,123,final,1,5,3.453397512435913,0.6666666865348816,1
core_003__recovered_calibration__episode_06,STANDARD_DQN,123,final,2,5,1.528417944908142,0.3333333432674408,2
core_003__recovered_calibration__episode_07,STANDARD_DQN,123,final,0,5,5.451850414276123,1.0,0
core_003__recovered_calibration__episode_07,STANDARD_DQN,123,final,1,5,3.1848926544189453,0.6666666865348816,1
core_003__recovered_calibration__episode_07,STANDARD_DQN,123,final,2,5,1.5236003398895264,0.3333333432674408,2
core_005__recovered_calibration__episode_01,STANDARD_DQN,123,final,0,5,3.8996362686157227,1.0,0
core_005__recovered_calibration__episode_01,STANDARD_DQN,123,final,1,5,1.542265772819519,0.45833316445350647,1
core_005__recovered_calibration__episode_02,STANDARD_DQN,123,final,0,5,3.639660596847534,1.0,0
core_005__recovered_calibration__episode_02,STANDARD_DQN,123,final,1,5,1.3806415796279907,0.43933695554733276,1
core_005__recovered_calibration__episode_03,STANDARD_DQN,123,final,0,5,3.418684482574463,1.0,0
core_005__recovered_calibration__episode_03,STANDARD_DQN,123,final,1,5,1.3835999965667725,0.46063947677612305,1
core_006__recovered_calibration__episode_00,STANDARD_DQN,123,final,0,5,2.440021514892578,1.0,0
core_006__recovered_calibration__episode_00,STANDARD_DQN,123,final,1,4,0.7042479515075684,0.31618788838386536,1
core_006__recovered_calibration__episode_01,STANDARD_DQN,123,final,0,5,7.799272537231445,1.0,0
core_006__recovered_calibration__episode_01,STANDARD_DQN,123,final,1,5,4.474823951721191,0.6666666865348816,1
core_006__recovered_calibration__episode_01,STANDARD_DQN,123,final,2,5,1.9614636898040771,0.3333333432674408,2
core_006__recovered_calibration__episode_02,STANDARD_DQN,123,final,0,5,7.279321193695068,1.0,0
core_006__recovered_calibration__episode_02,STANDARD_DQN,123,final,1,5,4.17964506149292,0.6666666865348816,1
core_006__recovered_calibration__episode_02,STANDARD_DQN,123,final,2,5,1.857505202293396,0.3333333432674408,2
core_006__recovered_calibration__episode_03,STANDARD_DQN,123,final,0,5,6.837368965148926,1.0,0
core_006__recovered_calibration__episode_03,STANDARD_DQN,123,final,1,5,3.9955050945281982,0.6666666865348816,1
core_006__recovered_calibration__episode_03,STANDARD_DQN,123,final,2,5,1.782029390335083,0.3333333432674408,2
core_006__recovered_calibration__episode_05,STANDARD_DQN,123,final,0,5,6.083359241485596,1.0,0
core_006__recovered_calibration__episode_05,STANDARD_DQN,123,final,1,5,3.5872952938079834,0.6666666865348816,1
core_006__recovered_calibration__episode_05,STANDARD_DQN,123,final,2,5,1.5877481698989868,0.3333333432674408,2
core_006__recovered_calibration__episode_06,STANDARD_DQN,123,final,0,5,5.9184889793396,1.0,0
core_006__recovered_calibration__episode_06,STANDARD_DQN,123,final,1,5,3.453397512435913,0.6666666865348816,1
core_006__recovered_calibration__episode_06,STANDARD_DQN,123,final,2,5,1.528417944908142,0.3333333432674408,2
core_006__recovered_calibration__episode_07,STANDARD_DQN,123,final,0,5,5.451850414276123,1.0,0
core_006__recovered_calibration__episode_07,STANDARD_DQN,123,final,1,5,3.1848926544189453,0.6666666865348816,1
core_006__recovered_calibration__episode_07,STANDARD_DQN,123,final,2,5,1.5236003398895264,0.3333333432674408,2
core_009__recovered_calibration__episode_01,STANDARD_DQN,123,final,0,5,7.799272537231445,1.0,0
core_009__recovered_calibration__episode_01,STANDARD_DQN,123,final,1,5,4.875975608825684,0.7264308929443359,1
core_009__recovered_calibration__episode_01,STANDARD_DQN,123,final,2,5,2.6567885875701904,0.4514976143836975,2
core_009__recovered_calibration__episode_01,STANDARD_DQN,123,final,3,4,0.9248785376548767,0.17656037211418152,3
core_012__recovered_calibration__episode_01,STANDARD_DQN,123,final,0,5,7.799272537231445,1.0,0
core_012__recovered_calibration__episode_01,STANDARD_DQN,123,final,1,5,4.875975608825684,0.7264308929443359,1
core_012__recovered_calibration__episode_01,STANDARD_DQN,123,final,2,5,2.6567885875701904,0.4514976143836975,2
core_012__recovered_calibration__episode_01,STANDARD_DQN,123,final,3,4,0.9248785376548767,0.17656037211418152,3
core_002__recovered_calibration__episode_01,STANDARD_DQN,456,5000,0,1,3.8996362686157227,1.0,0
core_002__recovered_calibration__episode_01,STANDARD_DQN,456,5000,1,0,2.54813289642334,0.6666666865348816,1
core_002__recovered_calibration__episode_01,STANDARD_DQN,456,5000,2,0,1.25551176071167,0.3333333432674408,2
core_002__recovered_calibration__episode_02,STANDARD_DQN,456,5000,0,1,3.639660596847534,1.0,0
core_002__recovered_calibration__episode_02,STANDARD_DQN,456,5000,1,0,2.354114532470703,0.6666666865348816,1
core_002__recovered_calibration__episode_02,STANDARD_DQN,456,5000,2,0,1.1584954261779785,0.3333333432674408,2
core_002__recovered_calibration__episode_03,STANDARD_DQN,456,5000,0,1,3.418684482574463,1.0,0
core_002__recovered_calibration__episode_03,STANDARD_DQN,456,5000,1,0,2.2123770713806152,0.6666666865348816,1
core_002__recovered_calibration__episode_03,STANDARD_DQN,456,5000,2,0,1.0874916315078735,0.3333333432674408,2
core_003__recovered_calibration__episode_00,STANDARD_DQN,456,5000,0,1,2.440021514892578,1.0,0
core_003__recovered_calibration__episode_00,STANDARD_DQN,456,5000,1,1,1.0194015502929688,0.439696729183197,1
core_003__recovered_calibration__episode_00,STANDARD_DQN,456,5000,2,1,0.02779952995479107,0.012061425484716892,2
core_003__recovered_calibration__episode_01,STANDARD_DQN,456,5000,0,5,7.799272537231445,1.0,0
core_003__recovered_calibration__episode_01,STANDARD_DQN,456,5000,1,5,4.474823951721191,0.6666666865348816,1
core_003__recovered_calibration__episode_01,STANDARD_DQN,456,5000,2,0,1.9614636898040771,0.3333333432674408,2
core_003__recovered_calibration__episode_02,STANDARD_DQN,456,5000,0,5,7.279321193695068,1.0,0
core_003__recovered_calibration__episode_02,STANDARD_DQN,456,5000,1,5,4.17964506149292,0.6666666865348816,1
core_003__recovered_calibration__episode_02,STANDARD_DQN,456,5000,2,0,1.857505202293396,0.3333333432674408,2
core_003__recovered_calibration__episode_03,STANDARD_DQN,456,5000,0,5,6.837368965148926,1.0,0
core_003__recovered_calibration__episode_03,STANDARD_DQN,456,5000,1,5,3.9955050945281982,0.6666666865348816,1
core_003__recovered_calibration__episode_03,STANDARD_DQN,456,5000,2,0,1.782029390335083,0.3333333432674408,2
core_003__recovered_calibration__episode_05,STANDARD_DQN,456,5000,0,5,6.083359241485596,1.0,0
core_003__recovered_calibration__episode_05,STANDARD_DQN,456,5000,1,1,3.5872952938079834,0.6666666865348816,1
core_003__recovered_calibration__episode_05,STANDARD_DQN,456,5000,2,2,1.6314281225204468,0.3333333432674408,2
core_003__recovered_calibration__episode_06,STANDARD_DQN,456,5000,0,3,5.9184889793396,1.0,0
core_003__recovered_calibration__episode_06,STANDARD_DQN,456,5000,1,0,3.5917253494262695,0.6666666865348816,1
core_003__recovered_calibration__episode_06,STANDARD_DQN,456,5000,2,5,1.6448712348937988,0.3333333432674408,2
core_003__recovered_calibration__episode_07,STANDARD_DQN,456,5000,0,0,5.451850414276123,1.0,0
core_003__recovered_calibration__episode_07,STANDARD_DQN,456,5000,1,3,3.3150336742401123,0.6666666865348816,1
core_003__recovered_calibration__episode_07,STANDARD_DQN,456,5000,2,0,1.6465790271759033,0.3333333432674408,2
core_005__recovered_calibration__episode_01,STANDARD_DQN,456,5000,0,1,3.8996362686157227,1.0,0
core_005__recovered_calibration__episode_01,STANDARD_DQN,456,5000,1,0,2.54813289642334,0.6666666865348816,1
core_005__recovered_calibration__episode_01,STANDARD_DQN,456,5000,2,0,1.25551176071167,0.3333333432674408,2
core_005__recovered_calibration__episode_02,STANDARD_DQN,456,5000,0,1,3.639660596847534,1.0,0
core_005__recovered_calibration__episode_02,STANDARD_DQN,456,5000,1,0,2.354114532470703,0.6666666865348816,1
core_005__recovered_calibration__episode_02,STANDARD_DQN,456,5000,2,0,1.1584954261779785,0.3333333432674408,2
core_005__recovered_calibration__episode_03,STANDARD_DQN,456,5000,0,1,3.418684482574463,1.0,0
core_005__recovered_calibration__episode_03,STANDARD_DQN,456,5000,1,0,2.2123770713806152,0.6666666865348816,1
core_005__recovered_calibration__episode_03,STANDARD_DQN,456,5000,2,0,1.0874916315078735,0.3333333432674408,2
core_006__recovered_calibration__episode_00,STANDARD_DQN,456,5000,0,1,2.440021514892578,1.0,0
core_006__recovered_calibration__episode_00,STANDARD_DQN,456,5000,1,1,1.0194015502929688,0.439696729183197,1
core_006__recovered_calibration__episode_00,STANDARD_DQN,456,5000,2,1,0.02779952995479107,0.012061425484716892,2
core_006__recovered_calibration__episode_01,STANDARD_DQN,456,5000,0,5,7.799272537231445,1.0,0
core_006__recovered_calibration__episode_01,STANDARD_DQN,456,5000,1,5,4.474823951721191,0.6666666865348816,1
core_006__recovered_calibration__episode_01,STANDARD_DQN,456,5000,2,0,1.9614636898040771,0.3333333432674408,2
core_006__recovered_calibration__episode_02,STANDARD_DQN,456,5000,0,5,7.279321193695068,1.0,0
core_006__recovered_calibration__episode_02,STANDARD_DQN,456,5000,1,5,4.17964506149292,0.6666666865348816,1
core_006__recovered_calibration__episode_02,STANDARD_DQN,456,5000,2,0,1.857505202293396,0.3333333432674408,2
core_006__recovered_calibration__episode_03,STANDARD_DQN,456,5000,0,5,6.837368965148926,1.0,0
core_006__recovered_calibration__episode_03,STANDARD_DQN,456,5000,1,5,3.9955050945281982,0.6666666865348816,1
core_006__recovered_calibration__episode_03,STANDARD_DQN,456,5000,2,0,1.782029390335083,0.3333333432674408,2
core_006__recovered_calibration__episode_05,STANDARD_DQN,456,5000,0,5,6.083359241485596,1.0,0
core_006__recovered_calibration__episode_05,STANDARD_DQN,456,5000,1,1,3.5872952938079834,0.6666666865348816,1
core_006__recovered_calibration__episode_05,STANDARD_DQN,456,5000,2,2,1.6314281225204468,0.3333333432674408,2
core_006__recovered_calibration__episode_06,STANDARD_DQN,456,5000,0,3,5.9184889793396,1.0,0
core_006__recovered_calibration__episode_06,STANDARD_DQN,456,5000,1,0,3.5917253494262695,0.6666666865348816,1
core_006__recovered_calibration__episode_06,STANDARD_DQN,456,5000,2,5,1.6448712348937988,0.3333333432674408,2
core_006__recovered_calibration__episode_07,STANDARD_DQN,456,5000,0,0,5.451850414276123,1.0,0
core_006__recovered_calibration__episode_07,STANDARD_DQN,456,5000,1,3,3.3150336742401123,0.6666666865348816,1
core_006__recovered_calibration__episode_07,STANDARD_DQN,456,5000,2,0,1.6465790271759033,0.3333333432674408,2
core_009__recovered_calibration__episode_01,STANDARD_DQN,456,5000,0,3,7.799272537231445,1.0,0
core_009__recovered_calibration__episode_01,STANDARD_DQN,456,5000,1,3,6.278988361358643,0.8366171717643738,1
core_009__recovered_calibration__episode_01,STANDARD_DQN,456,5000,2,1,4.81472110748291,0.6687731742858887,2
core_009__recovered_calibration__episode_01,STANDARD_DQN,456,5000,3,3,3.5671474933624268,0.5106983184814453,3
core_009__recovered_calibration__episode_01,STANDARD_DQN,456,5000,4,1,2.271908760070801,0.3392830193042755,4
core_009__recovered_calibration__episode_01,STANDARD_DQN,456,5000,5,2,1.1044249534606934,0.17121970653533936,5
core_012__recovered_calibration__episode_01,STANDARD_DQN,456,5000,0,3,7.799272537231445,1.0,0
core_012__recovered_calibration__episode_01,STANDARD_DQN,456,5000,1,3,6.278988361358643,0.8366171717643738,1
core_012__recovered_calibration__episode_01,STANDARD_DQN,456,5000,2,1,4.81472110748291,0.6687731742858887,2
core_012__recovered_calibration__episode_01,STANDARD_DQN,456,5000,3,3,3.5671474933624268,0.5106983184814453,3
core_012__recovered_calibration__episode_01,STANDARD_DQN,456,5000,4,1,2.271908760070801,0.3392830193042755,4
core_012__recovered_calibration__episode_01,STANDARD_DQN,456,5000,5,2,1.1044249534606934,0.17121970653533936,5
core_002__recovered_calibration__episode_01,STANDARD_DQN,456,10000,0,1,3.8996362686157227,1.0,0
core_002__recovered_calibration__episode_01,STANDARD_DQN,456,10000,1,0,2.54813289642334,0.6666666865348816,1
core_002__recovered_calibration__episode_01,STANDARD_DQN,456,10000,2,0,1.25551176071167,0.3333333432674408,2
core_002__recovered_calibration__episode_02,STANDARD_DQN,456,10000,0,1,3.639660596847534,1.0,0
core_002__recovered_calibration__episode_02,STANDARD_DQN,456,10000,1,0,2.354114532470703,0.6666666865348816,1
core_002__recovered_calibration__episode_02,STANDARD_DQN,456,10000,2,0,1.1584954261779785,0.3333333432674408,2
core_002__recovered_calibration__episode_03,STANDARD_DQN,456,10000,0,0,3.418684482574463,1.0,0
core_002__recovered_calibration__episode_03,STANDARD_DQN,456,10000,1,0,2.230146646499634,0.6666666865348816,1
core_002__recovered_calibration__episode_03,STANDARD_DQN,456,10000,2,0,1.096077561378479,0.3333333432674408,2
core_003__recovered_calibration__episode_00,STANDARD_DQN,456,10000,0,1,2.440021514892578,1.0,0
core_003__recovered_calibration__episode_00,STANDARD_DQN,456,10000,1,1,1.0194015502929688,0.439696729183197,1
core_003__recovered_calibration__episode_00,STANDARD_DQN,456,10000,2,1,0.02779952995479107,0.012061425484716892,2
core_003__recovered_calibration__episode_01,STANDARD_DQN,456,10000,0,5,7.799272537231445,1.0,0
core_003__recovered_calibration__episode_01,STANDARD_DQN,456,10000,1,5,4.474823951721191,0.6666666865348816,1
core_003__recovered_calibration__episode_01,STANDARD_DQN,456,10000,2,0,1.9614636898040771,0.3333333432674408,2
core_003__recovered_calibration__episode_02,STANDARD_DQN,456,10000,0,5,7.279321193695068,1.0,0
core_003__recovered_calibration__episode_02,STANDARD_DQN,456,10000,1,5,4.17964506149292,0.6666666865348816,1
core_003__recovered_calibration__episode_02,STANDARD_DQN,456,10000,2,0,1.857505202293396,0.3333333432674408,2
core_003__recovered_calibration__episode_03,STANDARD_DQN,456,10000,0,5,6.837368965148926,1.0,0
core_003__recovered_calibration__episode_03,STANDARD_DQN,456,10000,1,5,3.9955050945281982,0.6666666865348816,1
core_003__recovered_calibration__episode_03,STANDARD_DQN,456,10000,2,0,1.782029390335083,0.3333333432674408,2
core_003__recovered_calibration__episode_05,STANDARD_DQN,456,10000,0,5,6.083359241485596,1.0,0
core_003__recovered_calibration__episode_05,STANDARD_DQN,456,10000,1,1,3.5872952938079834,0.6666666865348816,1
core_003__recovered_calibration__episode_05,STANDARD_DQN,456,10000,2,0,1.6314281225204468,0.3333333432674408,2
core_003__recovered_calibration__episode_06,STANDARD_DQN,456,10000,0,0,5.9184889793396,1.0,0
core_003__recovered_calibration__episode_06,STANDARD_DQN,456,10000,1,0,3.617839813232422,0.6666666865348816,1
core_003__recovered_calibration__episode_06,STANDARD_DQN,456,10000,2,0,1.6558184623718262,0.3333333432674408,2
core_003__recovered_calibration__episode_07,STANDARD_DQN,456,10000,0,0,5.451850414276123,1.0,0
core_003__recovered_calibration__episode_07,STANDARD_DQN,456,10000,1,0,3.3150336742401123,0.6666666865348816,1
core_003__recovered_calibration__episode_07,STANDARD_DQN,456,10000,2,2,1.6673550605773926,0.3333333432674408,2
core_005__recovered_calibration__episode_01,STANDARD_DQN,456,10000,0,1,3.8996362686157227,1.0,0
core_005__recovered_calibration__episode_01,STANDARD_DQN,456,10000,1,0,2.54813289642334,0.6666666865348816,1
core_005__recovered_calibration__episode_01,STANDARD_DQN,456,10000,2,0,1.25551176071167,0.3333333432674408,2
core_005__recovered_calibration__episode_02,STANDARD_DQN,456,10000,0,1,3.639660596847534,1.0,0
core_005__recovered_calibration__episode_02,STANDARD_DQN,456,10000,1,0,2.354114532470703,0.6666666865348816,1
core_005__recovered_calibration__episode_02,STANDARD_DQN,456,10000,2,0,1.1584954261779785,0.3333333432674408,2
core_005__recovered_calibration__episode_03,STANDARD_DQN,456,10000,0,0,3.418684482574463,1.0,0
core_005__recovered_calibration__episode_03,STANDARD_DQN,456,10000,1,0,2.230146646499634,0.6666666865348816,1
core_005__recovered_calibration__episode_03,STANDARD_DQN,456,10000,2,0,1.096077561378479,0.3333333432674408,2
core_006__recovered_calibration__episode_00,STANDARD_DQN,456,10000,0,1,2.440021514892578,1.0,0
core_006__recovered_calibration__episode_00,STANDARD_DQN,456,10000,1,1,1.0194015502929688,0.439696729183197,1
core_006__recovered_calibration__episode_00,STANDARD_DQN,456,10000,2,1,0.02779952995479107,0.012061425484716892,2
core_006__recovered_calibration__episode_01,STANDARD_DQN,456,10000,0,5,7.799272537231445,1.0,0
core_006__recovered_calibration__episode_01,STANDARD_DQN,456,10000,1,5,4.474823951721191,0.6666666865348816,1
core_006__recovered_calibration__episode_01,STANDARD_DQN,456,10000,2,0,1.9614636898040771,0.3333333432674408,2
core_006__recovered_calibration__episode_02,STANDARD_DQN,456,10000,0,5,7.279321193695068,1.0,0
core_006__recovered_calibration__episode_02,STANDARD_DQN,456,10000,1,5,4.17964506149292,0.6666666865348816,1
core_006__recovered_calibration__episode_02,STANDARD_DQN,456,10000,2,0,1.857505202293396,0.3333333432674408,2
core_006__recovered_calibration__episode_03,STANDARD_DQN,456,10000,0,5,6.837368965148926,1.0,0
core_006__recovered_calibration__episode_03,STANDARD_DQN,456,10000,1,5,3.9955050945281982,0.6666666865348816,1
core_006__recovered_calibration__episode_03,STANDARD_DQN,456,10000,2,0,1.782029390335083,0.3333333432674408,2
core_006__recovered_calibration__episode_05,STANDARD_DQN,456,10000,0,5,6.083359241485596,1.0,0
core_006__recovered_calibration__episode_05,STANDARD_DQN,456,10000,1,1,3.5872952938079834,0.6666666865348816,1
core_006__recovered_calibration__episode_05,STANDARD_DQN,456,10000,2,0,1.6314281225204468,0.3333333432674408,2
core_006__recovered_calibration__episode_06,STANDARD_DQN,456,10000,0,0,5.9184889793396,1.0,0
core_006__recovered_calibration__episode_06,STANDARD_DQN,456,10000,1,0,3.617839813232422,0.6666666865348816,1
core_006__recovered_calibration__episode_06,STANDARD_DQN,456,10000,2,0,1.6558184623718262,0.3333333432674408,2
core_006__recovered_calibration__episode_07,STANDARD_DQN,456,10000,0,0,5.451850414276123,1.0,0
core_006__recovered_calibration__episode_07,STANDARD_DQN,456,10000,1,0,3.3150336742401123,0.6666666865348816,1
core_006__recovered_calibration__episode_07,STANDARD_DQN,456,10000,2,2,1.6673550605773926,0.3333333432674408,2
core_009__recovered_calibration__episode_01,STANDARD_DQN,456,10000,0,2,7.799272537231445,1.0,0
core_009__recovered_calibration__episode_01,STANDARD_DQN,456,10000,1,3,6.568747043609619,0.8565345406532288,1
core_009__recovered_calibration__episode_01,STANDARD_DQN,456,10000,2,1,5.061801433563232,0.6886905431747437,2
core_009__recovered_calibration__episode_01,STANDARD_DQN,456,10000,3,0,3.8024299144744873,0.5325261354446411,3
core_009__recovered_calibration__episode_01,STANDARD_DQN,456,10000,4,0,2.6863057613372803,0.38400569558143616,4
core_009__recovered_calibration__episode_01,STANDARD_DQN,456,10000,5,0,1.547881007194519,0.22751961648464203,5
core_009__recovered_calibration__episode_01,STANDARD_DQN,456,10000,6,5,0.035655427724123,0.005717599764466286,6
core_012__recovered_calibration__episode_01,STANDARD_DQN,456,10000,0,2,7.799272537231445,1.0,0
core_012__recovered_calibration__episode_01,STANDARD_DQN,456,10000,1,3,6.568747043609619,0.8565345406532288,1
core_012__recovered_calibration__episode_01,STANDARD_DQN,456,10000,2,1,5.061801433563232,0.6886905431747437,2
core_012__recovered_calibration__episode_01,STANDARD_DQN,456,10000,3,0,3.8024299144744873,0.5325261354446411,3
core_012__recovered_calibration__episode_01,STANDARD_DQN,456,10000,4,0,2.6863057613372803,0.38400569558143616,4
core_012__recovered_calibration__episode_01,STANDARD_DQN,456,10000,5,0,1.547881007194519,0.22751961648464203,5
core_012__recovered_calibration__episode_01,STANDARD_DQN,456,10000,6,5,0.035655427724123,0.005717599764466286,6
core_002__recovered_calibration__episode_01,STANDARD_DQN,456,15000,0,1,3.8996362686157227,1.0,0
core_002__recovered_calibration__episode_01,STANDARD_DQN,456,15000,1,1,2.54813289642334,0.6666666865348816,1
core_002__recovered_calibration__episode_01,STANDARD_DQN,456,15000,2,0,1.2462776899337769,0.3333333432674408,2
core_002__recovered_calibration__episode_02,STANDARD_DQN,456,15000,0,1,3.639660596847534,1.0,0
core_002__recovered_calibration__episode_02,STANDARD_DQN,456,15000,1,1,2.354114532470703,0.6666666865348816,1
core_002__recovered_calibration__episode_02,STANDARD_DQN,456,15000,2,0,1.148051381111145,0.3333333432674408,2
core_002__recovered_calibration__episode_03,STANDARD_DQN,456,15000,0,1,3.418684482574463,1.0,0
core_002__recovered_calibration__episode_03,STANDARD_DQN,456,15000,1,1,2.2123770713806152,0.6666666865348816,1
core_002__recovered_calibration__episode_03,STANDARD_DQN,456,15000,2,0,1.079116702079773,0.3333333432674408,2
core_003__recovered_calibration__episode_00,STANDARD_DQN,456,15000,0,1,2.440021514892578,1.0,0
core_003__recovered_calibration__episode_00,STANDARD_DQN,456,15000,1,0,1.0194015502929688,0.439696729183197,1
core_003__recovered_calibration__episode_00,STANDARD_DQN,456,15000,2,0,0.05627990514039993,0.024319693446159363,2
core_003__recovered_calibration__episode_01,STANDARD_DQN,456,15000,0,5,7.799272537231445,1.0,0
core_003__recovered_calibration__episode_01,STANDARD_DQN,456,15000,1,5,4.474823951721191,0.6666666865348816,1
core_003__recovered_calibration__episode_01,STANDARD_DQN,456,15000,2,5,1.9614636898040771,0.3333333432674408,2
core_003__recovered_calibration__episode_02,STANDARD_DQN,456,15000,0,5,7.279321193695068,1.0,0
core_003__recovered_calibration__episode_02,STANDARD_DQN,456,15000,1,5,4.17964506149292,0.6666666865348816,1
core_003__recovered_calibration__episode_02,STANDARD_DQN,456,15000,2,0,1.857505202293396,0.3333333432674408,2
core_003__recovered_calibration__episode_03,STANDARD_DQN,456,15000,0,5,6.837368965148926,1.0,0
core_003__recovered_calibration__episode_03,STANDARD_DQN,456,15000,1,5,3.9955050945281982,0.6666666865348816,1
core_003__recovered_calibration__episode_03,STANDARD_DQN,456,15000,2,0,1.782029390335083,0.3333333432674408,2
core_003__recovered_calibration__episode_05,STANDARD_DQN,456,15000,0,5,6.083359241485596,1.0,0
core_003__recovered_calibration__episode_05,STANDARD_DQN,456,15000,1,1,3.5872952938079834,0.6666666865348816,1
core_003__recovered_calibration__episode_05,STANDARD_DQN,456,15000,2,0,1.6314281225204468,0.3333333432674408,2
core_003__recovered_calibration__episode_06,STANDARD_DQN,456,15000,0,1,5.9184889793396,1.0,0
core_003__recovered_calibration__episode_06,STANDARD_DQN,456,15000,1,1,3.5711333751678467,0.6666666865348816,1
core_003__recovered_calibration__episode_06,STANDARD_DQN,456,15000,2,0,1.6195837259292603,0.3333333432674408,2
core_003__recovered_calibration__episode_07,STANDARD_DQN,456,15000,0,1,5.451850414276123,1.0,0
core_003__recovered_calibration__episode_07,STANDARD_DQN,456,15000,1,3,3.2746188640594482,0.6666666865348816,1
core_003__recovered_calibration__episode_07,STANDARD_DQN,456,15000,2,0,1.6230324506759644,0.3333333432674408,2
core_005__recovered_calibration__episode_01,STANDARD_DQN,456,15000,0,1,3.8996362686157227,1.0,0
core_005__recovered_calibration__episode_01,STANDARD_DQN,456,15000,1,1,2.54813289642334,0.6666666865348816,1
core_005__recovered_calibration__episode_01,STANDARD_DQN,456,15000,2,0,1.2462776899337769,0.3333333432674408,2
core_005__recovered_calibration__episode_02,STANDARD_DQN,456,15000,0,1,3.639660596847534,1.0,0
core_005__recovered_calibration__episode_02,STANDARD_DQN,456,15000,1,1,2.354114532470703,0.6666666865348816,1
core_005__recovered_calibration__episode_02,STANDARD_DQN,456,15000,2,0,1.148051381111145,0.3333333432674408,2
core_005__recovered_calibration__episode_03,STANDARD_DQN,456,15000,0,1,3.418684482574463,1.0,0
core_005__recovered_calibration__episode_03,STANDARD_DQN,456,15000,1,1,2.2123770713806152,0.6666666865348816,1
core_005__recovered_calibration__episode_03,STANDARD_DQN,456,15000,2,0,1.079116702079773,0.3333333432674408,2
core_006__recovered_calibration__episode_00,STANDARD_DQN,456,15000,0,1,2.440021514892578,1.0,0
core_006__recovered_calibration__episode_00,STANDARD_DQN,456,15000,1,0,1.0194015502929688,0.439696729183197,1
core_006__recovered_calibration__episode_00,STANDARD_DQN,456,15000,2,0,0.05627990514039993,0.024319693446159363,2
core_006__recovered_calibration__episode_01,STANDARD_DQN,456,15000,0,5,7.799272537231445,1.0,0
core_006__recovered_calibration__episode_01,STANDARD_DQN,456,15000,1,5,4.474823951721191,0.6666666865348816,1
core_006__recovered_calibration__episode_01,STANDARD_DQN,456,15000,2,5,1.9614636898040771,0.3333333432674408,2
core_006__recovered_calibration__episode_02,STANDARD_DQN,456,15000,0,5,7.279321193695068,1.0,0
core_006__recovered_calibration__episode_02,STANDARD_DQN,456,15000,1,5,4.17964506149292,0.6666666865348816,1
core_006__recovered_calibration__episode_02,STANDARD_DQN,456,15000,2,0,1.857505202293396,0.3333333432674408,2
core_006__recovered_calibration__episode_03,STANDARD_DQN,456,15000,0,5,6.837368965148926,1.0,0
core_006__recovered_calibration__episode_03,STANDARD_DQN,456,15000,1,5,3.9955050945281982,0.6666666865348816,1
core_006__recovered_calibration__episode_03,STANDARD_DQN,456,15000,2,0,1.782029390335083,0.3333333432674408,2
core_006__recovered_calibration__episode_05,STANDARD_DQN,456,15000,0,5,6.083359241485596,1.0,0
core_006__recovered_calibration__episode_05,STANDARD_DQN,456,15000,1,1,3.5872952938079834,0.6666666865348816,1
core_006__recovered_calibration__episode_05,STANDARD_DQN,456,15000,2,0,1.6314281225204468,0.3333333432674408,2
core_006__recovered_calibration__episode_06,STANDARD_DQN,456,15000,0,1,5.9184889793396,1.0,0
core_006__recovered_calibration__episode_06,STANDARD_DQN,456,15000,1,1,3.5711333751678467,0.6666666865348816,1
core_006__recovered_calibration__episode_06,STANDARD_DQN,456,15000,2,0,1.6195837259292603,0.3333333432674408,2
core_006__recovered_calibration__episode_07,STANDARD_DQN,456,15000,0,1,5.451850414276123,1.0,0
core_006__recovered_calibration__episode_07,STANDARD_DQN,456,15000,1,3,3.2746188640594482,0.6666666865348816,1
core_006__recovered_calibration__episode_07,STANDARD_DQN,456,15000,2,0,1.6230324506759644,0.3333333432674408,2
core_009__recovered_calibration__episode_01,STANDARD_DQN,456,15000,0,3,7.799272537231445,1.0,0
core_009__recovered_calibration__episode_01,STANDARD_DQN,456,15000,1,3,6.278988361358643,0.8366171717643738,1
core_009__recovered_calibration__episode_01,STANDARD_DQN,456,15000,2,1,4.81472110748291,0.6687731742858887,2
core_009__recovered_calibration__episode_01,STANDARD_DQN,456,15000,3,0,3.5671474933624268,0.5106983184814453,3
core_009__recovered_calibration__episode_01,STANDARD_DQN,456,15000,4,0,2.4917144775390625,0.3634912967681885,4
core_009__recovered_calibration__episode_01,STANDARD_DQN,456,15000,5,0,1.373739242553711,0.20612213015556335,5
core_012__recovered_calibration__episode_01,STANDARD_DQN,456,15000,0,3,7.799272537231445,1.0,0
core_012__recovered_calibration__episode_01,STANDARD_DQN,456,15000,1,3,6.278988361358643,0.8366171717643738,1
core_012__recovered_calibration__episode_01,STANDARD_DQN,456,15000,2,1,4.81472110748291,0.6687731742858887,2
core_012__recovered_calibration__episode_01,STANDARD_DQN,456,15000,3,0,3.5671474933624268,0.5106983184814453,3
core_012__recovered_calibration__episode_01,STANDARD_DQN,456,15000,4,0,2.4917144775390625,0.3634912967681885,4
core_012__recovered_calibration__episode_01,STANDARD_DQN,456,15000,5,0,1.373739242553711,0.20612213015556335,5
core_002__recovered_calibration__episode_01,STANDARD_DQN,456,20000,0,1,3.8996362686157227,1.0,0
core_002__recovered_calibration__episode_01,STANDARD_DQN,456,20000,1,0,2.54813289642334,0.6666666865348816,1
core_002__recovered_calibration__episode_01,STANDARD_DQN,456,20000,2,0,1.25551176071167,0.3333333432674408,2
core_002__recovered_calibration__episode_02,STANDARD_DQN,456,20000,0,1,3.639660596847534,1.0,0
core_002__recovered_calibration__episode_02,STANDARD_DQN,456,20000,1,0,2.354114532470703,0.6666666865348816,1
core_002__recovered_calibration__episode_02,STANDARD_DQN,456,20000,2,0,1.1584954261779785,0.3333333432674408,2
core_002__recovered_calibration__episode_03,STANDARD_DQN,456,20000,0,1,3.418684482574463,1.0,0
core_002__recovered_calibration__episode_03,STANDARD_DQN,456,20000,1,0,2.2123770713806152,0.6666666865348816,1
core_002__recovered_calibration__episode_03,STANDARD_DQN,456,20000,2,0,1.0874916315078735,0.3333333432674408,2
core_003__recovered_calibration__episode_00,STANDARD_DQN,456,20000,0,1,2.440021514892578,1.0,0
core_003__recovered_calibration__episode_00,STANDARD_DQN,456,20000,1,0,1.0194015502929688,0.439696729183197,1
core_003__recovered_calibration__episode_00,STANDARD_DQN,456,20000,2,0,0.05627990514039993,0.024319693446159363,2
core_003__recovered_calibration__episode_01,STANDARD_DQN,456,20000,0,5,7.799272537231445,1.0,0
core_003__recovered_calibration__episode_01,STANDARD_DQN,456,20000,1,5,4.474823951721191,0.6666666865348816,1
core_003__recovered_calibration__episode_01,STANDARD_DQN,456,20000,2,5,1.9614636898040771,0.3333333432674408,2
core_003__recovered_calibration__episode_02,STANDARD_DQN,456,20000,0,5,7.279321193695068,1.0,0
core_003__recovered_calibration__episode_02,STANDARD_DQN,456,20000,1,5,4.17964506149292,0.6666666865348816,1
core_003__recovered_calibration__episode_02,STANDARD_DQN,456,20000,2,1,1.857505202293396,0.3333333432674408,2
core_003__recovered_calibration__episode_03,STANDARD_DQN,456,20000,0,5,6.837368965148926,1.0,0
core_003__recovered_calibration__episode_03,STANDARD_DQN,456,20000,1,5,3.9955050945281982,0.6666666865348816,1
core_003__recovered_calibration__episode_03,STANDARD_DQN,456,20000,2,0,1.782029390335083,0.3333333432674408,2
core_003__recovered_calibration__episode_05,STANDARD_DQN,456,20000,0,5,6.083359241485596,1.0,0
core_003__recovered_calibration__episode_05,STANDARD_DQN,456,20000,1,1,3.5872952938079834,0.6666666865348816,1
core_003__recovered_calibration__episode_05,STANDARD_DQN,456,20000,2,0,1.6314281225204468,0.3333333432674408,2
core_003__recovered_calibration__episode_06,STANDARD_DQN,456,20000,0,1,5.9184889793396,1.0,0
core_003__recovered_calibration__episode_06,STANDARD_DQN,456,20000,1,0,3.5711333751678467,0.6666666865348816,1
core_003__recovered_calibration__episode_06,STANDARD_DQN,456,20000,2,0,1.6391087770462036,0.3333333432674408,2
core_003__recovered_calibration__episode_07,STANDARD_DQN,456,20000,0,1,5.451850414276123,1.0,0
core_003__recovered_calibration__episode_07,STANDARD_DQN,456,20000,1,3,3.2746188640594482,0.6666666865348816,1
core_003__recovered_calibration__episode_07,STANDARD_DQN,456,20000,2,0,1.6230324506759644,0.3333333432674408,2
core_005__recovered_calibration__episode_01,STANDARD_DQN,456,20000,0,1,3.8996362686157227,1.0,0
core_005__recovered_calibration__episode_01,STANDARD_DQN,456,20000,1,0,2.54813289642334,0.6666666865348816,1
core_005__recovered_calibration__episode_01,STANDARD_DQN,456,20000,2,0,1.25551176071167,0.3333333432674408,2
core_005__recovered_calibration__episode_02,STANDARD_DQN,456,20000,0,1,3.639660596847534,1.0,0
core_005__recovered_calibration__episode_02,STANDARD_DQN,456,20000,1,0,2.354114532470703,0.6666666865348816,1
core_005__recovered_calibration__episode_02,STANDARD_DQN,456,20000,2,0,1.1584954261779785,0.3333333432674408,2
core_005__recovered_calibration__episode_03,STANDARD_DQN,456,20000,0,1,3.418684482574463,1.0,0
core_005__recovered_calibration__episode_03,STANDARD_DQN,456,20000,1,0,2.2123770713806152,0.6666666865348816,1
core_005__recovered_calibration__episode_03,STANDARD_DQN,456,20000,2,0,1.0874916315078735,0.3333333432674408,2
core_006__recovered_calibration__episode_00,STANDARD_DQN,456,20000,0,1,2.440021514892578,1.0,0
core_006__recovered_calibration__episode_00,STANDARD_DQN,456,20000,1,0,1.0194015502929688,0.439696729183197,1
core_006__recovered_calibration__episode_00,STANDARD_DQN,456,20000,2,0,0.05627990514039993,0.024319693446159363,2
core_006__recovered_calibration__episode_01,STANDARD_DQN,456,20000,0,5,7.799272537231445,1.0,0
core_006__recovered_calibration__episode_01,STANDARD_DQN,456,20000,1,5,4.474823951721191,0.6666666865348816,1
core_006__recovered_calibration__episode_01,STANDARD_DQN,456,20000,2,5,1.9614636898040771,0.3333333432674408,2
core_006__recovered_calibration__episode_02,STANDARD_DQN,456,20000,0,5,7.279321193695068,1.0,0
core_006__recovered_calibration__episode_02,STANDARD_DQN,456,20000,1,5,4.17964506149292,0.6666666865348816,1
core_006__recovered_calibration__episode_02,STANDARD_DQN,456,20000,2,1,1.857505202293396,0.3333333432674408,2
core_006__recovered_calibration__episode_03,STANDARD_DQN,456,20000,0,5,6.837368965148926,1.0,0
core_006__recovered_calibration__episode_03,STANDARD_DQN,456,20000,1,5,3.9955050945281982,0.6666666865348816,1
core_006__recovered_calibration__episode_03,STANDARD_DQN,456,20000,2,0,1.782029390335083,0.3333333432674408,2
core_006__recovered_calibration__episode_05,STANDARD_DQN,456,20000,0,5,6.083359241485596,1.0,0
core_006__recovered_calibration__episode_05,STANDARD_DQN,456,20000,1,1,3.5872952938079834,0.6666666865348816,1
core_006__recovered_calibration__episode_05,STANDARD_DQN,456,20000,2,0,1.6314281225204468,0.3333333432674408,2
core_006__recovered_calibration__episode_06,STANDARD_DQN,456,20000,0,1,5.9184889793396,1.0,0
core_006__recovered_calibration__episode_06,STANDARD_DQN,456,20000,1,0,3.5711333751678467,0.6666666865348816,1
core_006__recovered_calibration__episode_06,STANDARD_DQN,456,20000,2,0,1.6391087770462036,0.3333333432674408,2
core_006__recovered_calibration__episode_07,STANDARD_DQN,456,20000,0,1,5.451850414276123,1.0,0
core_006__recovered_calibration__episode_07,STANDARD_DQN,456,20000,1,3,3.2746188640594482,0.6666666865348816,1
core_006__recovered_calibration__episode_07,STANDARD_DQN,456,20000,2,0,1.6230324506759644,0.3333333432674408,2
core_009__recovered_calibration__episode_01,STANDARD_DQN,456,20000,0,2,7.799272537231445,1.0,0
core_009__recovered_calibration__episode_01,STANDARD_DQN,456,20000,1,3,6.568747043609619,0.8565345406532288,1
core_009__recovered_calibration__episode_01,STANDARD_DQN,456,20000,2,1,5.061801433563232,0.6886905431747437,2
core_009__recovered_calibration__episode_01,STANDARD_DQN,456,20000,3,0,3.8024299144744873,0.5325261354446411,3
core_009__recovered_calibration__episode_01,STANDARD_DQN,456,20000,4,0,2.6863057613372803,0.38400569558143616,4
core_009__recovered_calibration__episode_01,STANDARD_DQN,456,20000,5,0,1.547881007194519,0.22751961648464203,5
core_009__recovered_calibration__episode_01,STANDARD_DQN,456,20000,6,5,0.035655427724123,0.005717599764466286,6
core_012__recovered_calibration__episode_01,STANDARD_DQN,456,20000,0,2,7.799272537231445,1.0,0
core_012__recovered_calibration__episode_01,STANDARD_DQN,456,20000,1,3,6.568747043609619,0.8565345406532288,1
core_012__recovered_calibration__episode_01,STANDARD_DQN,456,20000,2,1,5.061801433563232,0.6886905431747437,2
core_012__recovered_calibration__episode_01,STANDARD_DQN,456,20000,3,0,3.8024299144744873,0.5325261354446411,3
core_012__recovered_calibration__episode_01,STANDARD_DQN,456,20000,4,0,2.6863057613372803,0.38400569558143616,4
core_012__recovered_calibration__episode_01,STANDARD_DQN,456,20000,5,0,1.547881007194519,0.22751961648464203,5
core_012__recovered_calibration__episode_01,STANDARD_DQN,456,20000,6,5,0.035655427724123,0.005717599764466286,6
core_002__recovered_calibration__episode_01,STANDARD_DQN,456,25000,0,1,3.8996362686157227,1.0,0
core_002__recovered_calibration__episode_01,STANDARD_DQN,456,25000,1,0,2.54813289642334,0.6666666865348816,1
core_002__recovered_calibration__episode_01,STANDARD_DQN,456,25000,2,0,1.25551176071167,0.3333333432674408,2
core_002__recovered_calibration__episode_02,STANDARD_DQN,456,25000,0,1,3.639660596847534,1.0,0
core_002__recovered_calibration__episode_02,STANDARD_DQN,456,25000,1,0,2.354114532470703,0.6666666865348816,1
core_002__recovered_calibration__episode_02,STANDARD_DQN,456,25000,2,0,1.1584954261779785,0.3333333432674408,2
core_002__recovered_calibration__episode_03,STANDARD_DQN,456,25000,0,1,3.418684482574463,1.0,0
core_002__recovered_calibration__episode_03,STANDARD_DQN,456,25000,1,0,2.2123770713806152,0.6666666865348816,1
core_002__recovered_calibration__episode_03,STANDARD_DQN,456,25000,2,0,1.0874916315078735,0.3333333432674408,2
core_003__recovered_calibration__episode_00,STANDARD_DQN,456,25000,0,1,2.440021514892578,1.0,0
core_003__recovered_calibration__episode_00,STANDARD_DQN,456,25000,1,0,1.0194015502929688,0.439696729183197,1
core_003__recovered_calibration__episode_00,STANDARD_DQN,456,25000,2,5,0.05627990514039993,0.024319693446159363,2
core_003__recovered_calibration__episode_01,STANDARD_DQN,456,25000,0,5,7.799272537231445,1.0,0
core_003__recovered_calibration__episode_01,STANDARD_DQN,456,25000,1,5,4.474823951721191,0.6666666865348816,1
core_003__recovered_calibration__episode_01,STANDARD_DQN,456,25000,2,5,1.9614636898040771,0.3333333432674408,2
core_003__recovered_calibration__episode_02,STANDARD_DQN,456,25000,0,5,7.279321193695068,1.0,0
core_003__recovered_calibration__episode_02,STANDARD_DQN,456,25000,1,5,4.17964506149292,0.6666666865348816,1
core_003__recovered_calibration__episode_02,STANDARD_DQN,456,25000,2,5,1.857505202293396,0.3333333432674408,2
core_003__recovered_calibration__episode_03,STANDARD_DQN,456,25000,0,5,6.837368965148926,1.0,0
core_003__recovered_calibration__episode_03,STANDARD_DQN,456,25000,1,5,3.9955050945281982,0.6666666865348816,1
core_003__recovered_calibration__episode_03,STANDARD_DQN,456,25000,2,5,1.782029390335083,0.3333333432674408,2
core_003__recovered_calibration__episode_05,STANDARD_DQN,456,25000,0,5,6.083359241485596,1.0,0
core_003__recovered_calibration__episode_05,STANDARD_DQN,456,25000,1,1,3.5872952938079834,0.6666666865348816,1
core_003__recovered_calibration__episode_05,STANDARD_DQN,456,25000,2,0,1.6314281225204468,0.3333333432674408,2
core_003__recovered_calibration__episode_06,STANDARD_DQN,456,25000,0,1,5.9184889793396,1.0,0
core_003__recovered_calibration__episode_06,STANDARD_DQN,456,25000,1,0,3.5711333751678467,0.6666666865348816,1
core_003__recovered_calibration__episode_06,STANDARD_DQN,456,25000,2,0,1.6391087770462036,0.3333333432674408,2
core_003__recovered_calibration__episode_07,STANDARD_DQN,456,25000,0,0,5.451850414276123,1.0,0
core_003__recovered_calibration__episode_07,STANDARD_DQN,456,25000,1,3,3.3150336742401123,0.6666666865348816,1
core_003__recovered_calibration__episode_07,STANDARD_DQN,456,25000,2,0,1.6465790271759033,0.3333333432674408,2
core_005__recovered_calibration__episode_01,STANDARD_DQN,456,25000,0,1,3.8996362686157227,1.0,0
core_005__recovered_calibration__episode_01,STANDARD_DQN,456,25000,1,0,2.54813289642334,0.6666666865348816,1
core_005__recovered_calibration__episode_01,STANDARD_DQN,456,25000,2,0,1.25551176071167,0.3333333432674408,2
core_005__recovered_calibration__episode_02,STANDARD_DQN,456,25000,0,1,3.639660596847534,1.0,0
core_005__recovered_calibration__episode_02,STANDARD_DQN,456,25000,1,0,2.354114532470703,0.6666666865348816,1
core_005__recovered_calibration__episode_02,STANDARD_DQN,456,25000,2,0,1.1584954261779785,0.3333333432674408,2
core_005__recovered_calibration__episode_03,STANDARD_DQN,456,25000,0,1,3.418684482574463,1.0,0
core_005__recovered_calibration__episode_03,STANDARD_DQN,456,25000,1,0,2.2123770713806152,0.6666666865348816,1
core_005__recovered_calibration__episode_03,STANDARD_DQN,456,25000,2,0,1.0874916315078735,0.3333333432674408,2
core_006__recovered_calibration__episode_00,STANDARD_DQN,456,25000,0,1,2.440021514892578,1.0,0
core_006__recovered_calibration__episode_00,STANDARD_DQN,456,25000,1,0,1.0194015502929688,0.439696729183197,1
core_006__recovered_calibration__episode_00,STANDARD_DQN,456,25000,2,5,0.05627990514039993,0.024319693446159363,2
core_006__recovered_calibration__episode_01,STANDARD_DQN,456,25000,0,5,7.799272537231445,1.0,0
core_006__recovered_calibration__episode_01,STANDARD_DQN,456,25000,1,5,4.474823951721191,0.6666666865348816,1
core_006__recovered_calibration__episode_01,STANDARD_DQN,456,25000,2,5,1.9614636898040771,0.3333333432674408,2
core_006__recovered_calibration__episode_02,STANDARD_DQN,456,25000,0,5,7.279321193695068,1.0,0
core_006__recovered_calibration__episode_02,STANDARD_DQN,456,25000,1,5,4.17964506149292,0.6666666865348816,1
core_006__recovered_calibration__episode_02,STANDARD_DQN,456,25000,2,5,1.857505202293396,0.3333333432674408,2
core_006__recovered_calibration__episode_03,STANDARD_DQN,456,25000,0,5,6.837368965148926,1.0,0
core_006__recovered_calibration__episode_03,STANDARD_DQN,456,25000,1,5,3.9955050945281982,0.6666666865348816,1
core_006__recovered_calibration__episode_03,STANDARD_DQN,456,25000,2,5,1.782029390335083,0.3333333432674408,2
core_006__recovered_calibration__episode_05,STANDARD_DQN,456,25000,0,5,6.083359241485596,1.0,0
core_006__recovered_calibration__episode_05,STANDARD_DQN,456,25000,1,1,3.5872952938079834,0.6666666865348816,1
core_006__recovered_calibration__episode_05,STANDARD_DQN,456,25000,2,0,1.6314281225204468,0.3333333432674408,2
core_006__recovered_calibration__episode_06,STANDARD_DQN,456,25000,0,1,5.9184889793396,1.0,0
core_006__recovered_calibration__episode_06,STANDARD_DQN,456,25000,1,0,3.5711333751678467,0.6666666865348816,1
core_006__recovered_calibration__episode_06,STANDARD_DQN,456,25000,2,0,1.6391087770462036,0.3333333432674408,2
core_006__recovered_calibration__episode_07,STANDARD_DQN,456,25000,0,0,5.451850414276123,1.0,0
core_006__recovered_calibration__episode_07,STANDARD_DQN,456,25000,1,3,3.3150336742401123,0.6666666865348816,1
core_006__recovered_calibration__episode_07,STANDARD_DQN,456,25000,2,0,1.6465790271759033,0.3333333432674408,2
core_009__recovered_calibration__episode_01,STANDARD_DQN,456,25000,0,2,7.799272537231445,1.0,0
core_009__recovered_calibration__episode_01,STANDARD_DQN,456,25000,1,0,6.568747043609619,0.8565345406532288,1
core_009__recovered_calibration__episode_01,STANDARD_DQN,456,25000,2,1,5.345767498016357,0.7105966806411743,2
core_009__recovered_calibration__episode_01,STANDARD_DQN,456,25000,3,0,4.121428966522217,0.5606455206871033,3
core_009__recovered_calibration__episode_01,STANDARD_DQN,456,25000,4,0,2.985597610473633,0.4139974117279053,4
core_009__recovered_calibration__episode_01,STANDARD_DQN,456,25000,5,0,1.7927329540252686,0.2561718821525574,5
core_009__recovered_calibration__episode_01,STANDARD_DQN,456,25000,6,5,0.23100526630878448,0.036042582243680954,6
core_012__recovered_calibration__episode_01,STANDARD_DQN,456,25000,0,2,7.799272537231445,1.0,0
core_012__recovered_calibration__episode_01,STANDARD_DQN,456,25000,1,0,6.568747043609619,0.8565345406532288,1
core_012__recovered_calibration__episode_01,STANDARD_DQN,456,25000,2,1,5.345767498016357,0.7105966806411743,2
core_012__recovered_calibration__episode_01,STANDARD_DQN,456,25000,3,0,4.121428966522217,0.5606455206871033,3
core_012__recovered_calibration__episode_01,STANDARD_DQN,456,25000,4,0,2.985597610473633,0.4139974117279053,4
core_012__recovered_calibration__episode_01,STANDARD_DQN,456,25000,5,0,1.7927329540252686,0.2561718821525574,5
core_012__recovered_calibration__episode_01,STANDARD_DQN,456,25000,6,5,0.23100526630878448,0.036042582243680954,6
core_002__recovered_calibration__episode_01,STANDARD_DQN,456,30000,0,0,3.8996362686157227,1.0,0
core_002__recovered_calibration__episode_01,STANDARD_DQN,456,30000,1,0,2.5673441886901855,0.6666666865348816,1
core_002__recovered_calibration__episode_01,STANDARD_DQN,456,30000,2,0,1.264838695526123,0.3333333432674408,2
core_002__recovered_calibration__episode_02,STANDARD_DQN,456,30000,0,1,3.639660596847534,1.0,0
core_002__recovered_calibration__episode_02,STANDARD_DQN,456,30000,1,0,2.354114532470703,0.6666666865348816,1
core_002__recovered_calibration__episode_02,STANDARD_DQN,456,30000,2,0,1.1584954261779785,0.3333333432674408,2
core_002__recovered_calibration__episode_03,STANDARD_DQN,456,30000,0,1,3.418684482574463,1.0,0
core_002__recovered_calibration__episode_03,STANDARD_DQN,456,30000,1,0,2.2123770713806152,0.6666666865348816,1
core_002__recovered_calibration__episode_03,STANDARD_DQN,456,30000,2,0,1.0874916315078735,0.3333333432674408,2
core_003__recovered_calibration__episode_00,STANDARD_DQN,456,30000,0,1,2.440021514892578,1.0,0
core_003__recovered_calibration__episode_00,STANDARD_DQN,456,30000,1,0,1.0194015502929688,0.439696729183197,1
core_003__recovered_calibration__episode_00,STANDARD_DQN,456,30000,2,0,0.05627990514039993,0.024319693446159363,2
core_003__recovered_calibration__episode_01,STANDARD_DQN,456,30000,0,5,7.799272537231445,1.0,0
core_003__recovered_calibration__episode_01,STANDARD_DQN,456,30000,1,5,4.474823951721191,0.6666666865348816,1
core_003__recovered_calibration__episode_01,STANDARD_DQN,456,30000,2,5,1.9614636898040771,0.3333333432674408,2
core_003__recovered_calibration__episode_02,STANDARD_DQN,456,30000,0,5,7.279321193695068,1.0,0
core_003__recovered_calibration__episode_02,STANDARD_DQN,456,30000,1,5,4.17964506149292,0.6666666865348816,1
core_003__recovered_calibration__episode_02,STANDARD_DQN,456,30000,2,5,1.857505202293396,0.3333333432674408,2
core_003__recovered_calibration__episode_03,STANDARD_DQN,456,30000,0,5,6.837368965148926,1.0,0
core_003__recovered_calibration__episode_03,STANDARD_DQN,456,30000,1,5,3.9955050945281982,0.6666666865348816,1
core_003__recovered_calibration__episode_03,STANDARD_DQN,456,30000,2,5,1.782029390335083,0.3333333432674408,2
core_003__recovered_calibration__episode_05,STANDARD_DQN,456,30000,0,5,6.083359241485596,1.0,0
core_003__recovered_calibration__episode_05,STANDARD_DQN,456,30000,1,1,3.5872952938079834,0.6666666865348816,1
core_003__recovered_calibration__episode_05,STANDARD_DQN,456,30000,2,0,1.6314281225204468,0.3333333432674408,2
core_003__recovered_calibration__episode_06,STANDARD_DQN,456,30000,0,1,5.9184889793396,1.0,0
core_003__recovered_calibration__episode_06,STANDARD_DQN,456,30000,1,0,3.5711333751678467,0.6666666865348816,1
core_003__recovered_calibration__episode_06,STANDARD_DQN,456,30000,2,5,1.6391087770462036,0.3333333432674408,2
core_003__recovered_calibration__episode_07,STANDARD_DQN,456,30000,0,5,5.451850414276123,1.0,0
core_003__recovered_calibration__episode_07,STANDARD_DQN,456,30000,1,5,3.1848926544189453,0.6666666865348816,1
core_003__recovered_calibration__episode_07,STANDARD_DQN,456,30000,2,0,1.5236003398895264,0.3333333432674408,2
core_005__recovered_calibration__episode_01,STANDARD_DQN,456,30000,0,0,3.8996362686157227,1.0,0
core_005__recovered_calibration__episode_01,STANDARD_DQN,456,30000,1,0,2.5673441886901855,0.6666666865348816,1
core_005__recovered_calibration__episode_01,STANDARD_DQN,456,30000,2,0,1.264838695526123,0.3333333432674408,2
core_005__recovered_calibration__episode_02,STANDARD_DQN,456,30000,0,1,3.639660596847534,1.0,0
core_005__recovered_calibration__episode_02,STANDARD_DQN,456,30000,1,0,2.354114532470703,0.6666666865348816,1
core_005__recovered_calibration__episode_02,STANDARD_DQN,456,30000,2,0,1.1584954261779785,0.3333333432674408,2
core_005__recovered_calibration__episode_03,STANDARD_DQN,456,30000,0,1,3.418684482574463,1.0,0
core_005__recovered_calibration__episode_03,STANDARD_DQN,456,30000,1,0,2.2123770713806152,0.6666666865348816,1
core_005__recovered_calibration__episode_03,STANDARD_DQN,456,30000,2,0,1.0874916315078735,0.3333333432674408,2
core_006__recovered_calibration__episode_00,STANDARD_DQN,456,30000,0,1,2.440021514892578,1.0,0
core_006__recovered_calibration__episode_00,STANDARD_DQN,456,30000,1,0,1.0194015502929688,0.439696729183197,1
core_006__recovered_calibration__episode_00,STANDARD_DQN,456,30000,2,0,0.05627990514039993,0.024319693446159363,2
core_006__recovered_calibration__episode_01,STANDARD_DQN,456,30000,0,5,7.799272537231445,1.0,0
core_006__recovered_calibration__episode_01,STANDARD_DQN,456,30000,1,5,4.474823951721191,0.6666666865348816,1
core_006__recovered_calibration__episode_01,STANDARD_DQN,456,30000,2,5,1.9614636898040771,0.3333333432674408,2
core_006__recovered_calibration__episode_02,STANDARD_DQN,456,30000,0,5,7.279321193695068,1.0,0
core_006__recovered_calibration__episode_02,STANDARD_DQN,456,30000,1,5,4.17964506149292,0.6666666865348816,1
core_006__recovered_calibration__episode_02,STANDARD_DQN,456,30000,2,5,1.857505202293396,0.3333333432674408,2
core_006__recovered_calibration__episode_03,STANDARD_DQN,456,30000,0,5,6.837368965148926,1.0,0
core_006__recovered_calibration__episode_03,STANDARD_DQN,456,30000,1,5,3.9955050945281982,0.6666666865348816,1
core_006__recovered_calibration__episode_03,STANDARD_DQN,456,30000,2,5,1.782029390335083,0.3333333432674408,2
core_006__recovered_calibration__episode_05,STANDARD_DQN,456,30000,0,5,6.083359241485596,1.0,0
core_006__recovered_calibration__episode_05,STANDARD_DQN,456,30000,1,1,3.5872952938079834,0.6666666865348816,1
core_006__recovered_calibration__episode_05,STANDARD_DQN,456,30000,2,0,1.6314281225204468,0.3333333432674408,2
core_006__recovered_calibration__episode_06,STANDARD_DQN,456,30000,0,1,5.9184889793396,1.0,0
core_006__recovered_calibration__episode_06,STANDARD_DQN,456,30000,1,0,3.5711333751678467,0.6666666865348816,1
core_006__recovered_calibration__episode_06,STANDARD_DQN,456,30000,2,5,1.6391087770462036,0.3333333432674408,2
core_006__recovered_calibration__episode_07,STANDARD_DQN,456,30000,0,5,5.451850414276123,1.0,0
core_006__recovered_calibration__episode_07,STANDARD_DQN,456,30000,1,5,3.1848926544189453,0.6666666865348816,1
core_006__recovered_calibration__episode_07,STANDARD_DQN,456,30000,2,0,1.5236003398895264,0.3333333432674408,2
core_009__recovered_calibration__episode_01,STANDARD_DQN,456,30000,0,2,7.799272537231445,1.0,0
core_009__recovered_calibration__episode_01,STANDARD_DQN,456,30000,1,0,6.568747043609619,0.8565345406532288,1
core_009__recovered_calibration__episode_01,STANDARD_DQN,456,30000,2,1,5.345767498016357,0.7105966806411743,2
core_009__recovered_calibration__episode_01,STANDARD_DQN,456,30000,3,0,4.121428966522217,0.5606455206871033,3
core_009__recovered_calibration__episode_01,STANDARD_DQN,456,30000,4,0,2.985597610473633,0.4139974117279053,4
core_009__recovered_calibration__episode_01,STANDARD_DQN,456,30000,5,0,1.7927329540252686,0.2561718821525574,5
core_009__recovered_calibration__episode_01,STANDARD_DQN,456,30000,6,1,0.23100526630878448,0.036042582243680954,6
core_012__recovered_calibration__episode_01,STANDARD_DQN,456,30000,0,2,7.799272537231445,1.0,0
core_012__recovered_calibration__episode_01,STANDARD_DQN,456,30000,1,0,6.568747043609619,0.8565345406532288,1
core_012__recovered_calibration__episode_01,STANDARD_DQN,456,30000,2,1,5.345767498016357,0.7105966806411743,2
core_012__recovered_calibration__episode_01,STANDARD_DQN,456,30000,3,0,4.121428966522217,0.5606455206871033,3
core_012__recovered_calibration__episode_01,STANDARD_DQN,456,30000,4,0,2.985597610473633,0.4139974117279053,4
core_012__recovered_calibration__episode_01,STANDARD_DQN,456,30000,5,0,1.7927329540252686,0.2561718821525574,5
core_012__recovered_calibration__episode_01,STANDARD_DQN,456,30000,6,1,0.23100526630878448,0.036042582243680954,6
core_002__recovered_calibration__episode_01,STANDARD_DQN,456,final,0,5,3.8996362686157227,1.0,0
core_002__recovered_calibration__episode_01,STANDARD_DQN,456,final,1,5,1.542265772819519,0.45833316445350647,1
core_002__recovered_calibration__episode_02,STANDARD_DQN,456,final,0,5,3.639660596847534,1.0,0
core_002__recovered_calibration__episode_02,STANDARD_DQN,456,final,1,5,1.3806415796279907,0.43933695554733276,1
core_002__recovered_calibration__episode_03,STANDARD_DQN,456,final,0,5,3.418684482574463,1.0,0
core_002__recovered_calibration__episode_03,STANDARD_DQN,456,final,1,5,1.3835999965667725,0.46063947677612305,1
core_003__recovered_calibration__episode_00,STANDARD_DQN,456,final,0,5,2.440021514892578,1.0,0
core_003__recovered_calibration__episode_00,STANDARD_DQN,456,final,1,4,0.7042479515075684,0.31618788838386536,1
core_003__recovered_calibration__episode_01,STANDARD_DQN,456,final,0,5,7.799272537231445,1.0,0
core_003__recovered_calibration__episode_01,STANDARD_DQN,456,final,1,5,4.474823951721191,0.6666666865348816,1
core_003__recovered_calibration__episode_01,STANDARD_DQN,456,final,2,5,1.9614636898040771,0.3333333432674408,2
core_003__recovered_calibration__episode_02,STANDARD_DQN,456,final,0,5,7.279321193695068,1.0,0
core_003__recovered_calibration__episode_02,STANDARD_DQN,456,final,1,5,4.17964506149292,0.6666666865348816,1
core_003__recovered_calibration__episode_02,STANDARD_DQN,456,final,2,5,1.857505202293396,0.3333333432674408,2
core_003__recovered_calibration__episode_03,STANDARD_DQN,456,final,0,5,6.837368965148926,1.0,0
core_003__recovered_calibration__episode_03,STANDARD_DQN,456,final,1,5,3.9955050945281982,0.6666666865348816,1
core_003__recovered_calibration__episode_03,STANDARD_DQN,456,final,2,5,1.782029390335083,0.3333333432674408,2
core_003__recovered_calibration__episode_05,STANDARD_DQN,456,final,0,5,6.083359241485596,1.0,0
core_003__recovered_calibration__episode_05,STANDARD_DQN,456,final,1,5,3.5872952938079834,0.6666666865348816,1
core_003__recovered_calibration__episode_05,STANDARD_DQN,456,final,2,5,1.5877481698989868,0.3333333432674408,2
core_003__recovered_calibration__episode_06,STANDARD_DQN,456,final,0,5,5.9184889793396,1.0,0
core_003__recovered_calibration__episode_06,STANDARD_DQN,456,final,1,5,3.453397512435913,0.6666666865348816,1
core_003__recovered_calibration__episode_06,STANDARD_DQN,456,final,2,5,1.528417944908142,0.3333333432674408,2
core_003__recovered_calibration__episode_07,STANDARD_DQN,456,final,0,5,5.451850414276123,1.0,0
core_003__recovered_calibration__episode_07,STANDARD_DQN,456,final,1,5,3.1848926544189453,0.6666666865348816,1
core_003__recovered_calibration__episode_07,STANDARD_DQN,456,final,2,5,1.5236003398895264,0.3333333432674408,2
core_005__recovered_calibration__episode_01,STANDARD_DQN,456,final,0,5,3.8996362686157227,1.0,0
core_005__recovered_calibration__episode_01,STANDARD_DQN,456,final,1,5,1.542265772819519,0.45833316445350647,1
core_005__recovered_calibration__episode_02,STANDARD_DQN,456,final,0,5,3.639660596847534,1.0,0
core_005__recovered_calibration__episode_02,STANDARD_DQN,456,final,1,5,1.3806415796279907,0.43933695554733276,1
core_005__recovered_calibration__episode_03,STANDARD_DQN,456,final,0,5,3.418684482574463,1.0,0
core_005__recovered_calibration__episode_03,STANDARD_DQN,456,final,1,5,1.3835999965667725,0.46063947677612305,1
core_006__recovered_calibration__episode_00,STANDARD_DQN,456,final,0,5,2.440021514892578,1.0,0
core_006__recovered_calibration__episode_00,STANDARD_DQN,456,final,1,4,0.7042479515075684,0.31618788838386536,1
core_006__recovered_calibration__episode_01,STANDARD_DQN,456,final,0,5,7.799272537231445,1.0,0
core_006__recovered_calibration__episode_01,STANDARD_DQN,456,final,1,5,4.474823951721191,0.6666666865348816,1
core_006__recovered_calibration__episode_01,STANDARD_DQN,456,final,2,5,1.9614636898040771,0.3333333432674408,2
core_006__recovered_calibration__episode_02,STANDARD_DQN,456,final,0,5,7.279321193695068,1.0,0
core_006__recovered_calibration__episode_02,STANDARD_DQN,456,final,1,5,4.17964506149292,0.6666666865348816,1
core_006__recovered_calibration__episode_02,STANDARD_DQN,456,final,2,5,1.857505202293396,0.3333333432674408,2
core_006__recovered_calibration__episode_03,STANDARD_DQN,456,final,0,5,6.837368965148926,1.0,0
core_006__recovered_calibration__episode_03,STANDARD_DQN,456,final,1,5,3.9955050945281982,0.6666666865348816,1
core_006__recovered_calibration__episode_03,STANDARD_DQN,456,final,2,5,1.782029390335083,0.3333333432674408,2
core_006__recovered_calibration__episode_05,STANDARD_DQN,456,final,0,5,6.083359241485596,1.0,0
core_006__recovered_calibration__episode_05,STANDARD_DQN,456,final,1,5,3.5872952938079834,0.6666666865348816,1
core_006__recovered_calibration__episode_05,STANDARD_DQN,456,final,2,5,1.5877481698989868,0.3333333432674408,2
core_006__recovered_calibration__episode_06,STANDARD_DQN,456,final,0,5,5.9184889793396,1.0,0
core_006__recovered_calibration__episode_06,STANDARD_DQN,456,final,1,5,3.453397512435913,0.6666666865348816,1
core_006__recovered_calibration__episode_06,STANDARD_DQN,456,final,2,5,1.528417944908142,0.3333333432674408,2
core_006__recovered_calibration__episode_07,STANDARD_DQN,456,final,0,5,5.451850414276123,1.0,0
core_006__recovered_calibration__episode_07,STANDARD_DQN,456,final,1,5,3.1848926544189453,0.6666666865348816,1
core_006__recovered_calibration__episode_07,STANDARD_DQN,456,final,2,5,1.5236003398895264,0.3333333432674408,2
core_009__recovered_calibration__episode_01,STANDARD_DQN,456,final,0,5,7.799272537231445,1.0,0
core_009__recovered_calibration__episode_01,STANDARD_DQN,456,final,1,5,4.875975608825684,0.7264308929443359,1
core_009__recovered_calibration__episode_01,STANDARD_DQN,456,final,2,5,2.6567885875701904,0.4514976143836975,2
core_009__recovered_calibration__episode_01,STANDARD_DQN,456,final,3,4,0.9248785376548767,0.17656037211418152,3
core_012__recovered_calibration__episode_01,STANDARD_DQN,456,final,0,5,7.799272537231445,1.0,0
core_012__recovered_calibration__episode_01,STANDARD_DQN,456,final,1,5,4.875975608825684,0.7264308929443359,1
core_012__recovered_calibration__episode_01,STANDARD_DQN,456,final,2,5,2.6567885875701904,0.4514976143836975,2
core_012__recovered_calibration__episode_01,STANDARD_DQN,456,final,3,4,0.9248785376548767,0.17656037211418152,3
