state_id,scenario_id,calibration_mode,source_policy,episode_index,day,prefix_actions,inventory_coverage_state,fraction_expiring_today,fraction_expiring_within_two_days,predicted_baseline_demand,episode_day,episode_period,remaining_inventory_life,shelf_life_class,scenario_inventory_coverage,age_profile,margin_scenario,disposal_scenario,demand_target,response_model,first_action,first_markdown,continuation_policy,first_step_reward,total_normalized_accounting_profit,total_waste_rate,sell_through_rate,terminal_inventory,continuation_return,action_value_difference_vs_first_action_0pct,preferred_multistep_first_action,continuation_action_0_share,continuation_action_1_share,continuation_action_2_share,continuation_action_3_share,continuation_action_4_share,continuation_action_5_share
state_0000,core_002,observed_calibration,always_0pct,0,0,,1.10713791847229,0.3333333432674408,0.6666666865348816,1.5271564722061157,0,early,3,short_shelf_life,balanced_inventory,uniform,medium_margin,moderate_disposal_cost,observed_sales_demand,observed_target_response,0,0.0,always_0pct,0.44999999999999996,0.44999999999999996,0.0,1.0,1.1102230246251565e-16,0.0,0.0,0,,,,,,
state_0000,core_002,observed_calibration,always_0pct,0,0,,1.10713791847229,0.3333333432674408,0.6666666865348816,1.5271564722061157,0,early,3,short_shelf_life,balanced_inventory,uniform,medium_margin,moderate_disposal_cost,observed_sales_demand,observed_target_response,1,0.05,always_0pct,0.39999999999999997,0.39999999999999997,0.0,1.0,1.1102230246251565e-16,0.0,-0.04999999999999999,0,,,,,,
state_0000,core_002,observed_calibration,always_0pct,0,0,,1.10713791847229,0.3333333432674408,0.6666666865348816,1.5271564722061157,0,early,3,short_shelf_life,balanced_inventory,uniform,medium_margin,moderate_disposal_cost,observed_sales_demand,observed_target_response,2,0.1,always_0pct,0.3499999999999999,0.3499999999999999,0.0,1.0,1.1102230246251565e-16,0.0,-0.10000000000000003,0,,,,,,
state_0000,core_002,observed_calibration,always_0pct,0,0,,1.10713791847229,0.3333333432674408,0.6666666865348816,1.5271564722061157,0,early,3,short_shelf_life,balanced_inventory,uniform,medium_margin,moderate_disposal_cost,observed_sales_demand,observed_target_response,3,0.2,always_0pct,0.25,0.25,0.0,1.0,1.1102230246251565e-16,0.0,-0.19999999999999996,0,,,,,,
state_0000,core_002,observed_calibration,always_0pct,0,0,,1.10713791847229,0.3333333432674408,0.6666666865348816,1.5271564722061157,0,early,3,short_shelf_life,balanced_inventory,uniform,medium_margin,moderate_disposal_cost,observed_sales_demand,observed_target_response,4,0.3,always_0pct,0.14999999999999997,0.14999999999999997,0.0,1.0,1.1102230246251565e-16,0.0,-0.3,0,,,,,,
state_0000,core_002,observed_calibration,always_0pct,0,0,,1.10713791847229,0.3333333432674408,0.6666666865348816,1.5271564722061157,0,early,3,short_shelf_life,balanced_inventory,uniform,medium_margin,moderate_disposal_cost,observed_sales_demand,observed_target_response,5,0.4,always_0pct,0.049999999999999926,0.049999999999999926,0.0,1.0,1.1102230246251565e-16,0.0,-0.4,0,,,,,,
state_0000,core_002,observed_calibration,always_0pct,0,0,,1.10713791847229,0.3333333432674408,0.6666666865348816,1.5271564722061157,0,early,3,short_shelf_life,balanced_inventory,uniform,medium_margin,moderate_disposal_cost,observed_sales_demand,observed_target_response,0,0.0,expiry_threshold_rule,0.44999999999999996,0.44999999999999996,0.0,1.0,1.1102230246251565e-16,0.0,0.0,0,,,,,,
state_0000,core_002,observed_calibration,always_0pct,0,0,,1.10713791847229,0.3333333432674408,0.6666666865348816,1.5271564722061157,0,early,3,short_shelf_life,balanced_inventory,uniform,medium_margin,moderate_disposal_cost,observed_sales_demand,observed_target_response,1,0.05,expiry_threshold_rule,0.39999999999999997,0.39999999999999997,0.0,1.0,1.1102230246251565e-16,0.0,-0.04999999999999999,0,,,,,,
state_0000,core_002,observed_calibration,always_0pct,0,0,,1.10713791847229,0.3333333432674408,0.6666666865348816,1.5271564722061157,0,early,3,short_shelf_life,balanced_inventory,uniform,medium_margin,moderate_disposal_cost,observed_sales_demand,observed_target_response,2,0.1,expiry_threshold_rule,0.3499999999999999,0.3499999999999999,0.0,1.0,1.1102230246251565e-16,0.0,-0.10000000000000003,0,,,,,,
state_0000,core_002,observed_calibration,always_0pct,0,0,,1.10713791847229,0.3333333432674408,0.6666666865348816,1.5271564722061157,0,early,3,short_shelf_life,balanced_inventory,uniform,medium_margin,moderate_disposal_cost,observed_sales_demand,observed_target_response,3,0.2,expiry_threshold_rule,0.25,0.25,0.0,1.0,1.1102230246251565e-16,0.0,-0.19999999999999996,0,,,,,,
state_0000,core_002,observed_calibration,always_0pct,0,0,,1.10713791847229,0.3333333432674408,0.6666666865348816,1.5271564722061157,0,early,3,short_shelf_life,balanced_inventory,uniform,medium_margin,moderate_disposal_cost,observed_sales_demand,observed_target_response,4,0.3,expiry_threshold_rule,0.14999999999999997,0.14999999999999997,0.0,1.0,1.1102230246251565e-16,0.0,-0.3,0,,,,,,
state_0000,core_002,observed_calibration,always_0pct,0,0,,1.10713791847229,0.3333333432674408,0.6666666865348816,1.5271564722061157,0,early,3,short_shelf_life,balanced_inventory,uniform,medium_margin,moderate_disposal_cost,observed_sales_demand,observed_target_response,5,0.4,expiry_threshold_rule,0.049999999999999926,0.049999999999999926,0.0,1.0,1.1102230246251565e-16,0.0,-0.4,0,,,,,,
state_0000,core_002,observed_calibration,always_0pct,0,0,,1.10713791847229,0.3333333432674408,0.6666666865348816,1.5271564722061157,0,early,3,short_shelf_life,balanced_inventory,uniform,medium_margin,moderate_disposal_cost,observed_sales_demand,observed_target_response,0,0.0,inventory_coverage_rule,0.44999999999999996,0.44999999999999996,0.0,1.0,1.1102230246251565e-16,0.0,0.0,0,,,,,,
state_0000,core_002,observed_calibration,always_0pct,0,0,,1.10713791847229,0.3333333432674408,0.6666666865348816,1.5271564722061157,0,early,3,short_shelf_life,balanced_inventory,uniform,medium_margin,moderate_disposal_cost,observed_sales_demand,observed_target_response,1,0.05,inventory_coverage_rule,0.39999999999999997,0.39999999999999997,0.0,1.0,1.1102230246251565e-16,0.0,-0.04999999999999999,0,,,,,,
state_0000,core_002,observed_calibration,always_0pct,0,0,,1.10713791847229,0.3333333432674408,0.6666666865348816,1.5271564722061157,0,early,3,short_shelf_life,balanced_inventory,uniform,medium_margin,moderate_disposal_cost,observed_sales_demand,observed_target_response,2,0.1,inventory_coverage_rule,0.3499999999999999,0.3499999999999999,0.0,1.0,1.1102230246251565e-16,0.0,-0.10000000000000003,0,,,,,,
state_0000,core_002,observed_calibration,always_0pct,0,0,,1.10713791847229,0.3333333432674408,0.6666666865348816,1.5271564722061157,0,early,3,short_shelf_life,balanced_inventory,uniform,medium_margin,moderate_disposal_cost,observed_sales_demand,observed_target_response,3,0.2,inventory_coverage_rule,0.25,0.25,0.0,1.0,1.1102230246251565e-16,0.0,-0.19999999999999996,0,,,,,,
state_0000,core_002,observed_calibration,always_0pct,0,0,,1.10713791847229,0.3333333432674408,0.6666666865348816,1.5271564722061157,0,early,3,short_shelf_life,balanced_inventory,uniform,medium_margin,moderate_disposal_cost,observed_sales_demand,observed_target_response,4,0.3,inventory_coverage_rule,0.14999999999999997,0.14999999999999997,0.0,1.0,1.1102230246251565e-16,0.0,-0.3,0,,,,,,
state_0000,core_002,observed_calibration,always_0pct,0,0,,1.10713791847229,0.3333333432674408,0.6666666865348816,1.5271564722061157,0,early,3,short_shelf_life,balanced_inventory,uniform,medium_margin,moderate_disposal_cost,observed_sales_demand,observed_target_response,5,0.4,inventory_coverage_rule,0.049999999999999926,0.049999999999999926,0.0,1.0,1.1102230246251565e-16,0.0,-0.4,0,,,,,,
state_0000,core_002,observed_calibration,always_0pct,0,0,,1.10713791847229,0.3333333432674408,0.6666666865348816,1.5271564722061157,0,early,3,short_shelf_life,balanced_inventory,uniform,medium_margin,moderate_disposal_cost,observed_sales_demand,observed_target_response,0,0.0,greedy_financial,0.44999999999999996,0.44999999999999996,0.0,1.0,1.1102230246251565e-16,0.0,0.0,0,,,,,,
state_0000,core_002,observed_calibration,always_0pct,0,0,,1.10713791847229,0.3333333432674408,0.6666666865348816,1.5271564722061157,0,early,3,short_shelf_life,balanced_inventory,uniform,medium_margin,moderate_disposal_cost,observed_sales_demand,observed_target_response,1,0.05,greedy_financial,0.39999999999999997,0.39999999999999997,0.0,1.0,1.1102230246251565e-16,0.0,-0.04999999999999999,0,,,,,,
state_0000,core_002,observed_calibration,always_0pct,0,0,,1.10713791847229,0.3333333432674408,0.6666666865348816,1.5271564722061157,0,early,3,short_shelf_life,balanced_inventory,uniform,medium_margin,moderate_disposal_cost,observed_sales_demand,observed_target_response,2,0.1,greedy_financial,0.3499999999999999,0.3499999999999999,0.0,1.0,1.1102230246251565e-16,0.0,-0.10000000000000003,0,,,,,,
state_0000,core_002,observed_calibration,always_0pct,0,0,,1.10713791847229,0.3333333432674408,0.6666666865348816,1.5271564722061157,0,early,3,short_shelf_life,balanced_inventory,uniform,medium_margin,moderate_disposal_cost,observed_sales_demand,observed_target_response,3,0.2,greedy_financial,0.25,0.25,0.0,1.0,1.1102230246251565e-16,0.0,-0.19999999999999996,0,,,,,,
state_0000,core_002,observed_calibration,always_0pct,0,0,,1.10713791847229,0.3333333432674408,0.6666666865348816,1.5271564722061157,0,early,3,short_shelf_life,balanced_inventory,uniform,medium_margin,moderate_disposal_cost,observed_sales_demand,observed_target_response,4,0.3,greedy_financial,0.14999999999999997,0.14999999999999997,0.0,1.0,1.1102230246251565e-16,0.0,-0.3,0,,,,,,
state_0000,core_002,observed_calibration,always_0pct,0,0,,1.10713791847229,0.3333333432674408,0.6666666865348816,1.5271564722061157,0,early,3,short_shelf_life,balanced_inventory,uniform,medium_margin,moderate_disposal_cost,observed_sales_demand,observed_target_response,5,0.4,greedy_financial,0.049999999999999926,0.049999999999999926,0.0,1.0,1.1102230246251565e-16,0.0,-0.4,0,,,,,,
state_0001,core_002,observed_calibration,always_0pct,1,0,,3.0921051502227783,0.3333333432674408,0.6666666865348816,0.46009570360183716,0,early,3,short_shelf_life,balanced_inventory,uniform,medium_margin,moderate_disposal_cost,observed_sales_demand,observed_target_response,0,0.0,always_0pct,-0.1780077252203781,0.45000000000000007,0.0,1.0,0.0,0.6280077252203782,0.0,0,1.0,0.0,0.0,0.0,0.0,0.0
state_0001,core_002,observed_calibration,always_0pct,1,0,,3.0921051502227783,0.3333333432674408,0.6666666865348816,0.46009570360183716,0,early,3,short_shelf_life,balanced_inventory,uniform,medium_margin,moderate_disposal_cost,observed_sales_demand,observed_target_response,1,0.05,always_0pct,-0.1918975308146817,0.43115250162182545,0.0,1.0,0.0,0.6230500324365071,-0.01884749837817462,0,1.0,0.0,0.0,0.0,0.0,0.0
state_0001,core_002,observed_calibration,always_0pct,1,0,,3.0921051502227783,0.3333333432674408,0.6666666865348816,0.46009570360183716,0,early,3,short_shelf_life,balanced_inventory,uniform,medium_margin,moderate_disposal_cost,observed_sales_demand,observed_target_response,2,0.1,always_0pct,-0.21098896936912864,0.41233210770768103,0.0,1.0000000000000002,0.0,0.6233210770768096,-0.03766789229231904,0,1.0,0.0,0.0,0.0,0.0,0.0
state_0001,core_002,observed_calibration,always_0pct,1,0,,3.0921051502227783,0.3333333432674408,0.6666666865348816,0.46009570360183716,0,early,3,short_shelf_life,balanced_inventory,uniform,medium_margin,moderate_disposal_cost,observed_sales_demand,observed_target_response,3,0.2,always_0pct,-0.23022835278080134,0.37005708819520045,0.0,1.0,0.0,0.6002854409760018,-0.07994291180479962,0,1.0,0.0,0.0,0.0,0.0,0.0
state_0001,core_002,observed_calibration,always_0pct,1,0,,3.0921051502227783,0.3333333432674408,0.6666666865348816,0.46009570360183716,0,early,3,short_shelf_life,balanced_inventory,uniform,medium_margin,moderate_disposal_cost,observed_sales_demand,observed_target_response,4,0.3,always_0pct,-0.16662083766283753,0.28569464471264466,0.0,1.0000000000000002,0.0,0.45231548237548225,-0.1643053552873554,0,1.0,0.0,0.0,0.0,0.0,0.0
state_0001,core_002,observed_calibration,always_0pct,1,0,,3.0921051502227783,0.3333333432674408,0.6666666865348816,0.46009570360183716,0,early,3,short_shelf_life,balanced_inventory,uniform,medium_margin,moderate_disposal_cost,observed_sales_demand,observed_target_response,5,0.4,always_0pct,-0.028668212891023673,0.10244547526068254,0.0,1.0,0.0,0.1311136881517062,-0.3475545247393175,0,1.0,0.0,0.0,0.0,0.0,0.0
state_0001,core_002,observed_calibration,always_0pct,1,0,,3.0921051502227783,0.3333333432674408,0.6666666865348816,0.46009570360183716,0,early,3,short_shelf_life,balanced_inventory,uniform,medium_margin,moderate_disposal_cost,observed_sales_demand,observed_target_response,0,0.0,expiry_threshold_rule,-0.1780077252203781,0.19879690991184878,0.0,1.0000000000000002,0.0,0.3768046351322269,0.0,0,0.0,0.0,0.0,0.0,0.0,1.0
state_0001,core_002,observed_calibration,always_0pct,1,0,,3.0921051502227783,0.3333333432674408,0.6666666865348816,0.46009570360183716,0,early,3,short_shelf_life,balanced_inventory,uniform,medium_margin,moderate_disposal_cost,observed_sales_demand,observed_target_response,1,0.05,expiry_threshold_rule,-0.1918975308146817,0.18193248864722253,0.0,1.0,5.551115123125783e-17,0.3738300194619042,-0.016864421264626256,0,0.0,0.0,0.0,0.0,0.0,1.0
state_0001,core_002,observed_calibration,always_0pct,1,0,,3.0921051502227783,0.3333333432674408,0.6666666865348816,0.46009570360183716,0,early,3,short_shelf_life,balanced_inventory,uniform,medium_margin,moderate_disposal_cost,observed_sales_demand,observed_target_response,2,0.1,expiry_threshold_rule,-0.21098896936912864,0.16300367687695713,0.0,1.0,0.0,0.3739926462460858,-0.03579323303489165,0,0.0,0.0,0.0,0.0,0.0,1.0
state_0001,core_002,observed_calibration,always_0pct,1,0,,3.0921051502227783,0.3333333432674408,0.6666666865348816,0.46009570360183716,0,early,3,short_shelf_life,balanced_inventory,uniform,medium_margin,moderate_disposal_cost,observed_sales_demand,observed_target_response,3,0.2,expiry_threshold_rule,-0.23022835278080134,0.1299429118047997,0.0,1.0,5.551115123125783e-17,0.360171264585601,-0.06885399810704909,0,0.0,0.0,0.0,0.0,0.0,1.0
state_0001,core_002,observed_calibration,always_0pct,1,0,,3.0921051502227783,0.3333333432674408,0.6666666865348816,0.46009570360183716,0,early,3,short_shelf_life,balanced_inventory,uniform,medium_margin,moderate_disposal_cost,observed_sales_demand,observed_target_response,4,0.3,expiry_threshold_rule,-0.16662083766283753,0.10476845176245177,0.0,1.0,0.0,0.2713892894252893,-0.09402845814939702,0,0.0,0.0,0.0,0.0,0.0,1.0
state_0001,core_002,observed_calibration,always_0pct,1,0,,3.0921051502227783,0.3333333432674408,0.6666666865348816,0.46009570360183716,0,early,3,short_shelf_life,balanced_inventory,uniform,medium_margin,moderate_disposal_cost,observed_sales_demand,observed_target_response,5,0.4,expiry_threshold_rule,-0.028668212891023673,0.05000000000000005,0.0,1.0,0.0,0.07866821289102373,-0.14879690991184874,0,0.0,0.0,0.0,0.0,0.0,1.0
state_0001,core_002,observed_calibration,always_0pct,1,0,,3.0921051502227783,0.3333333432674408,0.6666666865348816,0.46009570360183716,0,early,3,short_shelf_life,balanced_inventory,uniform,medium_margin,moderate_disposal_cost,observed_sales_demand,observed_target_response,0,0.0,inventory_coverage_rule,-0.1780077252203781,0.280408156679861,0.0,1.0000000000000002,0.0,0.4584158819002392,0.0,0,0.5,0.0,0.0,0.0,0.5,0.0
state_0001,core_002,observed_calibration,always_0pct,1,0,,3.0921051502227783,0.3333333432674408,0.6666666865348816,0.46009570360183716,0,early,3,short_shelf_life,balanced_inventory,uniform,medium_margin,moderate_disposal_cost,observed_sales_demand,observed_target_response,1,0.05,inventory_coverage_rule,-0.1918975308146817,0.2615606583016864,0.0,1.0,0.0,0.4534581891163681,-0.01884749837817462,0,0.5,0.0,0.0,0.0,0.5,0.0
state_0001,core_002,observed_calibration,always_0pct,1,0,,3.0921051502227783,0.3333333432674408,0.6666666865348816,0.46009570360183716,0,early,3,short_shelf_life,balanced_inventory,uniform,medium_margin,moderate_disposal_cost,observed_sales_demand,observed_target_response,2,0.1,inventory_coverage_rule,-0.21098896936912864,0.242740264387542,0.0,1.0,0.0,0.4537292337566706,-0.03766789229231901,0,0.5,0.0,0.0,0.0,0.5,0.0
state_0001,core_002,observed_calibration,always_0pct,1,0,,3.0921051502227783,0.3333333432674408,0.6666666865348816,0.46009570360183716,0,early,3,short_shelf_life,balanced_inventory,uniform,medium_margin,moderate_disposal_cost,observed_sales_demand,observed_target_response,3,0.2,inventory_coverage_rule,-0.23022835278080134,0.20046524487506143,0.0,1.0,0.0,0.4306935976558628,-0.0799429118047996,0,0.5,0.0,0.0,0.0,0.5,0.0
state_0001,core_002,observed_calibration,always_0pct,1,0,,3.0921051502227783,0.3333333432674408,0.6666666865348816,0.46009570360183716,0,early,3,short_shelf_life,balanced_inventory,uniform,medium_margin,moderate_disposal_cost,observed_sales_demand,observed_target_response,4,0.3,inventory_coverage_rule,-0.16662083766283753,0.20162199763295083,0.0,1.0,0.0,0.3682428352957884,-0.07878615904691019,0,0.5,0.0,0.0,0.5,0.0,0.0
state_0001,core_002,observed_calibration,always_0pct,1,0,,3.0921051502227783,0.3333333432674408,0.6666666865348816,0.46009570360183716,0,early,3,short_shelf_life,balanced_inventory,uniform,medium_margin,moderate_disposal_cost,observed_sales_demand,observed_target_response,5,0.4,inventory_coverage_rule,-0.028668212891023673,0.10244547526068254,0.0,1.0,0.0,0.1311136881517062,-0.17796268141917848,0,1.0,0.0,0.0,0.0,0.0,0.0
state_0001,core_002,observed_calibration,always_0pct,1,0,,3.0921051502227783,0.3333333432674408,0.6666666865348816,0.46009570360183716,0,early,3,short_shelf_life,balanced_inventory,uniform,medium_margin,moderate_disposal_cost,observed_sales_demand,observed_target_response,0,0.0,greedy_financial,-0.1780077252203781,0.280408156679861,0.0,1.0000000000000002,0.0,0.4584158819002392,0.0,4,0.5,0.0,0.0,0.0,0.5,0.0
state_0001,core_002,observed_calibration,always_0pct,1,0,,3.0921051502227783,0.3333333432674408,0.6666666865348816,0.46009570360183716,0,early,3,short_shelf_life,balanced_inventory,uniform,medium_margin,moderate_disposal_cost,observed_sales_demand,observed_target_response,1,0.05,greedy_financial,-0.1918975308146817,0.2615606583016864,0.0,1.0,0.0,0.4534581891163681,-0.01884749837817462,4,0.5,0.0,0.0,0.0,0.5,0.0
state_0001,core_002,observed_calibration,always_0pct,1,0,,3.0921051502227783,0.3333333432674408,0.6666666865348816,0.46009570360183716,0,early,3,short_shelf_life,balanced_inventory,uniform,medium_margin,moderate_disposal_cost,observed_sales_demand,observed_target_response,2,0.1,greedy_financial,-0.21098896936912864,0.242740264387542,0.0,1.0,0.0,0.4537292337566706,-0.03766789229231901,4,0.5,0.0,0.0,0.0,0.5,0.0
state_0001,core_002,observed_calibration,always_0pct,1,0,,3.0921051502227783,0.3333333432674408,0.6666666865348816,0.46009570360183716,0,early,3,short_shelf_life,balanced_inventory,uniform,medium_margin,moderate_disposal_cost,observed_sales_demand,observed_target_response,3,0.2,greedy_financial,-0.23022835278080134,0.20046524487506143,0.0,1.0,0.0,0.4306935976558628,-0.0799429118047996,4,0.5,0.0,0.0,0.0,0.5,0.0
state_0001,core_002,observed_calibration,always_0pct,1,0,,3.0921051502227783,0.3333333432674408,0.6666666865348816,0.46009570360183716,0,early,3,short_shelf_life,balanced_inventory,uniform,medium_margin,moderate_disposal_cost,observed_sales_demand,observed_target_response,4,0.3,greedy_financial,-0.16662083766283753,0.28569464471264466,0.0,1.0000000000000002,0.0,0.45231548237548225,0.005286488032783643,4,1.0,0.0,0.0,0.0,0.0,0.0
state_0001,core_002,observed_calibration,always_0pct,1,0,,3.0921051502227783,0.3333333432674408,0.6666666865348816,0.46009570360183716,0,early,3,short_shelf_life,balanced_inventory,uniform,medium_margin,moderate_disposal_cost,observed_sales_demand,observed_target_response,5,0.4,greedy_financial,-0.028668212891023673,0.10244547526068254,0.0,1.0,0.0,0.1311136881517062,-0.17796268141917848,4,1.0,0.0,0.0,0.0,0.0,0.0
state_0002,core_002,observed_calibration,always_0pct,1,1,0,1.9010639190673828,0.46922096610069275,1.0,0.47374415397644043,1,early,2,short_shelf_life,balanced_inventory,uniform,medium_margin,moderate_disposal_cost,observed_sales_demand,observed_target_response,0,0.0,always_0pct,0.38302719085367337,0.45000000000000007,0.0,1.0,0.0,0.24498053436670483,0.0,0,1.0,0.0,0.0,0.0,0.0,0.0
state_0002,core_002,observed_calibration,always_0pct,1,1,0,1.9010639190673828,0.46922096610069275,1.0,0.47374415397644043,1,early,2,short_shelf_life,balanced_inventory,uniform,medium_margin,moderate_disposal_cost,observed_sales_demand,observed_target_response,1,0.05,always_0pct,0.37009475753584004,0.4305213285507453,0.0,1.0,0.0,0.23843429623528337,-0.019478671449254747,0,1.0,0.0,0.0,0.0,0.0,0.0
state_0002,core_002,observed_calibration,always_0pct,1,1,0,1.9010639190673828,0.46922096610069275,1.0,0.47374415397644043,1,early,2,short_shelf_life,balanced_inventory,uniform,medium_margin,moderate_disposal_cost,observed_sales_demand,observed_target_response,2,0.1,always_0pct,0.3503695482960278,0.41107005018933035,0.0,1.0,0.0,0.23870822711368067,-0.03892994981066972,0,1.0,0.0,0.0,0.0,0.0,0.0
state_0002,core_002,observed_calibration,always_0pct,1,1,0,1.9010639190673828,0.46922096610069275,1.0,0.47374415397644043,1,early,2,short_shelf_life,balanced_inventory,uniform,medium_margin,moderate_disposal_cost,observed_sales_demand,observed_target_response,3,0.2,always_0pct,0.326814975395181,0.36829625615120487,0.0,1.0000000000000002,0.0,0.21948900597640195,-0.0817037438487952,0,1.0,0.0,0.0,0.0,0.0,0.0
state_0002,core_002,observed_calibration,always_0pct,1,1,0,1.9010639190673828,0.46922096610069275,1.0,0.47374415397644043,1,early,2,short_shelf_life,balanced_inventory,uniform,medium_margin,moderate_disposal_cost,observed_sales_demand,observed_target_response,4,0.3,always_0pct,0.39571430108032435,0.280408156679861,0.0,1.0000000000000002,0.0,0.06270158081991481,-0.16959184332013905,0,1.0,0.0,0.0,0.0,0.0,0.0
state_0002,core_002,observed_calibration,always_0pct,1,1,0,1.9010639190673828,0.46922096610069275,1.0,0.47374415397644043,1,early,2,short_shelf_life,balanced_inventory,uniform,medium_margin,moderate_disposal_cost,observed_sales_demand,observed_target_response,5,0.4,always_0pct,0.3768046351322269,0.19879690991184878,0.0,1.0000000000000002,0.0,0.0,-0.2512030900881513,0,,,,,,
state_0002,core_002,observed_calibration,always_0pct,1,1,0,1.9010639190673828,0.46922096610069275,1.0,0.47374415397644043,1,early,2,short_shelf_life,balanced_inventory,uniform,medium_margin,moderate_disposal_cost,observed_sales_demand,observed_target_response,0,0.0,expiry_threshold_rule,0.38302719085367337,0.35200778625331813,0.0,1.0,0.0,0.14698832062002287,0.0,0,0.0,0.0,0.0,0.0,0.0,1.0
state_0002,core_002,observed_calibration,always_0pct,1,1,0,1.9010639190673828,0.46922096610069275,1.0,0.47374415397644043,1,early,2,short_shelf_life,balanced_inventory,uniform,medium_margin,moderate_disposal_cost,observed_sales_demand,observed_target_response,1,0.05,expiry_threshold_rule,0.37009475753584004,0.33514761005663196,0.0,1.0,0.0,0.14306057774117,-0.016860176196686172,0,0.0,0.0,0.0,0.0,0.0,1.0
state_0002,core_002,observed_calibration,always_0pct,1,1,0,1.9010639190673828,0.46922096610069275,1.0,0.47374415397644043,1,early,2,short_shelf_life,balanced_inventory,uniform,medium_margin,moderate_disposal_cost,observed_sales_demand,observed_target_response,2,0.1,expiry_threshold_rule,0.3503695482960278,0.31558675934385805,0.0,1.0,0.0,0.1432249362682084,-0.036421026909460086,0,0.0,0.0,0.0,0.0,0.0,1.0
state_0002,core_002,observed_calibration,always_0pct,1,1,0,1.9010639190673828,0.46922096610069275,1.0,0.47374415397644043,1,early,2,short_shelf_life,balanced_inventory,uniform,medium_margin,moderate_disposal_cost,observed_sales_demand,observed_target_response,3,0.2,expiry_threshold_rule,0.326814975395181,0.28050065376064404,0.0,1.0000000000000002,0.0,0.13169340358584117,-0.0715071324926741,0,0.0,0.0,0.0,0.0,0.0,1.0
state_0002,core_002,observed_calibration,always_0pct,1,1,0,1.9010639190673828,0.46922096610069275,1.0,0.47374415397644043,1,early,2,short_shelf_life,balanced_inventory,uniform,medium_margin,moderate_disposal_cost,observed_sales_demand,observed_target_response,4,0.3,expiry_threshold_rule,0.39571430108032435,0.2553275243518951,0.0,1.0000000000000002,0.0,0.037620948491948886,-0.09668026190142304,0,0.0,0.0,0.0,0.0,0.0,1.0
state_0002,core_002,observed_calibration,always_0pct,1,1,0,1.9010639190673828,0.46922096610069275,1.0,0.47374415397644043,1,early,2,short_shelf_life,balanced_inventory,uniform,medium_margin,moderate_disposal_cost,observed_sales_demand,observed_target_response,5,0.4,expiry_threshold_rule,0.3768046351322269,0.19879690991184878,0.0,1.0000000000000002,0.0,0.0,-0.15321087634146935,0,,,,,,
state_0002,core_002,observed_calibration,always_0pct,1,1,0,1.9010639190673828,0.46922096610069275,1.0,0.47374415397644043,1,early,2,short_shelf_life,balanced_inventory,uniform,medium_margin,moderate_disposal_cost,observed_sales_demand,observed_target_response,0,0.0,inventory_coverage_rule,0.38302719085367337,0.45000000000000007,0.0,1.0,0.0,0.24498053436670483,0.0,0,1.0,0.0,0.0,0.0,0.0,0.0
state_0002,core_002,observed_calibration,always_0pct,1,1,0,1.9010639190673828,0.46922096610069275,1.0,0.47374415397644043,1,early,2,short_shelf_life,balanced_inventory,uniform,medium_margin,moderate_disposal_cost,observed_sales_demand,observed_target_response,1,0.05,inventory_coverage_rule,0.37009475753584004,0.4305213285507453,0.0,1.0,0.0,0.23843429623528337,-0.019478671449254747,0,1.0,0.0,0.0,0.0,0.0,0.0
state_0002,core_002,observed_calibration,always_0pct,1,1,0,1.9010639190673828,0.46922096610069275,1.0,0.47374415397644043,1,early,2,short_shelf_life,balanced_inventory,uniform,medium_margin,moderate_disposal_cost,observed_sales_demand,observed_target_response,2,0.1,inventory_coverage_rule,0.3503695482960278,0.41107005018933035,0.0,1.0,0.0,0.23870822711368067,-0.03892994981066972,0,1.0,0.0,0.0,0.0,0.0,0.0
state_0002,core_002,observed_calibration,always_0pct,1,1,0,1.9010639190673828,0.46922096610069275,1.0,0.47374415397644043,1,early,2,short_shelf_life,balanced_inventory,uniform,medium_margin,moderate_disposal_cost,observed_sales_demand,observed_target_response,3,0.2,inventory_coverage_rule,0.326814975395181,0.36829625615120487,0.0,1.0000000000000002,0.0,0.21948900597640195,-0.0817037438487952,0,1.0,0.0,0.0,0.0,0.0,0.0
state_0002,core_002,observed_calibration,always_0pct,1,1,0,1.9010639190673828,0.46922096610069275,1.0,0.47374415397644043,1,early,2,short_shelf_life,balanced_inventory,uniform,medium_margin,moderate_disposal_cost,observed_sales_demand,observed_target_response,4,0.3,inventory_coverage_rule,0.39571430108032435,0.280408156679861,0.0,1.0000000000000002,0.0,0.06270158081991481,-0.16959184332013905,0,1.0,0.0,0.0,0.0,0.0,0.0
state_0002,core_002,observed_calibration,always_0pct,1,1,0,1.9010639190673828,0.46922096610069275,1.0,0.47374415397644043,1,early,2,short_shelf_life,balanced_inventory,uniform,medium_margin,moderate_disposal_cost,observed_sales_demand,observed_target_response,5,0.4,inventory_coverage_rule,0.3768046351322269,0.19879690991184878,0.0,1.0000000000000002,0.0,0.0,-0.2512030900881513,0,,,,,,
state_0002,core_002,observed_calibration,always_0pct,1,1,0,1.9010639190673828,0.46922096610069275,1.0,0.47374415397644043,1,early,2,short_shelf_life,balanced_inventory,uniform,medium_margin,moderate_disposal_cost,observed_sales_demand,observed_target_response,0,0.0,greedy_financial,0.38302719085367337,0.45000000000000007,0.0,1.0,0.0,0.24498053436670483,0.0,0,1.0,0.0,0.0,0.0,0.0,0.0
state_0002,core_002,observed_calibration,always_0pct,1,1,0,1.9010639190673828,0.46922096610069275,1.0,0.47374415397644043,1,early,2,short_shelf_life,balanced_inventory,uniform,medium_margin,moderate_disposal_cost,observed_sales_demand,observed_target_response,1,0.05,greedy_financial,0.37009475753584004,0.4305213285507453,0.0,1.0,0.0,0.23843429623528337,-0.019478671449254747,0,1.0,0.0,0.0,0.0,0.0,0.0
state_0002,core_002,observed_calibration,always_0pct,1,1,0,1.9010639190673828,0.46922096610069275,1.0,0.47374415397644043,1,early,2,short_shelf_life,balanced_inventory,uniform,medium_margin,moderate_disposal_cost,observed_sales_demand,observed_target_response,2,0.1,greedy_financial,0.3503695482960278,0.41107005018933035,0.0,1.0,0.0,0.23870822711368067,-0.03892994981066972,0,1.0,0.0,0.0,0.0,0.0,0.0
state_0002,core_002,observed_calibration,always_0pct,1,1,0,1.9010639190673828,0.46922096610069275,1.0,0.47374415397644043,1,early,2,short_shelf_life,balanced_inventory,uniform,medium_margin,moderate_disposal_cost,observed_sales_demand,observed_target_response,3,0.2,greedy_financial,0.326814975395181,0.36829625615120487,0.0,1.0000000000000002,0.0,0.21948900597640195,-0.0817037438487952,0,1.0,0.0,0.0,0.0,0.0,0.0
state_0002,core_002,observed_calibration,always_0pct,1,1,0,1.9010639190673828,0.46922096610069275,1.0,0.47374415397644043,1,early,2,short_shelf_life,balanced_inventory,uniform,medium_margin,moderate_disposal_cost,observed_sales_demand,observed_target_response,4,0.3,greedy_financial,0.39571430108032435,0.280408156679861,0.0,1.0000000000000002,0.0,0.06270158081991481,-0.16959184332013905,0,1.0,0.0,0.0,0.0,0.0,0.0
state_0002,core_002,observed_calibration,always_0pct,1,1,0,1.9010639190673828,0.46922096610069275,1.0,0.47374415397644043,1,early,2,short_shelf_life,balanced_inventory,uniform,medium_margin,moderate_disposal_cost,observed_sales_demand,observed_target_response,5,0.4,greedy_financial,0.3768046351322269,0.19879690991184878,0.0,1.0000000000000002,0.0,0.0,-0.2512030900881513,0,,,,,,
state_0003,core_002,observed_calibration,always_0pct,1,2,0|0,0.7229486703872681,1.0,1.0,0.42175689339637756,2,late,1,short_shelf_life,balanced_inventory,uniform,medium_margin,moderate_disposal_cost,observed_sales_demand,observed_target_response,0,0.0,always_0pct,0.24498053436670483,0.45000000000000007,0.0,1.0,0.0,0.0,0.0,0,,,,,,
state_0003,core_002,observed_calibration,always_0pct,1,2,0|0,0.7229486703872681,1.0,1.0,0.42175689339637756,2,late,1,short_shelf_life,balanced_inventory,uniform,medium_margin,moderate_disposal_cost,observed_sales_demand,observed_target_response,1,0.05,always_0pct,0.23273150764836956,0.43775097328166485,0.0,1.0,0.0,0.0,-0.01224902671833522,0,,,,,,
state_0003,core_002,observed_calibration,always_0pct,1,2,0|0,0.7229486703872681,1.0,1.0,0.42175689339637756,2,late,1,short_shelf_life,balanced_inventory,uniform,medium_margin,moderate_disposal_cost,observed_sales_demand,observed_target_response,2,0.1,always_0pct,0.22048248093003436,0.42550194656332957,0.0,1.0,0.0,0.0,-0.024498053436670497,0,,,,,,
state_0003,core_002,observed_calibration,always_0pct,1,2,0|0,0.7229486703872681,1.0,1.0,0.42175689339637756,2,late,1,short_shelf_life,balanced_inventory,uniform,medium_margin,moderate_disposal_cost,observed_sales_demand,observed_target_response,3,0.2,always_0pct,0.19598442749336387,0.40100389312665913,0.0,1.0,0.0,0.0,-0.04899610687334094,0,,,,,,
state_0003,core_002,observed_calibration,always_0pct,1,2,0|0,0.7229486703872681,1.0,1.0,0.42175689339637756,2,late,1,short_shelf_life,balanced_inventory,uniform,medium_margin,moderate_disposal_cost,observed_sales_demand,observed_target_response,4,0.3,always_0pct,0.17148637405669337,0.37650583968998863,0.0,1.0,0.0,0.0,-0.07349416031001144,0,,,,,,
state_0003,core_002,observed_calibration,always_0pct,1,2,0|0,0.7229486703872681,1.0,1.0,0.42175689339637756,2,late,1,short_shelf_life,balanced_inventory,uniform,medium_margin,moderate_disposal_cost,observed_sales_demand,observed_target_response,5,0.4,always_0pct,0.14698832062002287,0.35200778625331813,0.0,1.0,0.0,0.0,-0.09799221374668193,0,,,,,,
state_0003,core_002,observed_calibration,always_0pct,1,2,0|0,0.7229486703872681,1.0,1.0,0.42175689339637756,2,late,1,short_shelf_life,balanced_inventory,uniform,medium_margin,moderate_disposal_cost,observed_sales_demand,observed_target_response,0,0.0,expiry_threshold_rule,0.24498053436670483,0.45000000000000007,0.0,1.0,0.0,0.0,0.0,0,,,,,,
state_0003,core_002,observed_calibration,always_0pct,1,2,0|0,0.7229486703872681,1.0,1.0,0.42175689339637756,2,late,1,short_shelf_life,balanced_inventory,uniform,medium_margin,moderate_disposal_cost,observed_sales_demand,observed_target_response,1,0.05,expiry_threshold_rule,0.23273150764836956,0.43775097328166485,0.0,1.0,0.0,0.0,-0.01224902671833522,0,,,,,,
state_0003,core_002,observed_calibration,always_0pct,1,2,0|0,0.7229486703872681,1.0,1.0,0.42175689339637756,2,late,1,short_shelf_life,balanced_inventory,uniform,medium_margin,moderate_disposal_cost,observed_sales_demand,observed_target_response,2,0.1,expiry_threshold_rule,0.22048248093003436,0.42550194656332957,0.0,1.0,0.0,0.0,-0.024498053436670497,0,,,,,,
state_0003,core_002,observed_calibration,always_0pct,1,2,0|0,0.7229486703872681,1.0,1.0,0.42175689339637756,2,late,1,short_shelf_life,balanced_inventory,uniform,medium_margin,moderate_disposal_cost,observed_sales_demand,observed_target_response,3,0.2,expiry_threshold_rule,0.19598442749336387,0.40100389312665913,0.0,1.0,0.0,0.0,-0.04899610687334094,0,,,,,,
state_0003,core_002,observed_calibration,always_0pct,1,2,0|0,0.7229486703872681,1.0,1.0,0.42175689339637756,2,late,1,short_shelf_life,balanced_inventory,uniform,medium_margin,moderate_disposal_cost,observed_sales_demand,observed_target_response,4,0.3,expiry_threshold_rule,0.17148637405669337,0.37650583968998863,0.0,1.0,0.0,0.0,-0.07349416031001144,0,,,,,,
state_0003,core_002,observed_calibration,always_0pct,1,2,0|0,0.7229486703872681,1.0,1.0,0.42175689339637756,2,late,1,short_shelf_life,balanced_inventory,uniform,medium_margin,moderate_disposal_cost,observed_sales_demand,observed_target_response,5,0.4,expiry_threshold_rule,0.14698832062002287,0.35200778625331813,0.0,1.0,0.0,0.0,-0.09799221374668193,0,,,,,,
state_0003,core_002,observed_calibration,always_0pct,1,2,0|0,0.7229486703872681,1.0,1.0,0.42175689339637756,2,late,1,short_shelf_life,balanced_inventory,uniform,medium_margin,moderate_disposal_cost,observed_sales_demand,observed_target_response,0,0.0,inventory_coverage_rule,0.24498053436670483,0.45000000000000007,0.0,1.0,0.0,0.0,0.0,0,,,,,,
state_0003,core_002,observed_calibration,always_0pct,1,2,0|0,0.7229486703872681,1.0,1.0,0.42175689339637756,2,late,1,short_shelf_life,balanced_inventory,uniform,medium_margin,moderate_disposal_cost,observed_sales_demand,observed_target_response,1,0.05,inventory_coverage_rule,0.23273150764836956,0.43775097328166485,0.0,1.0,0.0,0.0,-0.01224902671833522,0,,,,,,
state_0003,core_002,observed_calibration,always_0pct,1,2,0|0,0.7229486703872681,1.0,1.0,0.42175689339637756,2,late,1,short_shelf_life,balanced_inventory,uniform,medium_margin,moderate_disposal_cost,observed_sales_demand,observed_target_response,2,0.1,inventory_coverage_rule,0.22048248093003436,0.42550194656332957,0.0,1.0,0.0,0.0,-0.024498053436670497,0,,,,,,
state_0003,core_002,observed_calibration,always_0pct,1,2,0|0,0.7229486703872681,1.0,1.0,0.42175689339637756,2,late,1,short_shelf_life,balanced_inventory,uniform,medium_margin,moderate_disposal_cost,observed_sales_demand,observed_target_response,3,0.2,inventory_coverage_rule,0.19598442749336387,0.40100389312665913,0.0,1.0,0.0,0.0,-0.04899610687334094,0,,,,,,
state_0003,core_002,observed_calibration,always_0pct,1,2,0|0,0.7229486703872681,1.0,1.0,0.42175689339637756,2,late,1,short_shelf_life,balanced_inventory,uniform,medium_margin,moderate_disposal_cost,observed_sales_demand,observed_target_response,4,0.3,inventory_coverage_rule,0.17148637405669337,0.37650583968998863,0.0,1.0,0.0,0.0,-0.07349416031001144,0,,,,,,
state_0003,core_002,observed_calibration,always_0pct,1,2,0|0,0.7229486703872681,1.0,1.0,0.42175689339637756,2,late,1,short_shelf_life,balanced_inventory,uniform,medium_margin,moderate_disposal_cost,observed_sales_demand,observed_target_response,5,0.4,inventory_coverage_rule,0.14698832062002287,0.35200778625331813,0.0,1.0,0.0,0.0,-0.09799221374668193,0,,,,,,
state_0003,core_002,observed_calibration,always_0pct,1,2,0|0,0.7229486703872681,1.0,1.0,0.42175689339637756,2,late,1,short_shelf_life,balanced_inventory,uniform,medium_margin,moderate_disposal_cost,observed_sales_demand,observed_target_response,0,0.0,greedy_financial,0.24498053436670483,0.45000000000000007,0.0,1.0,0.0,0.0,0.0,0,,,,,,
state_0003,core_002,observed_calibration,always_0pct,1,2,0|0,0.7229486703872681,1.0,1.0,0.42175689339637756,2,late,1,short_shelf_life,balanced_inventory,uniform,medium_margin,moderate_disposal_cost,observed_sales_demand,observed_target_response,1,0.05,greedy_financial,0.23273150764836956,0.43775097328166485,0.0,1.0,0.0,0.0,-0.01224902671833522,0,,,,,,
state_0003,core_002,observed_calibration,always_0pct,1,2,0|0,0.7229486703872681,1.0,1.0,0.42175689339637756,2,late,1,short_shelf_life,balanced_inventory,uniform,medium_margin,moderate_disposal_cost,observed_sales_demand,observed_target_response,2,0.1,greedy_financial,0.22048248093003436,0.42550194656332957,0.0,1.0,0.0,0.0,-0.024498053436670497,0,,,,,,
state_0003,core_002,observed_calibration,always_0pct,1,2,0|0,0.7229486703872681,1.0,1.0,0.42175689339637756,2,late,1,short_shelf_life,balanced_inventory,uniform,medium_margin,moderate_disposal_cost,observed_sales_demand,observed_target_response,3,0.2,greedy_financial,0.19598442749336387,0.40100389312665913,0.0,1.0,0.0,0.0,-0.04899610687334094,0,,,,,,
state_0003,core_002,observed_calibration,always_0pct,1,2,0|0,0.7229486703872681,1.0,1.0,0.42175689339637756,2,late,1,short_shelf_life,balanced_inventory,uniform,medium_margin,moderate_disposal_cost,observed_sales_demand,observed_target_response,4,0.3,greedy_financial,0.17148637405669337,0.37650583968998863,0.0,1.0,0.0,0.0,-0.07349416031001144,0,,,,,,
state_0003,core_002,observed_calibration,always_0pct,1,2,0|0,0.7229486703872681,1.0,1.0,0.42175689339637756,2,late,1,short_shelf_life,balanced_inventory,uniform,medium_margin,moderate_disposal_cost,observed_sales_demand,observed_target_response,5,0.4,greedy_financial,0.14698832062002287,0.35200778625331813,0.0,1.0,0.0,0.0,-0.09799221374668193,0,,,,,,
state_0004,core_002,recovered_calibration,always_0pct,0,0,,1.220010757446289,0.3333333432674408,0.6666666865348816,1.6501003503799438,0,early,3,short_shelf_life,balanced_inventory,uniform,medium_margin,moderate_disposal_cost,observed_sales_demand,observed_target_response,0,0.0,always_0pct,0.44999999999999996,0.44999999999999996,0.0,1.0,0.0,0.0,0.0,0,,,,,,
state_0004,core_002,recovered_calibration,always_0pct,0,0,,1.220010757446289,0.3333333432674408,0.6666666865348816,1.6501003503799438,0,early,3,short_shelf_life,balanced_inventory,uniform,medium_margin,moderate_disposal_cost,observed_sales_demand,observed_target_response,1,0.05,always_0pct,0.3999999999999999,0.3999999999999999,0.0,1.0,0.0,0.0,-0.050000000000000044,0,,,,,,
state_0004,core_002,recovered_calibration,always_0pct,0,0,,1.220010757446289,0.3333333432674408,0.6666666865348816,1.6501003503799438,0,early,3,short_shelf_life,balanced_inventory,uniform,medium_margin,moderate_disposal_cost,observed_sales_demand,observed_target_response,2,0.1,always_0pct,0.3499999999999999,0.3499999999999999,0.0,1.0,0.0,0.0,-0.10000000000000003,0,,,,,,
state_0004,core_002,recovered_calibration,always_0pct,0,0,,1.220010757446289,0.3333333432674408,0.6666666865348816,1.6501003503799438,0,early,3,short_shelf_life,balanced_inventory,uniform,medium_margin,moderate_disposal_cost,observed_sales_demand,observed_target_response,3,0.2,always_0pct,0.24999999999999992,0.24999999999999992,0.0,1.0,0.0,0.0,-0.20000000000000004,0,,,,,,
state_0004,core_002,recovered_calibration,always_0pct,0,0,,1.220010757446289,0.3333333432674408,0.6666666865348816,1.6501003503799438,0,early,3,short_shelf_life,balanced_inventory,uniform,medium_margin,moderate_disposal_cost,observed_sales_demand,observed_target_response,4,0.3,always_0pct,0.14999999999999994,0.14999999999999994,0.0,1.0,0.0,0.0,-0.30000000000000004,0,,,,,,
state_0004,core_002,recovered_calibration,always_0pct,0,0,,1.220010757446289,0.3333333432674408,0.6666666865348816,1.6501003503799438,0,early,3,short_shelf_life,balanced_inventory,uniform,medium_margin,moderate_disposal_cost,observed_sales_demand,observed_target_response,5,0.4,always_0pct,0.049999999999999926,0.049999999999999926,0.0,1.0,0.0,0.0,-0.4,0,,,,,,
state_0004,core_002,recovered_calibration,always_0pct,0,0,,1.220010757446289,0.3333333432674408,0.6666666865348816,1.6501003503799438,0,early,3,short_shelf_life,balanced_inventory,uniform,medium_margin,moderate_disposal_cost,observed_sales_demand,observed_target_response,0,0.0,expiry_threshold_rule,0.44999999999999996,0.44999999999999996,0.0,1.0,0.0,0.0,0.0,0,,,,,,
state_0004,core_002,recovered_calibration,always_0pct,0,0,,1.220010757446289,0.3333333432674408,0.6666666865348816,1.6501003503799438,0,early,3,short_shelf_life,balanced_inventory,uniform,medium_margin,moderate_disposal_cost,observed_sales_demand,observed_target_response,1,0.05,expiry_threshold_rule,0.3999999999999999,0.3999999999999999,0.0,1.0,0.0,0.0,-0.050000000000000044,0,,,,,,
state_0004,core_002,recovered_calibration,always_0pct,0,0,,1.220010757446289,0.3333333432674408,0.6666666865348816,1.6501003503799438,0,early,3,short_shelf_life,balanced_inventory,uniform,medium_margin,moderate_disposal_cost,observed_sales_demand,observed_target_response,2,0.1,expiry_threshold_rule,0.3499999999999999,0.3499999999999999,0.0,1.0,0.0,0.0,-0.10000000000000003,0,,,,,,
state_0004,core_002,recovered_calibration,always_0pct,0,0,,1.220010757446289,0.3333333432674408,0.6666666865348816,1.6501003503799438,0,early,3,short_shelf_life,balanced_inventory,uniform,medium_margin,moderate_disposal_cost,observed_sales_demand,observed_target_response,3,0.2,expiry_threshold_rule,0.24999999999999992,0.24999999999999992,0.0,1.0,0.0,0.0,-0.20000000000000004,0,,,,,,
state_0004,core_002,recovered_calibration,always_0pct,0,0,,1.220010757446289,0.3333333432674408,0.6666666865348816,1.6501003503799438,0,early,3,short_shelf_life,balanced_inventory,uniform,medium_margin,moderate_disposal_cost,observed_sales_demand,observed_target_response,4,0.3,expiry_threshold_rule,0.14999999999999994,0.14999999999999994,0.0,1.0,0.0,0.0,-0.30000000000000004,0,,,,,,
state_0004,core_002,recovered_calibration,always_0pct,0,0,,1.220010757446289,0.3333333432674408,0.6666666865348816,1.6501003503799438,0,early,3,short_shelf_life,balanced_inventory,uniform,medium_margin,moderate_disposal_cost,observed_sales_demand,observed_target_response,5,0.4,expiry_threshold_rule,0.049999999999999926,0.049999999999999926,0.0,1.0,0.0,0.0,-0.4,0,,,,,,
state_0004,core_002,recovered_calibration,always_0pct,0,0,,1.220010757446289,0.3333333432674408,0.6666666865348816,1.6501003503799438,0,early,3,short_shelf_life,balanced_inventory,uniform,medium_margin,moderate_disposal_cost,observed_sales_demand,observed_target_response,0,0.0,inventory_coverage_rule,0.44999999999999996,0.44999999999999996,0.0,1.0,0.0,0.0,0.0,0,,,,,,
state_0004,core_002,recovered_calibration,always_0pct,0,0,,1.220010757446289,0.3333333432674408,0.6666666865348816,1.6501003503799438,0,early,3,short_shelf_life,balanced_inventory,uniform,medium_margin,moderate_disposal_cost,observed_sales_demand,observed_target_response,1,0.05,inventory_coverage_rule,0.3999999999999999,0.3999999999999999,0.0,1.0,0.0,0.0,-0.050000000000000044,0,,,,,,
state_0004,core_002,recovered_calibration,always_0pct,0,0,,1.220010757446289,0.3333333432674408,0.6666666865348816,1.6501003503799438,0,early,3,short_shelf_life,balanced_inventory,uniform,medium_margin,moderate_disposal_cost,observed_sales_demand,observed_target_response,2,0.1,inventory_coverage_rule,0.3499999999999999,0.3499999999999999,0.0,1.0,0.0,0.0,-0.10000000000000003,0,,,,,,
state_0004,core_002,recovered_calibration,always_0pct,0,0,,1.220010757446289,0.3333333432674408,0.6666666865348816,1.6501003503799438,0,early,3,short_shelf_life,balanced_inventory,uniform,medium_margin,moderate_disposal_cost,observed_sales_demand,observed_target_response,3,0.2,inventory_coverage_rule,0.24999999999999992,0.24999999999999992,0.0,1.0,0.0,0.0,-0.20000000000000004,0,,,,,,
state_0004,core_002,recovered_calibration,always_0pct,0,0,,1.220010757446289,0.3333333432674408,0.6666666865348816,1.6501003503799438,0,early,3,short_shelf_life,balanced_inventory,uniform,medium_margin,moderate_disposal_cost,observed_sales_demand,observed_target_response,4,0.3,inventory_coverage_rule,0.14999999999999994,0.14999999999999994,0.0,1.0,0.0,0.0,-0.30000000000000004,0,,,,,,
state_0004,core_002,recovered_calibration,always_0pct,0,0,,1.220010757446289,0.3333333432674408,0.6666666865348816,1.6501003503799438,0,early,3,short_shelf_life,balanced_inventory,uniform,medium_margin,moderate_disposal_cost,observed_sales_demand,observed_target_response,5,0.4,inventory_coverage_rule,0.049999999999999926,0.049999999999999926,0.0,1.0,0.0,0.0,-0.4,0,,,,,,
state_0004,core_002,recovered_calibration,always_0pct,0,0,,1.220010757446289,0.3333333432674408,0.6666666865348816,1.6501003503799438,0,early,3,short_shelf_life,balanced_inventory,uniform,medium_margin,moderate_disposal_cost,observed_sales_demand,observed_target_response,0,0.0,greedy_financial,0.44999999999999996,0.44999999999999996,0.0,1.0,0.0,0.0,0.0,0,,,,,,
state_0004,core_002,recovered_calibration,always_0pct,0,0,,1.220010757446289,0.3333333432674408,0.6666666865348816,1.6501003503799438,0,early,3,short_shelf_life,balanced_inventory,uniform,medium_margin,moderate_disposal_cost,observed_sales_demand,observed_target_response,1,0.05,greedy_financial,0.3999999999999999,0.3999999999999999,0.0,1.0,0.0,0.0,-0.050000000000000044,0,,,,,,
state_0004,core_002,recovered_calibration,always_0pct,0,0,,1.220010757446289,0.3333333432674408,0.6666666865348816,1.6501003503799438,0,early,3,short_shelf_life,balanced_inventory,uniform,medium_margin,moderate_disposal_cost,observed_sales_demand,observed_target_response,2,0.1,greedy_financial,0.3499999999999999,0.3499999999999999,0.0,1.0,0.0,0.0,-0.10000000000000003,0,,,,,,
state_0004,core_002,recovered_calibration,always_0pct,0,0,,1.220010757446289,0.3333333432674408,0.6666666865348816,1.6501003503799438,0,early,3,short_shelf_life,balanced_inventory,uniform,medium_margin,moderate_disposal_cost,observed_sales_demand,observed_target_response,3,0.2,greedy_financial,0.24999999999999992,0.24999999999999992,0.0,1.0,0.0,0.0,-0.20000000000000004,0,,,,,,
state_0004,core_002,recovered_calibration,always_0pct,0,0,,1.220010757446289,0.3333333432674408,0.6666666865348816,1.6501003503799438,0,early,3,short_shelf_life,balanced_inventory,uniform,medium_margin,moderate_disposal_cost,observed_sales_demand,observed_target_response,4,0.3,greedy_financial,0.14999999999999994,0.14999999999999994,0.0,1.0,0.0,0.0,-0.30000000000000004,0,,,,,,
state_0004,core_002,recovered_calibration,always_0pct,0,0,,1.220010757446289,0.3333333432674408,0.6666666865348816,1.6501003503799438,0,early,3,short_shelf_life,balanced_inventory,uniform,medium_margin,moderate_disposal_cost,observed_sales_demand,observed_target_response,5,0.4,greedy_financial,0.049999999999999926,0.049999999999999926,0.0,1.0,0.0,0.0,-0.4,0,,,,,,
state_0005,core_002,recovered_calibration,always_0pct,1,0,,3.8996362686157227,0.3333333432674408,0.6666666865348816,0.43535053730010986,0,early,3,short_shelf_life,balanced_inventory,uniform,medium_margin,moderate_disposal_cost,observed_sales_demand,observed_target_response,0,0.0,always_0pct,-0.2736149329340108,0.28684780768792717,0.15538304029721214,0.8446169597027879,0.0,0.5604627406219379,0.0,4,1.0,0.0,0.0,0.0,0.0,0.0
state_0005,core_002,recovered_calibration,always_0pct,1,0,,3.8996362686157227,0.3333333432674408,0.6666666865348816,0.43535053730010986,0,early,3,short_shelf_life,balanced_inventory,uniform,medium_margin,moderate_disposal_cost,observed_sales_demand,observed_target_response,1,0.05,always_0pct,-0.2738653889873009,0.28107932642668676,0.14693391398985226,0.8530660860101478,0.0,0.5549447154139877,-0.00576848126124041,4,1.0,0.0,0.0,0.0,0.0,0.0
state_0005,core_002,recovered_calibration,always_0pct,1,0,,3.8996362686157227,0.3333333432674408,0.6666666865348816,0.43535053730010986,0,early,3,short_shelf_life,balanced_inventory,uniform,medium_margin,moderate_disposal_cost,observed_sales_demand,observed_target_response,2,0.1,always_0pct,-0.29814182861967464,0.2623209120022633,0.15182220530641666,0.8481777946935833,0.0,0.5604627406219379,-0.024526895685663852,4,1.0,0.0,0.0,0.0,0.0,0.0
state_0005,core_002,recovered_calibration,always_0pct,1,0,,3.8996362686157227,0.3333333432674408,0.6666666865348816,0.43535053730010986,0,early,3,short_shelf_life,balanced_inventory,uniform,medium_margin,moderate_disposal_cost,observed_sales_demand,observed_target_response,3,0.2,always_0pct,-0.2927040105336656,0.25671383526016084,0.12268986980645721,0.8773101301935429,0.0,0.5494178457938264,-0.03013397242776633,4,1.0,0.0,0.0,0.0,0.0,0.0
state_0005,core_002,recovered_calibration,always_0pct,1,0,,3.8996362686157227,0.3333333432674408,0.6666666865348816,0.43535053730010986,0,early,3,short_shelf_life,balanced_inventory,uniform,medium_margin,moderate_disposal_cost,observed_sales_demand,observed_target_response,4,0.3,always_0pct,-0.27167617631141017,0.33071836127631854,0.0,1.0,0.0,0.6023945375877287,0.04387055358839137,4,1.0,0.0,0.0,0.0,0.0,0.0
state_0005,core_002,recovered_calibration,always_0pct,1,0,,3.8996362686157227,0.3333333432674408,0.6666666865348816,0.43535053730010986,0,early,3,short_shelf_life,balanced_inventory,uniform,medium_margin,moderate_disposal_cost,observed_sales_demand,observed_target_response,5,0.4,always_0pct,-0.22499990111665694,0.2333332674111045,0.0,1.0,0.0,0.4583331685277614,-0.053514540276822675,4,1.0,0.0,0.0,0.0,0.0,0.0
state_0005,core_002,recovered_calibration,always_0pct,1,0,,3.8996362686157227,0.3333333432674408,0.6666666865348816,0.43535053730010986,0,early,3,short_shelf_life,balanced_inventory,uniform,medium_margin,moderate_disposal_cost,observed_sales_demand,observed_target_response,0,0.0,expiry_threshold_rule,-0.2736149329340108,0.1263850670659892,0.05423644406413718,0.9457635559358629,0.0,0.4,0.0,0,0.0,0.0,0.0,0.0,0.0,1.0
state_0005,core_002,recovered_calibration,always_0pct,1,0,,3.8996362686157227,0.3333333432674408,0.6666666865348816,0.43535053730010986,0,early,3,short_shelf_life,balanced_inventory,uniform,medium_margin,moderate_disposal_cost,observed_sales_demand,observed_target_response,1,0.05,expiry_threshold_rule,-0.2738653889873009,0.12613461101269904,0.040532055653967516,0.9594679443460326,0.0,0.4,-0.0002504560532901601,0,0.0,0.0,0.0,0.0,0.0,1.0
state_0005,core_002,recovered_calibration,always_0pct,1,0,,3.8996362686157227,0.3333333432674408,0.6666666865348816,0.43535053730010986,0,early,3,short_shelf_life,balanced_inventory,uniform,medium_margin,moderate_disposal_cost,observed_sales_demand,observed_target_response,2,0.1,expiry_threshold_rule,-0.29814182861967464,0.10185817138032532,0.050675609073341676,0.9493243909266583,0.0,0.4,-0.02452689568566388,0,0.0,0.0,0.0,0.0,0.0,1.0
state_0005,core_002,recovered_calibration,always_0pct,1,0,,3.8996362686157227,0.3333333432674408,0.6666666865348816,0.43535053730010986,0,early,3,short_shelf_life,balanced_inventory,uniform,medium_margin,moderate_disposal_cost,observed_sales_demand,observed_target_response,3,0.2,expiry_threshold_rule,-0.2927040105336656,0.10729598946633434,0.011024326118037936,0.9889756738819621,0.0,0.4,-0.019089077599654863,0,0.0,0.0,0.0,0.0,0.0,1.0
state_0005,core_002,recovered_calibration,always_0pct,1,0,,3.8996362686157227,0.3333333432674408,0.6666666865348816,0.43535053730010986,0,early,3,short_shelf_life,balanced_inventory,uniform,medium_margin,moderate_disposal_cost,observed_sales_demand,observed_target_response,4,0.3,expiry_threshold_rule,-0.27167617631141017,0.08976054624122706,0.0,1.0,0.0,0.36143672255263726,-0.03662452082476214,0,0.0,0.0,0.0,0.0,0.0,1.0
state_0005,core_002,recovered_calibration,always_0pct,1,0,,3.8996362686157227,0.3333333432674408,0.6666666865348816,0.43535053730010986,0,early,3,short_shelf_life,balanced_inventory,uniform,medium_margin,moderate_disposal_cost,observed_sales_demand,observed_target_response,5,0.4,expiry_threshold_rule,-0.22499990111665694,0.049999999999999926,0.0,1.0,0.0,0.27499990111665684,-0.07638506706598927,0,0.0,0.0,0.0,0.0,0.0,1.0
state_0005,core_002,recovered_calibration,always_0pct,1,0,,3.8996362686157227,0.3333333432674408,0.6666666865348816,0.43535053730010986,0,early,3,short_shelf_life,balanced_inventory,uniform,medium_margin,moderate_disposal_cost,observed_sales_demand,observed_target_response,0,0.0,inventory_coverage_rule,-0.2736149329340108,0.24384726306085652,0.05423644406413718,0.9457635559358627,0.0,0.5174621959948673,0.0,0,0.0,0.0,0.5,0.0,0.5,0.0
state_0005,core_002,recovered_calibration,always_0pct,1,0,,3.8996362686157227,0.3333333432674408,0.6666666865348816,0.43535053730010986,0,early,3,short_shelf_life,balanced_inventory,uniform,medium_margin,moderate_disposal_cost,observed_sales_demand,observed_target_response,1,0.05,inventory_coverage_rule,-0.2738653889873009,0.24359680700756636,0.040532055653967516,0.9594679443460326,0.0,0.5174621959948673,-0.0002504560532901601,0,0.0,0.0,0.5,0.0,0.5,0.0
state_0005,core_002,recovered_calibration,always_0pct,1,0,,3.8996362686157227,0.3333333432674408,0.6666666865348816,0.43535053730010986,0,early,3,short_shelf_life,balanced_inventory,uniform,medium_margin,moderate_disposal_cost,observed_sales_demand,observed_target_response,2,0.1,inventory_coverage_rule,-0.29814182861967464,0.21932036737519264,0.050675609073341676,0.9493243909266583,0.0,0.5174621959948673,-0.02452689568566388,0,0.0,0.0,0.5,0.0,0.5,0.0
state_0005,core_002,recovered_calibration,always_0pct,1,0,,3.8996362686157227,0.3333333432674408,0.6666666865348816,0.43535053730010986,0,early,3,short_shelf_life,balanced_inventory,uniform,medium_margin,moderate_disposal_cost,observed_sales_demand,observed_target_response,3,0.2,inventory_coverage_rule,-0.2927040105336656,0.22475818546120166,0.011024326118037936,0.9889756738819621,0.0,0.5174621959948673,-0.019089077599654863,0,0.0,0.0,0.5,0.0,0.5,0.0
state_0005,core_002,recovered_calibration,always_0pct,1,0,,3.8996362686157227,0.3333333432674408,0.6666666865348816,0.43535053730010986,0,early,3,short_shelf_life,balanced_inventory,uniform,medium_margin,moderate_disposal_cost,observed_sales_demand,observed_target_response,4,0.3,inventory_coverage_rule,-0.27167617631141017,0.20089224466443112,0.0,1.0,0.0,0.4725684209758413,-0.042955018396425404,0,0.5,0.0,0.0,0.0,0.5,0.0
state_0005,core_002,recovered_calibration,always_0pct,1,0,,3.8996362686157227,0.3333333432674408,0.6666666865348816,0.43535053730010986,0,early,3,short_shelf_life,balanced_inventory,uniform,medium_margin,moderate_disposal_cost,observed_sales_demand,observed_target_response,5,0.4,inventory_coverage_rule,-0.22499990111665694,0.10045213643084427,0.0,1.0,0.0,0.3254520375475012,-0.14339512663001225,0,0.5,0.0,0.0,0.0,0.5,0.0
state_0005,core_002,recovered_calibration,always_0pct,1,0,,3.8996362686157227,0.3333333432674408,0.6666666865348816,0.43535053730010986,0,early,3,short_shelf_life,balanced_inventory,uniform,medium_margin,moderate_disposal_cost,observed_sales_demand,observed_target_response,0,0.0,greedy_financial,-0.2736149329340108,0.17360338475896323,0.05423644406413718,0.9457635559358629,0.0,0.44721831769297404,0.0,0,0.5,0.0,0.0,0.0,0.0,0.5
state_0005,core_002,recovered_calibration,always_0pct,1,0,,3.8996362686157227,0.3333333432674408,0.6666666865348816,0.43535053730010986,0,early,3,short_shelf_life,balanced_inventory,uniform,medium_margin,moderate_disposal_cost,observed_sales_demand,observed_target_response,1,0.05,greedy_financial,-0.2738653889873009,0.1733529287056731,0.040532055653967516,0.9594679443460326,0.0,0.44721831769297404,-0.0002504560532901323,0,0.5,0.0,0.0,0.0,0.0,0.5
state_0005,core_002,recovered_calibration,always_0pct,1,0,,3.8996362686157227,0.3333333432674408,0.6666666865348816,0.43535053730010986,0,early,3,short_shelf_life,balanced_inventory,uniform,medium_margin,moderate_disposal_cost,observed_sales_demand,observed_target_response,2,0.1,greedy_financial,-0.29814182861967464,0.14907648907329937,0.050675609073341676,0.9493243909266583,0.0,0.44721831769297404,-0.024526895685663852,0,0.5,0.0,0.0,0.0,0.0,0.5
state_0005,core_002,recovered_calibration,always_0pct,1,0,,3.8996362686157227,0.3333333432674408,0.6666666865348816,0.43535053730010986,0,early,3,short_shelf_life,balanced_inventory,uniform,medium_margin,moderate_disposal_cost,observed_sales_demand,observed_target_response,3,0.2,greedy_financial,-0.2927040105336656,0.1545143071593084,0.011024326118037936,0.9889756738819621,0.0,0.44721831769297404,-0.019089077599654836,0,0.5,0.0,0.0,0.0,0.0,0.5
state_0005,core_002,recovered_calibration,always_0pct,1,0,,3.8996362686157227,0.3333333432674408,0.6666666865348816,0.43535053730010986,0,early,3,short_shelf_life,balanced_inventory,uniform,medium_margin,moderate_disposal_cost,observed_sales_demand,observed_target_response,4,0.3,greedy_financial,-0.27167617631141017,0.1137321203391689,0.0,1.0,0.0,0.3854082966505791,-0.05987126441979433,0,0.5,0.0,0.0,0.0,0.0,0.5
state_0005,core_002,recovered_calibration,always_0pct,1,0,,3.8996362686157227,0.3333333432674408,0.6666666865348816,0.43535053730010986,0,early,3,short_shelf_life,balanced_inventory,uniform,medium_margin,moderate_disposal_cost,observed_sales_demand,observed_target_response,5,0.4,greedy_financial,-0.22499990111665694,0.10045213643084427,0.0,1.0,0.0,0.3254520375475012,-0.07315124832811895,0,0.5,0.0,0.0,0.0,0.5,0.0
state_0006,core_002,recovered_calibration,always_0pct,1,1,0,2.5673441886901855,0.5,1.0,0.44221848249435425,1,early,2,short_shelf_life,balanced_inventory,uniform,medium_margin,moderate_disposal_cost,observed_sales_demand,observed_target_response,0,0.0,always_0pct,0.28100814671347585,0.28684780768792717,0.15538304029721214,0.8446169597027879,0.0,0.27945459390846206,0.0,0,1.0,0.0,0.0,0.0,0.0,0.0
state_0006,core_002,recovered_calibration,always_0pct,1,1,0,2.5673441886901855,0.5,1.0,0.44221848249435425,1,early,2,short_shelf_life,balanced_inventory,uniform,medium_margin,moderate_disposal_cost,observed_sales_demand,observed_target_response,1,0.05,always_0pct,0.2806031174323518,0.28092475319885285,0.14686834056780587,0.8531316594321942,0.0,0.2739365687005118,-0.00592305448907432,0,1.0,0.0,0.0,0.0,0.0,0.0
state_0006,core_002,recovered_calibration,always_0pct,1,1,0,2.5673441886901855,0.5,1.0,0.44221848249435425,1,early,2,short_shelf_life,balanced_inventory,uniform,medium_margin,moderate_disposal_cost,observed_sales_demand,observed_target_response,2,0.1,always_0pct,0.25605714388114814,0.26189680485559946,0.1518051672505253,0.8481948327494746,0.0,0.27945459390846206,-0.024951002832327707,0,1.0,0.0,0.0,0.0,0.0,0.0
state_0006,core_002,recovered_calibration,always_0pct,1,1,0,2.5673441886901855,0.5,1.0,0.44221848249435425,1,early,2,short_shelf_life,balanced_inventory,uniform,medium_margin,moderate_disposal_cost,observed_sales_demand,observed_target_response,3,0.2,always_0pct,0.2612142314356211,0.26153586720212213,0.11721942101707403,0.882780578982926,0.0,0.2739365687005118,-0.02531194048580504,0,1.0,0.0,0.0,0.0,0.0,0.0
state_0006,core_002,recovered_calibration,always_0pct,1,1,0,2.5673441886901855,0.5,1.0,0.44221848249435425,1,early,2,short_shelf_life,balanced_inventory,uniform,medium_margin,moderate_disposal_cost,observed_sales_demand,observed_target_response,4,0.3,always_0pct,0.2888823140179644,0.26924502772495684,0.05423644406413718,0.9457635559358627,0.0,0.25397764664100325,-0.017602779962970327,0,1.0,0.0,0.0,0.0,0.0,0.0
state_0006,core_002,recovered_calibration,always_0pct,1,1,0,2.5673441886901855,0.5,1.0,0.44221848249435425,1,early,2,short_shelf_life,balanced_inventory,uniform,medium_margin,moderate_disposal_cost,observed_sales_demand,observed_target_response,5,0.4,always_0pct,0.32917252346053893,0.17360338475896323,0.05423644406413718,0.9457635559358629,0.0,0.11804579423243508,-0.11324442292896394,0,1.0,0.0,0.0,0.0,0.0,0.0
state_0006,core_002,recovered_calibration,always_0pct,1,1,0,2.5673441886901855,0.5,1.0,0.44221848249435425,1,early,2,short_shelf_life,balanced_inventory,uniform,medium_margin,moderate_disposal_cost,observed_sales_demand,observed_target_response,0,0.0,expiry_threshold_rule,0.28100814671347585,0.2073932137794651,0.10406995513066811,0.8959300448693319,0.0,0.2,0.0,0,0.0,0.0,0.0,0.0,0.0,1.0
state_0006,core_002,recovered_calibration,always_0pct,1,1,0,2.5673441886901855,0.5,1.0,0.44221848249435425,1,early,2,short_shelf_life,balanced_inventory,uniform,medium_margin,moderate_disposal_cost,observed_sales_demand,observed_target_response,1,0.05,expiry_threshold_rule,0.2806031174323518,0.20698818449834103,0.09029999329845205,0.909700006701548,0.0,0.2,-0.00040502928112406966,0,0.0,0.0,0.0,0.0,0.0,1.0
state_0006,core_002,recovered_calibration,always_0pct,1,1,0,2.5673441886901855,0.5,1.0,0.44221848249435425,1,early,2,short_shelf_life,balanced_inventory,uniform,medium_margin,moderate_disposal_cost,observed_sales_demand,observed_target_response,2,0.1,expiry_threshold_rule,0.25605714388114814,0.18244221094713736,0.10049208208398128,0.8995079179160187,0.0,0.2,-0.024951002832327734,0,0.0,0.0,0.0,0.0,0.0,1.0
state_0006,core_002,recovered_calibration,always_0pct,1,1,0,2.5673441886901855,0.5,1.0,0.44221848249435425,1,early,2,short_shelf_life,balanced_inventory,uniform,medium_margin,moderate_disposal_cost,observed_sales_demand,observed_target_response,3,0.2,expiry_threshold_rule,0.2612142314356211,0.18759929850161033,0.06065107374772021,0.9393489262522797,0.0,0.2,-0.019793915277854762,0,0.0,0.0,0.0,0.0,0.0,1.0
state_0006,core_002,recovered_calibration,always_0pct,1,1,0,2.5673441886901855,0.5,1.0,0.44221848249435425,1,early,2,short_shelf_life,balanced_inventory,uniform,medium_margin,moderate_disposal_cost,observed_sales_demand,observed_target_response,4,0.3,expiry_threshold_rule,0.2888823140179644,0.16765396906855556,0.05423644406413718,0.9457635559358627,0.0,0.15238658798460195,-0.03973924471090953,0,0.0,0.0,0.0,0.0,0.0,1.0
state_0006,core_002,recovered_calibration,always_0pct,1,1,0,2.5673441886901855,0.5,1.0,0.44221848249435425,1,early,2,short_shelf_life,balanced_inventory,uniform,medium_margin,moderate_disposal_cost,observed_sales_demand,observed_target_response,5,0.4,expiry_threshold_rule,0.32917252346053893,0.1263850670659892,0.05423644406413718,0.9457635559358629,0.0,0.07082747653946106,-0.08100814671347589,0,0.0,0.0,0.0,0.0,0.0,1.0
state_0006,core_002,recovered_calibration,always_0pct,1,1,0,2.5673441886901855,0.5,1.0,0.44221848249435425,1,early,2,short_shelf_life,balanced_inventory,uniform,medium_margin,moderate_disposal_cost,observed_sales_demand,observed_target_response,0,0.0,inventory_coverage_rule,0.28100814671347585,0.2671486774224775,0.11220078221732017,0.8877992177826799,0.0,0.25975546364301244,0.0,0,0.0,0.0,0.0,1.0,0.0,0.0
state_0006,core_002,recovered_calibration,always_0pct,1,1,0,2.5673441886901855,0.5,1.0,0.44221848249435425,1,early,2,short_shelf_life,balanced_inventory,uniform,medium_margin,moderate_disposal_cost,observed_sales_demand,observed_target_response,1,0.05,inventory_coverage_rule,0.2806031174323518,0.2620677133952758,0.10393192008637196,0.896068079913628,0.0,0.25507952889693475,-0.0050809640272017065,0,0.0,0.0,0.0,1.0,0.0,0.0
state_0006,core_002,recovered_calibration,always_0pct,1,1,0,2.5673441886901855,0.5,1.0,0.44221848249435425,1,early,2,short_shelf_life,balanced_inventory,uniform,medium_margin,moderate_disposal_cost,observed_sales_demand,observed_target_response,2,0.1,inventory_coverage_rule,0.25605714388114814,0.2421976745901498,0.10862290917063334,0.8913770908293667,0.0,0.25975546364301244,-0.024951002832327707,0,0.0,0.0,0.0,1.0,0.0,0.0
state_0006,core_002,recovered_calibration,always_0pct,1,1,0,2.5673441886901855,0.5,1.0,0.44221848249435425,1,early,2,short_shelf_life,balanced_inventory,uniform,medium_margin,moderate_disposal_cost,observed_sales_demand,observed_target_response,3,0.2,inventory_coverage_rule,0.2612142314356211,0.24267882739854507,0.07428300053564013,0.9257169994643598,0.0,0.25507952889693475,-0.024469850023932427,0,0.0,0.0,0.0,1.0,0.0,0.0
state_0006,core_002,recovered_calibration,always_0pct,1,1,0,2.5673441886901855,0.5,1.0,0.44221848249435425,1,early,2,short_shelf_life,balanced_inventory,uniform,medium_margin,moderate_disposal_cost,observed_sales_demand,observed_target_response,4,0.3,inventory_coverage_rule,0.2888823140179644,0.24384726306085652,0.05423644406413718,0.9457635559358627,0.0,0.2285798819769029,-0.023301414361620976,0,0.0,0.0,1.0,0.0,0.0,0.0
state_0006,core_002,recovered_calibration,always_0pct,1,1,0,2.5673441886901855,0.5,1.0,0.44221848249435425,1,early,2,short_shelf_life,balanced_inventory,uniform,medium_margin,moderate_disposal_cost,observed_sales_demand,observed_target_response,5,0.4,inventory_coverage_rule,0.32917252346053893,0.17360338475896323,0.05423644406413718,0.9457635559358629,0.0,0.11804579423243508,-0.09354529266351427,0,1.0,0.0,0.0,0.0,0.0,0.0
state_0006,core_002,recovered_calibration,always_0pct,1,1,0,2.5673441886901855,0.5,1.0,0.44221848249435425,1,early,2,short_shelf_life,balanced_inventory,uniform,medium_margin,moderate_disposal_cost,observed_sales_demand,observed_target_response,0,0.0,greedy_financial,0.28100814671347585,0.28684780768792717,0.15538304029721214,0.8446169597027879,0.0,0.27945459390846206,0.0,0,1.0,0.0,0.0,0.0,0.0,0.0
state_0006,core_002,recovered_calibration,always_0pct,1,1,0,2.5673441886901855,0.5,1.0,0.44221848249435425,1,early,2,short_shelf_life,balanced_inventory,uniform,medium_margin,moderate_disposal_cost,observed_sales_demand,observed_target_response,1,0.05,greedy_financial,0.2806031174323518,0.28092475319885285,0.14686834056780587,0.8531316594321942,0.0,0.2739365687005118,-0.00592305448907432,0,1.0,0.0,0.0,0.0,0.0,0.0
state_0006,core_002,recovered_calibration,always_0pct,1,1,0,2.5673441886901855,0.5,1.0,0.44221848249435425,1,early,2,short_shelf_life,balanced_inventory,uniform,medium_margin,moderate_disposal_cost,observed_sales_demand,observed_target_response,2,0.1,greedy_financial,0.25605714388114814,0.26189680485559946,0.1518051672505253,0.8481948327494746,0.0,0.27945459390846206,-0.024951002832327707,0,1.0,0.0,0.0,0.0,0.0,0.0
state_0006,core_002,recovered_calibration,always_0pct,1,1,0,2.5673441886901855,0.5,1.0,0.44221848249435425,1,early,2,short_shelf_life,balanced_inventory,uniform,medium_margin,moderate_disposal_cost,observed_sales_demand,observed_target_response,3,0.2,greedy_financial,0.2612142314356211,0.26153586720212213,0.11721942101707403,0.882780578982926,0.0,0.2739365687005118,-0.02531194048580504,0,1.0,0.0,0.0,0.0,0.0,0.0
state_0006,core_002,recovered_calibration,always_0pct,1,1,0,2.5673441886901855,0.5,1.0,0.44221848249435425,1,early,2,short_shelf_life,balanced_inventory,uniform,medium_margin,moderate_disposal_cost,observed_sales_demand,observed_target_response,4,0.3,greedy_financial,0.2888823140179644,0.26924502772495684,0.05423644406413718,0.9457635559358627,0.0,0.25397764664100325,-0.017602779962970327,0,1.0,0.0,0.0,0.0,0.0,0.0
state_0006,core_002,recovered_calibration,always_0pct,1,1,0,2.5673441886901855,0.5,1.0,0.44221848249435425,1,early,2,short_shelf_life,balanced_inventory,uniform,medium_margin,moderate_disposal_cost,observed_sales_demand,observed_target_response,5,0.4,greedy_financial,0.32917252346053893,0.17360338475896323,0.05423644406413718,0.9457635559358629,0.0,0.11804579423243508,-0.11324442292896394,0,1.0,0.0,0.0,0.0,0.0,0.0
state_0007,core_002,recovered_calibration,always_0pct,1,2,0|0,1.264838695526123,1.0,1.0,0.43991056084632874,2,late,1,short_shelf_life,balanced_inventory,uniform,medium_margin,moderate_disposal_cost,observed_sales_demand,observed_target_response,0,0.0,always_0pct,0.27945459390846206,0.28684780768792717,0.15538304029721214,0.8446169597027879,0.0,0.0,0.0,0,,,,,,
state_0007,core_002,recovered_calibration,always_0pct,1,2,0|0,1.264838695526123,1.0,1.0,0.43991056084632874,2,late,1,short_shelf_life,balanced_inventory,uniform,medium_margin,moderate_disposal_cost,observed_sales_demand,observed_target_response,1,0.05,always_0pct,0.27910150785349724,0.28649472163296236,0.14163511394383752,0.8583648860561625,0.0,0.0,-0.00035308605496481293,0,,,,,,
state_0007,core_002,recovered_calibration,always_0pct,1,2,0|0,1.264838695526123,1.0,1.0,0.43991056084632874,2,late,1,short_shelf_life,balanced_inventory,uniform,medium_margin,moderate_disposal_cost,observed_sales_demand,observed_target_response,2,0.1,always_0pct,0.2546461092453128,0.2620393230247779,0.15181089276718093,0.848189107232819,0.0,0.0,-0.024808484663149277,0,,,,,,
state_0007,core_002,recovered_calibration,always_0pct,1,2,0|0,1.264838695526123,1.0,1.0,0.43991056084632874,2,late,1,short_shelf_life,balanced_inventory,uniform,medium_margin,moderate_disposal_cost,observed_sales_demand,observed_target_response,3,0.2,always_0pct,0.25975546364301244,0.2671486774224775,0.11220078221732017,0.8877992177826799,0.0,0.0,-0.01969913026544967,0,,,,,,
state_0007,core_002,recovered_calibration,always_0pct,1,2,0|0,1.264838695526123,1.0,1.0,0.43991056084632874,2,late,1,short_shelf_life,balanced_inventory,uniform,medium_margin,moderate_disposal_cost,observed_sales_demand,observed_target_response,4,0.3,always_0pct,0.23333333333333334,0.24072654711279842,0.10406995513066811,0.8959300448693319,0.0,0.0,-0.04612126057512875,0,,,,,,
state_0007,core_002,recovered_calibration,always_0pct,1,2,0|0,1.264838695526123,1.0,1.0,0.43991056084632874,2,late,1,short_shelf_life,balanced_inventory,uniform,medium_margin,moderate_disposal_cost,observed_sales_demand,observed_target_response,5,0.4,always_0pct,0.2,0.2073932137794651,0.10406995513066811,0.8959300448693319,0.0,0.0,-0.07945459390846207,0,,,,,,
state_0007,core_002,recovered_calibration,always_0pct,1,2,0|0,1.264838695526123,1.0,1.0,0.43991056084632874,2,late,1,short_shelf_life,balanced_inventory,uniform,medium_margin,moderate_disposal_cost,observed_sales_demand,observed_target_response,0,0.0,expiry_threshold_rule,0.27945459390846206,0.28684780768792717,0.15538304029721214,0.8446169597027879,0.0,0.0,0.0,0,,,,,,
state_0007,core_002,recovered_calibration,always_0pct,1,2,0|0,1.264838695526123,1.0,1.0,0.43991056084632874,2,late,1,short_shelf_life,balanced_inventory,uniform,medium_margin,moderate_disposal_cost,observed_sales_demand,observed_target_response,1,0.05,expiry_threshold_rule,0.27910150785349724,0.28649472163296236,0.14163511394383752,0.8583648860561625,0.0,0.0,-0.00035308605496481293,0,,,,,,
state_0007,core_002,recovered_calibration,always_0pct,1,2,0|0,1.264838695526123,1.0,1.0,0.43991056084632874,2,late,1,short_shelf_life,balanced_inventory,uniform,medium_margin,moderate_disposal_cost,observed_sales_demand,observed_target_response,2,0.1,expiry_threshold_rule,0.2546461092453128,0.2620393230247779,0.15181089276718093,0.848189107232819,0.0,0.0,-0.024808484663149277,0,,,,,,
state_0007,core_002,recovered_calibration,always_0pct,1,2,0|0,1.264838695526123,1.0,1.0,0.43991056084632874,2,late,1,short_shelf_life,balanced_inventory,uniform,medium_margin,moderate_disposal_cost,observed_sales_demand,observed_target_response,3,0.2,expiry_threshold_rule,0.25975546364301244,0.2671486774224775,0.11220078221732017,0.8877992177826799,0.0,0.0,-0.01969913026544967,0,,,,,,
state_0007,core_002,recovered_calibration,always_0pct,1,2,0|0,1.264838695526123,1.0,1.0,0.43991056084632874,2,late,1,short_shelf_life,balanced_inventory,uniform,medium_margin,moderate_disposal_cost,observed_sales_demand,observed_target_response,4,0.3,expiry_threshold_rule,0.23333333333333334,0.24072654711279842,0.10406995513066811,0.8959300448693319,0.0,0.0,-0.04612126057512875,0,,,,,,
state_0007,core_002,recovered_calibration,always_0pct,1,2,0|0,1.264838695526123,1.0,1.0,0.43991056084632874,2,late,1,short_shelf_life,balanced_inventory,uniform,medium_margin,moderate_disposal_cost,observed_sales_demand,observed_target_response,5,0.4,expiry_threshold_rule,0.2,0.2073932137794651,0.10406995513066811,0.8959300448693319,0.0,0.0,-0.07945459390846207,0,,,,,,
state_0007,core_002,recovered_calibration,always_0pct,1,2,0|0,1.264838695526123,1.0,1.0,0.43991056084632874,2,late,1,short_shelf_life,balanced_inventory,uniform,medium_margin,moderate_disposal_cost,observed_sales_demand,observed_target_response,0,0.0,inventory_coverage_rule,0.27945459390846206,0.28684780768792717,0.15538304029721214,0.8446169597027879,0.0,0.0,0.0,0,,,,,,
state_0007,core_002,recovered_calibration,always_0pct,1,2,0|0,1.264838695526123,1.0,1.0,0.43991056084632874,2,late,1,short_shelf_life,balanced_inventory,uniform,medium_margin,moderate_disposal_cost,observed_sales_demand,observed_target_response,1,0.05,inventory_coverage_rule,0.27910150785349724,0.28649472163296236,0.14163511394383752,0.8583648860561625,0.0,0.0,-0.00035308605496481293,0,,,,,,
state_0007,core_002,recovered_calibration,always_0pct,1,2,0|0,1.264838695526123,1.0,1.0,0.43991056084632874,2,late,1,short_shelf_life,balanced_inventory,uniform,medium_margin,moderate_disposal_cost,observed_sales_demand,observed_target_response,2,0.1,inventory_coverage_rule,0.2546461092453128,0.2620393230247779,0.15181089276718093,0.848189107232819,0.0,0.0,-0.024808484663149277,0,,,,,,
state_0007,core_002,recovered_calibration,always_0pct,1,2,0|0,1.264838695526123,1.0,1.0,0.43991056084632874,2,late,1,short_shelf_life,balanced_inventory,uniform,medium_margin,moderate_disposal_cost,observed_sales_demand,observed_target_response,3,0.2,inventory_coverage_rule,0.25975546364301244,0.2671486774224775,0.11220078221732017,0.8877992177826799,0.0,0.0,-0.01969913026544967,0,,,,,,
state_0007,core_002,recovered_calibration,always_0pct,1,2,0|0,1.264838695526123,1.0,1.0,0.43991056084632874,2,late,1,short_shelf_life,balanced_inventory,uniform,medium_margin,moderate_disposal_cost,observed_sales_demand,observed_target_response,4,0.3,inventory_coverage_rule,0.23333333333333334,0.24072654711279842,0.10406995513066811,0.8959300448693319,0.0,0.0,-0.04612126057512875,0,,,,,,
state_0007,core_002,recovered_calibration,always_0pct,1,2,0|0,1.264838695526123,1.0,1.0,0.43991056084632874,2,late,1,short_shelf_life,balanced_inventory,uniform,medium_margin,moderate_disposal_cost,observed_sales_demand,observed_target_response,5,0.4,inventory_coverage_rule,0.2,0.2073932137794651,0.10406995513066811,0.8959300448693319,0.0,0.0,-0.07945459390846207,0,,,,,,
state_0007,core_002,recovered_calibration,always_0pct,1,2,0|0,1.264838695526123,1.0,1.0,0.43991056084632874,2,late,1,short_shelf_life,balanced_inventory,uniform,medium_margin,moderate_disposal_cost,observed_sales_demand,observed_target_response,0,0.0,greedy_financial,0.27945459390846206,0.28684780768792717,0.15538304029721214,0.8446169597027879,0.0,0.0,0.0,0,,,,,,
state_0007,core_002,recovered_calibration,always_0pct,1,2,0|0,1.264838695526123,1.0,1.0,0.43991056084632874,2,late,1,short_shelf_life,balanced_inventory,uniform,medium_margin,moderate_disposal_cost,observed_sales_demand,observed_target_response,1,0.05,greedy_financial,0.27910150785349724,0.28649472163296236,0.14163511394383752,0.8583648860561625,0.0,0.0,-0.00035308605496481293,0,,,,,,
state_0007,core_002,recovered_calibration,always_0pct,1,2,0|0,1.264838695526123,1.0,1.0,0.43991056084632874,2,late,1,short_shelf_life,balanced_inventory,uniform,medium_margin,moderate_disposal_cost,observed_sales_demand,observed_target_response,2,0.1,greedy_financial,0.2546461092453128,0.2620393230247779,0.15181089276718093,0.848189107232819,0.0,0.0,-0.024808484663149277,0,,,,,,
state_0007,core_002,recovered_calibration,always_0pct,1,2,0|0,1.264838695526123,1.0,1.0,0.43991056084632874,2,late,1,short_shelf_life,balanced_inventory,uniform,medium_margin,moderate_disposal_cost,observed_sales_demand,observed_target_response,3,0.2,greedy_financial,0.25975546364301244,0.2671486774224775,0.11220078221732017,0.8877992177826799,0.0,0.0,-0.01969913026544967,0,,,,,,
state_0007,core_002,recovered_calibration,always_0pct,1,2,0|0,1.264838695526123,1.0,1.0,0.43991056084632874,2,late,1,short_shelf_life,balanced_inventory,uniform,medium_margin,moderate_disposal_cost,observed_sales_demand,observed_target_response,4,0.3,greedy_financial,0.23333333333333334,0.24072654711279842,0.10406995513066811,0.8959300448693319,0.0,0.0,-0.04612126057512875,0,,,,,,
state_0007,core_002,recovered_calibration,always_0pct,1,2,0|0,1.264838695526123,1.0,1.0,0.43991056084632874,2,late,1,short_shelf_life,balanced_inventory,uniform,medium_margin,moderate_disposal_cost,observed_sales_demand,observed_target_response,5,0.4,greedy_financial,0.2,0.2073932137794651,0.10406995513066811,0.8959300448693319,0.0,0.0,-0.07945459390846207,0,,,,,,
state_0008,core_003,observed_calibration,always_0pct,0,0,,2.21427583694458,0.3333333432674408,0.6666666865348816,1.514770746231079,0,early,3,short_shelf_life,high_inventory,uniform,medium_margin,moderate_disposal_cost,observed_sales_demand,observed_target_response,0,0.0,always_0pct,0.06235411267290188,0.45000000000000007,0.0,1.0,0.0,0.3876458873270982,0.0,0,1.0,0.0,0.0,0.0,0.0,0.0
state_0008,core_003,observed_calibration,always_0pct,0,0,,2.21427583694458,0.3333333432674408,0.6666666865348816,1.514770746231079,0,early,3,short_shelf_life,high_inventory,uniform,medium_margin,moderate_disposal_cost,observed_sales_demand,observed_target_response,1,0.05,always_0pct,0.029520330084090152,0.41949892999557425,0.0,1.0,0.0,0.3899785999114841,-0.030501070004425812,0,1.0,0.0,0.0,0.0,0.0,0.0
state_0008,core_003,observed_calibration,always_0pct,0,0,,2.21427583694458,0.3333333432674408,0.6666666865348816,1.514770746231079,0,early,3,short_shelf_life,high_inventory,uniform,medium_margin,moderate_disposal_cost,observed_sales_demand,observed_target_response,2,0.1,always_0pct,0.0016765198199475274,0.38870260890889485,0.0,1.0,0.0,0.3870260890889473,-0.06129739109110521,0,1.0,0.0,0.0,0.0,0.0,0.0
state_0008,core_003,observed_calibration,always_0pct,0,0,,2.21427583694458,0.3333333432674408,0.6666666865348816,1.514770746231079,0,early,3,short_shelf_life,high_inventory,uniform,medium_margin,moderate_disposal_cost,observed_sales_demand,observed_target_response,3,0.2,always_0pct,-0.06151082542365474,0.32787770635591384,0.0,1.0,0.0,0.38938853177956856,-0.12212229364408622,0,1.0,0.0,0.0,0.0,0.0,0.0
state_0008,core_003,observed_calibration,always_0pct,0,0,,2.21427583694458,0.3333333432674408,0.6666666865348816,1.514770746231079,0,early,3,short_shelf_life,high_inventory,uniform,medium_margin,moderate_disposal_cost,observed_sales_demand,observed_target_response,4,0.3,always_0pct,-0.11607278588631896,0.2640311939512796,0.0,1.0,0.0,0.3801039798375985,-0.18596880604872046,0,1.0,0.0,0.0,0.0,0.0,0.0
state_0008,core_003,observed_calibration,always_0pct,0,0,,2.21427583694458,0.3333333432674408,0.6666666865348816,1.514770746231079,0,early,3,short_shelf_life,high_inventory,uniform,medium_margin,moderate_disposal_cost,observed_sales_demand,observed_target_response,5,0.4,always_0pct,-0.04490434180620726,0.11326956120413824,0.0,1.0,0.0,0.1581739030103455,-0.33673043879586184,0,1.0,0.0,0.0,0.0,0.0,0.0
state_0008,core_003,observed_calibration,always_0pct,0,0,,2.21427583694458,0.3333333432674408,0.6666666865348816,1.514770746231079,0,early,3,short_shelf_life,high_inventory,uniform,medium_margin,moderate_disposal_cost,observed_sales_demand,observed_target_response,0,0.0,expiry_threshold_rule,0.06235411267290188,0.2949416450691608,0.0,1.0,0.0,0.23258753239625893,0.0,0,0.0,0.0,0.0,0.0,0.0,1.0
state_0008,core_003,observed_calibration,always_0pct,0,0,,2.21427583694458,0.3333333432674408,0.6666666865348816,1.514770746231079,0,early,3,short_shelf_life,high_inventory,uniform,medium_margin,moderate_disposal_cost,observed_sales_demand,observed_target_response,1,0.05,expiry_threshold_rule,0.029520330084090152,0.26350749003098056,0.0,1.0,0.0,0.23398715994689043,-0.031434155038180256,0,0.0,0.0,0.0,0.0,0.0,1.0
state_0008,core_003,observed_calibration,always_0pct,0,0,,2.21427583694458,0.3333333432674408,0.6666666865348816,1.514770746231079,0,early,3,short_shelf_life,high_inventory,uniform,medium_margin,moderate_disposal_cost,observed_sales_demand,observed_target_response,2,0.1,expiry_threshold_rule,0.0016765198199475274,0.23389217327331588,0.0,1.0,0.0,0.23221565345336836,-0.06104947179584494,0,0.0,0.0,0.0,0.0,0.0,1.0
state_0008,core_003,observed_calibration,always_0pct,0,0,,2.21427583694458,0.3333333432674408,0.6666666865348816,1.514770746231079,0,early,3,short_shelf_life,high_inventory,uniform,medium_margin,moderate_disposal_cost,observed_sales_demand,observed_target_response,3,0.2,expiry_threshold_rule,-0.06151082542365474,0.1721222936440864,0.0,1.0,0.0,0.23363311906774115,-0.12281935142507441,0,0.0,0.0,0.0,0.0,0.0,1.0
state_0008,core_003,observed_calibration,always_0pct,0,0,,2.21427583694458,0.3333333432674408,0.6666666865348816,1.514770746231079,0,early,3,short_shelf_life,high_inventory,uniform,medium_margin,moderate_disposal_cost,observed_sales_demand,observed_target_response,4,0.3,expiry_threshold_rule,-0.11607278588631896,0.11198960201624016,0.0,1.0,0.0,0.22806238790255912,-0.18295204305292068,0,0.0,0.0,0.0,0.0,0.0,1.0
state_0008,core_003,observed_calibration,always_0pct,0,0,,2.21427583694458,0.3333333432674408,0.6666666865348816,1.514770746231079,0,early,3,short_shelf_life,high_inventory,uniform,medium_margin,moderate_disposal_cost,observed_sales_demand,observed_target_response,5,0.4,expiry_threshold_rule,-0.04490434180620726,0.05000000000000003,0.0,1.0,0.0,0.0949043418062073,-0.24494164506916077,0,0.0,0.0,0.0,0.0,0.0,1.0
state_0008,core_003,observed_calibration,always_0pct,0,0,,2.21427583694458,0.3333333432674408,0.6666666865348816,1.514770746231079,0,early,3,short_shelf_life,high_inventory,uniform,medium_margin,moderate_disposal_cost,observed_sales_demand,observed_target_response,0,0.0,inventory_coverage_rule,0.06235411267290188,0.4112354112672903,0.0,1.0,0.0,0.3488812985943884,0.0,0,0.0,0.0,1.0,0.0,0.0,0.0
state_0008,core_003,observed_calibration,always_0pct,0,0,,2.21427583694458,0.3333333432674408,0.6666666865348816,1.514770746231079,0,early,3,short_shelf_life,high_inventory,uniform,medium_margin,moderate_disposal_cost,observed_sales_demand,observed_target_response,1,0.05,inventory_coverage_rule,0.029520330084090152,0.38050107000442585,0.0,1.0,0.0,0.3509807399203357,-0.03073434126286445,0,0.0,0.0,1.0,0.0,0.0,0.0
state_0008,core_003,observed_calibration,always_0pct,0,0,,2.21427583694458,0.3333333432674408,0.6666666865348816,1.514770746231079,0,early,3,short_shelf_life,high_inventory,uniform,medium_margin,moderate_disposal_cost,observed_sales_demand,observed_target_response,2,0.1,inventory_coverage_rule,0.0016765198199475274,0.35000000000000014,0.0,1.0,0.0,0.3483234801800526,-0.06123541126729015,0,0.0,0.0,1.0,0.0,0.0,0.0
state_0008,core_003,observed_calibration,always_0pct,0,0,,2.21427583694458,0.3333333432674408,0.6666666865348816,1.514770746231079,0,early,3,short_shelf_life,high_inventory,uniform,medium_margin,moderate_disposal_cost,observed_sales_demand,observed_target_response,3,0.2,inventory_coverage_rule,-0.06151082542365474,0.288938853177957,0.0,1.0,0.0,0.3504496786016117,-0.12229655808933332,0,0.0,0.0,1.0,0.0,0.0,0.0
state_0008,core_003,observed_calibration,always_0pct,0,0,,2.21427583694458,0.3333333432674408,0.6666666865348816,1.514770746231079,0,early,3,short_shelf_life,high_inventory,uniform,medium_margin,moderate_disposal_cost,observed_sales_demand,observed_target_response,4,0.3,inventory_coverage_rule,-0.11607278588631896,0.2640311939512796,0.0,1.0,0.0,0.3801039798375985,-0.1472042173160107,0,1.0,0.0,0.0,0.0,0.0,0.0
state_0008,core_003,observed_calibration,always_0pct,0,0,,2.21427583694458,0.3333333432674408,0.6666666865348816,1.514770746231079,0,early,3,short_shelf_life,high_inventory,uniform,medium_margin,moderate_disposal_cost,observed_sales_demand,observed_target_response,5,0.4,inventory_coverage_rule,-0.04490434180620726,0.11326956120413824,0.0,1.0,0.0,0.1581739030103455,-0.29796585006315207,0,1.0,0.0,0.0,0.0,0.0,0.0
state_0008,core_003,observed_calibration,always_0pct,0,0,,2.21427583694458,0.3333333432674408,0.6666666865348816,1.514770746231079,0,early,3,short_shelf_life,high_inventory,uniform,medium_margin,moderate_disposal_cost,observed_sales_demand,observed_target_response,0,0.0,greedy_financial,0.06235411267290188,0.45000000000000007,0.0,1.0,0.0,0.3876458873270982,0.0,0,1.0,0.0,0.0,0.0,0.0,0.0
state_0008,core_003,observed_calibration,always_0pct,0,0,,2.21427583694458,0.3333333432674408,0.6666666865348816,1.514770746231079,0,early,3,short_shelf_life,high_inventory,uniform,medium_margin,moderate_disposal_cost,observed_sales_demand,observed_target_response,1,0.05,greedy_financial,0.029520330084090152,0.41949892999557425,0.0,1.0,0.0,0.3899785999114841,-0.030501070004425812,0,1.0,0.0,0.0,0.0,0.0,0.0
state_0008,core_003,observed_calibration,always_0pct,0,0,,2.21427583694458,0.3333333432674408,0.6666666865348816,1.514770746231079,0,early,3,short_shelf_life,high_inventory,uniform,medium_margin,moderate_disposal_cost,observed_sales_demand,observed_target_response,2,0.1,greedy_financial,0.0016765198199475274,0.38870260890889485,0.0,1.0,0.0,0.3870260890889473,-0.06129739109110521,0,1.0,0.0,0.0,0.0,0.0,0.0
state_0008,core_003,observed_calibration,always_0pct,0,0,,2.21427583694458,0.3333333432674408,0.6666666865348816,1.514770746231079,0,early,3,short_shelf_life,high_inventory,uniform,medium_margin,moderate_disposal_cost,observed_sales_demand,observed_target_response,3,0.2,greedy_financial,-0.06151082542365474,0.32787770635591384,0.0,1.0,0.0,0.38938853177956856,-0.12212229364408622,0,1.0,0.0,0.0,0.0,0.0,0.0
state_0008,core_003,observed_calibration,always_0pct,0,0,,2.21427583694458,0.3333333432674408,0.6666666865348816,1.514770746231079,0,early,3,short_shelf_life,high_inventory,uniform,medium_margin,moderate_disposal_cost,observed_sales_demand,observed_target_response,4,0.3,greedy_financial,-0.11607278588631896,0.2640311939512796,0.0,1.0,0.0,0.3801039798375985,-0.18596880604872046,0,1.0,0.0,0.0,0.0,0.0,0.0
state_0008,core_003,observed_calibration,always_0pct,0,0,,2.21427583694458,0.3333333432674408,0.6666666865348816,1.514770746231079,0,early,3,short_shelf_life,high_inventory,uniform,medium_margin,moderate_disposal_cost,observed_sales_demand,observed_target_response,5,0.4,greedy_financial,-0.04490434180620726,0.11326956120413824,0.0,1.0,0.0,0.1581739030103455,-0.33673043879586184,0,1.0,0.0,0.0,0.0,0.0,0.0
state_0009,core_003,observed_calibration,always_0pct,0,1,0,0.81682288646698,0.14010867476463318,1.0,1.1891764402389526,1,early,2,short_shelf_life,high_inventory,uniform,medium_margin,moderate_disposal_cost,observed_sales_demand,observed_target_response,0,0.0,always_0pct,0.3876458873270982,0.45000000000000007,0.0,1.0,0.0,0.0,0.0,0,,,,,,
state_0009,core_003,observed_calibration,always_0pct,0,1,0,0.81682288646698,0.14010867476463318,1.0,1.1891764402389526,1,early,2,short_shelf_life,high_inventory,uniform,medium_margin,moderate_disposal_cost,observed_sales_demand,observed_target_response,1,0.05,always_0pct,0.36826359296074324,0.43061770563364515,0.0,1.0,0.0,0.0,-0.019382294366354913,0,,,,,,
state_0009,core_003,observed_calibration,always_0pct,0,1,0,0.81682288646698,0.14010867476463318,1.0,1.1891764402389526,1,early,2,short_shelf_life,high_inventory,uniform,medium_margin,moderate_disposal_cost,observed_sales_demand,observed_target_response,2,0.1,always_0pct,0.3488812985943884,0.4112354112672903,0.0,1.0,0.0,0.0,-0.03876458873270977,0,,,,,,
state_0009,core_003,observed_calibration,always_0pct,0,1,0,0.81682288646698,0.14010867476463318,1.0,1.1891764402389526,1,early,2,short_shelf_life,high_inventory,uniform,medium_margin,moderate_disposal_cost,observed_sales_demand,observed_target_response,3,0.2,always_0pct,0.31011670986167855,0.3724708225345804,0.0,1.0,0.0,0.0,-0.07752917746541965,0,,,,,,
state_0009,core_003,observed_calibration,always_0pct,0,1,0,0.81682288646698,0.14010867476463318,1.0,1.1891764402389526,1,early,2,short_shelf_life,high_inventory,uniform,medium_margin,moderate_disposal_cost,observed_sales_demand,observed_target_response,4,0.3,always_0pct,0.2713521211289687,0.3337062338018706,0.0,1.0,0.0,0.0,-0.11629376619812948,0,,,,,,
state_0009,core_003,observed_calibration,always_0pct,0,1,0,0.81682288646698,0.14010867476463318,1.0,1.1891764402389526,1,early,2,short_shelf_life,high_inventory,uniform,medium_margin,moderate_disposal_cost,observed_sales_demand,observed_target_response,5,0.4,always_0pct,0.23258753239625893,0.2949416450691608,0.0,1.0,0.0,0.0,-0.15505835493083925,0,,,,,,
state_0009,core_003,observed_calibration,always_0pct,0,1,0,0.81682288646698,0.14010867476463318,1.0,1.1891764402389526,1,early,2,short_shelf_life,high_inventory,uniform,medium_margin,moderate_disposal_cost,observed_sales_demand,observed_target_response,0,0.0,expiry_threshold_rule,0.3876458873270982,0.45000000000000007,0.0,1.0,0.0,0.0,0.0,0,,,,,,
state_0009,core_003,observed_calibration,always_0pct,0,1,0,0.81682288646698,0.14010867476463318,1.0,1.1891764402389526,1,early,2,short_shelf_life,high_inventory,uniform,medium_margin,moderate_disposal_cost,observed_sales_demand,observed_target_response,1,0.05,expiry_threshold_rule,0.36826359296074324,0.43061770563364515,0.0,1.0,0.0,0.0,-0.019382294366354913,0,,,,,,
state_0009,core_003,observed_calibration,always_0pct,0,1,0,0.81682288646698,0.14010867476463318,1.0,1.1891764402389526,1,early,2,short_shelf_life,high_inventory,uniform,medium_margin,moderate_disposal_cost,observed_sales_demand,observed_target_response,2,0.1,expiry_threshold_rule,0.3488812985943884,0.4112354112672903,0.0,1.0,0.0,0.0,-0.03876458873270977,0,,,,,,
state_0009,core_003,observed_calibration,always_0pct,0,1,0,0.81682288646698,0.14010867476463318,1.0,1.1891764402389526,1,early,2,short_shelf_life,high_inventory,uniform,medium_margin,moderate_disposal_cost,observed_sales_demand,observed_target_response,3,0.2,expiry_threshold_rule,0.31011670986167855,0.3724708225345804,0.0,1.0,0.0,0.0,-0.07752917746541965,0,,,,,,
state_0009,core_003,observed_calibration,always_0pct,0,1,0,0.81682288646698,0.14010867476463318,1.0,1.1891764402389526,1,early,2,short_shelf_life,high_inventory,uniform,medium_margin,moderate_disposal_cost,observed_sales_demand,observed_target_response,4,0.3,expiry_threshold_rule,0.2713521211289687,0.3337062338018706,0.0,1.0,0.0,0.0,-0.11629376619812948,0,,,,,,
state_0009,core_003,observed_calibration,always_0pct,0,1,0,0.81682288646698,0.14010867476463318,1.0,1.1891764402389526,1,early,2,short_shelf_life,high_inventory,uniform,medium_margin,moderate_disposal_cost,observed_sales_demand,observed_target_response,5,0.4,expiry_threshold_rule,0.23258753239625893,0.2949416450691608,0.0,1.0,0.0,0.0,-0.15505835493083925,0,,,,,,
state_0009,core_003,observed_calibration,always_0pct,0,1,0,0.81682288646698,0.14010867476463318,1.0,1.1891764402389526,1,early,2,short_shelf_life,high_inventory,uniform,medium_margin,moderate_disposal_cost,observed_sales_demand,observed_target_response,0,0.0,inventory_coverage_rule,0.3876458873270982,0.45000000000000007,0.0,1.0,0.0,0.0,0.0,0,,,,,,
state_0009,core_003,observed_calibration,always_0pct,0,1,0,0.81682288646698,0.14010867476463318,1.0,1.1891764402389526,1,early,2,short_shelf_life,high_inventory,uniform,medium_margin,moderate_disposal_cost,observed_sales_demand,observed_target_response,1,0.05,inventory_coverage_rule,0.36826359296074324,0.43061770563364515,0.0,1.0,0.0,0.0,-0.019382294366354913,0,,,,,,
state_0009,core_003,observed_calibration,always_0pct,0,1,0,0.81682288646698,0.14010867476463318,1.0,1.1891764402389526,1,early,2,short_shelf_life,high_inventory,uniform,medium_margin,moderate_disposal_cost,observed_sales_demand,observed_target_response,2,0.1,inventory_coverage_rule,0.3488812985943884,0.4112354112672903,0.0,1.0,0.0,0.0,-0.03876458873270977,0,,,,,,
state_0009,core_003,observed_calibration,always_0pct,0,1,0,0.81682288646698,0.14010867476463318,1.0,1.1891764402389526,1,early,2,short_shelf_life,high_inventory,uniform,medium_margin,moderate_disposal_cost,observed_sales_demand,observed_target_response,3,0.2,inventory_coverage_rule,0.31011670986167855,0.3724708225345804,0.0,1.0,0.0,0.0,-0.07752917746541965,0,,,,,,
state_0009,core_003,observed_calibration,always_0pct,0,1,0,0.81682288646698,0.14010867476463318,1.0,1.1891764402389526,1,early,2,short_shelf_life,high_inventory,uniform,medium_margin,moderate_disposal_cost,observed_sales_demand,observed_target_response,4,0.3,inventory_coverage_rule,0.2713521211289687,0.3337062338018706,0.0,1.0,0.0,0.0,-0.11629376619812948,0,,,,,,
state_0009,core_003,observed_calibration,always_0pct,0,1,0,0.81682288646698,0.14010867476463318,1.0,1.1891764402389526,1,early,2,short_shelf_life,high_inventory,uniform,medium_margin,moderate_disposal_cost,observed_sales_demand,observed_target_response,5,0.4,inventory_coverage_rule,0.23258753239625893,0.2949416450691608,0.0,1.0,0.0,0.0,-0.15505835493083925,0,,,,,,
state_0009,core_003,observed_calibration,always_0pct,0,1,0,0.81682288646698,0.14010867476463318,1.0,1.1891764402389526,1,early,2,short_shelf_life,high_inventory,uniform,medium_margin,moderate_disposal_cost,observed_sales_demand,observed_target_response,0,0.0,greedy_financial,0.3876458873270982,0.45000000000000007,0.0,1.0,0.0,0.0,0.0,0,,,,,,
state_0009,core_003,observed_calibration,always_0pct,0,1,0,0.81682288646698,0.14010867476463318,1.0,1.1891764402389526,1,early,2,short_shelf_life,high_inventory,uniform,medium_margin,moderate_disposal_cost,observed_sales_demand,observed_target_response,1,0.05,greedy_financial,0.36826359296074324,0.43061770563364515,0.0,1.0,0.0,0.0,-0.019382294366354913,0,,,,,,
state_0009,core_003,observed_calibration,always_0pct,0,1,0,0.81682288646698,0.14010867476463318,1.0,1.1891764402389526,1,early,2,short_shelf_life,high_inventory,uniform,medium_margin,moderate_disposal_cost,observed_sales_demand,observed_target_response,2,0.1,greedy_financial,0.3488812985943884,0.4112354112672903,0.0,1.0,0.0,0.0,-0.03876458873270977,0,,,,,,
state_0009,core_003,observed_calibration,always_0pct,0,1,0,0.81682288646698,0.14010867476463318,1.0,1.1891764402389526,1,early,2,short_shelf_life,high_inventory,uniform,medium_margin,moderate_disposal_cost,observed_sales_demand,observed_target_response,3,0.2,greedy_financial,0.31011670986167855,0.3724708225345804,0.0,1.0,0.0,0.0,-0.07752917746541965,0,,,,,,
state_0009,core_003,observed_calibration,always_0pct,0,1,0,0.81682288646698,0.14010867476463318,1.0,1.1891764402389526,1,early,2,short_shelf_life,high_inventory,uniform,medium_margin,moderate_disposal_cost,observed_sales_demand,observed_target_response,4,0.3,greedy_financial,0.2713521211289687,0.3337062338018706,0.0,1.0,0.0,0.0,-0.11629376619812948,0,,,,,,
state_0009,core_003,observed_calibration,always_0pct,0,1,0,0.81682288646698,0.14010867476463318,1.0,1.1891764402389526,1,early,2,short_shelf_life,high_inventory,uniform,medium_margin,moderate_disposal_cost,observed_sales_demand,observed_target_response,5,0.4,greedy_financial,0.23258753239625893,0.2949416450691608,0.0,1.0,0.0,0.0,-0.15505835493083925,0,,,,,,
state_0010,core_003,observed_calibration,always_0pct,1,0,,6.184210300445557,0.3333333432674408,0.6666666865348816,0.4501940608024597,0,early,3,short_shelf_life,high_inventory,uniform,medium_margin,moderate_disposal_cost,observed_sales_demand,observed_target_response,0,0.0,always_0pct,-0.3755736516869316,-0.0026823677946939996,0.43112606456637537,0.5688739354336247,0.0,0.3728912838922376,0.0,5,1.0,0.0,0.0,0.0,0.0,0.0
state_0010,core_003,observed_calibration,always_0pct,1,0,,6.184210300445557,0.3333333432674408,0.6666666865348816,0.4501940608024597,0,early,3,short_shelf_life,high_inventory,uniform,medium_margin,moderate_disposal_cost,observed_sales_demand,observed_target_response,1,0.05,always_0pct,-0.38221128296984824,-0.0165617261328222,0.43556091137902986,0.5644390886209703,0.0,0.36564955683702605,-0.0138793583381282,5,1.0,0.0,0.0,0.0,0.0,0.0
state_0010,core_003,observed_calibration,always_0pct,1,0,,6.184210300445557,0.3333333432674408,0.6666666865348816,0.4501940608024597,0,early,3,short_shelf_life,high_inventory,uniform,medium_margin,moderate_disposal_cost,observed_sales_demand,observed_target_response,2,0.1,always_0pct,-0.3915619252665504,-0.02591236842952434,0.4356955146546732,0.5643044853453268,0.0,0.36564955683702605,-0.02323000063483034,5,1.0,0.0,0.0,0.0,0.0,0.0
state_0010,core_003,observed_calibration,always_0pct,1,0,,6.184210300445557,0.3333333432674408,0.6666666865348816,0.4501940608024597,0,early,3,short_shelf_life,high_inventory,uniform,medium_margin,moderate_disposal_cost,observed_sales_demand,observed_target_response,3,0.2,always_0pct,-0.3993046476064207,-0.03365509076939465,0.4231198020637942,0.5768801979362058,0.0,0.36564955683702605,-0.03097272297470065,5,1.0,0.0,0.0,0.0,0.0,0.0
state_0010,core_003,observed_calibration,always_0pct,1,0,,6.184210300445557,0.3333333432674408,0.6666666865348816,0.4501940608024597,0,early,3,short_shelf_life,high_inventory,uniform,medium_margin,moderate_disposal_cost,observed_sales_demand,observed_target_response,4,0.3,always_0pct,-0.3671797160381343,0.021528921137195237,0.3320726653441828,0.6679273346558173,0.0,0.38870863717532955,0.024211288931889237,5,1.0,0.0,0.0,0.0,0.0,0.0
state_0010,core_003,observed_calibration,always_0pct,1,0,,6.184210300445557,0.3333333432674408,0.6666666865348816,0.4501940608024597,0,early,3,short_shelf_life,high_inventory,uniform,medium_margin,moderate_disposal_cost,observed_sales_demand,observed_target_response,5,0.4,always_0pct,-0.2951667919218916,0.14223131452370322,0.1313141715151345,0.8686858284848655,0.0,0.4373981064455948,0.1449136823183972,5,1.0,0.0,0.0,0.0,0.0,0.0
state_0010,core_003,observed_calibration,always_0pct,1,0,,6.184210300445557,0.3333333432674408,0.6666666865348816,0.4501940608024597,0,early,3,short_shelf_life,high_inventory,uniform,medium_margin,moderate_disposal_cost,observed_sales_demand,observed_target_response,0,0.0,expiry_threshold_rule,-0.3755736516869316,0.024426348313068422,0.15133998573358567,0.8486600142664145,0.0,0.4,0.0,5,0.0,0.0,0.0,0.0,0.0,1.0
state_0010,core_003,observed_calibration,always_0pct,1,0,,6.184210300445557,0.3333333432674408,0.6666666865348816,0.4501940608024597,0,early,3,short_shelf_life,high_inventory,uniform,medium_margin,moderate_disposal_cost,observed_sales_demand,observed_target_response,1,0.05,expiry_threshold_rule,-0.38221128296984824,0.017788717030151772,0.1488779496365149,0.8511220503634853,0.0,0.4,-0.00663763128291665,5,0.0,0.0,0.0,0.0,0.0,1.0
state_0010,core_003,observed_calibration,always_0pct,1,0,,6.184210300445557,0.3333333432674408,0.6666666865348816,0.4501940608024597,0,early,3,short_shelf_life,high_inventory,uniform,medium_margin,moderate_disposal_cost,observed_sales_demand,observed_target_response,2,0.1,expiry_threshold_rule,-0.3915619252665504,0.00843807473344963,0.1490125529121583,0.8509874470878417,0.0,0.4,-0.015988273579618795,5,0.0,0.0,0.0,0.0,0.0,1.0
state_0010,core_003,observed_calibration,always_0pct,1,0,,6.184210300445557,0.3333333432674408,0.6666666865348816,0.4501940608024597,0,early,3,short_shelf_life,high_inventory,uniform,medium_margin,moderate_disposal_cost,observed_sales_demand,observed_target_response,3,0.2,expiry_threshold_rule,-0.3993046476064207,0.0006953523935793241,0.13643684032127928,0.8635631596787208,0.0,0.4,-0.023730995919489097,5,0.0,0.0,0.0,0.0,0.0,1.0
state_0010,core_003,observed_calibration,always_0pct,1,0,,6.184210300445557,0.3333333432674408,0.6666666865348816,0.4501940608024597,0,early,3,short_shelf_life,high_inventory,uniform,medium_margin,moderate_disposal_cost,observed_sales_demand,observed_target_response,4,0.3,expiry_threshold_rule,-0.3671797160381343,0.03282028396186571,0.0673507324952902,0.9326492675047099,0.0,0.4,0.008393935648797288,5,0.0,0.0,0.0,0.0,0.0,1.0
state_0010,core_003,observed_calibration,always_0pct,1,0,,6.184210300445557,0.3333333432674408,0.6666666865348816,0.4501940608024597,0,early,3,short_shelf_life,high_inventory,uniform,medium_margin,moderate_disposal_cost,observed_sales_demand,observed_target_response,5,0.4,expiry_threshold_rule,-0.2951667919218916,0.049999999999999996,0.0,1.0,0.0,0.3451667919218916,0.025573651686931573,5,0.0,0.0,0.0,0.0,0.0,1.0
state_0010,core_003,observed_calibration,always_0pct,1,0,,6.184210300445557,0.3333333432674408,0.6666666865348816,0.4501940608024597,0,early,3,short_shelf_life,high_inventory,uniform,medium_margin,moderate_disposal_cost,observed_sales_demand,observed_target_response,0,0.0,inventory_coverage_rule,-0.3755736516869316,0.01992622733252365,0.24622903592986756,0.7537709640701326,0.0,0.3954998790194552,0.0,5,0.0,0.0,0.0,0.0,1.0,0.0
state_0010,core_003,observed_calibration,always_0pct,1,0,,6.184210300445557,0.3333333432674408,0.6666666865348816,0.4501940608024597,0,early,3,short_shelf_life,high_inventory,uniform,medium_margin,moderate_disposal_cost,observed_sales_demand,observed_target_response,1,0.05,inventory_coverage_rule,-0.38221128296984824,0.0060854533520924795,0.2533711900961495,0.7466288099038506,0.0,0.3882967363219407,-0.01384077398043117,5,0.0,0.0,0.0,0.0,1.0,0.0
state_0010,core_003,observed_calibration,always_0pct,1,0,,6.184210300445557,0.3333333432674408,0.6666666865348816,0.4501940608024597,0,early,3,short_shelf_life,high_inventory,uniform,medium_margin,moderate_disposal_cost,observed_sales_demand,observed_target_response,2,0.1,inventory_coverage_rule,-0.3915619252665504,-0.0032651889446096614,0.25350579337179296,0.7464942066282071,0.0,0.3882967363219407,-0.02319141627713331,5,0.0,0.0,0.0,0.0,1.0,0.0
state_0010,core_003,observed_calibration,always_0pct,1,0,,6.184210300445557,0.3333333432674408,0.6666666865348816,0.4501940608024597,0,early,3,short_shelf_life,high_inventory,uniform,medium_margin,moderate_disposal_cost,observed_sales_demand,observed_target_response,3,0.2,inventory_coverage_rule,-0.3993046476064207,-0.011007911284479968,0.2409300807809139,0.7590699192190862,0.0,0.3882967363219407,-0.030934138617003615,5,0.0,0.0,0.0,0.0,1.0,0.0
state_0010,core_003,observed_calibration,always_0pct,1,0,,6.184210300445557,0.3333333432674408,0.6666666865348816,0.4501940608024597,0,early,3,short_shelf_life,high_inventory,uniform,medium_margin,moderate_disposal_cost,observed_sales_demand,observed_target_response,4,0.3,inventory_coverage_rule,-0.3671797160381343,0.02734086882717824,0.16354550823042902,0.8364544917695712,0.0,0.39452058486531255,0.007414641494654591,5,0.0,0.0,0.0,0.0,1.0,0.0
state_0010,core_003,observed_calibration,always_0pct,1,0,,6.184210300445557,0.3333333432674408,0.6666666865348816,0.4501940608024597,0,early,3,short_shelf_life,high_inventory,uniform,medium_margin,moderate_disposal_cost,observed_sales_demand,observed_target_response,5,0.4,inventory_coverage_rule,-0.2951667919218916,0.11646519133990686,0.018592644137862532,0.9814073558621376,0.0,0.41163198326179845,0.09653896400738321,5,0.0,0.0,0.0,0.5,0.5,0.0
state_0010,core_003,observed_calibration,always_0pct,1,0,,6.184210300445557,0.3333333432674408,0.6666666865348816,0.4501940608024597,0,early,3,short_shelf_life,high_inventory,uniform,medium_margin,moderate_disposal_cost,observed_sales_demand,observed_target_response,0,0.0,greedy_financial,-0.3755736516869316,0.11022957376081459,0.15894644246173195,0.8410535575382683,0.0,0.4858032254477462,0.0,4,0.5,0.0,0.0,0.0,0.0,0.5
state_0010,core_003,observed_calibration,always_0pct,1,0,,6.184210300445557,0.3333333432674408,0.6666666865348816,0.4501940608024597,0,early,3,short_shelf_life,high_inventory,uniform,medium_margin,moderate_disposal_cost,observed_sales_demand,observed_target_response,1,0.05,greedy_financial,-0.38221128296984824,0.09732797715679786,0.16612127608943048,0.8338787239105696,0.0,0.47953926012664616,-0.012901596604016727,4,0.5,0.0,0.0,0.0,0.0,0.5
state_0010,core_003,observed_calibration,always_0pct,1,0,,6.184210300445557,0.3333333432674408,0.6666666865348816,0.4501940608024597,0,early,3,short_shelf_life,high_inventory,uniform,medium_margin,moderate_disposal_cost,observed_sales_demand,observed_target_response,2,0.1,greedy_financial,-0.3915619252665504,0.08797733486009572,0.16625587936507388,0.8337441206349262,0.0,0.47953926012664616,-0.022252238900718868,4,0.5,0.0,0.0,0.0,0.0,0.5
state_0010,core_003,observed_calibration,always_0pct,1,0,,6.184210300445557,0.3333333432674408,0.6666666865348816,0.4501940608024597,0,early,3,short_shelf_life,high_inventory,uniform,medium_margin,moderate_disposal_cost,observed_sales_demand,observed_target_response,3,0.2,greedy_financial,-0.3993046476064207,0.08023461252022542,0.15368016677419488,0.8463198332258052,0.0,0.47953926012664616,-0.029994961240589174,4,0.5,0.0,0.0,0.0,0.0,0.5
state_0010,core_003,observed_calibration,always_0pct,1,0,,6.184210300445557,0.3333333432674408,0.6666666865348816,0.4501940608024597,0,early,3,short_shelf_life,high_inventory,uniform,medium_margin,moderate_disposal_cost,observed_sales_demand,observed_target_response,4,0.3,greedy_financial,-0.3671797160381343,0.11562503732786106,0.08337794390893438,0.9166220560910657,0.0,0.4828047533659954,0.0053954635670464685,4,0.5,0.0,0.0,0.0,0.0,0.5
state_0010,core_003,observed_calibration,always_0pct,1,0,,6.184210300445557,0.3333333432674408,0.6666666865348816,0.4501940608024597,0,early,3,short_shelf_life,high_inventory,uniform,medium_margin,moderate_disposal_cost,observed_sales_demand,observed_target_response,5,0.4,greedy_financial,-0.2951667919218916,0.09522103803535643,0.0,1.0,0.0,0.39038782995724797,-0.015008535725458155,4,0.5,0.0,0.0,0.0,0.0,0.5
state_0011,core_003,observed_calibration,always_0pct,1,2,0|0,1.969266653060913,1.0,1.0,0.47620972990989685,2,late,1,short_shelf_life,high_inventory,uniform,medium_margin,moderate_disposal_cost,observed_sales_demand,observed_target_response,0,0.0,always_0pct,0.18546916505430366,-0.0026823677946939996,0.43112606456637537,0.5688739354336247,0.0,0.0,0.0,5,,,,,,
state_0011,core_003,observed_calibration,always_0pct,1,2,0|0,1.969266653060913,1.0,1.0,0.47620972990989685,2,late,1,short_shelf_life,high_inventory,uniform,medium_margin,moderate_disposal_cost,observed_sales_demand,observed_target_response,1,0.05,always_0pct,0.17912224424705106,-0.009029288601946595,0.4278474695773912,0.5721525304226088,0.0,0.0,-0.006346920807252595,5,,,,,,
state_0011,core_003,observed_calibration,always_0pct,1,2,0|0,1.969266653060913,1.0,1.0,0.47620972990989685,2,late,1,short_shelf_life,high_inventory,uniform,medium_margin,moderate_disposal_cost,observed_sales_demand,observed_target_response,2,0.1,always_0pct,0.16920246384830143,-0.01894906900069624,0.42798466415956365,0.5720153358404364,0.0,0.0,-0.01626670120600224,5,,,,,,
state_0011,core_003,observed_calibration,always_0pct,1,2,0|0,1.969266653060913,1.0,1.0,0.47620972990989685,2,late,1,short_shelf_life,high_inventory,uniform,medium_margin,moderate_disposal_cost,observed_sales_demand,observed_target_response,3,0.2,always_0pct,0.1578191265329124,-0.030332406316085258,0.4183589767268983,0.5816410232731017,0.0,0.0,-0.02765003852139126,5,,,,,,
state_0011,core_003,observed_calibration,always_0pct,1,2,0|0,1.969266653060913,1.0,1.0,0.47620972990989685,2,late,1,short_shelf_life,high_inventory,uniform,medium_margin,moderate_disposal_cost,observed_sales_demand,observed_target_response,4,0.3,always_0pct,0.1926734560341825,0.004521923185184839,0.34451621688997675,0.6554837831100233,0.0,0.0,0.007204290979878839,5,,,,,,
state_0011,core_003,observed_calibration,always_0pct,1,2,0|0,1.969266653060913,1.0,1.0,0.47620972990989685,2,late,1,short_shelf_life,high_inventory,uniform,medium_margin,moderate_disposal_cost,observed_sales_demand,observed_target_response,5,0.4,always_0pct,0.2,0.01184846715100234,0.2903030471577756,0.7096969528422244,0.0,0.0,0.01453083494569634,5,,,,,,
state_0011,core_003,observed_calibration,always_0pct,1,2,0|0,1.969266653060913,1.0,1.0,0.47620972990989685,2,late,1,short_shelf_life,high_inventory,uniform,medium_margin,moderate_disposal_cost,observed_sales_demand,observed_target_response,0,0.0,expiry_threshold_rule,0.18546916505430366,-0.0026823677946939996,0.43112606456637537,0.5688739354336247,0.0,0.0,0.0,5,,,,,,
state_0011,core_003,observed_calibration,always_0pct,1,2,0|0,1.969266653060913,1.0,1.0,0.47620972990989685,2,late,1,short_shelf_life,high_inventory,uniform,medium_margin,moderate_disposal_cost,observed_sales_demand,observed_target_response,1,0.05,expiry_threshold_rule,0.17912224424705106,-0.009029288601946595,0.4278474695773912,0.5721525304226088,0.0,0.0,-0.006346920807252595,5,,,,,,
state_0011,core_003,observed_calibration,always_0pct,1,2,0|0,1.969266653060913,1.0,1.0,0.47620972990989685,2,late,1,short_shelf_life,high_inventory,uniform,medium_margin,moderate_disposal_cost,observed_sales_demand,observed_target_response,2,0.1,expiry_threshold_rule,0.16920246384830143,-0.01894906900069624,0.42798466415956365,0.5720153358404364,0.0,0.0,-0.01626670120600224,5,,,,,,
state_0011,core_003,observed_calibration,always_0pct,1,2,0|0,1.969266653060913,1.0,1.0,0.47620972990989685,2,late,1,short_shelf_life,high_inventory,uniform,medium_margin,moderate_disposal_cost,observed_sales_demand,observed_target_response,3,0.2,expiry_threshold_rule,0.1578191265329124,-0.030332406316085258,0.4183589767268983,0.5816410232731017,0.0,0.0,-0.02765003852139126,5,,,,,,
state_0011,core_003,observed_calibration,always_0pct,1,2,0|0,1.969266653060913,1.0,1.0,0.47620972990989685,2,late,1,short_shelf_life,high_inventory,uniform,medium_margin,moderate_disposal_cost,observed_sales_demand,observed_target_response,4,0.3,expiry_threshold_rule,0.1926734560341825,0.004521923185184839,0.34451621688997675,0.6554837831100233,0.0,0.0,0.007204290979878839,5,,,,,,
state_0011,core_003,observed_calibration,always_0pct,1,2,0|0,1.969266653060913,1.0,1.0,0.47620972990989685,2,late,1,short_shelf_life,high_inventory,uniform,medium_margin,moderate_disposal_cost,observed_sales_demand,observed_target_response,5,0.4,expiry_threshold_rule,0.2,0.01184846715100234,0.2903030471577756,0.7096969528422244,0.0,0.0,0.01453083494569634,5,,,,,,
state_0011,core_003,observed_calibration,always_0pct,1,2,0|0,1.969266653060913,1.0,1.0,0.47620972990989685,2,late,1,short_shelf_life,high_inventory,uniform,medium_margin,moderate_disposal_cost,observed_sales_demand,observed_target_response,0,0.0,inventory_coverage_rule,0.18546916505430366,-0.0026823677946939996,0.43112606456637537,0.5688739354336247,0.0,0.0,0.0,5,,,,,,
state_0011,core_003,observed_calibration,always_0pct,1,2,0|0,1.969266653060913,1.0,1.0,0.47620972990989685,2,late,1,short_shelf_life,high_inventory,uniform,medium_margin,moderate_disposal_cost,observed_sales_demand,observed_target_response,1,0.05,inventory_coverage_rule,0.17912224424705106,-0.009029288601946595,0.4278474695773912,0.5721525304226088,0.0,0.0,-0.006346920807252595,5,,,,,,
state_0011,core_003,observed_calibration,always_0pct,1,2,0|0,1.969266653060913,1.0,1.0,0.47620972990989685,2,late,1,short_shelf_life,high_inventory,uniform,medium_margin,moderate_disposal_cost,observed_sales_demand,observed_target_response,2,0.1,inventory_coverage_rule,0.16920246384830143,-0.01894906900069624,0.42798466415956365,0.5720153358404364,0.0,0.0,-0.01626670120600224,5,,,,,,
state_0011,core_003,observed_calibration,always_0pct,1,2,0|0,1.969266653060913,1.0,1.0,0.47620972990989685,2,late,1,short_shelf_life,high_inventory,uniform,medium_margin,moderate_disposal_cost,observed_sales_demand,observed_target_response,3,0.2,inventory_coverage_rule,0.1578191265329124,-0.030332406316085258,0.4183589767268983,0.5816410232731017,0.0,0.0,-0.02765003852139126,5,,,,,,
state_0011,core_003,observed_calibration,always_0pct,1,2,0|0,1.969266653060913,1.0,1.0,0.47620972990989685,2,late,1,short_shelf_life,high_inventory,uniform,medium_margin,moderate_disposal_cost,observed_sales_demand,observed_target_response,4,0.3,inventory_coverage_rule,0.1926734560341825,0.004521923185184839,0.34451621688997675,0.6554837831100233,0.0,0.0,0.007204290979878839,5,,,,,,
state_0011,core_003,observed_calibration,always_0pct,1,2,0|0,1.969266653060913,1.0,1.0,0.47620972990989685,2,late,1,short_shelf_life,high_inventory,uniform,medium_margin,moderate_disposal_cost,observed_sales_demand,observed_target_response,5,0.4,inventory_coverage_rule,0.2,0.01184846715100234,0.2903030471577756,0.7096969528422244,0.0,0.0,0.01453083494569634,5,,,,,,
state_0011,core_003,observed_calibration,always_0pct,1,2,0|0,1.969266653060913,1.0,1.0,0.47620972990989685,2,late,1,short_shelf_life,high_inventory,uniform,medium_margin,moderate_disposal_cost,observed_sales_demand,observed_target_response,0,0.0,greedy_financial,0.18546916505430366,-0.0026823677946939996,0.43112606456637537,0.5688739354336247,0.0,0.0,0.0,5,,,,,,
state_0011,core_003,observed_calibration,always_0pct,1,2,0|0,1.969266653060913,1.0,1.0,0.47620972990989685,2,late,1,short_shelf_life,high_inventory,uniform,medium_margin,moderate_disposal_cost,observed_sales_demand,observed_target_response,1,0.05,greedy_financial,0.17912224424705106,-0.009029288601946595,0.4278474695773912,0.5721525304226088,0.0,0.0,-0.006346920807252595,5,,,,,,
state_0011,core_003,observed_calibration,always_0pct,1,2,0|0,1.969266653060913,1.0,1.0,0.47620972990989685,2,late,1,short_shelf_life,high_inventory,uniform,medium_margin,moderate_disposal_cost,observed_sales_demand,observed_target_response,2,0.1,greedy_financial,0.16920246384830143,-0.01894906900069624,0.42798466415956365,0.5720153358404364,0.0,0.0,-0.01626670120600224,5,,,,,,
state_0011,core_003,observed_calibration,always_0pct,1,2,0|0,1.969266653060913,1.0,1.0,0.47620972990989685,2,late,1,short_shelf_life,high_inventory,uniform,medium_margin,moderate_disposal_cost,observed_sales_demand,observed_target_response,3,0.2,greedy_financial,0.1578191265329124,-0.030332406316085258,0.4183589767268983,0.5816410232731017,0.0,0.0,-0.02765003852139126,5,,,,,,
state_0011,core_003,observed_calibration,always_0pct,1,2,0|0,1.969266653060913,1.0,1.0,0.47620972990989685,2,late,1,short_shelf_life,high_inventory,uniform,medium_margin,moderate_disposal_cost,observed_sales_demand,observed_target_response,4,0.3,greedy_financial,0.1926734560341825,0.004521923185184839,0.34451621688997675,0.6554837831100233,0.0,0.0,0.007204290979878839,5,,,,,,
state_0011,core_003,observed_calibration,always_0pct,1,2,0|0,1.969266653060913,1.0,1.0,0.47620972990989685,2,late,1,short_shelf_life,high_inventory,uniform,medium_margin,moderate_disposal_cost,observed_sales_demand,observed_target_response,5,0.4,greedy_financial,0.2,0.01184846715100234,0.2903030471577756,0.7096969528422244,0.0,0.0,0.01453083494569634,5,,,,,,
state_0012,core_003,recovered_calibration,always_0pct,0,0,,2.440021514892578,0.3333333432674408,0.6666666865348816,1.6303950548171997,0,early,3,short_shelf_life,high_inventory,uniform,medium_margin,moderate_disposal_cost,observed_sales_demand,observed_target_response,0,0.0,always_0pct,-0.027388741375867533,0.44999999999999996,0.0,1.0,0.0,0.47738874137586745,0.0,0,1.0,0.0,0.0,0.0,0.0,0.0
state_0012,core_003,recovered_calibration,always_0pct,0,0,,2.440021514892578,0.3333333432674408,0.6666666865348816,1.6303950548171997,0,early,3,short_shelf_life,high_inventory,uniform,medium_margin,moderate_disposal_cost,observed_sales_demand,observed_target_response,1,0.05,always_0pct,-0.01771188408687355,0.4219848360045722,0.0,1.0,0.0,0.4396967200914457,-0.02801516399542775,0,1.0,0.0,0.0,0.0,0.0,0.0
state_0012,core_003,recovered_calibration,always_0pct,0,0,,2.440021514892578,0.3333333432674408,0.6666666865348816,1.6303950548171997,0,early,3,short_shelf_life,high_inventory,uniform,medium_margin,moderate_disposal_cost,observed_sales_demand,observed_target_response,2,0.1,always_0pct,-0.04303858582243442,0.3936709539802704,0.0,1.0,0.0,0.4367095398027048,-0.056329046019729545,0,1.0,0.0,0.0,0.0,0.0,0.0
state_0012,core_003,recovered_calibration,always_0pct,0,0,,2.440021514892578,0.3333333432674408,0.6666666865348816,1.6303950548171997,0,early,3,short_shelf_life,high_inventory,uniform,medium_margin,moderate_disposal_cost,observed_sales_demand,observed_target_response,3,0.2,always_0pct,-0.10857897874347501,0.33964474468586875,0.0,1.0,0.0,0.44822372342934375,-0.1103552553141312,0,1.0,0.0,0.0,0.0,0.0,0.0
state_0012,core_003,recovered_calibration,always_0pct,0,0,,2.440021514892578,0.3333333432674408,0.6666666865348816,1.6303950548171997,0,early,3,short_shelf_life,high_inventory,uniform,medium_margin,moderate_disposal_cost,observed_sales_demand,observed_target_response,4,0.3,always_0pct,-0.1536102507061567,0.280118678874067,0.0,1.0,0.0,0.4337289295802237,-0.16988132112593296,0,1.0,0.0,0.0,0.0,0.0,0.0
state_0012,core_003,recovered_calibration,always_0pct,0,0,,2.440021514892578,0.3333333432674408,0.6666666865348816,1.6303950548171997,0,early,3,short_shelf_life,high_inventory,uniform,medium_margin,moderate_disposal_cost,observed_sales_demand,observed_target_response,5,0.4,always_0pct,-0.1397127330523926,0.17647515536826155,0.0,1.0,0.0,0.31618788842065415,-0.27352484463173843,0,1.0,0.0,0.0,0.0,0.0,0.0
state_0012,core_003,recovered_calibration,always_0pct,0,0,,2.440021514892578,0.3333333432674408,0.6666666865348816,1.6303950548171997,0,early,3,short_shelf_life,high_inventory,uniform,medium_margin,moderate_disposal_cost,observed_sales_demand,observed_target_response,0,0.0,expiry_threshold_rule,-0.027388741375867533,0.2590445034496529,0.0,1.0,0.0,0.28643324482552046,0.0,0,0.0,0.0,0.0,0.0,0.0,1.0
state_0012,core_003,recovered_calibration,always_0pct,0,0,,2.440021514892578,0.3333333432674408,0.6666666865348816,1.6303950548171997,0,early,3,short_shelf_life,high_inventory,uniform,medium_margin,moderate_disposal_cost,observed_sales_demand,observed_target_response,1,0.05,expiry_threshold_rule,-0.01771188408687355,0.24610614796799388,0.0,1.0,0.0,0.2638180320548674,-0.01293835548165903,0,0.0,0.0,0.0,0.0,0.0,1.0
state_0012,core_003,recovered_calibration,always_0pct,0,0,,2.440021514892578,0.3333333432674408,0.6666666865348816,1.6303950548171997,0,early,3,short_shelf_life,high_inventory,uniform,medium_margin,moderate_disposal_cost,observed_sales_demand,observed_target_response,2,0.1,expiry_threshold_rule,-0.04303858582243442,0.21898713805918846,0.0,1.0,0.0,0.2620257238816229,-0.04005736539046445,0,0.0,0.0,0.0,0.0,0.0,1.0
state_0012,core_003,recovered_calibration,always_0pct,0,0,,2.440021514892578,0.3333333432674408,0.6666666865348816,1.6303950548171997,0,early,3,short_shelf_life,high_inventory,uniform,medium_margin,moderate_disposal_cost,observed_sales_demand,observed_target_response,3,0.2,expiry_threshold_rule,-0.10857897874347501,0.16035525531413122,0.0,1.0,0.0,0.26893423405760625,-0.09868924813552168,0,0.0,0.0,0.0,0.0,0.0,1.0
state_0012,core_003,recovered_calibration,always_0pct,0,0,,2.440021514892578,0.3333333432674408,0.6666666865348816,1.6303950548171997,0,early,3,short_shelf_life,high_inventory,uniform,medium_margin,moderate_disposal_cost,observed_sales_demand,observed_target_response,4,0.3,expiry_threshold_rule,-0.1536102507061567,0.1066271070419775,0.0,1.0,0.0,0.26023735774813417,-0.1524173964076754,0,0.0,0.0,0.0,0.0,0.0,1.0
state_0012,core_003,recovered_calibration,always_0pct,0,0,,2.440021514892578,0.3333333432674408,0.6666666865348816,1.6303950548171997,0,early,3,short_shelf_life,high_inventory,uniform,medium_margin,moderate_disposal_cost,observed_sales_demand,observed_target_response,5,0.4,expiry_threshold_rule,-0.1397127330523926,0.04999999999999989,0.0,1.0,0.0,0.18971273305239247,-0.20904450344965303,0,0.0,0.0,0.0,0.0,0.0,1.0
state_0012,core_003,recovered_calibration,always_0pct,0,0,,2.440021514892578,0.3333333432674408,0.6666666865348816,1.6303950548171997,0,early,3,short_shelf_life,high_inventory,uniform,medium_margin,moderate_disposal_cost,observed_sales_demand,observed_target_response,0,0.0,inventory_coverage_rule,-0.027388741375867533,0.36208169482877683,0.0,1.0,0.0,0.3894704362046444,0.0,1,0.5,0.0,0.0,0.5,0.0,0.0
state_0012,core_003,recovered_calibration,always_0pct,0,0,,2.440021514892578,0.3333333432674408,0.6666666865348816,1.6303950548171997,0,early,3,short_shelf_life,high_inventory,uniform,medium_margin,moderate_disposal_cost,observed_sales_demand,observed_target_response,1,0.05,inventory_coverage_rule,-0.01771188408687355,0.37911081047905937,0.0,1.0,0.0,0.3968226945659329,0.017029115650282534,1,0.5,0.0,0.5,0.0,0.0,0.0
state_0012,core_003,recovered_calibration,always_0pct,0,0,,2.440021514892578,0.3333333432674408,0.6666666865348816,1.6303950548171997,0,early,3,short_shelf_life,high_inventory,uniform,medium_margin,moderate_disposal_cost,observed_sales_demand,observed_target_response,2,0.1,inventory_coverage_rule,-0.04303858582243442,0.3507969284547576,0.0,1.0,0.0,0.393835514277192,-0.011284766374019262,1,0.5,0.0,0.5,0.0,0.0,0.0
state_0012,core_003,recovered_calibration,always_0pct,0,0,,2.440021514892578,0.3333333432674408,0.6666666865348816,1.6303950548171997,0,early,3,short_shelf_life,high_inventory,uniform,medium_margin,moderate_disposal_cost,observed_sales_demand,observed_target_response,3,0.2,inventory_coverage_rule,-0.10857897874347501,0.2967707191603559,0.0,1.0,0.0,0.4053496979038309,-0.06531097566842092,1,0.5,0.0,0.5,0.0,0.0,0.0
state_0012,core_003,recovered_calibration,always_0pct,0,0,,2.440021514892578,0.3333333432674408,0.6666666865348816,1.6303950548171997,0,early,3,short_shelf_life,high_inventory,uniform,medium_margin,moderate_disposal_cost,observed_sales_demand,observed_target_response,4,0.3,inventory_coverage_rule,-0.1536102507061567,0.23724465334855416,0.0,1.0,0.0,0.39085490405471085,-0.12483704148022268,1,0.5,0.0,0.5,0.0,0.0,0.0
state_0012,core_003,recovered_calibration,always_0pct,0,0,,2.440021514892578,0.3333333432674408,0.6666666865348816,1.6303950548171997,0,early,3,short_shelf_life,high_inventory,uniform,medium_margin,moderate_disposal_cost,observed_sales_demand,observed_target_response,5,0.4,inventory_coverage_rule,-0.1397127330523926,0.17647515536826155,0.0,1.0,0.0,0.31618788842065415,-0.18560653946051528,1,1.0,0.0,0.0,0.0,0.0,0.0
state_0012,core_003,recovered_calibration,always_0pct,0,0,,2.440021514892578,0.3333333432674408,0.6666666865348816,1.6303950548171997,0,early,3,short_shelf_life,high_inventory,uniform,medium_margin,moderate_disposal_cost,observed_sales_demand,observed_target_response,0,0.0,greedy_financial,-0.027388741375867533,0.44999999999999996,0.0,1.0,0.0,0.47738874137586745,0.0,0,1.0,0.0,0.0,0.0,0.0,0.0
state_0012,core_003,recovered_calibration,always_0pct,0,0,,2.440021514892578,0.3333333432674408,0.6666666865348816,1.6303950548171997,0,early,3,short_shelf_life,high_inventory,uniform,medium_margin,moderate_disposal_cost,observed_sales_demand,observed_target_response,1,0.05,greedy_financial,-0.01771188408687355,0.4219848360045722,0.0,1.0,0.0,0.4396967200914457,-0.02801516399542775,0,1.0,0.0,0.0,0.0,0.0,0.0
state_0012,core_003,recovered_calibration,always_0pct,0,0,,2.440021514892578,0.3333333432674408,0.6666666865348816,1.6303950548171997,0,early,3,short_shelf_life,high_inventory,uniform,medium_margin,moderate_disposal_cost,observed_sales_demand,observed_target_response,2,0.1,greedy_financial,-0.04303858582243442,0.3936709539802704,0.0,1.0,0.0,0.4367095398027048,-0.056329046019729545,0,1.0,0.0,0.0,0.0,0.0,0.0
state_0012,core_003,recovered_calibration,always_0pct,0,0,,2.440021514892578,0.3333333432674408,0.6666666865348816,1.6303950548171997,0,early,3,short_shelf_life,high_inventory,uniform,medium_margin,moderate_disposal_cost,observed_sales_demand,observed_target_response,3,0.2,greedy_financial,-0.10857897874347501,0.33964474468586875,0.0,1.0,0.0,0.44822372342934375,-0.1103552553141312,0,1.0,0.0,0.0,0.0,0.0,0.0
state_0012,core_003,recovered_calibration,always_0pct,0,0,,2.440021514892578,0.3333333432674408,0.6666666865348816,1.6303950548171997,0,early,3,short_shelf_life,high_inventory,uniform,medium_margin,moderate_disposal_cost,observed_sales_demand,observed_target_response,4,0.3,greedy_financial,-0.1536102507061567,0.280118678874067,0.0,1.0,0.0,0.4337289295802237,-0.16988132112593296,0,1.0,0.0,0.0,0.0,0.0,0.0
state_0012,core_003,recovered_calibration,always_0pct,0,0,,2.440021514892578,0.3333333432674408,0.6666666865348816,1.6303950548171997,0,early,3,short_shelf_life,high_inventory,uniform,medium_margin,moderate_disposal_cost,observed_sales_demand,observed_target_response,5,0.4,greedy_financial,-0.1397127330523926,0.17647515536826155,0.0,1.0,0.0,0.31618788842065415,-0.27352484463173843,0,1.0,0.0,0.0,0.0,0.0,0.0
state_0013,core_003,recovered_calibration,always_0pct,0,1,0,1.1207789182662964,0.3017570376396179,1.0,1.295389175415039,1,early,2,short_shelf_life,high_inventory,uniform,medium_margin,moderate_disposal_cost,observed_sales_demand,observed_target_response,0,0.0,always_0pct,0.4152275717212963,0.44999999999999996,0.0,1.0,0.0,0.062161169654571156,0.0,0,1.0,0.0,0.0,0.0,0.0,0.0
state_0013,core_003,recovered_calibration,always_0pct,0,1,0,1.1207789182662964,0.3017570376396179,1.0,1.295389175415039,1,early,2,short_shelf_life,high_inventory,uniform,medium_margin,moderate_disposal_cost,observed_sales_demand,observed_target_response,1,0.05,always_0pct,0.40610918265092194,0.42862583249205666,0.0,1.0,0.0,0.049905391217002215,-0.021374167507943298,0,1.0,0.0,0.0,0.0,0.0,0.0
state_0013,core_003,recovered_calibration,always_0pct,0,1,0,1.1207789182662964,0.3017570376396179,1.0,1.295389175415039,1,early,2,short_shelf_life,high_inventory,uniform,medium_margin,moderate_disposal_cost,observed_sales_demand,observed_target_response,2,0.1,always_0pct,0.3857292773775788,0.40714119140249116,0.0,1.0,0.0,0.04880065540077993,-0.04285880859750879,0,1.0,0.0,0.0,0.0,0.0,0.0
state_0013,core_003,recovered_calibration,always_0pct,0,1,0,1.1207789182662964,0.3017570376396179,1.0,1.295389175415039,1,early,2,short_shelf_life,high_inventory,uniform,medium_margin,moderate_disposal_cost,observed_sales_demand,observed_target_response,3,0.2,always_0pct,0.3516732206848923,0.36208169482877683,0.0,1.0,0.0,0.03779721551975204,-0.08791830517122312,0,1.0,0.0,0.0,0.0,0.0,0.0
state_0013,core_003,recovered_calibration,always_0pct,0,1,0,1.1207789182662964,0.3017570376396179,1.0,1.295389175415039,1,early,2,short_shelf_life,high_inventory,uniform,medium_margin,moderate_disposal_cost,observed_sales_demand,observed_target_response,4,0.3,always_0pct,0.3328831621514351,0.3073357876493849,0.0,1.0,0.0,0.001841366873817308,-0.14266421235061505,0,1.0,0.0,0.0,0.0,0.0,0.0
state_0013,core_003,recovered_calibration,always_0pct,0,1,0,1.1207789182662964,0.3017570376396179,1.0,1.295389175415039,1,early,2,short_shelf_life,high_inventory,uniform,medium_margin,moderate_disposal_cost,observed_sales_demand,observed_target_response,5,0.4,always_0pct,0.28643324482552046,0.2590445034496529,0.0,1.0,0.0,0.0,-0.19095549655034705,0,,,,,,
state_0013,core_003,recovered_calibration,always_0pct,0,1,0,1.1207789182662964,0.3017570376396179,1.0,1.295389175415039,1,early,2,short_shelf_life,high_inventory,uniform,medium_margin,moderate_disposal_cost,observed_sales_demand,observed_target_response,0,0.0,expiry_threshold_rule,0.4152275717212963,0.42513553213817146,0.0,1.0,0.0,0.03729670179274269,0.0,0,0.0,0.0,0.0,0.0,0.0,1.0
state_0013,core_003,recovered_calibration,always_0pct,0,1,0,1.1207789182662964,0.3017570376396179,1.0,1.295389175415039,1,early,2,short_shelf_life,high_inventory,uniform,medium_margin,moderate_disposal_cost,observed_sales_demand,observed_target_response,1,0.05,expiry_threshold_rule,0.40610918265092194,0.40866367600525577,0.0,1.0,0.0,0.029943234730201326,-0.016471856132915685,0,0.0,0.0,0.0,0.0,0.0,1.0
state_0013,core_003,recovered_calibration,always_0pct,0,1,0,1.1207789182662964,0.3017570376396179,1.0,1.295389175415039,1,early,2,short_shelf_life,high_inventory,uniform,medium_margin,moderate_disposal_cost,observed_sales_demand,observed_target_response,2,0.1,expiry_threshold_rule,0.3857292773775788,0.38762092924217917,0.0,1.0,0.0,0.029280393240467956,-0.03751460289599229,0,0.0,0.0,0.0,0.0,0.0,1.0
state_0013,core_003,recovered_calibration,always_0pct,0,1,0,1.1207789182662964,0.3017570376396179,1.0,1.295389175415039,1,early,2,short_shelf_life,high_inventory,uniform,medium_margin,moderate_disposal_cost,observed_sales_demand,observed_target_response,3,0.2,expiry_threshold_rule,0.3516732206848923,0.34696280862087603,0.0,1.0,0.0,0.022678329311851226,-0.07817272351729543,0,0.0,0.0,0.0,0.0,0.0,1.0
state_0013,core_003,recovered_calibration,always_0pct,0,1,0,1.1207789182662964,0.3017570376396179,1.0,1.295389175415039,1,early,2,short_shelf_life,high_inventory,uniform,medium_margin,moderate_disposal_cost,observed_sales_demand,observed_target_response,4,0.3,expiry_threshold_rule,0.3328831621514351,0.30659924089985796,0.0,1.0,0.0,0.0011048201242903847,-0.1185362912383135,0,0.0,0.0,0.0,0.0,0.0,1.0
state_0013,core_003,recovered_calibration,always_0pct,0,1,0,1.1207789182662964,0.3017570376396179,1.0,1.295389175415039,1,early,2,short_shelf_life,high_inventory,uniform,medium_margin,moderate_disposal_cost,observed_sales_demand,observed_target_response,5,0.4,expiry_threshold_rule,0.28643324482552046,0.2590445034496529,0.0,1.0,0.0,0.0,-0.16609102868851855,0,,,,,,
state_0013,core_003,recovered_calibration,always_0pct,0,1,0,1.1207789182662964,0.3017570376396179,1.0,1.295389175415039,1,early,2,short_shelf_life,high_inventory,uniform,medium_margin,moderate_disposal_cost,observed_sales_demand,observed_target_response,0,0.0,inventory_coverage_rule,0.4152275717212963,0.44999999999999996,0.0,1.0,0.0,0.062161169654571156,0.0,0,1.0,0.0,0.0,0.0,0.0,0.0
state_0013,core_003,recovered_calibration,always_0pct,0,1,0,1.1207789182662964,0.3017570376396179,1.0,1.295389175415039,1,early,2,short_shelf_life,high_inventory,uniform,medium_margin,moderate_disposal_cost,observed_sales_demand,observed_target_response,1,0.05,inventory_coverage_rule,0.40610918265092194,0.42862583249205666,0.0,1.0,0.0,0.049905391217002215,-0.021374167507943298,0,1.0,0.0,0.0,0.0,0.0,0.0
state_0013,core_003,recovered_calibration,always_0pct,0,1,0,1.1207789182662964,0.3017570376396179,1.0,1.295389175415039,1,early,2,short_shelf_life,high_inventory,uniform,medium_margin,moderate_disposal_cost,observed_sales_demand,observed_target_response,2,0.1,inventory_coverage_rule,0.3857292773775788,0.40714119140249116,0.0,1.0,0.0,0.04880065540077993,-0.04285880859750879,0,1.0,0.0,0.0,0.0,0.0,0.0
state_0013,core_003,recovered_calibration,always_0pct,0,1,0,1.1207789182662964,0.3017570376396179,1.0,1.295389175415039,1,early,2,short_shelf_life,high_inventory,uniform,medium_margin,moderate_disposal_cost,observed_sales_demand,observed_target_response,3,0.2,inventory_coverage_rule,0.3516732206848923,0.36208169482877683,0.0,1.0,0.0,0.03779721551975204,-0.08791830517122312,0,1.0,0.0,0.0,0.0,0.0,0.0
state_0013,core_003,recovered_calibration,always_0pct,0,1,0,1.1207789182662964,0.3017570376396179,1.0,1.295389175415039,1,early,2,short_shelf_life,high_inventory,uniform,medium_margin,moderate_disposal_cost,observed_sales_demand,observed_target_response,4,0.3,inventory_coverage_rule,0.3328831621514351,0.3073357876493849,0.0,1.0,0.0,0.001841366873817308,-0.14266421235061505,0,1.0,0.0,0.0,0.0,0.0,0.0
state_0013,core_003,recovered_calibration,always_0pct,0,1,0,1.1207789182662964,0.3017570376396179,1.0,1.295389175415039,1,early,2,short_shelf_life,high_inventory,uniform,medium_margin,moderate_disposal_cost,observed_sales_demand,observed_target_response,5,0.4,inventory_coverage_rule,0.28643324482552046,0.2590445034496529,0.0,1.0,0.0,0.0,-0.19095549655034705,0,,,,,,
state_0013,core_003,recovered_calibration,always_0pct,0,1,0,1.1207789182662964,0.3017570376396179,1.0,1.295389175415039,1,early,2,short_shelf_life,high_inventory,uniform,medium_margin,moderate_disposal_cost,observed_sales_demand,observed_target_response,0,0.0,greedy_financial,0.4152275717212963,0.44999999999999996,0.0,1.0,0.0,0.062161169654571156,0.0,0,1.0,0.0,0.0,0.0,0.0,0.0
state_0013,core_003,recovered_calibration,always_0pct,0,1,0,1.1207789182662964,0.3017570376396179,1.0,1.295389175415039,1,early,2,short_shelf_life,high_inventory,uniform,medium_margin,moderate_disposal_cost,observed_sales_demand,observed_target_response,1,0.05,greedy_financial,0.40610918265092194,0.42862583249205666,0.0,1.0,0.0,0.049905391217002215,-0.021374167507943298,0,1.0,0.0,0.0,0.0,0.0,0.0
state_0013,core_003,recovered_calibration,always_0pct,0,1,0,1.1207789182662964,0.3017570376396179,1.0,1.295389175415039,1,early,2,short_shelf_life,high_inventory,uniform,medium_margin,moderate_disposal_cost,observed_sales_demand,observed_target_response,2,0.1,greedy_financial,0.3857292773775788,0.40714119140249116,0.0,1.0,0.0,0.04880065540077993,-0.04285880859750879,0,1.0,0.0,0.0,0.0,0.0,0.0
state_0013,core_003,recovered_calibration,always_0pct,0,1,0,1.1207789182662964,0.3017570376396179,1.0,1.295389175415039,1,early,2,short_shelf_life,high_inventory,uniform,medium_margin,moderate_disposal_cost,observed_sales_demand,observed_target_response,3,0.2,greedy_financial,0.3516732206848923,0.36208169482877683,0.0,1.0,0.0,0.03779721551975204,-0.08791830517122312,0,1.0,0.0,0.0,0.0,0.0,0.0
state_0013,core_003,recovered_calibration,always_0pct,0,1,0,1.1207789182662964,0.3017570376396179,1.0,1.295389175415039,1,early,2,short_shelf_life,high_inventory,uniform,medium_margin,moderate_disposal_cost,observed_sales_demand,observed_target_response,4,0.3,greedy_financial,0.3328831621514351,0.3073357876493849,0.0,1.0,0.0,0.001841366873817308,-0.14266421235061505,0,1.0,0.0,0.0,0.0,0.0,0.0
state_0013,core_003,recovered_calibration,always_0pct,0,1,0,1.1207789182662964,0.3017570376396179,1.0,1.295389175415039,1,early,2,short_shelf_life,high_inventory,uniform,medium_margin,moderate_disposal_cost,observed_sales_demand,observed_target_response,5,0.4,greedy_financial,0.28643324482552046,0.2590445034496529,0.0,1.0,0.0,0.0,-0.19095549655034705,0,,,,,,
state_0014,core_003,recovered_calibration,always_0pct,0,2,0|0,0.145673930644989,1.0,1.0,1.4518882036209106,2,late,1,short_shelf_life,high_inventory,uniform,medium_margin,moderate_disposal_cost,observed_sales_demand,observed_target_response,0,0.0,always_0pct,0.062161169654571156,0.44999999999999996,0.0,1.0,0.0,0.0,0.0,0,,,,,,
state_0014,core_003,recovered_calibration,always_0pct,0,2,0|0,0.145673930644989,1.0,1.0,1.4518882036209106,2,late,1,short_shelf_life,high_inventory,uniform,medium_margin,moderate_disposal_cost,observed_sales_demand,observed_target_response,1,0.05,always_0pct,0.059053111171842594,0.44689194151727135,0.0,1.0,0.0,0.0,-0.003108058482728604,0,,,,,,
state_0014,core_003,recovered_calibration,always_0pct,0,2,0|0,0.145673930644989,1.0,1.0,1.4518882036209106,2,late,1,short_shelf_life,high_inventory,uniform,medium_margin,moderate_disposal_cost,observed_sales_demand,observed_target_response,2,0.1,always_0pct,0.055945052689114046,0.4437838830345428,0.0,1.0,0.0,0.0,-0.006216116965457152,0,,,,,,
state_0014,core_003,recovered_calibration,always_0pct,0,2,0|0,0.145673930644989,1.0,1.0,1.4518882036209106,2,late,1,short_shelf_life,high_inventory,uniform,medium_margin,moderate_disposal_cost,observed_sales_demand,observed_target_response,3,0.2,always_0pct,0.049728935723656935,0.43756776606908576,0.0,1.0,0.0,0.0,-0.012432233930914194,0,,,,,,
state_0014,core_003,recovered_calibration,always_0pct,0,2,0|0,0.145673930644989,1.0,1.0,1.4518882036209106,2,late,1,short_shelf_life,high_inventory,uniform,medium_margin,moderate_disposal_cost,observed_sales_demand,observed_target_response,4,0.3,always_0pct,0.0435128187581998,0.4313516491036286,0.0,1.0,0.0,0.0,-0.018648350896371346,0,,,,,,
state_0014,core_003,recovered_calibration,always_0pct,0,2,0|0,0.145673930644989,1.0,1.0,1.4518882036209106,2,late,1,short_shelf_life,high_inventory,uniform,medium_margin,moderate_disposal_cost,observed_sales_demand,observed_target_response,5,0.4,always_0pct,0.03729670179274269,0.42513553213817146,0.0,1.0,0.0,0.0,-0.0248644678618285,0,,,,,,
state_0014,core_003,recovered_calibration,always_0pct,0,2,0|0,0.145673930644989,1.0,1.0,1.4518882036209106,2,late,1,short_shelf_life,high_inventory,uniform,medium_margin,moderate_disposal_cost,observed_sales_demand,observed_target_response,0,0.0,expiry_threshold_rule,0.062161169654571156,0.44999999999999996,0.0,1.0,0.0,0.0,0.0,0,,,,,,
state_0014,core_003,recovered_calibration,always_0pct,0,2,0|0,0.145673930644989,1.0,1.0,1.4518882036209106,2,late,1,short_shelf_life,high_inventory,uniform,medium_margin,moderate_disposal_cost,observed_sales_demand,observed_target_response,1,0.05,expiry_threshold_rule,0.059053111171842594,0.44689194151727135,0.0,1.0,0.0,0.0,-0.003108058482728604,0,,,,,,
state_0014,core_003,recovered_calibration,always_0pct,0,2,0|0,0.145673930644989,1.0,1.0,1.4518882036209106,2,late,1,short_shelf_life,high_inventory,uniform,medium_margin,moderate_disposal_cost,observed_sales_demand,observed_target_response,2,0.1,expiry_threshold_rule,0.055945052689114046,0.4437838830345428,0.0,1.0,0.0,0.0,-0.006216116965457152,0,,,,,,
state_0014,core_003,recovered_calibration,always_0pct,0,2,0|0,0.145673930644989,1.0,1.0,1.4518882036209106,2,late,1,short_shelf_life,high_inventory,uniform,medium_margin,moderate_disposal_cost,observed_sales_demand,observed_target_response,3,0.2,expiry_threshold_rule,0.049728935723656935,0.43756776606908576,0.0,1.0,0.0,0.0,-0.012432233930914194,0,,,,,,
state_0014,core_003,recovered_calibration,always_0pct,0,2,0|0,0.145673930644989,1.0,1.0,1.4518882036209106,2,late,1,short_shelf_life,high_inventory,uniform,medium_margin,moderate_disposal_cost,observed_sales_demand,observed_target_response,4,0.3,expiry_threshold_rule,0.0435128187581998,0.4313516491036286,0.0,1.0,0.0,0.0,-0.018648350896371346,0,,,,,,
state_0014,core_003,recovered_calibration,always_0pct,0,2,0|0,0.145673930644989,1.0,1.0,1.4518882036209106,2,late,1,short_shelf_life,high_inventory,uniform,medium_margin,moderate_disposal_cost,observed_sales_demand,observed_target_response,5,0.4,expiry_threshold_rule,0.03729670179274269,0.42513553213817146,0.0,1.0,0.0,0.0,-0.0248644678618285,0,,,,,,
state_0014,core_003,recovered_calibration,always_0pct,0,2,0|0,0.145673930644989,1.0,1.0,1.4518882036209106,2,late,1,short_shelf_life,high_inventory,uniform,medium_margin,moderate_disposal_cost,observed_sales_demand,observed_target_response,0,0.0,inventory_coverage_rule,0.062161169654571156,0.44999999999999996,0.0,1.0,0.0,0.0,0.0,0,,,,,,
state_0014,core_003,recovered_calibration,always_0pct,0,2,0|0,0.145673930644989,1.0,1.0,1.4518882036209106,2,late,1,short_shelf_life,high_inventory,uniform,medium_margin,moderate_disposal_cost,observed_sales_demand,observed_target_response,1,0.05,inventory_coverage_rule,0.059053111171842594,0.44689194151727135,0.0,1.0,0.0,0.0,-0.003108058482728604,0,,,,,,
state_0014,core_003,recovered_calibration,always_0pct,0,2,0|0,0.145673930644989,1.0,1.0,1.4518882036209106,2,late,1,short_shelf_life,high_inventory,uniform,medium_margin,moderate_disposal_cost,observed_sales_demand,observed_target_response,2,0.1,inventory_coverage_rule,0.055945052689114046,0.4437838830345428,0.0,1.0,0.0,0.0,-0.006216116965457152,0,,,,,,
state_0014,core_003,recovered_calibration,always_0pct,0,2,0|0,0.145673930644989,1.0,1.0,1.4518882036209106,2,late,1,short_shelf_life,high_inventory,uniform,medium_margin,moderate_disposal_cost,observed_sales_demand,observed_target_response,3,0.2,inventory_coverage_rule,0.049728935723656935,0.43756776606908576,0.0,1.0,0.0,0.0,-0.012432233930914194,0,,,,,,
state_0014,core_003,recovered_calibration,always_0pct,0,2,0|0,0.145673930644989,1.0,1.0,1.4518882036209106,2,late,1,short_shelf_life,high_inventory,uniform,medium_margin,moderate_disposal_cost,observed_sales_demand,observed_target_response,4,0.3,inventory_coverage_rule,0.0435128187581998,0.4313516491036286,0.0,1.0,0.0,0.0,-0.018648350896371346,0,,,,,,
state_0014,core_003,recovered_calibration,always_0pct,0,2,0|0,0.145673930644989,1.0,1.0,1.4518882036209106,2,late,1,short_shelf_life,high_inventory,uniform,medium_margin,moderate_disposal_cost,observed_sales_demand,observed_target_response,5,0.4,inventory_coverage_rule,0.03729670179274269,0.42513553213817146,0.0,1.0,0.0,0.0,-0.0248644678618285,0,,,,,,
state_0014,core_003,recovered_calibration,always_0pct,0,2,0|0,0.145673930644989,1.0,1.0,1.4518882036209106,2,late,1,short_shelf_life,high_inventory,uniform,medium_margin,moderate_disposal_cost,observed_sales_demand,observed_target_response,0,0.0,greedy_financial,0.062161169654571156,0.44999999999999996,0.0,1.0,0.0,0.0,0.0,0,,,,,,
state_0014,core_003,recovered_calibration,always_0pct,0,2,0|0,0.145673930644989,1.0,1.0,1.4518882036209106,2,late,1,short_shelf_life,high_inventory,uniform,medium_margin,moderate_disposal_cost,observed_sales_demand,observed_target_response,1,0.05,greedy_financial,0.059053111171842594,0.44689194151727135,0.0,1.0,0.0,0.0,-0.003108058482728604,0,,,,,,
state_0014,core_003,recovered_calibration,always_0pct,0,2,0|0,0.145673930644989,1.0,1.0,1.4518882036209106,2,late,1,short_shelf_life,high_inventory,uniform,medium_margin,moderate_disposal_cost,observed_sales_demand,observed_target_response,2,0.1,greedy_financial,0.055945052689114046,0.4437838830345428,0.0,1.0,0.0,0.0,-0.006216116965457152,0,,,,,,
state_0014,core_003,recovered_calibration,always_0pct,0,2,0|0,0.145673930644989,1.0,1.0,1.4518882036209106,2,late,1,short_shelf_life,high_inventory,uniform,medium_margin,moderate_disposal_cost,observed_sales_demand,observed_target_response,3,0.2,greedy_financial,0.049728935723656935,0.43756776606908576,0.0,1.0,0.0,0.0,-0.012432233930914194,0,,,,,,
state_0014,core_003,recovered_calibration,always_0pct,0,2,0|0,0.145673930644989,1.0,1.0,1.4518882036209106,2,late,1,short_shelf_life,high_inventory,uniform,medium_margin,moderate_disposal_cost,observed_sales_demand,observed_target_response,4,0.3,greedy_financial,0.0435128187581998,0.4313516491036286,0.0,1.0,0.0,0.0,-0.018648350896371346,0,,,,,,
state_0014,core_003,recovered_calibration,always_0pct,0,2,0|0,0.145673930644989,1.0,1.0,1.4518882036209106,2,late,1,short_shelf_life,high_inventory,uniform,medium_margin,moderate_disposal_cost,observed_sales_demand,observed_target_response,5,0.4,greedy_financial,0.03729670179274269,0.42513553213817146,0.0,1.0,0.0,0.0,-0.0248644678618285,0,,,,,,
state_0015,core_003,recovered_calibration,always_0pct,1,0,,7.799272537231445,0.3333333432674408,0.6666666865348816,0.4419904053211212,0,early,3,short_shelf_life,high_inventory,uniform,medium_margin,moderate_disposal_cost,observed_sales_demand,observed_target_response,0,0.0,always_0pct,-0.4179060210093806,-0.15219932794739763,0.5735231694737118,0.4264768305262881,0.0,0.265706693061983,0.0,5,1.0,0.0,0.0,0.0,0.0,0.0
state_0015,core_003,recovered_calibration,always_0pct,1,0,,7.799272537231445,0.3333333432674408,0.6666666865348816,0.4419904053211212,0,early,3,short_shelf_life,high_inventory,uniform,medium_margin,moderate_disposal_cost,observed_sales_demand,observed_target_response,1,0.05,always_0pct,-0.41810596913551634,-0.15515828867750842,0.5692669083818579,0.4307330916181421,0.0,0.26294768045800787,-0.002958960730110788,5,1.0,0.0,0.0,0.0,0.0,0.0
state_0015,core_003,recovered_calibration,always_0pct,1,0,,7.799272537231445,0.3333333432674408,0.6666666865348816,0.4419904053211212,0,early,3,short_shelf_life,high_inventory,uniform,medium_margin,moderate_disposal_cost,observed_sales_demand,observed_target_response,2,0.1,always_0pct,-0.4303744806038429,-0.16742680014583508,0.5743621468995096,0.42563785310049035,0.0,0.26294768045800787,-0.015227472198437453,5,1.0,0.0,0.0,0.0,0.0,0.0
state_0015,core_003,recovered_calibration,always_0pct,1,0,,7.799272537231445,0.3333333432674408,0.6666666865348816,0.4419904053211212,0,early,3,short_shelf_life,high_inventory,uniform,medium_margin,moderate_disposal_cost,observed_sales_demand,observed_target_response,3,0.2,always_0pct,-0.42779127561218266,-0.1648435951541748,0.554444792907733,0.44555520709226704,0.0,0.26294768045800787,-0.012644267206777166,5,1.0,0.0,0.0,0.0,0.0,0.0
state_0015,core_003,recovered_calibration,always_0pct,1,0,,7.799272537231445,0.3333333432674408,0.6666666865348816,0.4419904053211212,0,early,3,short_shelf_life,high_inventory,uniform,medium_margin,moderate_disposal_cost,observed_sales_demand,observed_target_response,4,0.3,always_0pct,-0.41576276697476594,-0.1398807803269151,0.5043040194763377,0.49569598052366226,0.0,0.2758819866478509,0.01231854762048254,5,1.0,0.0,0.0,0.0,0.0,0.0
state_0015,core_003,recovered_calibration,always_0pct,1,0,,7.799272537231445,0.3333333432674408,0.6666666865348816,0.4419904053211212,0,early,3,short_shelf_life,high_inventory,uniform,medium_margin,moderate_disposal_cost,observed_sales_demand,observed_target_response,5,0.4,always_0pct,-0.3888467550572236,-0.10353208852053974,0.4229566196257487,0.5770433803742514,0.0,0.28531466653668386,0.04866723942685788,5,1.0,0.0,0.0,0.0,0.0,0.0
state_0015,core_003,recovered_calibration,always_0pct,1,0,,7.799272537231445,0.3333333432674408,0.6666666865348816,0.4419904053211212,0,early,3,short_shelf_life,high_inventory,uniform,medium_margin,moderate_disposal_cost,observed_sales_demand,observed_target_response,0,0.0,expiry_threshold_rule,-0.4179060210093806,-0.09735654819927132,0.31388810823758123,0.6861118917624188,0.0,0.3205494728101093,0.0,5,0.0,0.0,0.0,0.0,0.0,1.0
state_0015,core_003,recovered_calibration,always_0pct,1,0,,7.799272537231445,0.3333333432674408,0.6666666865348816,0.4419904053211212,0,early,3,short_shelf_life,high_inventory,uniform,medium_margin,moderate_disposal_cost,observed_sales_demand,observed_target_response,1,0.05,expiry_threshold_rule,-0.41810596913551634,-0.09816501536051575,0.30794039922525895,0.692059600774741,0.0,0.31994095377500054,-0.0008084671612444277,5,0.0,0.0,0.0,0.0,0.0,1.0
state_0015,core_003,recovered_calibration,always_0pct,1,0,,7.799272537231445,0.3333333432674408,0.6666666865348816,0.4419904053211212,0,early,3,short_shelf_life,high_inventory,uniform,medium_margin,moderate_disposal_cost,observed_sales_demand,observed_target_response,2,0.1,expiry_threshold_rule,-0.4303744806038429,-0.10982500779373362,0.3120994546119741,0.687900545388026,0.0,0.3205494728101093,-0.0124684595944623,5,0.0,0.0,0.0,0.0,0.0,1.0
state_0015,core_003,recovered_calibration,always_0pct,1,0,,7.799272537231445,0.3333333432674408,0.6666666865348816,0.4419904053211212,0,early,3,short_shelf_life,high_inventory,uniform,medium_margin,moderate_disposal_cost,observed_sales_demand,observed_target_response,3,0.2,expiry_threshold_rule,-0.42779127561218266,-0.1078503218371821,0.29311828375113397,0.7068817162488661,0.0,0.31994095377500054,-0.010493773637910778,5,0.0,0.0,0.0,0.0,0.0,1.0
state_0015,core_003,recovered_calibration,always_0pct,1,0,,7.799272537231445,0.3333333432674408,0.6666666865348816,0.4419904053211212,0,early,3,short_shelf_life,high_inventory,uniform,medium_margin,moderate_disposal_cost,observed_sales_demand,observed_target_response,4,0.3,expiry_threshold_rule,-0.41576276697476594,-0.09907633422563167,0.26030285259161795,0.7396971474083821,0.0,0.31668643274913433,-0.0017197860263603454,5,0.0,0.0,0.0,0.0,0.0,1.0
state_0015,core_003,recovered_calibration,always_0pct,1,0,,7.799272537231445,0.3333333432674408,0.6666666865348816,0.4419904053211212,0,early,3,short_shelf_life,high_inventory,uniform,medium_margin,moderate_disposal_cost,observed_sales_demand,observed_target_response,5,0.4,expiry_threshold_rule,-0.3888467550572236,-0.0647642414550395,0.17656037146929135,0.8234396285307086,0.0,0.3240825136021841,0.032592306744231817,5,0.0,0.0,0.0,0.0,0.0,1.0
state_0015,core_003,recovered_calibration,always_0pct,1,0,,7.799272537231445,0.3333333432674408,0.6666666865348816,0.4419904053211212,0,early,3,short_shelf_life,high_inventory,uniform,medium_margin,moderate_disposal_cost,observed_sales_demand,observed_target_response,0,0.0,inventory_coverage_rule,-0.4179060210093806,-0.1374857891355122,0.43998510766917276,0.5600148923308272,0.0,0.28042023187386844,0.0,5,0.0,0.0,0.0,0.0,1.0,0.0
state_0015,core_003,recovered_calibration,always_0pct,1,0,,7.799272537231445,0.3333333432674408,0.6666666865348816,0.4419904053211212,0,early,3,short_shelf_life,high_inventory,uniform,medium_margin,moderate_disposal_cost,observed_sales_demand,observed_target_response,1,0.05,inventory_coverage_rule,-0.41810596913551634,-0.13768573726164787,0.4331012155259139,0.5668987844740861,0.0,0.28042023187386844,-0.00019994812613566282,5,0.0,0.0,0.0,0.0,1.0,0.0
state_0015,core_003,recovered_calibration,always_0pct,1,0,,7.799272537231445,0.3333333432674408,0.6666666865348816,0.4419904053211212,0,early,3,short_shelf_life,high_inventory,uniform,medium_margin,moderate_disposal_cost,observed_sales_demand,observed_target_response,2,0.1,inventory_coverage_rule,-0.4303744806038429,-0.1499542487299745,0.4381964540435656,0.5618035459564344,0.0,0.28042023187386844,-0.0124684595944623,5,0.0,0.0,0.0,0.0,1.0,0.0
state_0015,core_003,recovered_calibration,always_0pct,1,0,,7.799272537231445,0.3333333432674408,0.6666666865348816,0.4419904053211212,0,early,3,short_shelf_life,high_inventory,uniform,medium_margin,moderate_disposal_cost,observed_sales_demand,observed_target_response,3,0.2,inventory_coverage_rule,-0.42779127561218266,-0.14820429790854067,0.41939010561209084,0.5806098943879092,0.0,0.279586977703642,-0.010718508773028462,5,0.0,0.0,0.0,0.0,1.0,0.0
state_0015,core_003,recovered_calibration,always_0pct,1,0,,7.799272537231445,0.3333333432674408,0.6666666865348816,0.4419904053211212,0,early,3,short_shelf_life,high_inventory,uniform,medium_margin,moderate_disposal_cost,observed_sales_demand,observed_target_response,4,0.3,inventory_coverage_rule,-0.41576276697476594,-0.12797258158533167,0.3706301087804421,0.6293698912195579,0.0,0.28779018538943424,0.009513207550180536,5,0.0,0.0,0.0,0.0,1.0,0.0
state_0015,core_003,recovered_calibration,always_0pct,1,0,,7.799272537231445,0.3333333432674408,0.6666666865348816,0.4419904053211212,0,early,3,short_shelf_life,high_inventory,uniform,medium_margin,moderate_disposal_cost,observed_sales_demand,observed_target_response,5,0.4,inventory_coverage_rule,-0.3888467550572236,-0.09650442483464057,0.29219668714168606,0.7078033128583139,0.0,0.29234233022258305,0.04098136430087164,5,0.0,0.0,0.0,0.0,1.0,0.0
state_0015,core_003,recovered_calibration,always_0pct,1,0,,7.799272537231445,0.3333333432674408,0.6666666865348816,0.4419904053211212,0,early,3,short_shelf_life,high_inventory,uniform,medium_margin,moderate_disposal_cost,observed_sales_demand,observed_target_response,0,0.0,greedy_financial,-0.4179060210093806,-0.09735654819927132,0.31388810823758123,0.6861118917624188,0.0,0.3205494728101093,0.0,5,0.0,0.0,0.0,0.0,0.0,1.0
state_0015,core_003,recovered_calibration,always_0pct,1,0,,7.799272537231445,0.3333333432674408,0.6666666865348816,0.4419904053211212,0,early,3,short_shelf_life,high_inventory,uniform,medium_margin,moderate_disposal_cost,observed_sales_demand,observed_target_response,1,0.05,greedy_financial,-0.41810596913551634,-0.09816501536051575,0.30794039922525895,0.692059600774741,0.0,0.31994095377500054,-0.0008084671612444277,5,0.0,0.0,0.0,0.0,0.0,1.0
state_0015,core_003,recovered_calibration,always_0pct,1,0,,7.799272537231445,0.3333333432674408,0.6666666865348816,0.4419904053211212,0,early,3,short_shelf_life,high_inventory,uniform,medium_margin,moderate_disposal_cost,observed_sales_demand,observed_target_response,2,0.1,greedy_financial,-0.4303744806038429,-0.10982500779373362,0.3120994546119741,0.687900545388026,0.0,0.3205494728101093,-0.0124684595944623,5,0.0,0.0,0.0,0.0,0.0,1.0
state_0015,core_003,recovered_calibration,always_0pct,1,0,,7.799272537231445,0.3333333432674408,0.6666666865348816,0.4419904053211212,0,early,3,short_shelf_life,high_inventory,uniform,medium_margin,moderate_disposal_cost,observed_sales_demand,observed_target_response,3,0.2,greedy_financial,-0.42779127561218266,-0.1078503218371821,0.29311828375113397,0.7068817162488661,0.0,0.31994095377500054,-0.010493773637910778,5,0.0,0.0,0.0,0.0,0.0,1.0
state_0015,core_003,recovered_calibration,always_0pct,1,0,,7.799272537231445,0.3333333432674408,0.6666666865348816,0.4419904053211212,0,early,3,short_shelf_life,high_inventory,uniform,medium_margin,moderate_disposal_cost,observed_sales_demand,observed_target_response,4,0.3,greedy_financial,-0.41576276697476594,-0.09907633422563167,0.26030285259161795,0.7396971474083821,0.0,0.31668643274913433,-0.0017197860263603454,5,0.0,0.0,0.0,0.0,0.0,1.0
state_0015,core_003,recovered_calibration,always_0pct,1,0,,7.799272537231445,0.3333333432674408,0.6666666865348816,0.4419904053211212,0,early,3,short_shelf_life,high_inventory,uniform,medium_margin,moderate_disposal_cost,observed_sales_demand,observed_target_response,5,0.4,greedy_financial,-0.3888467550572236,-0.0647642414550395,0.17656037146929135,0.8234396285307086,0.0,0.3240825136021841,0.032592306744231817,5,0.0,0.0,0.0,0.0,0.0,1.0
state_0016,core_005,observed_calibration,always_0pct,0,0,,1.10713791847229,0.3333333432674408,0.6666666865348816,1.5271564722061157,0,early,3,short_shelf_life,balanced_inventory,uniform,medium_margin,moderate_disposal_cost,recovered_demand,recovered_target_response,0,0.0,always_0pct,0.44999999999999996,0.44999999999999996,0.0,1.0,1.1102230246251565e-16,0.0,0.0,0,,,,,,
state_0016,core_005,observed_calibration,always_0pct,0,0,,1.10713791847229,0.3333333432674408,0.6666666865348816,1.5271564722061157,0,early,3,short_shelf_life,balanced_inventory,uniform,medium_margin,moderate_disposal_cost,recovered_demand,recovered_target_response,1,0.05,always_0pct,0.39999999999999997,0.39999999999999997,0.0,1.0,1.1102230246251565e-16,0.0,-0.04999999999999999,0,,,,,,
state_0016,core_005,observed_calibration,always_0pct,0,0,,1.10713791847229,0.3333333432674408,0.6666666865348816,1.5271564722061157,0,early,3,short_shelf_life,balanced_inventory,uniform,medium_margin,moderate_disposal_cost,recovered_demand,recovered_target_response,2,0.1,always_0pct,0.3499999999999999,0.3499999999999999,0.0,1.0,1.1102230246251565e-16,0.0,-0.10000000000000003,0,,,,,,
state_0016,core_005,observed_calibration,always_0pct,0,0,,1.10713791847229,0.3333333432674408,0.6666666865348816,1.5271564722061157,0,early,3,short_shelf_life,balanced_inventory,uniform,medium_margin,moderate_disposal_cost,recovered_demand,recovered_target_response,3,0.2,always_0pct,0.25,0.25,0.0,1.0,1.1102230246251565e-16,0.0,-0.19999999999999996,0,,,,,,
state_0016,core_005,observed_calibration,always_0pct,0,0,,1.10713791847229,0.3333333432674408,0.6666666865348816,1.5271564722061157,0,early,3,short_shelf_life,balanced_inventory,uniform,medium_margin,moderate_disposal_cost,recovered_demand,recovered_target_response,4,0.3,always_0pct,0.14999999999999997,0.14999999999999997,0.0,1.0,1.1102230246251565e-16,0.0,-0.3,0,,,,,,
state_0016,core_005,observed_calibration,always_0pct,0,0,,1.10713791847229,0.3333333432674408,0.6666666865348816,1.5271564722061157,0,early,3,short_shelf_life,balanced_inventory,uniform,medium_margin,moderate_disposal_cost,recovered_demand,recovered_target_response,5,0.4,always_0pct,0.049999999999999926,0.049999999999999926,0.0,1.0,1.1102230246251565e-16,0.0,-0.4,0,,,,,,
state_0016,core_005,observed_calibration,always_0pct,0,0,,1.10713791847229,0.3333333432674408,0.6666666865348816,1.5271564722061157,0,early,3,short_shelf_life,balanced_inventory,uniform,medium_margin,moderate_disposal_cost,recovered_demand,recovered_target_response,0,0.0,expiry_threshold_rule,0.44999999999999996,0.44999999999999996,0.0,1.0,1.1102230246251565e-16,0.0,0.0,0,,,,,,
state_0016,core_005,observed_calibration,always_0pct,0,0,,1.10713791847229,0.3333333432674408,0.6666666865348816,1.5271564722061157,0,early,3,short_shelf_life,balanced_inventory,uniform,medium_margin,moderate_disposal_cost,recovered_demand,recovered_target_response,1,0.05,expiry_threshold_rule,0.39999999999999997,0.39999999999999997,0.0,1.0,1.1102230246251565e-16,0.0,-0.04999999999999999,0,,,,,,
state_0016,core_005,observed_calibration,always_0pct,0,0,,1.10713791847229,0.3333333432674408,0.6666666865348816,1.5271564722061157,0,early,3,short_shelf_life,balanced_inventory,uniform,medium_margin,moderate_disposal_cost,recovered_demand,recovered_target_response,2,0.1,expiry_threshold_rule,0.3499999999999999,0.3499999999999999,0.0,1.0,1.1102230246251565e-16,0.0,-0.10000000000000003,0,,,,,,
state_0016,core_005,observed_calibration,always_0pct,0,0,,1.10713791847229,0.3333333432674408,0.6666666865348816,1.5271564722061157,0,early,3,short_shelf_life,balanced_inventory,uniform,medium_margin,moderate_disposal_cost,recovered_demand,recovered_target_response,3,0.2,expiry_threshold_rule,0.25,0.25,0.0,1.0,1.1102230246251565e-16,0.0,-0.19999999999999996,0,,,,,,
state_0016,core_005,observed_calibration,always_0pct,0,0,,1.10713791847229,0.3333333432674408,0.6666666865348816,1.5271564722061157,0,early,3,short_shelf_life,balanced_inventory,uniform,medium_margin,moderate_disposal_cost,recovered_demand,recovered_target_response,4,0.3,expiry_threshold_rule,0.14999999999999997,0.14999999999999997,0.0,1.0,1.1102230246251565e-16,0.0,-0.3,0,,,,,,
state_0016,core_005,observed_calibration,always_0pct,0,0,,1.10713791847229,0.3333333432674408,0.6666666865348816,1.5271564722061157,0,early,3,short_shelf_life,balanced_inventory,uniform,medium_margin,moderate_disposal_cost,recovered_demand,recovered_target_response,5,0.4,expiry_threshold_rule,0.049999999999999926,0.049999999999999926,0.0,1.0,1.1102230246251565e-16,0.0,-0.4,0,,,,,,
state_0016,core_005,observed_calibration,always_0pct,0,0,,1.10713791847229,0.3333333432674408,0.6666666865348816,1.5271564722061157,0,early,3,short_shelf_life,balanced_inventory,uniform,medium_margin,moderate_disposal_cost,recovered_demand,recovered_target_response,0,0.0,inventory_coverage_rule,0.44999999999999996,0.44999999999999996,0.0,1.0,1.1102230246251565e-16,0.0,0.0,0,,,,,,
state_0016,core_005,observed_calibration,always_0pct,0,0,,1.10713791847229,0.3333333432674408,0.6666666865348816,1.5271564722061157,0,early,3,short_shelf_life,balanced_inventory,uniform,medium_margin,moderate_disposal_cost,recovered_demand,recovered_target_response,1,0.05,inventory_coverage_rule,0.39999999999999997,0.39999999999999997,0.0,1.0,1.1102230246251565e-16,0.0,-0.04999999999999999,0,,,,,,
state_0016,core_005,observed_calibration,always_0pct,0,0,,1.10713791847229,0.3333333432674408,0.6666666865348816,1.5271564722061157,0,early,3,short_shelf_life,balanced_inventory,uniform,medium_margin,moderate_disposal_cost,recovered_demand,recovered_target_response,2,0.1,inventory_coverage_rule,0.3499999999999999,0.3499999999999999,0.0,1.0,1.1102230246251565e-16,0.0,-0.10000000000000003,0,,,,,,
state_0016,core_005,observed_calibration,always_0pct,0,0,,1.10713791847229,0.3333333432674408,0.6666666865348816,1.5271564722061157,0,early,3,short_shelf_life,balanced_inventory,uniform,medium_margin,moderate_disposal_cost,recovered_demand,recovered_target_response,3,0.2,inventory_coverage_rule,0.25,0.25,0.0,1.0,1.1102230246251565e-16,0.0,-0.19999999999999996,0,,,,,,
state_0016,core_005,observed_calibration,always_0pct,0,0,,1.10713791847229,0.3333333432674408,0.6666666865348816,1.5271564722061157,0,early,3,short_shelf_life,balanced_inventory,uniform,medium_margin,moderate_disposal_cost,recovered_demand,recovered_target_response,4,0.3,inventory_coverage_rule,0.14999999999999997,0.14999999999999997,0.0,1.0,1.1102230246251565e-16,0.0,-0.3,0,,,,,,
state_0016,core_005,observed_calibration,always_0pct,0,0,,1.10713791847229,0.3333333432674408,0.6666666865348816,1.5271564722061157,0,early,3,short_shelf_life,balanced_inventory,uniform,medium_margin,moderate_disposal_cost,recovered_demand,recovered_target_response,5,0.4,inventory_coverage_rule,0.049999999999999926,0.049999999999999926,0.0,1.0,1.1102230246251565e-16,0.0,-0.4,0,,,,,,
state_0016,core_005,observed_calibration,always_0pct,0,0,,1.10713791847229,0.3333333432674408,0.6666666865348816,1.5271564722061157,0,early,3,short_shelf_life,balanced_inventory,uniform,medium_margin,moderate_disposal_cost,recovered_demand,recovered_target_response,0,0.0,greedy_financial,0.44999999999999996,0.44999999999999996,0.0,1.0,1.1102230246251565e-16,0.0,0.0,0,,,,,,
state_0016,core_005,observed_calibration,always_0pct,0,0,,1.10713791847229,0.3333333432674408,0.6666666865348816,1.5271564722061157,0,early,3,short_shelf_life,balanced_inventory,uniform,medium_margin,moderate_disposal_cost,recovered_demand,recovered_target_response,1,0.05,greedy_financial,0.39999999999999997,0.39999999999999997,0.0,1.0,1.1102230246251565e-16,0.0,-0.04999999999999999,0,,,,,,
state_0016,core_005,observed_calibration,always_0pct,0,0,,1.10713791847229,0.3333333432674408,0.6666666865348816,1.5271564722061157,0,early,3,short_shelf_life,balanced_inventory,uniform,medium_margin,moderate_disposal_cost,recovered_demand,recovered_target_response,2,0.1,greedy_financial,0.3499999999999999,0.3499999999999999,0.0,1.0,1.1102230246251565e-16,0.0,-0.10000000000000003,0,,,,,,
state_0016,core_005,observed_calibration,always_0pct,0,0,,1.10713791847229,0.3333333432674408,0.6666666865348816,1.5271564722061157,0,early,3,short_shelf_life,balanced_inventory,uniform,medium_margin,moderate_disposal_cost,recovered_demand,recovered_target_response,3,0.2,greedy_financial,0.25,0.25,0.0,1.0,1.1102230246251565e-16,0.0,-0.19999999999999996,0,,,,,,
state_0016,core_005,observed_calibration,always_0pct,0,0,,1.10713791847229,0.3333333432674408,0.6666666865348816,1.5271564722061157,0,early,3,short_shelf_life,balanced_inventory,uniform,medium_margin,moderate_disposal_cost,recovered_demand,recovered_target_response,4,0.3,greedy_financial,0.14999999999999997,0.14999999999999997,0.0,1.0,1.1102230246251565e-16,0.0,-0.3,0,,,,,,
state_0016,core_005,observed_calibration,always_0pct,0,0,,1.10713791847229,0.3333333432674408,0.6666666865348816,1.5271564722061157,0,early,3,short_shelf_life,balanced_inventory,uniform,medium_margin,moderate_disposal_cost,recovered_demand,recovered_target_response,5,0.4,greedy_financial,0.049999999999999926,0.049999999999999926,0.0,1.0,1.1102230246251565e-16,0.0,-0.4,0,,,,,,
state_0017,core_005,observed_calibration,always_0pct,1,0,,3.0921051502227783,0.3333333432674408,0.6666666865348816,0.46009570360183716,0,early,3,short_shelf_life,balanced_inventory,uniform,medium_margin,moderate_disposal_cost,recovered_demand,recovered_target_response,0,0.0,always_0pct,-0.1780077252203781,0.45000000000000007,0.0,1.0,0.0,0.6280077252203782,0.0,0,1.0,0.0,0.0,0.0,0.0,0.0
state_0017,core_005,observed_calibration,always_0pct,1,0,,3.0921051502227783,0.3333333432674408,0.6666666865348816,0.46009570360183716,0,early,3,short_shelf_life,balanced_inventory,uniform,medium_margin,moderate_disposal_cost,recovered_demand,recovered_target_response,1,0.05,always_0pct,-0.1918975308146817,0.43115250162182545,0.0,1.0,0.0,0.6230500324365071,-0.01884749837817462,0,1.0,0.0,0.0,0.0,0.0,0.0
state_0017,core_005,observed_calibration,always_0pct,1,0,,3.0921051502227783,0.3333333432674408,0.6666666865348816,0.46009570360183716,0,early,3,short_shelf_life,balanced_inventory,uniform,medium_margin,moderate_disposal_cost,recovered_demand,recovered_target_response,2,0.1,always_0pct,-0.21098896936912864,0.41233210770768103,0.0,1.0000000000000002,0.0,0.6233210770768096,-0.03766789229231904,0,1.0,0.0,0.0,0.0,0.0,0.0
state_0017,core_005,observed_calibration,always_0pct,1,0,,3.0921051502227783,0.3333333432674408,0.6666666865348816,0.46009570360183716,0,early,3,short_shelf_life,balanced_inventory,uniform,medium_margin,moderate_disposal_cost,recovered_demand,recovered_target_response,3,0.2,always_0pct,-0.23022835278080134,0.37005708819520045,0.0,1.0,0.0,0.6002854409760018,-0.07994291180479962,0,1.0,0.0,0.0,0.0,0.0,0.0
state_0017,core_005,observed_calibration,always_0pct,1,0,,3.0921051502227783,0.3333333432674408,0.6666666865348816,0.46009570360183716,0,early,3,short_shelf_life,balanced_inventory,uniform,medium_margin,moderate_disposal_cost,recovered_demand,recovered_target_response,4,0.3,always_0pct,-0.16662083766283753,0.28569464471264466,0.0,1.0000000000000002,0.0,0.45231548237548225,-0.1643053552873554,0,1.0,0.0,0.0,0.0,0.0,0.0
state_0017,core_005,observed_calibration,always_0pct,1,0,,3.0921051502227783,0.3333333432674408,0.6666666865348816,0.46009570360183716,0,early,3,short_shelf_life,balanced_inventory,uniform,medium_margin,moderate_disposal_cost,recovered_demand,recovered_target_response,5,0.4,always_0pct,-0.028668212891023673,0.10244547526068254,0.0,1.0,0.0,0.1311136881517062,-0.3475545247393175,0,1.0,0.0,0.0,0.0,0.0,0.0
state_0017,core_005,observed_calibration,always_0pct,1,0,,3.0921051502227783,0.3333333432674408,0.6666666865348816,0.46009570360183716,0,early,3,short_shelf_life,balanced_inventory,uniform,medium_margin,moderate_disposal_cost,recovered_demand,recovered_target_response,0,0.0,expiry_threshold_rule,-0.1780077252203781,0.19879690991184878,0.0,1.0000000000000002,0.0,0.3768046351322269,0.0,0,0.0,0.0,0.0,0.0,0.0,1.0
state_0017,core_005,observed_calibration,always_0pct,1,0,,3.0921051502227783,0.3333333432674408,0.6666666865348816,0.46009570360183716,0,early,3,short_shelf_life,balanced_inventory,uniform,medium_margin,moderate_disposal_cost,recovered_demand,recovered_target_response,1,0.05,expiry_threshold_rule,-0.1918975308146817,0.18193248864722253,0.0,1.0,5.551115123125783e-17,0.3738300194619042,-0.016864421264626256,0,0.0,0.0,0.0,0.0,0.0,1.0
state_0017,core_005,observed_calibration,always_0pct,1,0,,3.0921051502227783,0.3333333432674408,0.6666666865348816,0.46009570360183716,0,early,3,short_shelf_life,balanced_inventory,uniform,medium_margin,moderate_disposal_cost,recovered_demand,recovered_target_response,2,0.1,expiry_threshold_rule,-0.21098896936912864,0.16300367687695713,0.0,1.0,0.0,0.3739926462460858,-0.03579323303489165,0,0.0,0.0,0.0,0.0,0.0,1.0
state_0017,core_005,observed_calibration,always_0pct,1,0,,3.0921051502227783,0.3333333432674408,0.6666666865348816,0.46009570360183716,0,early,3,short_shelf_life,balanced_inventory,uniform,medium_margin,moderate_disposal_cost,recovered_demand,recovered_target_response,3,0.2,expiry_threshold_rule,-0.23022835278080134,0.1299429118047997,0.0,1.0,5.551115123125783e-17,0.360171264585601,-0.06885399810704909,0,0.0,0.0,0.0,0.0,0.0,1.0
state_0017,core_005,observed_calibration,always_0pct,1,0,,3.0921051502227783,0.3333333432674408,0.6666666865348816,0.46009570360183716,0,early,3,short_shelf_life,balanced_inventory,uniform,medium_margin,moderate_disposal_cost,recovered_demand,recovered_target_response,4,0.3,expiry_threshold_rule,-0.16662083766283753,0.10476845176245177,0.0,1.0,0.0,0.2713892894252893,-0.09402845814939702,0,0.0,0.0,0.0,0.0,0.0,1.0
state_0017,core_005,observed_calibration,always_0pct,1,0,,3.0921051502227783,0.3333333432674408,0.6666666865348816,0.46009570360183716,0,early,3,short_shelf_life,balanced_inventory,uniform,medium_margin,moderate_disposal_cost,recovered_demand,recovered_target_response,5,0.4,expiry_threshold_rule,-0.028668212891023673,0.05000000000000005,0.0,1.0,0.0,0.07866821289102373,-0.14879690991184874,0,0.0,0.0,0.0,0.0,0.0,1.0
state_0017,core_005,observed_calibration,always_0pct,1,0,,3.0921051502227783,0.3333333432674408,0.6666666865348816,0.46009570360183716,0,early,3,short_shelf_life,balanced_inventory,uniform,medium_margin,moderate_disposal_cost,recovered_demand,recovered_target_response,0,0.0,inventory_coverage_rule,-0.1780077252203781,0.280408156679861,0.0,1.0000000000000002,0.0,0.4584158819002392,0.0,0,0.5,0.0,0.0,0.0,0.5,0.0
state_0017,core_005,observed_calibration,always_0pct,1,0,,3.0921051502227783,0.3333333432674408,0.6666666865348816,0.46009570360183716,0,early,3,short_shelf_life,balanced_inventory,uniform,medium_margin,moderate_disposal_cost,recovered_demand,recovered_target_response,1,0.05,inventory_coverage_rule,-0.1918975308146817,0.2615606583016864,0.0,1.0,0.0,0.4534581891163681,-0.01884749837817462,0,0.5,0.0,0.0,0.0,0.5,0.0
state_0017,core_005,observed_calibration,always_0pct,1,0,,3.0921051502227783,0.3333333432674408,0.6666666865348816,0.46009570360183716,0,early,3,short_shelf_life,balanced_inventory,uniform,medium_margin,moderate_disposal_cost,recovered_demand,recovered_target_response,2,0.1,inventory_coverage_rule,-0.21098896936912864,0.242740264387542,0.0,1.0,0.0,0.4537292337566706,-0.03766789229231901,0,0.5,0.0,0.0,0.0,0.5,0.0
state_0017,core_005,observed_calibration,always_0pct,1,0,,3.0921051502227783,0.3333333432674408,0.6666666865348816,0.46009570360183716,0,early,3,short_shelf_life,balanced_inventory,uniform,medium_margin,moderate_disposal_cost,recovered_demand,recovered_target_response,3,0.2,inventory_coverage_rule,-0.23022835278080134,0.20046524487506143,0.0,1.0,0.0,0.4306935976558628,-0.0799429118047996,0,0.5,0.0,0.0,0.0,0.5,0.0
state_0017,core_005,observed_calibration,always_0pct,1,0,,3.0921051502227783,0.3333333432674408,0.6666666865348816,0.46009570360183716,0,early,3,short_shelf_life,balanced_inventory,uniform,medium_margin,moderate_disposal_cost,recovered_demand,recovered_target_response,4,0.3,inventory_coverage_rule,-0.16662083766283753,0.20162199763295083,0.0,1.0,0.0,0.3682428352957884,-0.07878615904691019,0,0.5,0.0,0.0,0.5,0.0,0.0
state_0017,core_005,observed_calibration,always_0pct,1,0,,3.0921051502227783,0.3333333432674408,0.6666666865348816,0.46009570360183716,0,early,3,short_shelf_life,balanced_inventory,uniform,medium_margin,moderate_disposal_cost,recovered_demand,recovered_target_response,5,0.4,inventory_coverage_rule,-0.028668212891023673,0.10244547526068254,0.0,1.0,0.0,0.1311136881517062,-0.17796268141917848,0,1.0,0.0,0.0,0.0,0.0,0.0
state_0017,core_005,observed_calibration,always_0pct,1,0,,3.0921051502227783,0.3333333432674408,0.6666666865348816,0.46009570360183716,0,early,3,short_shelf_life,balanced_inventory,uniform,medium_margin,moderate_disposal_cost,recovered_demand,recovered_target_response,0,0.0,greedy_financial,-0.1780077252203781,0.280408156679861,0.0,1.0000000000000002,0.0,0.4584158819002392,0.0,4,0.5,0.0,0.0,0.0,0.5,0.0
state_0017,core_005,observed_calibration,always_0pct,1,0,,3.0921051502227783,0.3333333432674408,0.6666666865348816,0.46009570360183716,0,early,3,short_shelf_life,balanced_inventory,uniform,medium_margin,moderate_disposal_cost,recovered_demand,recovered_target_response,1,0.05,greedy_financial,-0.1918975308146817,0.2615606583016864,0.0,1.0,0.0,0.4534581891163681,-0.01884749837817462,4,0.5,0.0,0.0,0.0,0.5,0.0
state_0017,core_005,observed_calibration,always_0pct,1,0,,3.0921051502227783,0.3333333432674408,0.6666666865348816,0.46009570360183716,0,early,3,short_shelf_life,balanced_inventory,uniform,medium_margin,moderate_disposal_cost,recovered_demand,recovered_target_response,2,0.1,greedy_financial,-0.21098896936912864,0.242740264387542,0.0,1.0,0.0,0.4537292337566706,-0.03766789229231901,4,0.5,0.0,0.0,0.0,0.5,0.0
state_0017,core_005,observed_calibration,always_0pct,1,0,,3.0921051502227783,0.3333333432674408,0.6666666865348816,0.46009570360183716,0,early,3,short_shelf_life,balanced_inventory,uniform,medium_margin,moderate_disposal_cost,recovered_demand,recovered_target_response,3,0.2,greedy_financial,-0.23022835278080134,0.20046524487506143,0.0,1.0,0.0,0.4306935976558628,-0.0799429118047996,4,0.5,0.0,0.0,0.0,0.5,0.0
state_0017,core_005,observed_calibration,always_0pct,1,0,,3.0921051502227783,0.3333333432674408,0.6666666865348816,0.46009570360183716,0,early,3,short_shelf_life,balanced_inventory,uniform,medium_margin,moderate_disposal_cost,recovered_demand,recovered_target_response,4,0.3,greedy_financial,-0.16662083766283753,0.28569464471264466,0.0,1.0000000000000002,0.0,0.45231548237548225,0.005286488032783643,4,1.0,0.0,0.0,0.0,0.0,0.0
state_0017,core_005,observed_calibration,always_0pct,1,0,,3.0921051502227783,0.3333333432674408,0.6666666865348816,0.46009570360183716,0,early,3,short_shelf_life,balanced_inventory,uniform,medium_margin,moderate_disposal_cost,recovered_demand,recovered_target_response,5,0.4,greedy_financial,-0.028668212891023673,0.10244547526068254,0.0,1.0,0.0,0.1311136881517062,-0.17796268141917848,4,1.0,0.0,0.0,0.0,0.0,0.0
state_0018,core_005,observed_calibration,always_0pct,1,1,0,1.9010639190673828,0.46922096610069275,1.0,0.47374415397644043,1,early,2,short_shelf_life,balanced_inventory,uniform,medium_margin,moderate_disposal_cost,recovered_demand,recovered_target_response,0,0.0,always_0pct,0.38302719085367337,0.45000000000000007,0.0,1.0,0.0,0.24498053436670483,0.0,0,1.0,0.0,0.0,0.0,0.0,0.0
state_0018,core_005,observed_calibration,always_0pct,1,1,0,1.9010639190673828,0.46922096610069275,1.0,0.47374415397644043,1,early,2,short_shelf_life,balanced_inventory,uniform,medium_margin,moderate_disposal_cost,recovered_demand,recovered_target_response,1,0.05,always_0pct,0.37009475753584004,0.4305213285507453,0.0,1.0,0.0,0.23843429623528337,-0.019478671449254747,0,1.0,0.0,0.0,0.0,0.0,0.0
state_0018,core_005,observed_calibration,always_0pct,1,1,0,1.9010639190673828,0.46922096610069275,1.0,0.47374415397644043,1,early,2,short_shelf_life,balanced_inventory,uniform,medium_margin,moderate_disposal_cost,recovered_demand,recovered_target_response,2,0.1,always_0pct,0.3503695482960278,0.41107005018933035,0.0,1.0,0.0,0.23870822711368067,-0.03892994981066972,0,1.0,0.0,0.0,0.0,0.0,0.0
state_0018,core_005,observed_calibration,always_0pct,1,1,0,1.9010639190673828,0.46922096610069275,1.0,0.47374415397644043,1,early,2,short_shelf_life,balanced_inventory,uniform,medium_margin,moderate_disposal_cost,recovered_demand,recovered_target_response,3,0.2,always_0pct,0.326814975395181,0.36829625615120487,0.0,1.0000000000000002,0.0,0.21948900597640195,-0.0817037438487952,0,1.0,0.0,0.0,0.0,0.0,0.0
state_0018,core_005,observed_calibration,always_0pct,1,1,0,1.9010639190673828,0.46922096610069275,1.0,0.47374415397644043,1,early,2,short_shelf_life,balanced_inventory,uniform,medium_margin,moderate_disposal_cost,recovered_demand,recovered_target_response,4,0.3,always_0pct,0.39571430108032435,0.280408156679861,0.0,1.0000000000000002,0.0,0.06270158081991481,-0.16959184332013905,0,1.0,0.0,0.0,0.0,0.0,0.0
state_0018,core_005,observed_calibration,always_0pct,1,1,0,1.9010639190673828,0.46922096610069275,1.0,0.47374415397644043,1,early,2,short_shelf_life,balanced_inventory,uniform,medium_margin,moderate_disposal_cost,recovered_demand,recovered_target_response,5,0.4,always_0pct,0.3768046351322269,0.19879690991184878,0.0,1.0000000000000002,0.0,0.0,-0.2512030900881513,0,,,,,,
state_0018,core_005,observed_calibration,always_0pct,1,1,0,1.9010639190673828,0.46922096610069275,1.0,0.47374415397644043,1,early,2,short_shelf_life,balanced_inventory,uniform,medium_margin,moderate_disposal_cost,recovered_demand,recovered_target_response,0,0.0,expiry_threshold_rule,0.38302719085367337,0.35200778625331813,0.0,1.0,0.0,0.14698832062002287,0.0,0,0.0,0.0,0.0,0.0,0.0,1.0
state_0018,core_005,observed_calibration,always_0pct,1,1,0,1.9010639190673828,0.46922096610069275,1.0,0.47374415397644043,1,early,2,short_shelf_life,balanced_inventory,uniform,medium_margin,moderate_disposal_cost,recovered_demand,recovered_target_response,1,0.05,expiry_threshold_rule,0.37009475753584004,0.33514761005663196,0.0,1.0,0.0,0.14306057774117,-0.016860176196686172,0,0.0,0.0,0.0,0.0,0.0,1.0
state_0018,core_005,observed_calibration,always_0pct,1,1,0,1.9010639190673828,0.46922096610069275,1.0,0.47374415397644043,1,early,2,short_shelf_life,balanced_inventory,uniform,medium_margin,moderate_disposal_cost,recovered_demand,recovered_target_response,2,0.1,expiry_threshold_rule,0.3503695482960278,0.31558675934385805,0.0,1.0,0.0,0.1432249362682084,-0.036421026909460086,0,0.0,0.0,0.0,0.0,0.0,1.0
state_0018,core_005,observed_calibration,always_0pct,1,1,0,1.9010639190673828,0.46922096610069275,1.0,0.47374415397644043,1,early,2,short_shelf_life,balanced_inventory,uniform,medium_margin,moderate_disposal_cost,recovered_demand,recovered_target_response,3,0.2,expiry_threshold_rule,0.326814975395181,0.28050065376064404,0.0,1.0000000000000002,0.0,0.13169340358584117,-0.0715071324926741,0,0.0,0.0,0.0,0.0,0.0,1.0
state_0018,core_005,observed_calibration,always_0pct,1,1,0,1.9010639190673828,0.46922096610069275,1.0,0.47374415397644043,1,early,2,short_shelf_life,balanced_inventory,uniform,medium_margin,moderate_disposal_cost,recovered_demand,recovered_target_response,4,0.3,expiry_threshold_rule,0.39571430108032435,0.2553275243518951,0.0,1.0000000000000002,0.0,0.037620948491948886,-0.09668026190142304,0,0.0,0.0,0.0,0.0,0.0,1.0
state_0018,core_005,observed_calibration,always_0pct,1,1,0,1.9010639190673828,0.46922096610069275,1.0,0.47374415397644043,1,early,2,short_shelf_life,balanced_inventory,uniform,medium_margin,moderate_disposal_cost,recovered_demand,recovered_target_response,5,0.4,expiry_threshold_rule,0.3768046351322269,0.19879690991184878,0.0,1.0000000000000002,0.0,0.0,-0.15321087634146935,0,,,,,,
state_0018,core_005,observed_calibration,always_0pct,1,1,0,1.9010639190673828,0.46922096610069275,1.0,0.47374415397644043,1,early,2,short_shelf_life,balanced_inventory,uniform,medium_margin,moderate_disposal_cost,recovered_demand,recovered_target_response,0,0.0,inventory_coverage_rule,0.38302719085367337,0.45000000000000007,0.0,1.0,0.0,0.24498053436670483,0.0,0,1.0,0.0,0.0,0.0,0.0,0.0
state_0018,core_005,observed_calibration,always_0pct,1,1,0,1.9010639190673828,0.46922096610069275,1.0,0.47374415397644043,1,early,2,short_shelf_life,balanced_inventory,uniform,medium_margin,moderate_disposal_cost,recovered_demand,recovered_target_response,1,0.05,inventory_coverage_rule,0.37009475753584004,0.4305213285507453,0.0,1.0,0.0,0.23843429623528337,-0.019478671449254747,0,1.0,0.0,0.0,0.0,0.0,0.0
state_0018,core_005,observed_calibration,always_0pct,1,1,0,1.9010639190673828,0.46922096610069275,1.0,0.47374415397644043,1,early,2,short_shelf_life,balanced_inventory,uniform,medium_margin,moderate_disposal_cost,recovered_demand,recovered_target_response,2,0.1,inventory_coverage_rule,0.3503695482960278,0.41107005018933035,0.0,1.0,0.0,0.23870822711368067,-0.03892994981066972,0,1.0,0.0,0.0,0.0,0.0,0.0
state_0018,core_005,observed_calibration,always_0pct,1,1,0,1.9010639190673828,0.46922096610069275,1.0,0.47374415397644043,1,early,2,short_shelf_life,balanced_inventory,uniform,medium_margin,moderate_disposal_cost,recovered_demand,recovered_target_response,3,0.2,inventory_coverage_rule,0.326814975395181,0.36829625615120487,0.0,1.0000000000000002,0.0,0.21948900597640195,-0.0817037438487952,0,1.0,0.0,0.0,0.0,0.0,0.0
state_0018,core_005,observed_calibration,always_0pct,1,1,0,1.9010639190673828,0.46922096610069275,1.0,0.47374415397644043,1,early,2,short_shelf_life,balanced_inventory,uniform,medium_margin,moderate_disposal_cost,recovered_demand,recovered_target_response,4,0.3,inventory_coverage_rule,0.39571430108032435,0.280408156679861,0.0,1.0000000000000002,0.0,0.06270158081991481,-0.16959184332013905,0,1.0,0.0,0.0,0.0,0.0,0.0
state_0018,core_005,observed_calibration,always_0pct,1,1,0,1.9010639190673828,0.46922096610069275,1.0,0.47374415397644043,1,early,2,short_shelf_life,balanced_inventory,uniform,medium_margin,moderate_disposal_cost,recovered_demand,recovered_target_response,5,0.4,inventory_coverage_rule,0.3768046351322269,0.19879690991184878,0.0,1.0000000000000002,0.0,0.0,-0.2512030900881513,0,,,,,,
state_0018,core_005,observed_calibration,always_0pct,1,1,0,1.9010639190673828,0.46922096610069275,1.0,0.47374415397644043,1,early,2,short_shelf_life,balanced_inventory,uniform,medium_margin,moderate_disposal_cost,recovered_demand,recovered_target_response,0,0.0,greedy_financial,0.38302719085367337,0.45000000000000007,0.0,1.0,0.0,0.24498053436670483,0.0,0,1.0,0.0,0.0,0.0,0.0,0.0
state_0018,core_005,observed_calibration,always_0pct,1,1,0,1.9010639190673828,0.46922096610069275,1.0,0.47374415397644043,1,early,2,short_shelf_life,balanced_inventory,uniform,medium_margin,moderate_disposal_cost,recovered_demand,recovered_target_response,1,0.05,greedy_financial,0.37009475753584004,0.4305213285507453,0.0,1.0,0.0,0.23843429623528337,-0.019478671449254747,0,1.0,0.0,0.0,0.0,0.0,0.0
state_0018,core_005,observed_calibration,always_0pct,1,1,0,1.9010639190673828,0.46922096610069275,1.0,0.47374415397644043,1,early,2,short_shelf_life,balanced_inventory,uniform,medium_margin,moderate_disposal_cost,recovered_demand,recovered_target_response,2,0.1,greedy_financial,0.3503695482960278,0.41107005018933035,0.0,1.0,0.0,0.23870822711368067,-0.03892994981066972,0,1.0,0.0,0.0,0.0,0.0,0.0
state_0018,core_005,observed_calibration,always_0pct,1,1,0,1.9010639190673828,0.46922096610069275,1.0,0.47374415397644043,1,early,2,short_shelf_life,balanced_inventory,uniform,medium_margin,moderate_disposal_cost,recovered_demand,recovered_target_response,3,0.2,greedy_financial,0.326814975395181,0.36829625615120487,0.0,1.0000000000000002,0.0,0.21948900597640195,-0.0817037438487952,0,1.0,0.0,0.0,0.0,0.0,0.0
state_0018,core_005,observed_calibration,always_0pct,1,1,0,1.9010639190673828,0.46922096610069275,1.0,0.47374415397644043,1,early,2,short_shelf_life,balanced_inventory,uniform,medium_margin,moderate_disposal_cost,recovered_demand,recovered_target_response,4,0.3,greedy_financial,0.39571430108032435,0.280408156679861,0.0,1.0000000000000002,0.0,0.06270158081991481,-0.16959184332013905,0,1.0,0.0,0.0,0.0,0.0,0.0
state_0018,core_005,observed_calibration,always_0pct,1,1,0,1.9010639190673828,0.46922096610069275,1.0,0.47374415397644043,1,early,2,short_shelf_life,balanced_inventory,uniform,medium_margin,moderate_disposal_cost,recovered_demand,recovered_target_response,5,0.4,greedy_financial,0.3768046351322269,0.19879690991184878,0.0,1.0000000000000002,0.0,0.0,-0.2512030900881513,0,,,,,,
state_0019,core_005,observed_calibration,always_0pct,1,2,0|0,0.7229486703872681,1.0,1.0,0.42175689339637756,2,late,1,short_shelf_life,balanced_inventory,uniform,medium_margin,moderate_disposal_cost,recovered_demand,recovered_target_response,0,0.0,always_0pct,0.24498053436670483,0.45000000000000007,0.0,1.0,0.0,0.0,0.0,0,,,,,,
state_0019,core_005,observed_calibration,always_0pct,1,2,0|0,0.7229486703872681,1.0,1.0,0.42175689339637756,2,late,1,short_shelf_life,balanced_inventory,uniform,medium_margin,moderate_disposal_cost,recovered_demand,recovered_target_response,1,0.05,always_0pct,0.23273150764836956,0.43775097328166485,0.0,1.0,0.0,0.0,-0.01224902671833522,0,,,,,,
state_0019,core_005,observed_calibration,always_0pct,1,2,0|0,0.7229486703872681,1.0,1.0,0.42175689339637756,2,late,1,short_shelf_life,balanced_inventory,uniform,medium_margin,moderate_disposal_cost,recovered_demand,recovered_target_response,2,0.1,always_0pct,0.22048248093003436,0.42550194656332957,0.0,1.0,0.0,0.0,-0.024498053436670497,0,,,,,,
state_0019,core_005,observed_calibration,always_0pct,1,2,0|0,0.7229486703872681,1.0,1.0,0.42175689339637756,2,late,1,short_shelf_life,balanced_inventory,uniform,medium_margin,moderate_disposal_cost,recovered_demand,recovered_target_response,3,0.2,always_0pct,0.19598442749336387,0.40100389312665913,0.0,1.0,0.0,0.0,-0.04899610687334094,0,,,,,,
state_0019,core_005,observed_calibration,always_0pct,1,2,0|0,0.7229486703872681,1.0,1.0,0.42175689339637756,2,late,1,short_shelf_life,balanced_inventory,uniform,medium_margin,moderate_disposal_cost,recovered_demand,recovered_target_response,4,0.3,always_0pct,0.17148637405669337,0.37650583968998863,0.0,1.0,0.0,0.0,-0.07349416031001144,0,,,,,,
state_0019,core_005,observed_calibration,always_0pct,1,2,0|0,0.7229486703872681,1.0,1.0,0.42175689339637756,2,late,1,short_shelf_life,balanced_inventory,uniform,medium_margin,moderate_disposal_cost,recovered_demand,recovered_target_response,5,0.4,always_0pct,0.14698832062002287,0.35200778625331813,0.0,1.0,0.0,0.0,-0.09799221374668193,0,,,,,,
state_0019,core_005,observed_calibration,always_0pct,1,2,0|0,0.7229486703872681,1.0,1.0,0.42175689339637756,2,late,1,short_shelf_life,balanced_inventory,uniform,medium_margin,moderate_disposal_cost,recovered_demand,recovered_target_response,0,0.0,expiry_threshold_rule,0.24498053436670483,0.45000000000000007,0.0,1.0,0.0,0.0,0.0,0,,,,,,
state_0019,core_005,observed_calibration,always_0pct,1,2,0|0,0.7229486703872681,1.0,1.0,0.42175689339637756,2,late,1,short_shelf_life,balanced_inventory,uniform,medium_margin,moderate_disposal_cost,recovered_demand,recovered_target_response,1,0.05,expiry_threshold_rule,0.23273150764836956,0.43775097328166485,0.0,1.0,0.0,0.0,-0.01224902671833522,0,,,,,,
state_0019,core_005,observed_calibration,always_0pct,1,2,0|0,0.7229486703872681,1.0,1.0,0.42175689339637756,2,late,1,short_shelf_life,balanced_inventory,uniform,medium_margin,moderate_disposal_cost,recovered_demand,recovered_target_response,2,0.1,expiry_threshold_rule,0.22048248093003436,0.42550194656332957,0.0,1.0,0.0,0.0,-0.024498053436670497,0,,,,,,
state_0019,core_005,observed_calibration,always_0pct,1,2,0|0,0.7229486703872681,1.0,1.0,0.42175689339637756,2,late,1,short_shelf_life,balanced_inventory,uniform,medium_margin,moderate_disposal_cost,recovered_demand,recovered_target_response,3,0.2,expiry_threshold_rule,0.19598442749336387,0.40100389312665913,0.0,1.0,0.0,0.0,-0.04899610687334094,0,,,,,,
state_0019,core_005,observed_calibration,always_0pct,1,2,0|0,0.7229486703872681,1.0,1.0,0.42175689339637756,2,late,1,short_shelf_life,balanced_inventory,uniform,medium_margin,moderate_disposal_cost,recovered_demand,recovered_target_response,4,0.3,expiry_threshold_rule,0.17148637405669337,0.37650583968998863,0.0,1.0,0.0,0.0,-0.07349416031001144,0,,,,,,
state_0019,core_005,observed_calibration,always_0pct,1,2,0|0,0.7229486703872681,1.0,1.0,0.42175689339637756,2,late,1,short_shelf_life,balanced_inventory,uniform,medium_margin,moderate_disposal_cost,recovered_demand,recovered_target_response,5,0.4,expiry_threshold_rule,0.14698832062002287,0.35200778625331813,0.0,1.0,0.0,0.0,-0.09799221374668193,0,,,,,,
state_0019,core_005,observed_calibration,always_0pct,1,2,0|0,0.7229486703872681,1.0,1.0,0.42175689339637756,2,late,1,short_shelf_life,balanced_inventory,uniform,medium_margin,moderate_disposal_cost,recovered_demand,recovered_target_response,0,0.0,inventory_coverage_rule,0.24498053436670483,0.45000000000000007,0.0,1.0,0.0,0.0,0.0,0,,,,,,
state_0019,core_005,observed_calibration,always_0pct,1,2,0|0,0.7229486703872681,1.0,1.0,0.42175689339637756,2,late,1,short_shelf_life,balanced_inventory,uniform,medium_margin,moderate_disposal_cost,recovered_demand,recovered_target_response,1,0.05,inventory_coverage_rule,0.23273150764836956,0.43775097328166485,0.0,1.0,0.0,0.0,-0.01224902671833522,0,,,,,,
state_0019,core_005,observed_calibration,always_0pct,1,2,0|0,0.7229486703872681,1.0,1.0,0.42175689339637756,2,late,1,short_shelf_life,balanced_inventory,uniform,medium_margin,moderate_disposal_cost,recovered_demand,recovered_target_response,2,0.1,inventory_coverage_rule,0.22048248093003436,0.42550194656332957,0.0,1.0,0.0,0.0,-0.024498053436670497,0,,,,,,
state_0019,core_005,observed_calibration,always_0pct,1,2,0|0,0.7229486703872681,1.0,1.0,0.42175689339637756,2,late,1,short_shelf_life,balanced_inventory,uniform,medium_margin,moderate_disposal_cost,recovered_demand,recovered_target_response,3,0.2,inventory_coverage_rule,0.19598442749336387,0.40100389312665913,0.0,1.0,0.0,0.0,-0.04899610687334094,0,,,,,,
state_0019,core_005,observed_calibration,always_0pct,1,2,0|0,0.7229486703872681,1.0,1.0,0.42175689339637756,2,late,1,short_shelf_life,balanced_inventory,uniform,medium_margin,moderate_disposal_cost,recovered_demand,recovered_target_response,4,0.3,inventory_coverage_rule,0.17148637405669337,0.37650583968998863,0.0,1.0,0.0,0.0,-0.07349416031001144,0,,,,,,
state_0019,core_005,observed_calibration,always_0pct,1,2,0|0,0.7229486703872681,1.0,1.0,0.42175689339637756,2,late,1,short_shelf_life,balanced_inventory,uniform,medium_margin,moderate_disposal_cost,recovered_demand,recovered_target_response,5,0.4,inventory_coverage_rule,0.14698832062002287,0.35200778625331813,0.0,1.0,0.0,0.0,-0.09799221374668193,0,,,,,,
state_0019,core_005,observed_calibration,always_0pct,1,2,0|0,0.7229486703872681,1.0,1.0,0.42175689339637756,2,late,1,short_shelf_life,balanced_inventory,uniform,medium_margin,moderate_disposal_cost,recovered_demand,recovered_target_response,0,0.0,greedy_financial,0.24498053436670483,0.45000000000000007,0.0,1.0,0.0,0.0,0.0,0,,,,,,
state_0019,core_005,observed_calibration,always_0pct,1,2,0|0,0.7229486703872681,1.0,1.0,0.42175689339637756,2,late,1,short_shelf_life,balanced_inventory,uniform,medium_margin,moderate_disposal_cost,recovered_demand,recovered_target_response,1,0.05,greedy_financial,0.23273150764836956,0.43775097328166485,0.0,1.0,0.0,0.0,-0.01224902671833522,0,,,,,,
state_0019,core_005,observed_calibration,always_0pct,1,2,0|0,0.7229486703872681,1.0,1.0,0.42175689339637756,2,late,1,short_shelf_life,balanced_inventory,uniform,medium_margin,moderate_disposal_cost,recovered_demand,recovered_target_response,2,0.1,greedy_financial,0.22048248093003436,0.42550194656332957,0.0,1.0,0.0,0.0,-0.024498053436670497,0,,,,,,
state_0019,core_005,observed_calibration,always_0pct,1,2,0|0,0.7229486703872681,1.0,1.0,0.42175689339637756,2,late,1,short_shelf_life,balanced_inventory,uniform,medium_margin,moderate_disposal_cost,recovered_demand,recovered_target_response,3,0.2,greedy_financial,0.19598442749336387,0.40100389312665913,0.0,1.0,0.0,0.0,-0.04899610687334094,0,,,,,,
state_0019,core_005,observed_calibration,always_0pct,1,2,0|0,0.7229486703872681,1.0,1.0,0.42175689339637756,2,late,1,short_shelf_life,balanced_inventory,uniform,medium_margin,moderate_disposal_cost,recovered_demand,recovered_target_response,4,0.3,greedy_financial,0.17148637405669337,0.37650583968998863,0.0,1.0,0.0,0.0,-0.07349416031001144,0,,,,,,
state_0019,core_005,observed_calibration,always_0pct,1,2,0|0,0.7229486703872681,1.0,1.0,0.42175689339637756,2,late,1,short_shelf_life,balanced_inventory,uniform,medium_margin,moderate_disposal_cost,recovered_demand,recovered_target_response,5,0.4,greedy_financial,0.14698832062002287,0.35200778625331813,0.0,1.0,0.0,0.0,-0.09799221374668193,0,,,,,,
state_0020,core_005,recovered_calibration,always_0pct,0,0,,1.220010757446289,0.3333333432674408,0.6666666865348816,1.6501003503799438,0,early,3,short_shelf_life,balanced_inventory,uniform,medium_margin,moderate_disposal_cost,recovered_demand,recovered_target_response,0,0.0,always_0pct,0.44999999999999996,0.44999999999999996,0.0,1.0,0.0,0.0,0.0,0,,,,,,
state_0020,core_005,recovered_calibration,always_0pct,0,0,,1.220010757446289,0.3333333432674408,0.6666666865348816,1.6501003503799438,0,early,3,short_shelf_life,balanced_inventory,uniform,medium_margin,moderate_disposal_cost,recovered_demand,recovered_target_response,1,0.05,always_0pct,0.3999999999999999,0.3999999999999999,0.0,1.0,0.0,0.0,-0.050000000000000044,0,,,,,,
state_0020,core_005,recovered_calibration,always_0pct,0,0,,1.220010757446289,0.3333333432674408,0.6666666865348816,1.6501003503799438,0,early,3,short_shelf_life,balanced_inventory,uniform,medium_margin,moderate_disposal_cost,recovered_demand,recovered_target_response,2,0.1,always_0pct,0.3499999999999999,0.3499999999999999,0.0,1.0,0.0,0.0,-0.10000000000000003,0,,,,,,
state_0020,core_005,recovered_calibration,always_0pct,0,0,,1.220010757446289,0.3333333432674408,0.6666666865348816,1.6501003503799438,0,early,3,short_shelf_life,balanced_inventory,uniform,medium_margin,moderate_disposal_cost,recovered_demand,recovered_target_response,3,0.2,always_0pct,0.24999999999999992,0.24999999999999992,0.0,1.0,0.0,0.0,-0.20000000000000004,0,,,,,,
state_0020,core_005,recovered_calibration,always_0pct,0,0,,1.220010757446289,0.3333333432674408,0.6666666865348816,1.6501003503799438,0,early,3,short_shelf_life,balanced_inventory,uniform,medium_margin,moderate_disposal_cost,recovered_demand,recovered_target_response,4,0.3,always_0pct,0.14999999999999994,0.14999999999999994,0.0,1.0,0.0,0.0,-0.30000000000000004,0,,,,,,
state_0020,core_005,recovered_calibration,always_0pct,0,0,,1.220010757446289,0.3333333432674408,0.6666666865348816,1.6501003503799438,0,early,3,short_shelf_life,balanced_inventory,uniform,medium_margin,moderate_disposal_cost,recovered_demand,recovered_target_response,5,0.4,always_0pct,0.049999999999999926,0.049999999999999926,0.0,1.0,0.0,0.0,-0.4,0,,,,,,
state_0020,core_005,recovered_calibration,always_0pct,0,0,,1.220010757446289,0.3333333432674408,0.6666666865348816,1.6501003503799438,0,early,3,short_shelf_life,balanced_inventory,uniform,medium_margin,moderate_disposal_cost,recovered_demand,recovered_target_response,0,0.0,expiry_threshold_rule,0.44999999999999996,0.44999999999999996,0.0,1.0,0.0,0.0,0.0,0,,,,,,
state_0020,core_005,recovered_calibration,always_0pct,0,0,,1.220010757446289,0.3333333432674408,0.6666666865348816,1.6501003503799438,0,early,3,short_shelf_life,balanced_inventory,uniform,medium_margin,moderate_disposal_cost,recovered_demand,recovered_target_response,1,0.05,expiry_threshold_rule,0.3999999999999999,0.3999999999999999,0.0,1.0,0.0,0.0,-0.050000000000000044,0,,,,,,
state_0020,core_005,recovered_calibration,always_0pct,0,0,,1.220010757446289,0.3333333432674408,0.6666666865348816,1.6501003503799438,0,early,3,short_shelf_life,balanced_inventory,uniform,medium_margin,moderate_disposal_cost,recovered_demand,recovered_target_response,2,0.1,expiry_threshold_rule,0.3499999999999999,0.3499999999999999,0.0,1.0,0.0,0.0,-0.10000000000000003,0,,,,,,
state_0020,core_005,recovered_calibration,always_0pct,0,0,,1.220010757446289,0.3333333432674408,0.6666666865348816,1.6501003503799438,0,early,3,short_shelf_life,balanced_inventory,uniform,medium_margin,moderate_disposal_cost,recovered_demand,recovered_target_response,3,0.2,expiry_threshold_rule,0.24999999999999992,0.24999999999999992,0.0,1.0,0.0,0.0,-0.20000000000000004,0,,,,,,
state_0020,core_005,recovered_calibration,always_0pct,0,0,,1.220010757446289,0.3333333432674408,0.6666666865348816,1.6501003503799438,0,early,3,short_shelf_life,balanced_inventory,uniform,medium_margin,moderate_disposal_cost,recovered_demand,recovered_target_response,4,0.3,expiry_threshold_rule,0.14999999999999994,0.14999999999999994,0.0,1.0,0.0,0.0,-0.30000000000000004,0,,,,,,
state_0020,core_005,recovered_calibration,always_0pct,0,0,,1.220010757446289,0.3333333432674408,0.6666666865348816,1.6501003503799438,0,early,3,short_shelf_life,balanced_inventory,uniform,medium_margin,moderate_disposal_cost,recovered_demand,recovered_target_response,5,0.4,expiry_threshold_rule,0.049999999999999926,0.049999999999999926,0.0,1.0,0.0,0.0,-0.4,0,,,,,,
state_0020,core_005,recovered_calibration,always_0pct,0,0,,1.220010757446289,0.3333333432674408,0.6666666865348816,1.6501003503799438,0,early,3,short_shelf_life,balanced_inventory,uniform,medium_margin,moderate_disposal_cost,recovered_demand,recovered_target_response,0,0.0,inventory_coverage_rule,0.44999999999999996,0.44999999999999996,0.0,1.0,0.0,0.0,0.0,0,,,,,,
state_0020,core_005,recovered_calibration,always_0pct,0,0,,1.220010757446289,0.3333333432674408,0.6666666865348816,1.6501003503799438,0,early,3,short_shelf_life,balanced_inventory,uniform,medium_margin,moderate_disposal_cost,recovered_demand,recovered_target_response,1,0.05,inventory_coverage_rule,0.3999999999999999,0.3999999999999999,0.0,1.0,0.0,0.0,-0.050000000000000044,0,,,,,,
state_0020,core_005,recovered_calibration,always_0pct,0,0,,1.220010757446289,0.3333333432674408,0.6666666865348816,1.6501003503799438,0,early,3,short_shelf_life,balanced_inventory,uniform,medium_margin,moderate_disposal_cost,recovered_demand,recovered_target_response,2,0.1,inventory_coverage_rule,0.3499999999999999,0.3499999999999999,0.0,1.0,0.0,0.0,-0.10000000000000003,0,,,,,,
state_0020,core_005,recovered_calibration,always_0pct,0,0,,1.220010757446289,0.3333333432674408,0.6666666865348816,1.6501003503799438,0,early,3,short_shelf_life,balanced_inventory,uniform,medium_margin,moderate_disposal_cost,recovered_demand,recovered_target_response,3,0.2,inventory_coverage_rule,0.24999999999999992,0.24999999999999992,0.0,1.0,0.0,0.0,-0.20000000000000004,0,,,,,,
state_0020,core_005,recovered_calibration,always_0pct,0,0,,1.220010757446289,0.3333333432674408,0.6666666865348816,1.6501003503799438,0,early,3,short_shelf_life,balanced_inventory,uniform,medium_margin,moderate_disposal_cost,recovered_demand,recovered_target_response,4,0.3,inventory_coverage_rule,0.14999999999999994,0.14999999999999994,0.0,1.0,0.0,0.0,-0.30000000000000004,0,,,,,,
state_0020,core_005,recovered_calibration,always_0pct,0,0,,1.220010757446289,0.3333333432674408,0.6666666865348816,1.6501003503799438,0,early,3,short_shelf_life,balanced_inventory,uniform,medium_margin,moderate_disposal_cost,recovered_demand,recovered_target_response,5,0.4,inventory_coverage_rule,0.049999999999999926,0.049999999999999926,0.0,1.0,0.0,0.0,-0.4,0,,,,,,
state_0020,core_005,recovered_calibration,always_0pct,0,0,,1.220010757446289,0.3333333432674408,0.6666666865348816,1.6501003503799438,0,early,3,short_shelf_life,balanced_inventory,uniform,medium_margin,moderate_disposal_cost,recovered_demand,recovered_target_response,0,0.0,greedy_financial,0.44999999999999996,0.44999999999999996,0.0,1.0,0.0,0.0,0.0,0,,,,,,
state_0020,core_005,recovered_calibration,always_0pct,0,0,,1.220010757446289,0.3333333432674408,0.6666666865348816,1.6501003503799438,0,early,3,short_shelf_life,balanced_inventory,uniform,medium_margin,moderate_disposal_cost,recovered_demand,recovered_target_response,1,0.05,greedy_financial,0.3999999999999999,0.3999999999999999,0.0,1.0,0.0,0.0,-0.050000000000000044,0,,,,,,
state_0020,core_005,recovered_calibration,always_0pct,0,0,,1.220010757446289,0.3333333432674408,0.6666666865348816,1.6501003503799438,0,early,3,short_shelf_life,balanced_inventory,uniform,medium_margin,moderate_disposal_cost,recovered_demand,recovered_target_response,2,0.1,greedy_financial,0.3499999999999999,0.3499999999999999,0.0,1.0,0.0,0.0,-0.10000000000000003,0,,,,,,
state_0020,core_005,recovered_calibration,always_0pct,0,0,,1.220010757446289,0.3333333432674408,0.6666666865348816,1.6501003503799438,0,early,3,short_shelf_life,balanced_inventory,uniform,medium_margin,moderate_disposal_cost,recovered_demand,recovered_target_response,3,0.2,greedy_financial,0.24999999999999992,0.24999999999999992,0.0,1.0,0.0,0.0,-0.20000000000000004,0,,,,,,
state_0020,core_005,recovered_calibration,always_0pct,0,0,,1.220010757446289,0.3333333432674408,0.6666666865348816,1.6501003503799438,0,early,3,short_shelf_life,balanced_inventory,uniform,medium_margin,moderate_disposal_cost,recovered_demand,recovered_target_response,4,0.3,greedy_financial,0.14999999999999994,0.14999999999999994,0.0,1.0,0.0,0.0,-0.30000000000000004,0,,,,,,
state_0020,core_005,recovered_calibration,always_0pct,0,0,,1.220010757446289,0.3333333432674408,0.6666666865348816,1.6501003503799438,0,early,3,short_shelf_life,balanced_inventory,uniform,medium_margin,moderate_disposal_cost,recovered_demand,recovered_target_response,5,0.4,greedy_financial,0.049999999999999926,0.049999999999999926,0.0,1.0,0.0,0.0,-0.4,0,,,,,,
state_0021,core_005,recovered_calibration,always_0pct,1,0,,3.8996362686157227,0.3333333432674408,0.6666666865348816,0.43535053730010986,0,early,3,short_shelf_life,balanced_inventory,uniform,medium_margin,moderate_disposal_cost,recovered_demand,recovered_target_response,0,0.0,always_0pct,-0.2736149329340108,0.28684780768792717,0.15538304029721214,0.8446169597027879,0.0,0.5604627406219379,0.0,4,1.0,0.0,0.0,0.0,0.0,0.0
state_0021,core_005,recovered_calibration,always_0pct,1,0,,3.8996362686157227,0.3333333432674408,0.6666666865348816,0.43535053730010986,0,early,3,short_shelf_life,balanced_inventory,uniform,medium_margin,moderate_disposal_cost,recovered_demand,recovered_target_response,1,0.05,always_0pct,-0.2738653889873009,0.28107932642668676,0.14693391398985226,0.8530660860101478,0.0,0.5549447154139877,-0.00576848126124041,4,1.0,0.0,0.0,0.0,0.0,0.0
state_0021,core_005,recovered_calibration,always_0pct,1,0,,3.8996362686157227,0.3333333432674408,0.6666666865348816,0.43535053730010986,0,early,3,short_shelf_life,balanced_inventory,uniform,medium_margin,moderate_disposal_cost,recovered_demand,recovered_target_response,2,0.1,always_0pct,-0.29814182861967464,0.2623209120022633,0.15182220530641666,0.8481777946935833,0.0,0.5604627406219379,-0.024526895685663852,4,1.0,0.0,0.0,0.0,0.0,0.0
state_0021,core_005,recovered_calibration,always_0pct,1,0,,3.8996362686157227,0.3333333432674408,0.6666666865348816,0.43535053730010986,0,early,3,short_shelf_life,balanced_inventory,uniform,medium_margin,moderate_disposal_cost,recovered_demand,recovered_target_response,3,0.2,always_0pct,-0.2927040105336656,0.25671383526016084,0.12268986980645721,0.8773101301935429,0.0,0.5494178457938264,-0.03013397242776633,4,1.0,0.0,0.0,0.0,0.0,0.0
state_0021,core_005,recovered_calibration,always_0pct,1,0,,3.8996362686157227,0.3333333432674408,0.6666666865348816,0.43535053730010986,0,early,3,short_shelf_life,balanced_inventory,uniform,medium_margin,moderate_disposal_cost,recovered_demand,recovered_target_response,4,0.3,always_0pct,-0.27167617631141017,0.33071836127631854,0.0,1.0,0.0,0.6023945375877287,0.04387055358839137,4,1.0,0.0,0.0,0.0,0.0,0.0
state_0021,core_005,recovered_calibration,always_0pct,1,0,,3.8996362686157227,0.3333333432674408,0.6666666865348816,0.43535053730010986,0,early,3,short_shelf_life,balanced_inventory,uniform,medium_margin,moderate_disposal_cost,recovered_demand,recovered_target_response,5,0.4,always_0pct,-0.22499990111665694,0.2333332674111045,0.0,1.0,0.0,0.4583331685277614,-0.053514540276822675,4,1.0,0.0,0.0,0.0,0.0,0.0
state_0021,core_005,recovered_calibration,always_0pct,1,0,,3.8996362686157227,0.3333333432674408,0.6666666865348816,0.43535053730010986,0,early,3,short_shelf_life,balanced_inventory,uniform,medium_margin,moderate_disposal_cost,recovered_demand,recovered_target_response,0,0.0,expiry_threshold_rule,-0.2736149329340108,0.1263850670659892,0.05423644406413718,0.9457635559358629,0.0,0.4,0.0,0,0.0,0.0,0.0,0.0,0.0,1.0
state_0021,core_005,recovered_calibration,always_0pct,1,0,,3.8996362686157227,0.3333333432674408,0.6666666865348816,0.43535053730010986,0,early,3,short_shelf_life,balanced_inventory,uniform,medium_margin,moderate_disposal_cost,recovered_demand,recovered_target_response,1,0.05,expiry_threshold_rule,-0.2738653889873009,0.12613461101269904,0.040532055653967516,0.9594679443460326,0.0,0.4,-0.0002504560532901601,0,0.0,0.0,0.0,0.0,0.0,1.0
state_0021,core_005,recovered_calibration,always_0pct,1,0,,3.8996362686157227,0.3333333432674408,0.6666666865348816,0.43535053730010986,0,early,3,short_shelf_life,balanced_inventory,uniform,medium_margin,moderate_disposal_cost,recovered_demand,recovered_target_response,2,0.1,expiry_threshold_rule,-0.29814182861967464,0.10185817138032532,0.050675609073341676,0.9493243909266583,0.0,0.4,-0.02452689568566388,0,0.0,0.0,0.0,0.0,0.0,1.0
state_0021,core_005,recovered_calibration,always_0pct,1,0,,3.8996362686157227,0.3333333432674408,0.6666666865348816,0.43535053730010986,0,early,3,short_shelf_life,balanced_inventory,uniform,medium_margin,moderate_disposal_cost,recovered_demand,recovered_target_response,3,0.2,expiry_threshold_rule,-0.2927040105336656,0.10729598946633434,0.011024326118037936,0.9889756738819621,0.0,0.4,-0.019089077599654863,0,0.0,0.0,0.0,0.0,0.0,1.0
state_0021,core_005,recovered_calibration,always_0pct,1,0,,3.8996362686157227,0.3333333432674408,0.6666666865348816,0.43535053730010986,0,early,3,short_shelf_life,balanced_inventory,uniform,medium_margin,moderate_disposal_cost,recovered_demand,recovered_target_response,4,0.3,expiry_threshold_rule,-0.27167617631141017,0.08976054624122706,0.0,1.0,0.0,0.36143672255263726,-0.03662452082476214,0,0.0,0.0,0.0,0.0,0.0,1.0
state_0021,core_005,recovered_calibration,always_0pct,1,0,,3.8996362686157227,0.3333333432674408,0.6666666865348816,0.43535053730010986,0,early,3,short_shelf_life,balanced_inventory,uniform,medium_margin,moderate_disposal_cost,recovered_demand,recovered_target_response,5,0.4,expiry_threshold_rule,-0.22499990111665694,0.049999999999999926,0.0,1.0,0.0,0.27499990111665684,-0.07638506706598927,0,0.0,0.0,0.0,0.0,0.0,1.0
state_0021,core_005,recovered_calibration,always_0pct,1,0,,3.8996362686157227,0.3333333432674408,0.6666666865348816,0.43535053730010986,0,early,3,short_shelf_life,balanced_inventory,uniform,medium_margin,moderate_disposal_cost,recovered_demand,recovered_target_response,0,0.0,inventory_coverage_rule,-0.2736149329340108,0.24384726306085652,0.05423644406413718,0.9457635559358627,0.0,0.5174621959948673,0.0,0,0.0,0.0,0.5,0.0,0.5,0.0
state_0021,core_005,recovered_calibration,always_0pct,1,0,,3.8996362686157227,0.3333333432674408,0.6666666865348816,0.43535053730010986,0,early,3,short_shelf_life,balanced_inventory,uniform,medium_margin,moderate_disposal_cost,recovered_demand,recovered_target_response,1,0.05,inventory_coverage_rule,-0.2738653889873009,0.24359680700756636,0.040532055653967516,0.9594679443460326,0.0,0.5174621959948673,-0.0002504560532901601,0,0.0,0.0,0.5,0.0,0.5,0.0
state_0021,core_005,recovered_calibration,always_0pct,1,0,,3.8996362686157227,0.3333333432674408,0.6666666865348816,0.43535053730010986,0,early,3,short_shelf_life,balanced_inventory,uniform,medium_margin,moderate_disposal_cost,recovered_demand,recovered_target_response,2,0.1,inventory_coverage_rule,-0.29814182861967464,0.21932036737519264,0.050675609073341676,0.9493243909266583,0.0,0.5174621959948673,-0.02452689568566388,0,0.0,0.0,0.5,0.0,0.5,0.0
state_0021,core_005,recovered_calibration,always_0pct,1,0,,3.8996362686157227,0.3333333432674408,0.6666666865348816,0.43535053730010986,0,early,3,short_shelf_life,balanced_inventory,uniform,medium_margin,moderate_disposal_cost,recovered_demand,recovered_target_response,3,0.2,inventory_coverage_rule,-0.2927040105336656,0.22475818546120166,0.011024326118037936,0.9889756738819621,0.0,0.5174621959948673,-0.019089077599654863,0,0.0,0.0,0.5,0.0,0.5,0.0
state_0021,core_005,recovered_calibration,always_0pct,1,0,,3.8996362686157227,0.3333333432674408,0.6666666865348816,0.43535053730010986,0,early,3,short_shelf_life,balanced_inventory,uniform,medium_margin,moderate_disposal_cost,recovered_demand,recovered_target_response,4,0.3,inventory_coverage_rule,-0.27167617631141017,0.20089224466443112,0.0,1.0,0.0,0.4725684209758413,-0.042955018396425404,0,0.5,0.0,0.0,0.0,0.5,0.0
state_0021,core_005,recovered_calibration,always_0pct,1,0,,3.8996362686157227,0.3333333432674408,0.6666666865348816,0.43535053730010986,0,early,3,short_shelf_life,balanced_inventory,uniform,medium_margin,moderate_disposal_cost,recovered_demand,recovered_target_response,5,0.4,inventory_coverage_rule,-0.22499990111665694,0.10045213643084427,0.0,1.0,0.0,0.3254520375475012,-0.14339512663001225,0,0.5,0.0,0.0,0.0,0.5,0.0
state_0021,core_005,recovered_calibration,always_0pct,1,0,,3.8996362686157227,0.3333333432674408,0.6666666865348816,0.43535053730010986,0,early,3,short_shelf_life,balanced_inventory,uniform,medium_margin,moderate_disposal_cost,recovered_demand,recovered_target_response,0,0.0,greedy_financial,-0.2736149329340108,0.17360338475896323,0.05423644406413718,0.9457635559358629,0.0,0.44721831769297404,0.0,0,0.5,0.0,0.0,0.0,0.0,0.5
state_0021,core_005,recovered_calibration,always_0pct,1,0,,3.8996362686157227,0.3333333432674408,0.6666666865348816,0.43535053730010986,0,early,3,short_shelf_life,balanced_inventory,uniform,medium_margin,moderate_disposal_cost,recovered_demand,recovered_target_response,1,0.05,greedy_financial,-0.2738653889873009,0.1733529287056731,0.040532055653967516,0.9594679443460326,0.0,0.44721831769297404,-0.0002504560532901323,0,0.5,0.0,0.0,0.0,0.0,0.5
state_0021,core_005,recovered_calibration,always_0pct,1,0,,3.8996362686157227,0.3333333432674408,0.6666666865348816,0.43535053730010986,0,early,3,short_shelf_life,balanced_inventory,uniform,medium_margin,moderate_disposal_cost,recovered_demand,recovered_target_response,2,0.1,greedy_financial,-0.29814182861967464,0.14907648907329937,0.050675609073341676,0.9493243909266583,0.0,0.44721831769297404,-0.024526895685663852,0,0.5,0.0,0.0,0.0,0.0,0.5
state_0021,core_005,recovered_calibration,always_0pct,1,0,,3.8996362686157227,0.3333333432674408,0.6666666865348816,0.43535053730010986,0,early,3,short_shelf_life,balanced_inventory,uniform,medium_margin,moderate_disposal_cost,recovered_demand,recovered_target_response,3,0.2,greedy_financial,-0.2927040105336656,0.1545143071593084,0.011024326118037936,0.9889756738819621,0.0,0.44721831769297404,-0.019089077599654836,0,0.5,0.0,0.0,0.0,0.0,0.5
state_0021,core_005,recovered_calibration,always_0pct,1,0,,3.8996362686157227,0.3333333432674408,0.6666666865348816,0.43535053730010986,0,early,3,short_shelf_life,balanced_inventory,uniform,medium_margin,moderate_disposal_cost,recovered_demand,recovered_target_response,4,0.3,greedy_financial,-0.27167617631141017,0.1137321203391689,0.0,1.0,0.0,0.3854082966505791,-0.05987126441979433,0,0.5,0.0,0.0,0.0,0.0,0.5
state_0021,core_005,recovered_calibration,always_0pct,1,0,,3.8996362686157227,0.3333333432674408,0.6666666865348816,0.43535053730010986,0,early,3,short_shelf_life,balanced_inventory,uniform,medium_margin,moderate_disposal_cost,recovered_demand,recovered_target_response,5,0.4,greedy_financial,-0.22499990111665694,0.10045213643084427,0.0,1.0,0.0,0.3254520375475012,-0.07315124832811895,0,0.5,0.0,0.0,0.0,0.5,0.0
state_0022,core_005,recovered_calibration,always_0pct,1,1,0,2.5673441886901855,0.5,1.0,0.44221848249435425,1,early,2,short_shelf_life,balanced_inventory,uniform,medium_margin,moderate_disposal_cost,recovered_demand,recovered_target_response,0,0.0,always_0pct,0.28100814671347585,0.28684780768792717,0.15538304029721214,0.8446169597027879,0.0,0.27945459390846206,0.0,0,1.0,0.0,0.0,0.0,0.0,0.0
state_0022,core_005,recovered_calibration,always_0pct,1,1,0,2.5673441886901855,0.5,1.0,0.44221848249435425,1,early,2,short_shelf_life,balanced_inventory,uniform,medium_margin,moderate_disposal_cost,recovered_demand,recovered_target_response,1,0.05,always_0pct,0.2806031174323518,0.28092475319885285,0.14686834056780587,0.8531316594321942,0.0,0.2739365687005118,-0.00592305448907432,0,1.0,0.0,0.0,0.0,0.0,0.0
state_0022,core_005,recovered_calibration,always_0pct,1,1,0,2.5673441886901855,0.5,1.0,0.44221848249435425,1,early,2,short_shelf_life,balanced_inventory,uniform,medium_margin,moderate_disposal_cost,recovered_demand,recovered_target_response,2,0.1,always_0pct,0.25605714388114814,0.26189680485559946,0.1518051672505253,0.8481948327494746,0.0,0.27945459390846206,-0.024951002832327707,0,1.0,0.0,0.0,0.0,0.0,0.0
state_0022,core_005,recovered_calibration,always_0pct,1,1,0,2.5673441886901855,0.5,1.0,0.44221848249435425,1,early,2,short_shelf_life,balanced_inventory,uniform,medium_margin,moderate_disposal_cost,recovered_demand,recovered_target_response,3,0.2,always_0pct,0.2612142314356211,0.26153586720212213,0.11721942101707403,0.882780578982926,0.0,0.2739365687005118,-0.02531194048580504,0,1.0,0.0,0.0,0.0,0.0,0.0
state_0022,core_005,recovered_calibration,always_0pct,1,1,0,2.5673441886901855,0.5,1.0,0.44221848249435425,1,early,2,short_shelf_life,balanced_inventory,uniform,medium_margin,moderate_disposal_cost,recovered_demand,recovered_target_response,4,0.3,always_0pct,0.2888823140179644,0.26924502772495684,0.05423644406413718,0.9457635559358627,0.0,0.25397764664100325,-0.017602779962970327,0,1.0,0.0,0.0,0.0,0.0,0.0
state_0022,core_005,recovered_calibration,always_0pct,1,1,0,2.5673441886901855,0.5,1.0,0.44221848249435425,1,early,2,short_shelf_life,balanced_inventory,uniform,medium_margin,moderate_disposal_cost,recovered_demand,recovered_target_response,5,0.4,always_0pct,0.32917252346053893,0.17360338475896323,0.05423644406413718,0.9457635559358629,0.0,0.11804579423243508,-0.11324442292896394,0,1.0,0.0,0.0,0.0,0.0,0.0
state_0022,core_005,recovered_calibration,always_0pct,1,1,0,2.5673441886901855,0.5,1.0,0.44221848249435425,1,early,2,short_shelf_life,balanced_inventory,uniform,medium_margin,moderate_disposal_cost,recovered_demand,recovered_target_response,0,0.0,expiry_threshold_rule,0.28100814671347585,0.2073932137794651,0.10406995513066811,0.8959300448693319,0.0,0.2,0.0,0,0.0,0.0,0.0,0.0,0.0,1.0
state_0022,core_005,recovered_calibration,always_0pct,1,1,0,2.5673441886901855,0.5,1.0,0.44221848249435425,1,early,2,short_shelf_life,balanced_inventory,uniform,medium_margin,moderate_disposal_cost,recovered_demand,recovered_target_response,1,0.05,expiry_threshold_rule,0.2806031174323518,0.20698818449834103,0.09029999329845205,0.909700006701548,0.0,0.2,-0.00040502928112406966,0,0.0,0.0,0.0,0.0,0.0,1.0
state_0022,core_005,recovered_calibration,always_0pct,1,1,0,2.5673441886901855,0.5,1.0,0.44221848249435425,1,early,2,short_shelf_life,balanced_inventory,uniform,medium_margin,moderate_disposal_cost,recovered_demand,recovered_target_response,2,0.1,expiry_threshold_rule,0.25605714388114814,0.18244221094713736,0.10049208208398128,0.8995079179160187,0.0,0.2,-0.024951002832327734,0,0.0,0.0,0.0,0.0,0.0,1.0
state_0022,core_005,recovered_calibration,always_0pct,1,1,0,2.5673441886901855,0.5,1.0,0.44221848249435425,1,early,2,short_shelf_life,balanced_inventory,uniform,medium_margin,moderate_disposal_cost,recovered_demand,recovered_target_response,3,0.2,expiry_threshold_rule,0.2612142314356211,0.18759929850161033,0.06065107374772021,0.9393489262522797,0.0,0.2,-0.019793915277854762,0,0.0,0.0,0.0,0.0,0.0,1.0
state_0022,core_005,recovered_calibration,always_0pct,1,1,0,2.5673441886901855,0.5,1.0,0.44221848249435425,1,early,2,short_shelf_life,balanced_inventory,uniform,medium_margin,moderate_disposal_cost,recovered_demand,recovered_target_response,4,0.3,expiry_threshold_rule,0.2888823140179644,0.16765396906855556,0.05423644406413718,0.9457635559358627,0.0,0.15238658798460195,-0.03973924471090953,0,0.0,0.0,0.0,0.0,0.0,1.0
state_0022,core_005,recovered_calibration,always_0pct,1,1,0,2.5673441886901855,0.5,1.0,0.44221848249435425,1,early,2,short_shelf_life,balanced_inventory,uniform,medium_margin,moderate_disposal_cost,recovered_demand,recovered_target_response,5,0.4,expiry_threshold_rule,0.32917252346053893,0.1263850670659892,0.05423644406413718,0.9457635559358629,0.0,0.07082747653946106,-0.08100814671347589,0,0.0,0.0,0.0,0.0,0.0,1.0
state_0022,core_005,recovered_calibration,always_0pct,1,1,0,2.5673441886901855,0.5,1.0,0.44221848249435425,1,early,2,short_shelf_life,balanced_inventory,uniform,medium_margin,moderate_disposal_cost,recovered_demand,recovered_target_response,0,0.0,inventory_coverage_rule,0.28100814671347585,0.2671486774224775,0.11220078221732017,0.8877992177826799,0.0,0.25975546364301244,0.0,0,0.0,0.0,0.0,1.0,0.0,0.0
state_0022,core_005,recovered_calibration,always_0pct,1,1,0,2.5673441886901855,0.5,1.0,0.44221848249435425,1,early,2,short_shelf_life,balanced_inventory,uniform,medium_margin,moderate_disposal_cost,recovered_demand,recovered_target_response,1,0.05,inventory_coverage_rule,0.2806031174323518,0.2620677133952758,0.10393192008637196,0.896068079913628,0.0,0.25507952889693475,-0.0050809640272017065,0,0.0,0.0,0.0,1.0,0.0,0.0
state_0022,core_005,recovered_calibration,always_0pct,1,1,0,2.5673441886901855,0.5,1.0,0.44221848249435425,1,early,2,short_shelf_life,balanced_inventory,uniform,medium_margin,moderate_disposal_cost,recovered_demand,recovered_target_response,2,0.1,inventory_coverage_rule,0.25605714388114814,0.2421976745901498,0.10862290917063334,0.8913770908293667,0.0,0.25975546364301244,-0.024951002832327707,0,0.0,0.0,0.0,1.0,0.0,0.0
state_0022,core_005,recovered_calibration,always_0pct,1,1,0,2.5673441886901855,0.5,1.0,0.44221848249435425,1,early,2,short_shelf_life,balanced_inventory,uniform,medium_margin,moderate_disposal_cost,recovered_demand,recovered_target_response,3,0.2,inventory_coverage_rule,0.2612142314356211,0.24267882739854507,0.07428300053564013,0.9257169994643598,0.0,0.25507952889693475,-0.024469850023932427,0,0.0,0.0,0.0,1.0,0.0,0.0
state_0022,core_005,recovered_calibration,always_0pct,1,1,0,2.5673441886901855,0.5,1.0,0.44221848249435425,1,early,2,short_shelf_life,balanced_inventory,uniform,medium_margin,moderate_disposal_cost,recovered_demand,recovered_target_response,4,0.3,inventory_coverage_rule,0.2888823140179644,0.24384726306085652,0.05423644406413718,0.9457635559358627,0.0,0.2285798819769029,-0.023301414361620976,0,0.0,0.0,1.0,0.0,0.0,0.0
state_0022,core_005,recovered_calibration,always_0pct,1,1,0,2.5673441886901855,0.5,1.0,0.44221848249435425,1,early,2,short_shelf_life,balanced_inventory,uniform,medium_margin,moderate_disposal_cost,recovered_demand,recovered_target_response,5,0.4,inventory_coverage_rule,0.32917252346053893,0.17360338475896323,0.05423644406413718,0.9457635559358629,0.0,0.11804579423243508,-0.09354529266351427,0,1.0,0.0,0.0,0.0,0.0,0.0
state_0022,core_005,recovered_calibration,always_0pct,1,1,0,2.5673441886901855,0.5,1.0,0.44221848249435425,1,early,2,short_shelf_life,balanced_inventory,uniform,medium_margin,moderate_disposal_cost,recovered_demand,recovered_target_response,0,0.0,greedy_financial,0.28100814671347585,0.28684780768792717,0.15538304029721214,0.8446169597027879,0.0,0.27945459390846206,0.0,0,1.0,0.0,0.0,0.0,0.0,0.0
state_0022,core_005,recovered_calibration,always_0pct,1,1,0,2.5673441886901855,0.5,1.0,0.44221848249435425,1,early,2,short_shelf_life,balanced_inventory,uniform,medium_margin,moderate_disposal_cost,recovered_demand,recovered_target_response,1,0.05,greedy_financial,0.2806031174323518,0.28092475319885285,0.14686834056780587,0.8531316594321942,0.0,0.2739365687005118,-0.00592305448907432,0,1.0,0.0,0.0,0.0,0.0,0.0
state_0022,core_005,recovered_calibration,always_0pct,1,1,0,2.5673441886901855,0.5,1.0,0.44221848249435425,1,early,2,short_shelf_life,balanced_inventory,uniform,medium_margin,moderate_disposal_cost,recovered_demand,recovered_target_response,2,0.1,greedy_financial,0.25605714388114814,0.26189680485559946,0.1518051672505253,0.8481948327494746,0.0,0.27945459390846206,-0.024951002832327707,0,1.0,0.0,0.0,0.0,0.0,0.0
state_0022,core_005,recovered_calibration,always_0pct,1,1,0,2.5673441886901855,0.5,1.0,0.44221848249435425,1,early,2,short_shelf_life,balanced_inventory,uniform,medium_margin,moderate_disposal_cost,recovered_demand,recovered_target_response,3,0.2,greedy_financial,0.2612142314356211,0.26153586720212213,0.11721942101707403,0.882780578982926,0.0,0.2739365687005118,-0.02531194048580504,0,1.0,0.0,0.0,0.0,0.0,0.0
state_0022,core_005,recovered_calibration,always_0pct,1,1,0,2.5673441886901855,0.5,1.0,0.44221848249435425,1,early,2,short_shelf_life,balanced_inventory,uniform,medium_margin,moderate_disposal_cost,recovered_demand,recovered_target_response,4,0.3,greedy_financial,0.2888823140179644,0.26924502772495684,0.05423644406413718,0.9457635559358627,0.0,0.25397764664100325,-0.017602779962970327,0,1.0,0.0,0.0,0.0,0.0,0.0
state_0022,core_005,recovered_calibration,always_0pct,1,1,0,2.5673441886901855,0.5,1.0,0.44221848249435425,1,early,2,short_shelf_life,balanced_inventory,uniform,medium_margin,moderate_disposal_cost,recovered_demand,recovered_target_response,5,0.4,greedy_financial,0.32917252346053893,0.17360338475896323,0.05423644406413718,0.9457635559358629,0.0,0.11804579423243508,-0.11324442292896394,0,1.0,0.0,0.0,0.0,0.0,0.0
state_0023,core_005,recovered_calibration,always_0pct,1,2,0|0,1.264838695526123,1.0,1.0,0.43991056084632874,2,late,1,short_shelf_life,balanced_inventory,uniform,medium_margin,moderate_disposal_cost,recovered_demand,recovered_target_response,0,0.0,always_0pct,0.27945459390846206,0.28684780768792717,0.15538304029721214,0.8446169597027879,0.0,0.0,0.0,0,,,,,,
state_0023,core_005,recovered_calibration,always_0pct,1,2,0|0,1.264838695526123,1.0,1.0,0.43991056084632874,2,late,1,short_shelf_life,balanced_inventory,uniform,medium_margin,moderate_disposal_cost,recovered_demand,recovered_target_response,1,0.05,always_0pct,0.27910150785349724,0.28649472163296236,0.14163511394383752,0.8583648860561625,0.0,0.0,-0.00035308605496481293,0,,,,,,
state_0023,core_005,recovered_calibration,always_0pct,1,2,0|0,1.264838695526123,1.0,1.0,0.43991056084632874,2,late,1,short_shelf_life,balanced_inventory,uniform,medium_margin,moderate_disposal_cost,recovered_demand,recovered_target_response,2,0.1,always_0pct,0.2546461092453128,0.2620393230247779,0.15181089276718093,0.848189107232819,0.0,0.0,-0.024808484663149277,0,,,,,,
state_0023,core_005,recovered_calibration,always_0pct,1,2,0|0,1.264838695526123,1.0,1.0,0.43991056084632874,2,late,1,short_shelf_life,balanced_inventory,uniform,medium_margin,moderate_disposal_cost,recovered_demand,recovered_target_response,3,0.2,always_0pct,0.25975546364301244,0.2671486774224775,0.11220078221732017,0.8877992177826799,0.0,0.0,-0.01969913026544967,0,,,,,,
state_0023,core_005,recovered_calibration,always_0pct,1,2,0|0,1.264838695526123,1.0,1.0,0.43991056084632874,2,late,1,short_shelf_life,balanced_inventory,uniform,medium_margin,moderate_disposal_cost,recovered_demand,recovered_target_response,4,0.3,always_0pct,0.23333333333333334,0.24072654711279842,0.10406995513066811,0.8959300448693319,0.0,0.0,-0.04612126057512875,0,,,,,,
state_0023,core_005,recovered_calibration,always_0pct,1,2,0|0,1.264838695526123,1.0,1.0,0.43991056084632874,2,late,1,short_shelf_life,balanced_inventory,uniform,medium_margin,moderate_disposal_cost,recovered_demand,recovered_target_response,5,0.4,always_0pct,0.2,0.2073932137794651,0.10406995513066811,0.8959300448693319,0.0,0.0,-0.07945459390846207,0,,,,,,
state_0023,core_005,recovered_calibration,always_0pct,1,2,0|0,1.264838695526123,1.0,1.0,0.43991056084632874,2,late,1,short_shelf_life,balanced_inventory,uniform,medium_margin,moderate_disposal_cost,recovered_demand,recovered_target_response,0,0.0,expiry_threshold_rule,0.27945459390846206,0.28684780768792717,0.15538304029721214,0.8446169597027879,0.0,0.0,0.0,0,,,,,,
state_0023,core_005,recovered_calibration,always_0pct,1,2,0|0,1.264838695526123,1.0,1.0,0.43991056084632874,2,late,1,short_shelf_life,balanced_inventory,uniform,medium_margin,moderate_disposal_cost,recovered_demand,recovered_target_response,1,0.05,expiry_threshold_rule,0.27910150785349724,0.28649472163296236,0.14163511394383752,0.8583648860561625,0.0,0.0,-0.00035308605496481293,0,,,,,,
state_0023,core_005,recovered_calibration,always_0pct,1,2,0|0,1.264838695526123,1.0,1.0,0.43991056084632874,2,late,1,short_shelf_life,balanced_inventory,uniform,medium_margin,moderate_disposal_cost,recovered_demand,recovered_target_response,2,0.1,expiry_threshold_rule,0.2546461092453128,0.2620393230247779,0.15181089276718093,0.848189107232819,0.0,0.0,-0.024808484663149277,0,,,,,,
state_0023,core_005,recovered_calibration,always_0pct,1,2,0|0,1.264838695526123,1.0,1.0,0.43991056084632874,2,late,1,short_shelf_life,balanced_inventory,uniform,medium_margin,moderate_disposal_cost,recovered_demand,recovered_target_response,3,0.2,expiry_threshold_rule,0.25975546364301244,0.2671486774224775,0.11220078221732017,0.8877992177826799,0.0,0.0,-0.01969913026544967,0,,,,,,
state_0023,core_005,recovered_calibration,always_0pct,1,2,0|0,1.264838695526123,1.0,1.0,0.43991056084632874,2,late,1,short_shelf_life,balanced_inventory,uniform,medium_margin,moderate_disposal_cost,recovered_demand,recovered_target_response,4,0.3,expiry_threshold_rule,0.23333333333333334,0.24072654711279842,0.10406995513066811,0.8959300448693319,0.0,0.0,-0.04612126057512875,0,,,,,,
state_0023,core_005,recovered_calibration,always_0pct,1,2,0|0,1.264838695526123,1.0,1.0,0.43991056084632874,2,late,1,short_shelf_life,balanced_inventory,uniform,medium_margin,moderate_disposal_cost,recovered_demand,recovered_target_response,5,0.4,expiry_threshold_rule,0.2,0.2073932137794651,0.10406995513066811,0.8959300448693319,0.0,0.0,-0.07945459390846207,0,,,,,,
state_0023,core_005,recovered_calibration,always_0pct,1,2,0|0,1.264838695526123,1.0,1.0,0.43991056084632874,2,late,1,short_shelf_life,balanced_inventory,uniform,medium_margin,moderate_disposal_cost,recovered_demand,recovered_target_response,0,0.0,inventory_coverage_rule,0.27945459390846206,0.28684780768792717,0.15538304029721214,0.8446169597027879,0.0,0.0,0.0,0,,,,,,
state_0023,core_005,recovered_calibration,always_0pct,1,2,0|0,1.264838695526123,1.0,1.0,0.43991056084632874,2,late,1,short_shelf_life,balanced_inventory,uniform,medium_margin,moderate_disposal_cost,recovered_demand,recovered_target_response,1,0.05,inventory_coverage_rule,0.27910150785349724,0.28649472163296236,0.14163511394383752,0.8583648860561625,0.0,0.0,-0.00035308605496481293,0,,,,,,
state_0023,core_005,recovered_calibration,always_0pct,1,2,0|0,1.264838695526123,1.0,1.0,0.43991056084632874,2,late,1,short_shelf_life,balanced_inventory,uniform,medium_margin,moderate_disposal_cost,recovered_demand,recovered_target_response,2,0.1,inventory_coverage_rule,0.2546461092453128,0.2620393230247779,0.15181089276718093,0.848189107232819,0.0,0.0,-0.024808484663149277,0,,,,,,
state_0023,core_005,recovered_calibration,always_0pct,1,2,0|0,1.264838695526123,1.0,1.0,0.43991056084632874,2,late,1,short_shelf_life,balanced_inventory,uniform,medium_margin,moderate_disposal_cost,recovered_demand,recovered_target_response,3,0.2,inventory_coverage_rule,0.25975546364301244,0.2671486774224775,0.11220078221732017,0.8877992177826799,0.0,0.0,-0.01969913026544967,0,,,,,,
state_0023,core_005,recovered_calibration,always_0pct,1,2,0|0,1.264838695526123,1.0,1.0,0.43991056084632874,2,late,1,short_shelf_life,balanced_inventory,uniform,medium_margin,moderate_disposal_cost,recovered_demand,recovered_target_response,4,0.3,inventory_coverage_rule,0.23333333333333334,0.24072654711279842,0.10406995513066811,0.8959300448693319,0.0,0.0,-0.04612126057512875,0,,,,,,
state_0023,core_005,recovered_calibration,always_0pct,1,2,0|0,1.264838695526123,1.0,1.0,0.43991056084632874,2,late,1,short_shelf_life,balanced_inventory,uniform,medium_margin,moderate_disposal_cost,recovered_demand,recovered_target_response,5,0.4,inventory_coverage_rule,0.2,0.2073932137794651,0.10406995513066811,0.8959300448693319,0.0,0.0,-0.07945459390846207,0,,,,,,
state_0023,core_005,recovered_calibration,always_0pct,1,2,0|0,1.264838695526123,1.0,1.0,0.43991056084632874,2,late,1,short_shelf_life,balanced_inventory,uniform,medium_margin,moderate_disposal_cost,recovered_demand,recovered_target_response,0,0.0,greedy_financial,0.27945459390846206,0.28684780768792717,0.15538304029721214,0.8446169597027879,0.0,0.0,0.0,0,,,,,,
state_0023,core_005,recovered_calibration,always_0pct,1,2,0|0,1.264838695526123,1.0,1.0,0.43991056084632874,2,late,1,short_shelf_life,balanced_inventory,uniform,medium_margin,moderate_disposal_cost,recovered_demand,recovered_target_response,1,0.05,greedy_financial,0.27910150785349724,0.28649472163296236,0.14163511394383752,0.8583648860561625,0.0,0.0,-0.00035308605496481293,0,,,,,,
state_0023,core_005,recovered_calibration,always_0pct,1,2,0|0,1.264838695526123,1.0,1.0,0.43991056084632874,2,late,1,short_shelf_life,balanced_inventory,uniform,medium_margin,moderate_disposal_cost,recovered_demand,recovered_target_response,2,0.1,greedy_financial,0.2546461092453128,0.2620393230247779,0.15181089276718093,0.848189107232819,0.0,0.0,-0.024808484663149277,0,,,,,,
state_0023,core_005,recovered_calibration,always_0pct,1,2,0|0,1.264838695526123,1.0,1.0,0.43991056084632874,2,late,1,short_shelf_life,balanced_inventory,uniform,medium_margin,moderate_disposal_cost,recovered_demand,recovered_target_response,3,0.2,greedy_financial,0.25975546364301244,0.2671486774224775,0.11220078221732017,0.8877992177826799,0.0,0.0,-0.01969913026544967,0,,,,,,
state_0023,core_005,recovered_calibration,always_0pct,1,2,0|0,1.264838695526123,1.0,1.0,0.43991056084632874,2,late,1,short_shelf_life,balanced_inventory,uniform,medium_margin,moderate_disposal_cost,recovered_demand,recovered_target_response,4,0.3,greedy_financial,0.23333333333333334,0.24072654711279842,0.10406995513066811,0.8959300448693319,0.0,0.0,-0.04612126057512875,0,,,,,,
state_0023,core_005,recovered_calibration,always_0pct,1,2,0|0,1.264838695526123,1.0,1.0,0.43991056084632874,2,late,1,short_shelf_life,balanced_inventory,uniform,medium_margin,moderate_disposal_cost,recovered_demand,recovered_target_response,5,0.4,greedy_financial,0.2,0.2073932137794651,0.10406995513066811,0.8959300448693319,0.0,0.0,-0.07945459390846207,0,,,,,,
state_0024,core_006,observed_calibration,always_0pct,0,0,,2.21427583694458,0.3333333432674408,0.6666666865348816,1.514770746231079,0,early,3,short_shelf_life,high_inventory,uniform,medium_margin,moderate_disposal_cost,recovered_demand,recovered_target_response,0,0.0,always_0pct,0.06235411267290188,0.45000000000000007,0.0,1.0,0.0,0.3876458873270982,0.0,0,1.0,0.0,0.0,0.0,0.0,0.0
state_0024,core_006,observed_calibration,always_0pct,0,0,,2.21427583694458,0.3333333432674408,0.6666666865348816,1.514770746231079,0,early,3,short_shelf_life,high_inventory,uniform,medium_margin,moderate_disposal_cost,recovered_demand,recovered_target_response,1,0.05,always_0pct,0.029520330084090152,0.41949892999557425,0.0,1.0,0.0,0.3899785999114841,-0.030501070004425812,0,1.0,0.0,0.0,0.0,0.0,0.0
state_0024,core_006,observed_calibration,always_0pct,0,0,,2.21427583694458,0.3333333432674408,0.6666666865348816,1.514770746231079,0,early,3,short_shelf_life,high_inventory,uniform,medium_margin,moderate_disposal_cost,recovered_demand,recovered_target_response,2,0.1,always_0pct,0.0016765198199475274,0.38870260890889485,0.0,1.0,0.0,0.3870260890889473,-0.06129739109110521,0,1.0,0.0,0.0,0.0,0.0,0.0
state_0024,core_006,observed_calibration,always_0pct,0,0,,2.21427583694458,0.3333333432674408,0.6666666865348816,1.514770746231079,0,early,3,short_shelf_life,high_inventory,uniform,medium_margin,moderate_disposal_cost,recovered_demand,recovered_target_response,3,0.2,always_0pct,-0.06151082542365474,0.32787770635591384,0.0,1.0,0.0,0.38938853177956856,-0.12212229364408622,0,1.0,0.0,0.0,0.0,0.0,0.0
state_0024,core_006,observed_calibration,always_0pct,0,0,,2.21427583694458,0.3333333432674408,0.6666666865348816,1.514770746231079,0,early,3,short_shelf_life,high_inventory,uniform,medium_margin,moderate_disposal_cost,recovered_demand,recovered_target_response,4,0.3,always_0pct,-0.11607278588631896,0.2640311939512796,0.0,1.0,0.0,0.3801039798375985,-0.18596880604872046,0,1.0,0.0,0.0,0.0,0.0,0.0
state_0024,core_006,observed_calibration,always_0pct,0,0,,2.21427583694458,0.3333333432674408,0.6666666865348816,1.514770746231079,0,early,3,short_shelf_life,high_inventory,uniform,medium_margin,moderate_disposal_cost,recovered_demand,recovered_target_response,5,0.4,always_0pct,-0.04490434180620726,0.11326956120413824,0.0,1.0,0.0,0.1581739030103455,-0.33673043879586184,0,1.0,0.0,0.0,0.0,0.0,0.0
state_0024,core_006,observed_calibration,always_0pct,0,0,,2.21427583694458,0.3333333432674408,0.6666666865348816,1.514770746231079,0,early,3,short_shelf_life,high_inventory,uniform,medium_margin,moderate_disposal_cost,recovered_demand,recovered_target_response,0,0.0,expiry_threshold_rule,0.06235411267290188,0.2949416450691608,0.0,1.0,0.0,0.23258753239625893,0.0,0,0.0,0.0,0.0,0.0,0.0,1.0
state_0024,core_006,observed_calibration,always_0pct,0,0,,2.21427583694458,0.3333333432674408,0.6666666865348816,1.514770746231079,0,early,3,short_shelf_life,high_inventory,uniform,medium_margin,moderate_disposal_cost,recovered_demand,recovered_target_response,1,0.05,expiry_threshold_rule,0.029520330084090152,0.26350749003098056,0.0,1.0,0.0,0.23398715994689043,-0.031434155038180256,0,0.0,0.0,0.0,0.0,0.0,1.0
state_0024,core_006,observed_calibration,always_0pct,0,0,,2.21427583694458,0.3333333432674408,0.6666666865348816,1.514770746231079,0,early,3,short_shelf_life,high_inventory,uniform,medium_margin,moderate_disposal_cost,recovered_demand,recovered_target_response,2,0.1,expiry_threshold_rule,0.0016765198199475274,0.23389217327331588,0.0,1.0,0.0,0.23221565345336836,-0.06104947179584494,0,0.0,0.0,0.0,0.0,0.0,1.0
state_0024,core_006,observed_calibration,always_0pct,0,0,,2.21427583694458,0.3333333432674408,0.6666666865348816,1.514770746231079,0,early,3,short_shelf_life,high_inventory,uniform,medium_margin,moderate_disposal_cost,recovered_demand,recovered_target_response,3,0.2,expiry_threshold_rule,-0.06151082542365474,0.1721222936440864,0.0,1.0,0.0,0.23363311906774115,-0.12281935142507441,0,0.0,0.0,0.0,0.0,0.0,1.0
state_0024,core_006,observed_calibration,always_0pct,0,0,,2.21427583694458,0.3333333432674408,0.6666666865348816,1.514770746231079,0,early,3,short_shelf_life,high_inventory,uniform,medium_margin,moderate_disposal_cost,recovered_demand,recovered_target_response,4,0.3,expiry_threshold_rule,-0.11607278588631896,0.11198960201624016,0.0,1.0,0.0,0.22806238790255912,-0.18295204305292068,0,0.0,0.0,0.0,0.0,0.0,1.0
state_0024,core_006,observed_calibration,always_0pct,0,0,,2.21427583694458,0.3333333432674408,0.6666666865348816,1.514770746231079,0,early,3,short_shelf_life,high_inventory,uniform,medium_margin,moderate_disposal_cost,recovered_demand,recovered_target_response,5,0.4,expiry_threshold_rule,-0.04490434180620726,0.05000000000000003,0.0,1.0,0.0,0.0949043418062073,-0.24494164506916077,0,0.0,0.0,0.0,0.0,0.0,1.0
state_0024,core_006,observed_calibration,always_0pct,0,0,,2.21427583694458,0.3333333432674408,0.6666666865348816,1.514770746231079,0,early,3,short_shelf_life,high_inventory,uniform,medium_margin,moderate_disposal_cost,recovered_demand,recovered_target_response,0,0.0,inventory_coverage_rule,0.06235411267290188,0.4112354112672903,0.0,1.0,0.0,0.3488812985943884,0.0,0,0.0,0.0,1.0,0.0,0.0,0.0
state_0024,core_006,observed_calibration,always_0pct,0,0,,2.21427583694458,0.3333333432674408,0.6666666865348816,1.514770746231079,0,early,3,short_shelf_life,high_inventory,uniform,medium_margin,moderate_disposal_cost,recovered_demand,recovered_target_response,1,0.05,inventory_coverage_rule,0.029520330084090152,0.38050107000442585,0.0,1.0,0.0,0.3509807399203357,-0.03073434126286445,0,0.0,0.0,1.0,0.0,0.0,0.0
state_0024,core_006,observed_calibration,always_0pct,0,0,,2.21427583694458,0.3333333432674408,0.6666666865348816,1.514770746231079,0,early,3,short_shelf_life,high_inventory,uniform,medium_margin,moderate_disposal_cost,recovered_demand,recovered_target_response,2,0.1,inventory_coverage_rule,0.0016765198199475274,0.35000000000000014,0.0,1.0,0.0,0.3483234801800526,-0.06123541126729015,0,0.0,0.0,1.0,0.0,0.0,0.0
state_0024,core_006,observed_calibration,always_0pct,0,0,,2.21427583694458,0.3333333432674408,0.6666666865348816,1.514770746231079,0,early,3,short_shelf_life,high_inventory,uniform,medium_margin,moderate_disposal_cost,recovered_demand,recovered_target_response,3,0.2,inventory_coverage_rule,-0.06151082542365474,0.288938853177957,0.0,1.0,0.0,0.3504496786016117,-0.12229655808933332,0,0.0,0.0,1.0,0.0,0.0,0.0
state_0024,core_006,observed_calibration,always_0pct,0,0,,2.21427583694458,0.3333333432674408,0.6666666865348816,1.514770746231079,0,early,3,short_shelf_life,high_inventory,uniform,medium_margin,moderate_disposal_cost,recovered_demand,recovered_target_response,4,0.3,inventory_coverage_rule,-0.11607278588631896,0.2640311939512796,0.0,1.0,0.0,0.3801039798375985,-0.1472042173160107,0,1.0,0.0,0.0,0.0,0.0,0.0
state_0024,core_006,observed_calibration,always_0pct,0,0,,2.21427583694458,0.3333333432674408,0.6666666865348816,1.514770746231079,0,early,3,short_shelf_life,high_inventory,uniform,medium_margin,moderate_disposal_cost,recovered_demand,recovered_target_response,5,0.4,inventory_coverage_rule,-0.04490434180620726,0.11326956120413824,0.0,1.0,0.0,0.1581739030103455,-0.29796585006315207,0,1.0,0.0,0.0,0.0,0.0,0.0
state_0024,core_006,observed_calibration,always_0pct,0,0,,2.21427583694458,0.3333333432674408,0.6666666865348816,1.514770746231079,0,early,3,short_shelf_life,high_inventory,uniform,medium_margin,moderate_disposal_cost,recovered_demand,recovered_target_response,0,0.0,greedy_financial,0.06235411267290188,0.45000000000000007,0.0,1.0,0.0,0.3876458873270982,0.0,0,1.0,0.0,0.0,0.0,0.0,0.0
state_0024,core_006,observed_calibration,always_0pct,0,0,,2.21427583694458,0.3333333432674408,0.6666666865348816,1.514770746231079,0,early,3,short_shelf_life,high_inventory,uniform,medium_margin,moderate_disposal_cost,recovered_demand,recovered_target_response,1,0.05,greedy_financial,0.029520330084090152,0.41949892999557425,0.0,1.0,0.0,0.3899785999114841,-0.030501070004425812,0,1.0,0.0,0.0,0.0,0.0,0.0
state_0024,core_006,observed_calibration,always_0pct,0,0,,2.21427583694458,0.3333333432674408,0.6666666865348816,1.514770746231079,0,early,3,short_shelf_life,high_inventory,uniform,medium_margin,moderate_disposal_cost,recovered_demand,recovered_target_response,2,0.1,greedy_financial,0.0016765198199475274,0.38870260890889485,0.0,1.0,0.0,0.3870260890889473,-0.06129739109110521,0,1.0,0.0,0.0,0.0,0.0,0.0
state_0024,core_006,observed_calibration,always_0pct,0,0,,2.21427583694458,0.3333333432674408,0.6666666865348816,1.514770746231079,0,early,3,short_shelf_life,high_inventory,uniform,medium_margin,moderate_disposal_cost,recovered_demand,recovered_target_response,3,0.2,greedy_financial,-0.06151082542365474,0.32787770635591384,0.0,1.0,0.0,0.38938853177956856,-0.12212229364408622,0,1.0,0.0,0.0,0.0,0.0,0.0
state_0024,core_006,observed_calibration,always_0pct,0,0,,2.21427583694458,0.3333333432674408,0.6666666865348816,1.514770746231079,0,early,3,short_shelf_life,high_inventory,uniform,medium_margin,moderate_disposal_cost,recovered_demand,recovered_target_response,4,0.3,greedy_financial,-0.11607278588631896,0.2640311939512796,0.0,1.0,0.0,0.3801039798375985,-0.18596880604872046,0,1.0,0.0,0.0,0.0,0.0,0.0
state_0024,core_006,observed_calibration,always_0pct,0,0,,2.21427583694458,0.3333333432674408,0.6666666865348816,1.514770746231079,0,early,3,short_shelf_life,high_inventory,uniform,medium_margin,moderate_disposal_cost,recovered_demand,recovered_target_response,5,0.4,greedy_financial,-0.04490434180620726,0.11326956120413824,0.0,1.0,0.0,0.1581739030103455,-0.33673043879586184,0,1.0,0.0,0.0,0.0,0.0,0.0
state_0025,core_006,observed_calibration,always_0pct,0,1,0,0.81682288646698,0.14010867476463318,1.0,1.1891764402389526,1,early,2,short_shelf_life,high_inventory,uniform,medium_margin,moderate_disposal_cost,recovered_demand,recovered_target_response,0,0.0,always_0pct,0.3876458873270982,0.45000000000000007,0.0,1.0,0.0,0.0,0.0,0,,,,,,
state_0025,core_006,observed_calibration,always_0pct,0,1,0,0.81682288646698,0.14010867476463318,1.0,1.1891764402389526,1,early,2,short_shelf_life,high_inventory,uniform,medium_margin,moderate_disposal_cost,recovered_demand,recovered_target_response,1,0.05,always_0pct,0.36826359296074324,0.43061770563364515,0.0,1.0,0.0,0.0,-0.019382294366354913,0,,,,,,
state_0025,core_006,observed_calibration,always_0pct,0,1,0,0.81682288646698,0.14010867476463318,1.0,1.1891764402389526,1,early,2,short_shelf_life,high_inventory,uniform,medium_margin,moderate_disposal_cost,recovered_demand,recovered_target_response,2,0.1,always_0pct,0.3488812985943884,0.4112354112672903,0.0,1.0,0.0,0.0,-0.03876458873270977,0,,,,,,
state_0025,core_006,observed_calibration,always_0pct,0,1,0,0.81682288646698,0.14010867476463318,1.0,1.1891764402389526,1,early,2,short_shelf_life,high_inventory,uniform,medium_margin,moderate_disposal_cost,recovered_demand,recovered_target_response,3,0.2,always_0pct,0.31011670986167855,0.3724708225345804,0.0,1.0,0.0,0.0,-0.07752917746541965,0,,,,,,
state_0025,core_006,observed_calibration,always_0pct,0,1,0,0.81682288646698,0.14010867476463318,1.0,1.1891764402389526,1,early,2,short_shelf_life,high_inventory,uniform,medium_margin,moderate_disposal_cost,recovered_demand,recovered_target_response,4,0.3,always_0pct,0.2713521211289687,0.3337062338018706,0.0,1.0,0.0,0.0,-0.11629376619812948,0,,,,,,
state_0025,core_006,observed_calibration,always_0pct,0,1,0,0.81682288646698,0.14010867476463318,1.0,1.1891764402389526,1,early,2,short_shelf_life,high_inventory,uniform,medium_margin,moderate_disposal_cost,recovered_demand,recovered_target_response,5,0.4,always_0pct,0.23258753239625893,0.2949416450691608,0.0,1.0,0.0,0.0,-0.15505835493083925,0,,,,,,
state_0025,core_006,observed_calibration,always_0pct,0,1,0,0.81682288646698,0.14010867476463318,1.0,1.1891764402389526,1,early,2,short_shelf_life,high_inventory,uniform,medium_margin,moderate_disposal_cost,recovered_demand,recovered_target_response,0,0.0,expiry_threshold_rule,0.3876458873270982,0.45000000000000007,0.0,1.0,0.0,0.0,0.0,0,,,,,,
state_0025,core_006,observed_calibration,always_0pct,0,1,0,0.81682288646698,0.14010867476463318,1.0,1.1891764402389526,1,early,2,short_shelf_life,high_inventory,uniform,medium_margin,moderate_disposal_cost,recovered_demand,recovered_target_response,1,0.05,expiry_threshold_rule,0.36826359296074324,0.43061770563364515,0.0,1.0,0.0,0.0,-0.019382294366354913,0,,,,,,
state_0025,core_006,observed_calibration,always_0pct,0,1,0,0.81682288646698,0.14010867476463318,1.0,1.1891764402389526,1,early,2,short_shelf_life,high_inventory,uniform,medium_margin,moderate_disposal_cost,recovered_demand,recovered_target_response,2,0.1,expiry_threshold_rule,0.3488812985943884,0.4112354112672903,0.0,1.0,0.0,0.0,-0.03876458873270977,0,,,,,,
state_0025,core_006,observed_calibration,always_0pct,0,1,0,0.81682288646698,0.14010867476463318,1.0,1.1891764402389526,1,early,2,short_shelf_life,high_inventory,uniform,medium_margin,moderate_disposal_cost,recovered_demand,recovered_target_response,3,0.2,expiry_threshold_rule,0.31011670986167855,0.3724708225345804,0.0,1.0,0.0,0.0,-0.07752917746541965,0,,,,,,
state_0025,core_006,observed_calibration,always_0pct,0,1,0,0.81682288646698,0.14010867476463318,1.0,1.1891764402389526,1,early,2,short_shelf_life,high_inventory,uniform,medium_margin,moderate_disposal_cost,recovered_demand,recovered_target_response,4,0.3,expiry_threshold_rule,0.2713521211289687,0.3337062338018706,0.0,1.0,0.0,0.0,-0.11629376619812948,0,,,,,,
state_0025,core_006,observed_calibration,always_0pct,0,1,0,0.81682288646698,0.14010867476463318,1.0,1.1891764402389526,1,early,2,short_shelf_life,high_inventory,uniform,medium_margin,moderate_disposal_cost,recovered_demand,recovered_target_response,5,0.4,expiry_threshold_rule,0.23258753239625893,0.2949416450691608,0.0,1.0,0.0,0.0,-0.15505835493083925,0,,,,,,
state_0025,core_006,observed_calibration,always_0pct,0,1,0,0.81682288646698,0.14010867476463318,1.0,1.1891764402389526,1,early,2,short_shelf_life,high_inventory,uniform,medium_margin,moderate_disposal_cost,recovered_demand,recovered_target_response,0,0.0,inventory_coverage_rule,0.3876458873270982,0.45000000000000007,0.0,1.0,0.0,0.0,0.0,0,,,,,,
state_0025,core_006,observed_calibration,always_0pct,0,1,0,0.81682288646698,0.14010867476463318,1.0,1.1891764402389526,1,early,2,short_shelf_life,high_inventory,uniform,medium_margin,moderate_disposal_cost,recovered_demand,recovered_target_response,1,0.05,inventory_coverage_rule,0.36826359296074324,0.43061770563364515,0.0,1.0,0.0,0.0,-0.019382294366354913,0,,,,,,
state_0025,core_006,observed_calibration,always_0pct,0,1,0,0.81682288646698,0.14010867476463318,1.0,1.1891764402389526,1,early,2,short_shelf_life,high_inventory,uniform,medium_margin,moderate_disposal_cost,recovered_demand,recovered_target_response,2,0.1,inventory_coverage_rule,0.3488812985943884,0.4112354112672903,0.0,1.0,0.0,0.0,-0.03876458873270977,0,,,,,,
state_0025,core_006,observed_calibration,always_0pct,0,1,0,0.81682288646698,0.14010867476463318,1.0,1.1891764402389526,1,early,2,short_shelf_life,high_inventory,uniform,medium_margin,moderate_disposal_cost,recovered_demand,recovered_target_response,3,0.2,inventory_coverage_rule,0.31011670986167855,0.3724708225345804,0.0,1.0,0.0,0.0,-0.07752917746541965,0,,,,,,
state_0025,core_006,observed_calibration,always_0pct,0,1,0,0.81682288646698,0.14010867476463318,1.0,1.1891764402389526,1,early,2,short_shelf_life,high_inventory,uniform,medium_margin,moderate_disposal_cost,recovered_demand,recovered_target_response,4,0.3,inventory_coverage_rule,0.2713521211289687,0.3337062338018706,0.0,1.0,0.0,0.0,-0.11629376619812948,0,,,,,,
state_0025,core_006,observed_calibration,always_0pct,0,1,0,0.81682288646698,0.14010867476463318,1.0,1.1891764402389526,1,early,2,short_shelf_life,high_inventory,uniform,medium_margin,moderate_disposal_cost,recovered_demand,recovered_target_response,5,0.4,inventory_coverage_rule,0.23258753239625893,0.2949416450691608,0.0,1.0,0.0,0.0,-0.15505835493083925,0,,,,,,
state_0025,core_006,observed_calibration,always_0pct,0,1,0,0.81682288646698,0.14010867476463318,1.0,1.1891764402389526,1,early,2,short_shelf_life,high_inventory,uniform,medium_margin,moderate_disposal_cost,recovered_demand,recovered_target_response,0,0.0,greedy_financial,0.3876458873270982,0.45000000000000007,0.0,1.0,0.0,0.0,0.0,0,,,,,,
state_0025,core_006,observed_calibration,always_0pct,0,1,0,0.81682288646698,0.14010867476463318,1.0,1.1891764402389526,1,early,2,short_shelf_life,high_inventory,uniform,medium_margin,moderate_disposal_cost,recovered_demand,recovered_target_response,1,0.05,greedy_financial,0.36826359296074324,0.43061770563364515,0.0,1.0,0.0,0.0,-0.019382294366354913,0,,,,,,
state_0025,core_006,observed_calibration,always_0pct,0,1,0,0.81682288646698,0.14010867476463318,1.0,1.1891764402389526,1,early,2,short_shelf_life,high_inventory,uniform,medium_margin,moderate_disposal_cost,recovered_demand,recovered_target_response,2,0.1,greedy_financial,0.3488812985943884,0.4112354112672903,0.0,1.0,0.0,0.0,-0.03876458873270977,0,,,,,,
state_0025,core_006,observed_calibration,always_0pct,0,1,0,0.81682288646698,0.14010867476463318,1.0,1.1891764402389526,1,early,2,short_shelf_life,high_inventory,uniform,medium_margin,moderate_disposal_cost,recovered_demand,recovered_target_response,3,0.2,greedy_financial,0.31011670986167855,0.3724708225345804,0.0,1.0,0.0,0.0,-0.07752917746541965,0,,,,,,
state_0025,core_006,observed_calibration,always_0pct,0,1,0,0.81682288646698,0.14010867476463318,1.0,1.1891764402389526,1,early,2,short_shelf_life,high_inventory,uniform,medium_margin,moderate_disposal_cost,recovered_demand,recovered_target_response,4,0.3,greedy_financial,0.2713521211289687,0.3337062338018706,0.0,1.0,0.0,0.0,-0.11629376619812948,0,,,,,,
state_0025,core_006,observed_calibration,always_0pct,0,1,0,0.81682288646698,0.14010867476463318,1.0,1.1891764402389526,1,early,2,short_shelf_life,high_inventory,uniform,medium_margin,moderate_disposal_cost,recovered_demand,recovered_target_response,5,0.4,greedy_financial,0.23258753239625893,0.2949416450691608,0.0,1.0,0.0,0.0,-0.15505835493083925,0,,,,,,
state_0026,core_006,observed_calibration,always_0pct,1,0,,6.184210300445557,0.3333333432674408,0.6666666865348816,0.4501940608024597,0,early,3,short_shelf_life,high_inventory,uniform,medium_margin,moderate_disposal_cost,recovered_demand,recovered_target_response,0,0.0,always_0pct,-0.3755736516869316,-0.0026823677946939996,0.43112606456637537,0.5688739354336247,0.0,0.3728912838922376,0.0,5,1.0,0.0,0.0,0.0,0.0,0.0
state_0026,core_006,observed_calibration,always_0pct,1,0,,6.184210300445557,0.3333333432674408,0.6666666865348816,0.4501940608024597,0,early,3,short_shelf_life,high_inventory,uniform,medium_margin,moderate_disposal_cost,recovered_demand,recovered_target_response,1,0.05,always_0pct,-0.38221128296984824,-0.0165617261328222,0.43556091137902986,0.5644390886209703,0.0,0.36564955683702605,-0.0138793583381282,5,1.0,0.0,0.0,0.0,0.0,0.0
state_0026,core_006,observed_calibration,always_0pct,1,0,,6.184210300445557,0.3333333432674408,0.6666666865348816,0.4501940608024597,0,early,3,short_shelf_life,high_inventory,uniform,medium_margin,moderate_disposal_cost,recovered_demand,recovered_target_response,2,0.1,always_0pct,-0.3915619252665504,-0.02591236842952434,0.4356955146546732,0.5643044853453268,0.0,0.36564955683702605,-0.02323000063483034,5,1.0,0.0,0.0,0.0,0.0,0.0
state_0026,core_006,observed_calibration,always_0pct,1,0,,6.184210300445557,0.3333333432674408,0.6666666865348816,0.4501940608024597,0,early,3,short_shelf_life,high_inventory,uniform,medium_margin,moderate_disposal_cost,recovered_demand,recovered_target_response,3,0.2,always_0pct,-0.3993046476064207,-0.03365509076939465,0.4231198020637942,0.5768801979362058,0.0,0.36564955683702605,-0.03097272297470065,5,1.0,0.0,0.0,0.0,0.0,0.0
state_0026,core_006,observed_calibration,always_0pct,1,0,,6.184210300445557,0.3333333432674408,0.6666666865348816,0.4501940608024597,0,early,3,short_shelf_life,high_inventory,uniform,medium_margin,moderate_disposal_cost,recovered_demand,recovered_target_response,4,0.3,always_0pct,-0.3671797160381343,0.021528921137195237,0.3320726653441828,0.6679273346558173,0.0,0.38870863717532955,0.024211288931889237,5,1.0,0.0,0.0,0.0,0.0,0.0
state_0026,core_006,observed_calibration,always_0pct,1,0,,6.184210300445557,0.3333333432674408,0.6666666865348816,0.4501940608024597,0,early,3,short_shelf_life,high_inventory,uniform,medium_margin,moderate_disposal_cost,recovered_demand,recovered_target_response,5,0.4,always_0pct,-0.2951667919218916,0.14223131452370322,0.1313141715151345,0.8686858284848655,0.0,0.4373981064455948,0.1449136823183972,5,1.0,0.0,0.0,0.0,0.0,0.0
state_0026,core_006,observed_calibration,always_0pct,1,0,,6.184210300445557,0.3333333432674408,0.6666666865348816,0.4501940608024597,0,early,3,short_shelf_life,high_inventory,uniform,medium_margin,moderate_disposal_cost,recovered_demand,recovered_target_response,0,0.0,expiry_threshold_rule,-0.3755736516869316,0.024426348313068422,0.15133998573358567,0.8486600142664145,0.0,0.4,0.0,5,0.0,0.0,0.0,0.0,0.0,1.0
state_0026,core_006,observed_calibration,always_0pct,1,0,,6.184210300445557,0.3333333432674408,0.6666666865348816,0.4501940608024597,0,early,3,short_shelf_life,high_inventory,uniform,medium_margin,moderate_disposal_cost,recovered_demand,recovered_target_response,1,0.05,expiry_threshold_rule,-0.38221128296984824,0.017788717030151772,0.1488779496365149,0.8511220503634853,0.0,0.4,-0.00663763128291665,5,0.0,0.0,0.0,0.0,0.0,1.0
state_0026,core_006,observed_calibration,always_0pct,1,0,,6.184210300445557,0.3333333432674408,0.6666666865348816,0.4501940608024597,0,early,3,short_shelf_life,high_inventory,uniform,medium_margin,moderate_disposal_cost,recovered_demand,recovered_target_response,2,0.1,expiry_threshold_rule,-0.3915619252665504,0.00843807473344963,0.1490125529121583,0.8509874470878417,0.0,0.4,-0.015988273579618795,5,0.0,0.0,0.0,0.0,0.0,1.0
state_0026,core_006,observed_calibration,always_0pct,1,0,,6.184210300445557,0.3333333432674408,0.6666666865348816,0.4501940608024597,0,early,3,short_shelf_life,high_inventory,uniform,medium_margin,moderate_disposal_cost,recovered_demand,recovered_target_response,3,0.2,expiry_threshold_rule,-0.3993046476064207,0.0006953523935793241,0.13643684032127928,0.8635631596787208,0.0,0.4,-0.023730995919489097,5,0.0,0.0,0.0,0.0,0.0,1.0
state_0026,core_006,observed_calibration,always_0pct,1,0,,6.184210300445557,0.3333333432674408,0.6666666865348816,0.4501940608024597,0,early,3,short_shelf_life,high_inventory,uniform,medium_margin,moderate_disposal_cost,recovered_demand,recovered_target_response,4,0.3,expiry_threshold_rule,-0.3671797160381343,0.03282028396186571,0.0673507324952902,0.9326492675047099,0.0,0.4,0.008393935648797288,5,0.0,0.0,0.0,0.0,0.0,1.0
state_0026,core_006,observed_calibration,always_0pct,1,0,,6.184210300445557,0.3333333432674408,0.6666666865348816,0.4501940608024597,0,early,3,short_shelf_life,high_inventory,uniform,medium_margin,moderate_disposal_cost,recovered_demand,recovered_target_response,5,0.4,expiry_threshold_rule,-0.2951667919218916,0.049999999999999996,0.0,1.0,0.0,0.3451667919218916,0.025573651686931573,5,0.0,0.0,0.0,0.0,0.0,1.0
state_0026,core_006,observed_calibration,always_0pct,1,0,,6.184210300445557,0.3333333432674408,0.6666666865348816,0.4501940608024597,0,early,3,short_shelf_life,high_inventory,uniform,medium_margin,moderate_disposal_cost,recovered_demand,recovered_target_response,0,0.0,inventory_coverage_rule,-0.3755736516869316,0.01992622733252365,0.24622903592986756,0.7537709640701326,0.0,0.3954998790194552,0.0,5,0.0,0.0,0.0,0.0,1.0,0.0
state_0026,core_006,observed_calibration,always_0pct,1,0,,6.184210300445557,0.3333333432674408,0.6666666865348816,0.4501940608024597,0,early,3,short_shelf_life,high_inventory,uniform,medium_margin,moderate_disposal_cost,recovered_demand,recovered_target_response,1,0.05,inventory_coverage_rule,-0.38221128296984824,0.0060854533520924795,0.2533711900961495,0.7466288099038506,0.0,0.3882967363219407,-0.01384077398043117,5,0.0,0.0,0.0,0.0,1.0,0.0
state_0026,core_006,observed_calibration,always_0pct,1,0,,6.184210300445557,0.3333333432674408,0.6666666865348816,0.4501940608024597,0,early,3,short_shelf_life,high_inventory,uniform,medium_margin,moderate_disposal_cost,recovered_demand,recovered_target_response,2,0.1,inventory_coverage_rule,-0.3915619252665504,-0.0032651889446096614,0.25350579337179296,0.7464942066282071,0.0,0.3882967363219407,-0.02319141627713331,5,0.0,0.0,0.0,0.0,1.0,0.0
state_0026,core_006,observed_calibration,always_0pct,1,0,,6.184210300445557,0.3333333432674408,0.6666666865348816,0.4501940608024597,0,early,3,short_shelf_life,high_inventory,uniform,medium_margin,moderate_disposal_cost,recovered_demand,recovered_target_response,3,0.2,inventory_coverage_rule,-0.3993046476064207,-0.011007911284479968,0.2409300807809139,0.7590699192190862,0.0,0.3882967363219407,-0.030934138617003615,5,0.0,0.0,0.0,0.0,1.0,0.0
state_0026,core_006,observed_calibration,always_0pct,1,0,,6.184210300445557,0.3333333432674408,0.6666666865348816,0.4501940608024597,0,early,3,short_shelf_life,high_inventory,uniform,medium_margin,moderate_disposal_cost,recovered_demand,recovered_target_response,4,0.3,inventory_coverage_rule,-0.3671797160381343,0.02734086882717824,0.16354550823042902,0.8364544917695712,0.0,0.39452058486531255,0.007414641494654591,5,0.0,0.0,0.0,0.0,1.0,0.0
state_0026,core_006,observed_calibration,always_0pct,1,0,,6.184210300445557,0.3333333432674408,0.6666666865348816,0.4501940608024597,0,early,3,short_shelf_life,high_inventory,uniform,medium_margin,moderate_disposal_cost,recovered_demand,recovered_target_response,5,0.4,inventory_coverage_rule,-0.2951667919218916,0.11646519133990686,0.018592644137862532,0.9814073558621376,0.0,0.41163198326179845,0.09653896400738321,5,0.0,0.0,0.0,0.5,0.5,0.0
state_0026,core_006,observed_calibration,always_0pct,1,0,,6.184210300445557,0.3333333432674408,0.6666666865348816,0.4501940608024597,0,early,3,short_shelf_life,high_inventory,uniform,medium_margin,moderate_disposal_cost,recovered_demand,recovered_target_response,0,0.0,greedy_financial,-0.3755736516869316,0.11022957376081459,0.15894644246173195,0.8410535575382683,0.0,0.4858032254477462,0.0,4,0.5,0.0,0.0,0.0,0.0,0.5
state_0026,core_006,observed_calibration,always_0pct,1,0,,6.184210300445557,0.3333333432674408,0.6666666865348816,0.4501940608024597,0,early,3,short_shelf_life,high_inventory,uniform,medium_margin,moderate_disposal_cost,recovered_demand,recovered_target_response,1,0.05,greedy_financial,-0.38221128296984824,0.09732797715679786,0.16612127608943048,0.8338787239105696,0.0,0.47953926012664616,-0.012901596604016727,4,0.5,0.0,0.0,0.0,0.0,0.5
state_0026,core_006,observed_calibration,always_0pct,1,0,,6.184210300445557,0.3333333432674408,0.6666666865348816,0.4501940608024597,0,early,3,short_shelf_life,high_inventory,uniform,medium_margin,moderate_disposal_cost,recovered_demand,recovered_target_response,2,0.1,greedy_financial,-0.3915619252665504,0.08797733486009572,0.16625587936507388,0.8337441206349262,0.0,0.47953926012664616,-0.022252238900718868,4,0.5,0.0,0.0,0.0,0.0,0.5
state_0026,core_006,observed_calibration,always_0pct,1,0,,6.184210300445557,0.3333333432674408,0.6666666865348816,0.4501940608024597,0,early,3,short_shelf_life,high_inventory,uniform,medium_margin,moderate_disposal_cost,recovered_demand,recovered_target_response,3,0.2,greedy_financial,-0.3993046476064207,0.08023461252022542,0.15368016677419488,0.8463198332258052,0.0,0.47953926012664616,-0.029994961240589174,4,0.5,0.0,0.0,0.0,0.0,0.5
state_0026,core_006,observed_calibration,always_0pct,1,0,,6.184210300445557,0.3333333432674408,0.6666666865348816,0.4501940608024597,0,early,3,short_shelf_life,high_inventory,uniform,medium_margin,moderate_disposal_cost,recovered_demand,recovered_target_response,4,0.3,greedy_financial,-0.3671797160381343,0.11562503732786106,0.08337794390893438,0.9166220560910657,0.0,0.4828047533659954,0.0053954635670464685,4,0.5,0.0,0.0,0.0,0.0,0.5
state_0026,core_006,observed_calibration,always_0pct,1,0,,6.184210300445557,0.3333333432674408,0.6666666865348816,0.4501940608024597,0,early,3,short_shelf_life,high_inventory,uniform,medium_margin,moderate_disposal_cost,recovered_demand,recovered_target_response,5,0.4,greedy_financial,-0.2951667919218916,0.09522103803535643,0.0,1.0,0.0,0.39038782995724797,-0.015008535725458155,4,0.5,0.0,0.0,0.0,0.0,0.5
state_0027,core_006,observed_calibration,always_0pct,1,2,0|0,1.969266653060913,1.0,1.0,0.47620972990989685,2,late,1,short_shelf_life,high_inventory,uniform,medium_margin,moderate_disposal_cost,recovered_demand,recovered_target_response,0,0.0,always_0pct,0.18546916505430366,-0.0026823677946939996,0.43112606456637537,0.5688739354336247,0.0,0.0,0.0,5,,,,,,
state_0027,core_006,observed_calibration,always_0pct,1,2,0|0,1.969266653060913,1.0,1.0,0.47620972990989685,2,late,1,short_shelf_life,high_inventory,uniform,medium_margin,moderate_disposal_cost,recovered_demand,recovered_target_response,1,0.05,always_0pct,0.17912224424705106,-0.009029288601946595,0.4278474695773912,0.5721525304226088,0.0,0.0,-0.006346920807252595,5,,,,,,
state_0027,core_006,observed_calibration,always_0pct,1,2,0|0,1.969266653060913,1.0,1.0,0.47620972990989685,2,late,1,short_shelf_life,high_inventory,uniform,medium_margin,moderate_disposal_cost,recovered_demand,recovered_target_response,2,0.1,always_0pct,0.16920246384830143,-0.01894906900069624,0.42798466415956365,0.5720153358404364,0.0,0.0,-0.01626670120600224,5,,,,,,
state_0027,core_006,observed_calibration,always_0pct,1,2,0|0,1.969266653060913,1.0,1.0,0.47620972990989685,2,late,1,short_shelf_life,high_inventory,uniform,medium_margin,moderate_disposal_cost,recovered_demand,recovered_target_response,3,0.2,always_0pct,0.1578191265329124,-0.030332406316085258,0.4183589767268983,0.5816410232731017,0.0,0.0,-0.02765003852139126,5,,,,,,
state_0027,core_006,observed_calibration,always_0pct,1,2,0|0,1.969266653060913,1.0,1.0,0.47620972990989685,2,late,1,short_shelf_life,high_inventory,uniform,medium_margin,moderate_disposal_cost,recovered_demand,recovered_target_response,4,0.3,always_0pct,0.1926734560341825,0.004521923185184839,0.34451621688997675,0.6554837831100233,0.0,0.0,0.007204290979878839,5,,,,,,
state_0027,core_006,observed_calibration,always_0pct,1,2,0|0,1.969266653060913,1.0,1.0,0.47620972990989685,2,late,1,short_shelf_life,high_inventory,uniform,medium_margin,moderate_disposal_cost,recovered_demand,recovered_target_response,5,0.4,always_0pct,0.2,0.01184846715100234,0.2903030471577756,0.7096969528422244,0.0,0.0,0.01453083494569634,5,,,,,,
state_0027,core_006,observed_calibration,always_0pct,1,2,0|0,1.969266653060913,1.0,1.0,0.47620972990989685,2,late,1,short_shelf_life,high_inventory,uniform,medium_margin,moderate_disposal_cost,recovered_demand,recovered_target_response,0,0.0,expiry_threshold_rule,0.18546916505430366,-0.0026823677946939996,0.43112606456637537,0.5688739354336247,0.0,0.0,0.0,5,,,,,,
state_0027,core_006,observed_calibration,always_0pct,1,2,0|0,1.969266653060913,1.0,1.0,0.47620972990989685,2,late,1,short_shelf_life,high_inventory,uniform,medium_margin,moderate_disposal_cost,recovered_demand,recovered_target_response,1,0.05,expiry_threshold_rule,0.17912224424705106,-0.009029288601946595,0.4278474695773912,0.5721525304226088,0.0,0.0,-0.006346920807252595,5,,,,,,
state_0027,core_006,observed_calibration,always_0pct,1,2,0|0,1.969266653060913,1.0,1.0,0.47620972990989685,2,late,1,short_shelf_life,high_inventory,uniform,medium_margin,moderate_disposal_cost,recovered_demand,recovered_target_response,2,0.1,expiry_threshold_rule,0.16920246384830143,-0.01894906900069624,0.42798466415956365,0.5720153358404364,0.0,0.0,-0.01626670120600224,5,,,,,,
state_0027,core_006,observed_calibration,always_0pct,1,2,0|0,1.969266653060913,1.0,1.0,0.47620972990989685,2,late,1,short_shelf_life,high_inventory,uniform,medium_margin,moderate_disposal_cost,recovered_demand,recovered_target_response,3,0.2,expiry_threshold_rule,0.1578191265329124,-0.030332406316085258,0.4183589767268983,0.5816410232731017,0.0,0.0,-0.02765003852139126,5,,,,,,
state_0027,core_006,observed_calibration,always_0pct,1,2,0|0,1.969266653060913,1.0,1.0,0.47620972990989685,2,late,1,short_shelf_life,high_inventory,uniform,medium_margin,moderate_disposal_cost,recovered_demand,recovered_target_response,4,0.3,expiry_threshold_rule,0.1926734560341825,0.004521923185184839,0.34451621688997675,0.6554837831100233,0.0,0.0,0.007204290979878839,5,,,,,,
state_0027,core_006,observed_calibration,always_0pct,1,2,0|0,1.969266653060913,1.0,1.0,0.47620972990989685,2,late,1,short_shelf_life,high_inventory,uniform,medium_margin,moderate_disposal_cost,recovered_demand,recovered_target_response,5,0.4,expiry_threshold_rule,0.2,0.01184846715100234,0.2903030471577756,0.7096969528422244,0.0,0.0,0.01453083494569634,5,,,,,,
state_0027,core_006,observed_calibration,always_0pct,1,2,0|0,1.969266653060913,1.0,1.0,0.47620972990989685,2,late,1,short_shelf_life,high_inventory,uniform,medium_margin,moderate_disposal_cost,recovered_demand,recovered_target_response,0,0.0,inventory_coverage_rule,0.18546916505430366,-0.0026823677946939996,0.43112606456637537,0.5688739354336247,0.0,0.0,0.0,5,,,,,,
state_0027,core_006,observed_calibration,always_0pct,1,2,0|0,1.969266653060913,1.0,1.0,0.47620972990989685,2,late,1,short_shelf_life,high_inventory,uniform,medium_margin,moderate_disposal_cost,recovered_demand,recovered_target_response,1,0.05,inventory_coverage_rule,0.17912224424705106,-0.009029288601946595,0.4278474695773912,0.5721525304226088,0.0,0.0,-0.006346920807252595,5,,,,,,
state_0027,core_006,observed_calibration,always_0pct,1,2,0|0,1.969266653060913,1.0,1.0,0.47620972990989685,2,late,1,short_shelf_life,high_inventory,uniform,medium_margin,moderate_disposal_cost,recovered_demand,recovered_target_response,2,0.1,inventory_coverage_rule,0.16920246384830143,-0.01894906900069624,0.42798466415956365,0.5720153358404364,0.0,0.0,-0.01626670120600224,5,,,,,,
state_0027,core_006,observed_calibration,always_0pct,1,2,0|0,1.969266653060913,1.0,1.0,0.47620972990989685,2,late,1,short_shelf_life,high_inventory,uniform,medium_margin,moderate_disposal_cost,recovered_demand,recovered_target_response,3,0.2,inventory_coverage_rule,0.1578191265329124,-0.030332406316085258,0.4183589767268983,0.5816410232731017,0.0,0.0,-0.02765003852139126,5,,,,,,
state_0027,core_006,observed_calibration,always_0pct,1,2,0|0,1.969266653060913,1.0,1.0,0.47620972990989685,2,late,1,short_shelf_life,high_inventory,uniform,medium_margin,moderate_disposal_cost,recovered_demand,recovered_target_response,4,0.3,inventory_coverage_rule,0.1926734560341825,0.004521923185184839,0.34451621688997675,0.6554837831100233,0.0,0.0,0.007204290979878839,5,,,,,,
state_0027,core_006,observed_calibration,always_0pct,1,2,0|0,1.969266653060913,1.0,1.0,0.47620972990989685,2,late,1,short_shelf_life,high_inventory,uniform,medium_margin,moderate_disposal_cost,recovered_demand,recovered_target_response,5,0.4,inventory_coverage_rule,0.2,0.01184846715100234,0.2903030471577756,0.7096969528422244,0.0,0.0,0.01453083494569634,5,,,,,,
state_0027,core_006,observed_calibration,always_0pct,1,2,0|0,1.969266653060913,1.0,1.0,0.47620972990989685,2,late,1,short_shelf_life,high_inventory,uniform,medium_margin,moderate_disposal_cost,recovered_demand,recovered_target_response,0,0.0,greedy_financial,0.18546916505430366,-0.0026823677946939996,0.43112606456637537,0.5688739354336247,0.0,0.0,0.0,5,,,,,,
state_0027,core_006,observed_calibration,always_0pct,1,2,0|0,1.969266653060913,1.0,1.0,0.47620972990989685,2,late,1,short_shelf_life,high_inventory,uniform,medium_margin,moderate_disposal_cost,recovered_demand,recovered_target_response,1,0.05,greedy_financial,0.17912224424705106,-0.009029288601946595,0.4278474695773912,0.5721525304226088,0.0,0.0,-0.006346920807252595,5,,,,,,
state_0027,core_006,observed_calibration,always_0pct,1,2,0|0,1.969266653060913,1.0,1.0,0.47620972990989685,2,late,1,short_shelf_life,high_inventory,uniform,medium_margin,moderate_disposal_cost,recovered_demand,recovered_target_response,2,0.1,greedy_financial,0.16920246384830143,-0.01894906900069624,0.42798466415956365,0.5720153358404364,0.0,0.0,-0.01626670120600224,5,,,,,,
state_0027,core_006,observed_calibration,always_0pct,1,2,0|0,1.969266653060913,1.0,1.0,0.47620972990989685,2,late,1,short_shelf_life,high_inventory,uniform,medium_margin,moderate_disposal_cost,recovered_demand,recovered_target_response,3,0.2,greedy_financial,0.1578191265329124,-0.030332406316085258,0.4183589767268983,0.5816410232731017,0.0,0.0,-0.02765003852139126,5,,,,,,
state_0027,core_006,observed_calibration,always_0pct,1,2,0|0,1.969266653060913,1.0,1.0,0.47620972990989685,2,late,1,short_shelf_life,high_inventory,uniform,medium_margin,moderate_disposal_cost,recovered_demand,recovered_target_response,4,0.3,greedy_financial,0.1926734560341825,0.004521923185184839,0.34451621688997675,0.6554837831100233,0.0,0.0,0.007204290979878839,5,,,,,,
state_0027,core_006,observed_calibration,always_0pct,1,2,0|0,1.969266653060913,1.0,1.0,0.47620972990989685,2,late,1,short_shelf_life,high_inventory,uniform,medium_margin,moderate_disposal_cost,recovered_demand,recovered_target_response,5,0.4,greedy_financial,0.2,0.01184846715100234,0.2903030471577756,0.7096969528422244,0.0,0.0,0.01453083494569634,5,,,,,,
state_0028,core_006,recovered_calibration,always_0pct,0,0,,2.440021514892578,0.3333333432674408,0.6666666865348816,1.6303950548171997,0,early,3,short_shelf_life,high_inventory,uniform,medium_margin,moderate_disposal_cost,recovered_demand,recovered_target_response,0,0.0,always_0pct,-0.027388741375867533,0.44999999999999996,0.0,1.0,0.0,0.47738874137586745,0.0,0,1.0,0.0,0.0,0.0,0.0,0.0
state_0028,core_006,recovered_calibration,always_0pct,0,0,,2.440021514892578,0.3333333432674408,0.6666666865348816,1.6303950548171997,0,early,3,short_shelf_life,high_inventory,uniform,medium_margin,moderate_disposal_cost,recovered_demand,recovered_target_response,1,0.05,always_0pct,-0.01771188408687355,0.4219848360045722,0.0,1.0,0.0,0.4396967200914457,-0.02801516399542775,0,1.0,0.0,0.0,0.0,0.0,0.0
state_0028,core_006,recovered_calibration,always_0pct,0,0,,2.440021514892578,0.3333333432674408,0.6666666865348816,1.6303950548171997,0,early,3,short_shelf_life,high_inventory,uniform,medium_margin,moderate_disposal_cost,recovered_demand,recovered_target_response,2,0.1,always_0pct,-0.04303858582243442,0.3936709539802704,0.0,1.0,0.0,0.4367095398027048,-0.056329046019729545,0,1.0,0.0,0.0,0.0,0.0,0.0
state_0028,core_006,recovered_calibration,always_0pct,0,0,,2.440021514892578,0.3333333432674408,0.6666666865348816,1.6303950548171997,0,early,3,short_shelf_life,high_inventory,uniform,medium_margin,moderate_disposal_cost,recovered_demand,recovered_target_response,3,0.2,always_0pct,-0.10857897874347501,0.33964474468586875,0.0,1.0,0.0,0.44822372342934375,-0.1103552553141312,0,1.0,0.0,0.0,0.0,0.0,0.0
state_0028,core_006,recovered_calibration,always_0pct,0,0,,2.440021514892578,0.3333333432674408,0.6666666865348816,1.6303950548171997,0,early,3,short_shelf_life,high_inventory,uniform,medium_margin,moderate_disposal_cost,recovered_demand,recovered_target_response,4,0.3,always_0pct,-0.1536102507061567,0.280118678874067,0.0,1.0,0.0,0.4337289295802237,-0.16988132112593296,0,1.0,0.0,0.0,0.0,0.0,0.0
state_0028,core_006,recovered_calibration,always_0pct,0,0,,2.440021514892578,0.3333333432674408,0.6666666865348816,1.6303950548171997,0,early,3,short_shelf_life,high_inventory,uniform,medium_margin,moderate_disposal_cost,recovered_demand,recovered_target_response,5,0.4,always_0pct,-0.1397127330523926,0.17647515536826155,0.0,1.0,0.0,0.31618788842065415,-0.27352484463173843,0,1.0,0.0,0.0,0.0,0.0,0.0
state_0028,core_006,recovered_calibration,always_0pct,0,0,,2.440021514892578,0.3333333432674408,0.6666666865348816,1.6303950548171997,0,early,3,short_shelf_life,high_inventory,uniform,medium_margin,moderate_disposal_cost,recovered_demand,recovered_target_response,0,0.0,expiry_threshold_rule,-0.027388741375867533,0.2590445034496529,0.0,1.0,0.0,0.28643324482552046,0.0,0,0.0,0.0,0.0,0.0,0.0,1.0
state_0028,core_006,recovered_calibration,always_0pct,0,0,,2.440021514892578,0.3333333432674408,0.6666666865348816,1.6303950548171997,0,early,3,short_shelf_life,high_inventory,uniform,medium_margin,moderate_disposal_cost,recovered_demand,recovered_target_response,1,0.05,expiry_threshold_rule,-0.01771188408687355,0.24610614796799388,0.0,1.0,0.0,0.2638180320548674,-0.01293835548165903,0,0.0,0.0,0.0,0.0,0.0,1.0
state_0028,core_006,recovered_calibration,always_0pct,0,0,,2.440021514892578,0.3333333432674408,0.6666666865348816,1.6303950548171997,0,early,3,short_shelf_life,high_inventory,uniform,medium_margin,moderate_disposal_cost,recovered_demand,recovered_target_response,2,0.1,expiry_threshold_rule,-0.04303858582243442,0.21898713805918846,0.0,1.0,0.0,0.2620257238816229,-0.04005736539046445,0,0.0,0.0,0.0,0.0,0.0,1.0
state_0028,core_006,recovered_calibration,always_0pct,0,0,,2.440021514892578,0.3333333432674408,0.6666666865348816,1.6303950548171997,0,early,3,short_shelf_life,high_inventory,uniform,medium_margin,moderate_disposal_cost,recovered_demand,recovered_target_response,3,0.2,expiry_threshold_rule,-0.10857897874347501,0.16035525531413122,0.0,1.0,0.0,0.26893423405760625,-0.09868924813552168,0,0.0,0.0,0.0,0.0,0.0,1.0
state_0028,core_006,recovered_calibration,always_0pct,0,0,,2.440021514892578,0.3333333432674408,0.6666666865348816,1.6303950548171997,0,early,3,short_shelf_life,high_inventory,uniform,medium_margin,moderate_disposal_cost,recovered_demand,recovered_target_response,4,0.3,expiry_threshold_rule,-0.1536102507061567,0.1066271070419775,0.0,1.0,0.0,0.26023735774813417,-0.1524173964076754,0,0.0,0.0,0.0,0.0,0.0,1.0
state_0028,core_006,recovered_calibration,always_0pct,0,0,,2.440021514892578,0.3333333432674408,0.6666666865348816,1.6303950548171997,0,early,3,short_shelf_life,high_inventory,uniform,medium_margin,moderate_disposal_cost,recovered_demand,recovered_target_response,5,0.4,expiry_threshold_rule,-0.1397127330523926,0.04999999999999989,0.0,1.0,0.0,0.18971273305239247,-0.20904450344965303,0,0.0,0.0,0.0,0.0,0.0,1.0
state_0028,core_006,recovered_calibration,always_0pct,0,0,,2.440021514892578,0.3333333432674408,0.6666666865348816,1.6303950548171997,0,early,3,short_shelf_life,high_inventory,uniform,medium_margin,moderate_disposal_cost,recovered_demand,recovered_target_response,0,0.0,inventory_coverage_rule,-0.027388741375867533,0.36208169482877683,0.0,1.0,0.0,0.3894704362046444,0.0,1,0.5,0.0,0.0,0.5,0.0,0.0
state_0028,core_006,recovered_calibration,always_0pct,0,0,,2.440021514892578,0.3333333432674408,0.6666666865348816,1.6303950548171997,0,early,3,short_shelf_life,high_inventory,uniform,medium_margin,moderate_disposal_cost,recovered_demand,recovered_target_response,1,0.05,inventory_coverage_rule,-0.01771188408687355,0.37911081047905937,0.0,1.0,0.0,0.3968226945659329,0.017029115650282534,1,0.5,0.0,0.5,0.0,0.0,0.0
state_0028,core_006,recovered_calibration,always_0pct,0,0,,2.440021514892578,0.3333333432674408,0.6666666865348816,1.6303950548171997,0,early,3,short_shelf_life,high_inventory,uniform,medium_margin,moderate_disposal_cost,recovered_demand,recovered_target_response,2,0.1,inventory_coverage_rule,-0.04303858582243442,0.3507969284547576,0.0,1.0,0.0,0.393835514277192,-0.011284766374019262,1,0.5,0.0,0.5,0.0,0.0,0.0
state_0028,core_006,recovered_calibration,always_0pct,0,0,,2.440021514892578,0.3333333432674408,0.6666666865348816,1.6303950548171997,0,early,3,short_shelf_life,high_inventory,uniform,medium_margin,moderate_disposal_cost,recovered_demand,recovered_target_response,3,0.2,inventory_coverage_rule,-0.10857897874347501,0.2967707191603559,0.0,1.0,0.0,0.4053496979038309,-0.06531097566842092,1,0.5,0.0,0.5,0.0,0.0,0.0
state_0028,core_006,recovered_calibration,always_0pct,0,0,,2.440021514892578,0.3333333432674408,0.6666666865348816,1.6303950548171997,0,early,3,short_shelf_life,high_inventory,uniform,medium_margin,moderate_disposal_cost,recovered_demand,recovered_target_response,4,0.3,inventory_coverage_rule,-0.1536102507061567,0.23724465334855416,0.0,1.0,0.0,0.39085490405471085,-0.12483704148022268,1,0.5,0.0,0.5,0.0,0.0,0.0
state_0028,core_006,recovered_calibration,always_0pct,0,0,,2.440021514892578,0.3333333432674408,0.6666666865348816,1.6303950548171997,0,early,3,short_shelf_life,high_inventory,uniform,medium_margin,moderate_disposal_cost,recovered_demand,recovered_target_response,5,0.4,inventory_coverage_rule,-0.1397127330523926,0.17647515536826155,0.0,1.0,0.0,0.31618788842065415,-0.18560653946051528,1,1.0,0.0,0.0,0.0,0.0,0.0
state_0028,core_006,recovered_calibration,always_0pct,0,0,,2.440021514892578,0.3333333432674408,0.6666666865348816,1.6303950548171997,0,early,3,short_shelf_life,high_inventory,uniform,medium_margin,moderate_disposal_cost,recovered_demand,recovered_target_response,0,0.0,greedy_financial,-0.027388741375867533,0.44999999999999996,0.0,1.0,0.0,0.47738874137586745,0.0,0,1.0,0.0,0.0,0.0,0.0,0.0
state_0028,core_006,recovered_calibration,always_0pct,0,0,,2.440021514892578,0.3333333432674408,0.6666666865348816,1.6303950548171997,0,early,3,short_shelf_life,high_inventory,uniform,medium_margin,moderate_disposal_cost,recovered_demand,recovered_target_response,1,0.05,greedy_financial,-0.01771188408687355,0.4219848360045722,0.0,1.0,0.0,0.4396967200914457,-0.02801516399542775,0,1.0,0.0,0.0,0.0,0.0,0.0
state_0028,core_006,recovered_calibration,always_0pct,0,0,,2.440021514892578,0.3333333432674408,0.6666666865348816,1.6303950548171997,0,early,3,short_shelf_life,high_inventory,uniform,medium_margin,moderate_disposal_cost,recovered_demand,recovered_target_response,2,0.1,greedy_financial,-0.04303858582243442,0.3936709539802704,0.0,1.0,0.0,0.4367095398027048,-0.056329046019729545,0,1.0,0.0,0.0,0.0,0.0,0.0
state_0028,core_006,recovered_calibration,always_0pct,0,0,,2.440021514892578,0.3333333432674408,0.6666666865348816,1.6303950548171997,0,early,3,short_shelf_life,high_inventory,uniform,medium_margin,moderate_disposal_cost,recovered_demand,recovered_target_response,3,0.2,greedy_financial,-0.10857897874347501,0.33964474468586875,0.0,1.0,0.0,0.44822372342934375,-0.1103552553141312,0,1.0,0.0,0.0,0.0,0.0,0.0
state_0028,core_006,recovered_calibration,always_0pct,0,0,,2.440021514892578,0.3333333432674408,0.6666666865348816,1.6303950548171997,0,early,3,short_shelf_life,high_inventory,uniform,medium_margin,moderate_disposal_cost,recovered_demand,recovered_target_response,4,0.3,greedy_financial,-0.1536102507061567,0.280118678874067,0.0,1.0,0.0,0.4337289295802237,-0.16988132112593296,0,1.0,0.0,0.0,0.0,0.0,0.0
state_0028,core_006,recovered_calibration,always_0pct,0,0,,2.440021514892578,0.3333333432674408,0.6666666865348816,1.6303950548171997,0,early,3,short_shelf_life,high_inventory,uniform,medium_margin,moderate_disposal_cost,recovered_demand,recovered_target_response,5,0.4,greedy_financial,-0.1397127330523926,0.17647515536826155,0.0,1.0,0.0,0.31618788842065415,-0.27352484463173843,0,1.0,0.0,0.0,0.0,0.0,0.0
state_0029,core_006,recovered_calibration,always_0pct,0,1,0,1.1207789182662964,0.3017570376396179,1.0,1.295389175415039,1,early,2,short_shelf_life,high_inventory,uniform,medium_margin,moderate_disposal_cost,recovered_demand,recovered_target_response,0,0.0,always_0pct,0.4152275717212963,0.44999999999999996,0.0,1.0,0.0,0.062161169654571156,0.0,0,1.0,0.0,0.0,0.0,0.0,0.0
state_0029,core_006,recovered_calibration,always_0pct,0,1,0,1.1207789182662964,0.3017570376396179,1.0,1.295389175415039,1,early,2,short_shelf_life,high_inventory,uniform,medium_margin,moderate_disposal_cost,recovered_demand,recovered_target_response,1,0.05,always_0pct,0.40610918265092194,0.42862583249205666,0.0,1.0,0.0,0.049905391217002215,-0.021374167507943298,0,1.0,0.0,0.0,0.0,0.0,0.0
state_0029,core_006,recovered_calibration,always_0pct,0,1,0,1.1207789182662964,0.3017570376396179,1.0,1.295389175415039,1,early,2,short_shelf_life,high_inventory,uniform,medium_margin,moderate_disposal_cost,recovered_demand,recovered_target_response,2,0.1,always_0pct,0.3857292773775788,0.40714119140249116,0.0,1.0,0.0,0.04880065540077993,-0.04285880859750879,0,1.0,0.0,0.0,0.0,0.0,0.0
state_0029,core_006,recovered_calibration,always_0pct,0,1,0,1.1207789182662964,0.3017570376396179,1.0,1.295389175415039,1,early,2,short_shelf_life,high_inventory,uniform,medium_margin,moderate_disposal_cost,recovered_demand,recovered_target_response,3,0.2,always_0pct,0.3516732206848923,0.36208169482877683,0.0,1.0,0.0,0.03779721551975204,-0.08791830517122312,0,1.0,0.0,0.0,0.0,0.0,0.0
state_0029,core_006,recovered_calibration,always_0pct,0,1,0,1.1207789182662964,0.3017570376396179,1.0,1.295389175415039,1,early,2,short_shelf_life,high_inventory,uniform,medium_margin,moderate_disposal_cost,recovered_demand,recovered_target_response,4,0.3,always_0pct,0.3328831621514351,0.3073357876493849,0.0,1.0,0.0,0.001841366873817308,-0.14266421235061505,0,1.0,0.0,0.0,0.0,0.0,0.0
state_0029,core_006,recovered_calibration,always_0pct,0,1,0,1.1207789182662964,0.3017570376396179,1.0,1.295389175415039,1,early,2,short_shelf_life,high_inventory,uniform,medium_margin,moderate_disposal_cost,recovered_demand,recovered_target_response,5,0.4,always_0pct,0.28643324482552046,0.2590445034496529,0.0,1.0,0.0,0.0,-0.19095549655034705,0,,,,,,
state_0029,core_006,recovered_calibration,always_0pct,0,1,0,1.1207789182662964,0.3017570376396179,1.0,1.295389175415039,1,early,2,short_shelf_life,high_inventory,uniform,medium_margin,moderate_disposal_cost,recovered_demand,recovered_target_response,0,0.0,expiry_threshold_rule,0.4152275717212963,0.42513553213817146,0.0,1.0,0.0,0.03729670179274269,0.0,0,0.0,0.0,0.0,0.0,0.0,1.0
state_0029,core_006,recovered_calibration,always_0pct,0,1,0,1.1207789182662964,0.3017570376396179,1.0,1.295389175415039,1,early,2,short_shelf_life,high_inventory,uniform,medium_margin,moderate_disposal_cost,recovered_demand,recovered_target_response,1,0.05,expiry_threshold_rule,0.40610918265092194,0.40866367600525577,0.0,1.0,0.0,0.029943234730201326,-0.016471856132915685,0,0.0,0.0,0.0,0.0,0.0,1.0
state_0029,core_006,recovered_calibration,always_0pct,0,1,0,1.1207789182662964,0.3017570376396179,1.0,1.295389175415039,1,early,2,short_shelf_life,high_inventory,uniform,medium_margin,moderate_disposal_cost,recovered_demand,recovered_target_response,2,0.1,expiry_threshold_rule,0.3857292773775788,0.38762092924217917,0.0,1.0,0.0,0.029280393240467956,-0.03751460289599229,0,0.0,0.0,0.0,0.0,0.0,1.0
state_0029,core_006,recovered_calibration,always_0pct,0,1,0,1.1207789182662964,0.3017570376396179,1.0,1.295389175415039,1,early,2,short_shelf_life,high_inventory,uniform,medium_margin,moderate_disposal_cost,recovered_demand,recovered_target_response,3,0.2,expiry_threshold_rule,0.3516732206848923,0.34696280862087603,0.0,1.0,0.0,0.022678329311851226,-0.07817272351729543,0,0.0,0.0,0.0,0.0,0.0,1.0
state_0029,core_006,recovered_calibration,always_0pct,0,1,0,1.1207789182662964,0.3017570376396179,1.0,1.295389175415039,1,early,2,short_shelf_life,high_inventory,uniform,medium_margin,moderate_disposal_cost,recovered_demand,recovered_target_response,4,0.3,expiry_threshold_rule,0.3328831621514351,0.30659924089985796,0.0,1.0,0.0,0.0011048201242903847,-0.1185362912383135,0,0.0,0.0,0.0,0.0,0.0,1.0
state_0029,core_006,recovered_calibration,always_0pct,0,1,0,1.1207789182662964,0.3017570376396179,1.0,1.295389175415039,1,early,2,short_shelf_life,high_inventory,uniform,medium_margin,moderate_disposal_cost,recovered_demand,recovered_target_response,5,0.4,expiry_threshold_rule,0.28643324482552046,0.2590445034496529,0.0,1.0,0.0,0.0,-0.16609102868851855,0,,,,,,
state_0029,core_006,recovered_calibration,always_0pct,0,1,0,1.1207789182662964,0.3017570376396179,1.0,1.295389175415039,1,early,2,short_shelf_life,high_inventory,uniform,medium_margin,moderate_disposal_cost,recovered_demand,recovered_target_response,0,0.0,inventory_coverage_rule,0.4152275717212963,0.44999999999999996,0.0,1.0,0.0,0.062161169654571156,0.0,0,1.0,0.0,0.0,0.0,0.0,0.0
state_0029,core_006,recovered_calibration,always_0pct,0,1,0,1.1207789182662964,0.3017570376396179,1.0,1.295389175415039,1,early,2,short_shelf_life,high_inventory,uniform,medium_margin,moderate_disposal_cost,recovered_demand,recovered_target_response,1,0.05,inventory_coverage_rule,0.40610918265092194,0.42862583249205666,0.0,1.0,0.0,0.049905391217002215,-0.021374167507943298,0,1.0,0.0,0.0,0.0,0.0,0.0
state_0029,core_006,recovered_calibration,always_0pct,0,1,0,1.1207789182662964,0.3017570376396179,1.0,1.295389175415039,1,early,2,short_shelf_life,high_inventory,uniform,medium_margin,moderate_disposal_cost,recovered_demand,recovered_target_response,2,0.1,inventory_coverage_rule,0.3857292773775788,0.40714119140249116,0.0,1.0,0.0,0.04880065540077993,-0.04285880859750879,0,1.0,0.0,0.0,0.0,0.0,0.0
state_0029,core_006,recovered_calibration,always_0pct,0,1,0,1.1207789182662964,0.3017570376396179,1.0,1.295389175415039,1,early,2,short_shelf_life,high_inventory,uniform,medium_margin,moderate_disposal_cost,recovered_demand,recovered_target_response,3,0.2,inventory_coverage_rule,0.3516732206848923,0.36208169482877683,0.0,1.0,0.0,0.03779721551975204,-0.08791830517122312,0,1.0,0.0,0.0,0.0,0.0,0.0
state_0029,core_006,recovered_calibration,always_0pct,0,1,0,1.1207789182662964,0.3017570376396179,1.0,1.295389175415039,1,early,2,short_shelf_life,high_inventory,uniform,medium_margin,moderate_disposal_cost,recovered_demand,recovered_target_response,4,0.3,inventory_coverage_rule,0.3328831621514351,0.3073357876493849,0.0,1.0,0.0,0.001841366873817308,-0.14266421235061505,0,1.0,0.0,0.0,0.0,0.0,0.0
state_0029,core_006,recovered_calibration,always_0pct,0,1,0,1.1207789182662964,0.3017570376396179,1.0,1.295389175415039,1,early,2,short_shelf_life,high_inventory,uniform,medium_margin,moderate_disposal_cost,recovered_demand,recovered_target_response,5,0.4,inventory_coverage_rule,0.28643324482552046,0.2590445034496529,0.0,1.0,0.0,0.0,-0.19095549655034705,0,,,,,,
state_0029,core_006,recovered_calibration,always_0pct,0,1,0,1.1207789182662964,0.3017570376396179,1.0,1.295389175415039,1,early,2,short_shelf_life,high_inventory,uniform,medium_margin,moderate_disposal_cost,recovered_demand,recovered_target_response,0,0.0,greedy_financial,0.4152275717212963,0.44999999999999996,0.0,1.0,0.0,0.062161169654571156,0.0,0,1.0,0.0,0.0,0.0,0.0,0.0
state_0029,core_006,recovered_calibration,always_0pct,0,1,0,1.1207789182662964,0.3017570376396179,1.0,1.295389175415039,1,early,2,short_shelf_life,high_inventory,uniform,medium_margin,moderate_disposal_cost,recovered_demand,recovered_target_response,1,0.05,greedy_financial,0.40610918265092194,0.42862583249205666,0.0,1.0,0.0,0.049905391217002215,-0.021374167507943298,0,1.0,0.0,0.0,0.0,0.0,0.0
state_0029,core_006,recovered_calibration,always_0pct,0,1,0,1.1207789182662964,0.3017570376396179,1.0,1.295389175415039,1,early,2,short_shelf_life,high_inventory,uniform,medium_margin,moderate_disposal_cost,recovered_demand,recovered_target_response,2,0.1,greedy_financial,0.3857292773775788,0.40714119140249116,0.0,1.0,0.0,0.04880065540077993,-0.04285880859750879,0,1.0,0.0,0.0,0.0,0.0,0.0
state_0029,core_006,recovered_calibration,always_0pct,0,1,0,1.1207789182662964,0.3017570376396179,1.0,1.295389175415039,1,early,2,short_shelf_life,high_inventory,uniform,medium_margin,moderate_disposal_cost,recovered_demand,recovered_target_response,3,0.2,greedy_financial,0.3516732206848923,0.36208169482877683,0.0,1.0,0.0,0.03779721551975204,-0.08791830517122312,0,1.0,0.0,0.0,0.0,0.0,0.0
state_0029,core_006,recovered_calibration,always_0pct,0,1,0,1.1207789182662964,0.3017570376396179,1.0,1.295389175415039,1,early,2,short_shelf_life,high_inventory,uniform,medium_margin,moderate_disposal_cost,recovered_demand,recovered_target_response,4,0.3,greedy_financial,0.3328831621514351,0.3073357876493849,0.0,1.0,0.0,0.001841366873817308,-0.14266421235061505,0,1.0,0.0,0.0,0.0,0.0,0.0
state_0029,core_006,recovered_calibration,always_0pct,0,1,0,1.1207789182662964,0.3017570376396179,1.0,1.295389175415039,1,early,2,short_shelf_life,high_inventory,uniform,medium_margin,moderate_disposal_cost,recovered_demand,recovered_target_response,5,0.4,greedy_financial,0.28643324482552046,0.2590445034496529,0.0,1.0,0.0,0.0,-0.19095549655034705,0,,,,,,
state_0030,core_006,recovered_calibration,always_0pct,0,2,0|0,0.145673930644989,1.0,1.0,1.4518882036209106,2,late,1,short_shelf_life,high_inventory,uniform,medium_margin,moderate_disposal_cost,recovered_demand,recovered_target_response,0,0.0,always_0pct,0.062161169654571156,0.44999999999999996,0.0,1.0,0.0,0.0,0.0,0,,,,,,
state_0030,core_006,recovered_calibration,always_0pct,0,2,0|0,0.145673930644989,1.0,1.0,1.4518882036209106,2,late,1,short_shelf_life,high_inventory,uniform,medium_margin,moderate_disposal_cost,recovered_demand,recovered_target_response,1,0.05,always_0pct,0.059053111171842594,0.44689194151727135,0.0,1.0,0.0,0.0,-0.003108058482728604,0,,,,,,
state_0030,core_006,recovered_calibration,always_0pct,0,2,0|0,0.145673930644989,1.0,1.0,1.4518882036209106,2,late,1,short_shelf_life,high_inventory,uniform,medium_margin,moderate_disposal_cost,recovered_demand,recovered_target_response,2,0.1,always_0pct,0.055945052689114046,0.4437838830345428,0.0,1.0,0.0,0.0,-0.006216116965457152,0,,,,,,
state_0030,core_006,recovered_calibration,always_0pct,0,2,0|0,0.145673930644989,1.0,1.0,1.4518882036209106,2,late,1,short_shelf_life,high_inventory,uniform,medium_margin,moderate_disposal_cost,recovered_demand,recovered_target_response,3,0.2,always_0pct,0.049728935723656935,0.43756776606908576,0.0,1.0,0.0,0.0,-0.012432233930914194,0,,,,,,
state_0030,core_006,recovered_calibration,always_0pct,0,2,0|0,0.145673930644989,1.0,1.0,1.4518882036209106,2,late,1,short_shelf_life,high_inventory,uniform,medium_margin,moderate_disposal_cost,recovered_demand,recovered_target_response,4,0.3,always_0pct,0.0435128187581998,0.4313516491036286,0.0,1.0,0.0,0.0,-0.018648350896371346,0,,,,,,
state_0030,core_006,recovered_calibration,always_0pct,0,2,0|0,0.145673930644989,1.0,1.0,1.4518882036209106,2,late,1,short_shelf_life,high_inventory,uniform,medium_margin,moderate_disposal_cost,recovered_demand,recovered_target_response,5,0.4,always_0pct,0.03729670179274269,0.42513553213817146,0.0,1.0,0.0,0.0,-0.0248644678618285,0,,,,,,
state_0030,core_006,recovered_calibration,always_0pct,0,2,0|0,0.145673930644989,1.0,1.0,1.4518882036209106,2,late,1,short_shelf_life,high_inventory,uniform,medium_margin,moderate_disposal_cost,recovered_demand,recovered_target_response,0,0.0,expiry_threshold_rule,0.062161169654571156,0.44999999999999996,0.0,1.0,0.0,0.0,0.0,0,,,,,,
state_0030,core_006,recovered_calibration,always_0pct,0,2,0|0,0.145673930644989,1.0,1.0,1.4518882036209106,2,late,1,short_shelf_life,high_inventory,uniform,medium_margin,moderate_disposal_cost,recovered_demand,recovered_target_response,1,0.05,expiry_threshold_rule,0.059053111171842594,0.44689194151727135,0.0,1.0,0.0,0.0,-0.003108058482728604,0,,,,,,
state_0030,core_006,recovered_calibration,always_0pct,0,2,0|0,0.145673930644989,1.0,1.0,1.4518882036209106,2,late,1,short_shelf_life,high_inventory,uniform,medium_margin,moderate_disposal_cost,recovered_demand,recovered_target_response,2,0.1,expiry_threshold_rule,0.055945052689114046,0.4437838830345428,0.0,1.0,0.0,0.0,-0.006216116965457152,0,,,,,,
state_0030,core_006,recovered_calibration,always_0pct,0,2,0|0,0.145673930644989,1.0,1.0,1.4518882036209106,2,late,1,short_shelf_life,high_inventory,uniform,medium_margin,moderate_disposal_cost,recovered_demand,recovered_target_response,3,0.2,expiry_threshold_rule,0.049728935723656935,0.43756776606908576,0.0,1.0,0.0,0.0,-0.012432233930914194,0,,,,,,
state_0030,core_006,recovered_calibration,always_0pct,0,2,0|0,0.145673930644989,1.0,1.0,1.4518882036209106,2,late,1,short_shelf_life,high_inventory,uniform,medium_margin,moderate_disposal_cost,recovered_demand,recovered_target_response,4,0.3,expiry_threshold_rule,0.0435128187581998,0.4313516491036286,0.0,1.0,0.0,0.0,-0.018648350896371346,0,,,,,,
state_0030,core_006,recovered_calibration,always_0pct,0,2,0|0,0.145673930644989,1.0,1.0,1.4518882036209106,2,late,1,short_shelf_life,high_inventory,uniform,medium_margin,moderate_disposal_cost,recovered_demand,recovered_target_response,5,0.4,expiry_threshold_rule,0.03729670179274269,0.42513553213817146,0.0,1.0,0.0,0.0,-0.0248644678618285,0,,,,,,
state_0030,core_006,recovered_calibration,always_0pct,0,2,0|0,0.145673930644989,1.0,1.0,1.4518882036209106,2,late,1,short_shelf_life,high_inventory,uniform,medium_margin,moderate_disposal_cost,recovered_demand,recovered_target_response,0,0.0,inventory_coverage_rule,0.062161169654571156,0.44999999999999996,0.0,1.0,0.0,0.0,0.0,0,,,,,,
state_0030,core_006,recovered_calibration,always_0pct,0,2,0|0,0.145673930644989,1.0,1.0,1.4518882036209106,2,late,1,short_shelf_life,high_inventory,uniform,medium_margin,moderate_disposal_cost,recovered_demand,recovered_target_response,1,0.05,inventory_coverage_rule,0.059053111171842594,0.44689194151727135,0.0,1.0,0.0,0.0,-0.003108058482728604,0,,,,,,
state_0030,core_006,recovered_calibration,always_0pct,0,2,0|0,0.145673930644989,1.0,1.0,1.4518882036209106,2,late,1,short_shelf_life,high_inventory,uniform,medium_margin,moderate_disposal_cost,recovered_demand,recovered_target_response,2,0.1,inventory_coverage_rule,0.055945052689114046,0.4437838830345428,0.0,1.0,0.0,0.0,-0.006216116965457152,0,,,,,,
state_0030,core_006,recovered_calibration,always_0pct,0,2,0|0,0.145673930644989,1.0,1.0,1.4518882036209106,2,late,1,short_shelf_life,high_inventory,uniform,medium_margin,moderate_disposal_cost,recovered_demand,recovered_target_response,3,0.2,inventory_coverage_rule,0.049728935723656935,0.43756776606908576,0.0,1.0,0.0,0.0,-0.012432233930914194,0,,,,,,
state_0030,core_006,recovered_calibration,always_0pct,0,2,0|0,0.145673930644989,1.0,1.0,1.4518882036209106,2,late,1,short_shelf_life,high_inventory,uniform,medium_margin,moderate_disposal_cost,recovered_demand,recovered_target_response,4,0.3,inventory_coverage_rule,0.0435128187581998,0.4313516491036286,0.0,1.0,0.0,0.0,-0.018648350896371346,0,,,,,,
state_0030,core_006,recovered_calibration,always_0pct,0,2,0|0,0.145673930644989,1.0,1.0,1.4518882036209106,2,late,1,short_shelf_life,high_inventory,uniform,medium_margin,moderate_disposal_cost,recovered_demand,recovered_target_response,5,0.4,inventory_coverage_rule,0.03729670179274269,0.42513553213817146,0.0,1.0,0.0,0.0,-0.0248644678618285,0,,,,,,
state_0030,core_006,recovered_calibration,always_0pct,0,2,0|0,0.145673930644989,1.0,1.0,1.4518882036209106,2,late,1,short_shelf_life,high_inventory,uniform,medium_margin,moderate_disposal_cost,recovered_demand,recovered_target_response,0,0.0,greedy_financial,0.062161169654571156,0.44999999999999996,0.0,1.0,0.0,0.0,0.0,0,,,,,,
state_0030,core_006,recovered_calibration,always_0pct,0,2,0|0,0.145673930644989,1.0,1.0,1.4518882036209106,2,late,1,short_shelf_life,high_inventory,uniform,medium_margin,moderate_disposal_cost,recovered_demand,recovered_target_response,1,0.05,greedy_financial,0.059053111171842594,0.44689194151727135,0.0,1.0,0.0,0.0,-0.003108058482728604,0,,,,,,
state_0030,core_006,recovered_calibration,always_0pct,0,2,0|0,0.145673930644989,1.0,1.0,1.4518882036209106,2,late,1,short_shelf_life,high_inventory,uniform,medium_margin,moderate_disposal_cost,recovered_demand,recovered_target_response,2,0.1,greedy_financial,0.055945052689114046,0.4437838830345428,0.0,1.0,0.0,0.0,-0.006216116965457152,0,,,,,,
state_0030,core_006,recovered_calibration,always_0pct,0,2,0|0,0.145673930644989,1.0,1.0,1.4518882036209106,2,late,1,short_shelf_life,high_inventory,uniform,medium_margin,moderate_disposal_cost,recovered_demand,recovered_target_response,3,0.2,greedy_financial,0.049728935723656935,0.43756776606908576,0.0,1.0,0.0,0.0,-0.012432233930914194,0,,,,,,
state_0030,core_006,recovered_calibration,always_0pct,0,2,0|0,0.145673930644989,1.0,1.0,1.4518882036209106,2,late,1,short_shelf_life,high_inventory,uniform,medium_margin,moderate_disposal_cost,recovered_demand,recovered_target_response,4,0.3,greedy_financial,0.0435128187581998,0.4313516491036286,0.0,1.0,0.0,0.0,-0.018648350896371346,0,,,,,,
state_0030,core_006,recovered_calibration,always_0pct,0,2,0|0,0.145673930644989,1.0,1.0,1.4518882036209106,2,late,1,short_shelf_life,high_inventory,uniform,medium_margin,moderate_disposal_cost,recovered_demand,recovered_target_response,5,0.4,greedy_financial,0.03729670179274269,0.42513553213817146,0.0,1.0,0.0,0.0,-0.0248644678618285,0,,,,,,
state_0031,core_006,recovered_calibration,always_0pct,1,0,,7.799272537231445,0.3333333432674408,0.6666666865348816,0.4419904053211212,0,early,3,short_shelf_life,high_inventory,uniform,medium_margin,moderate_disposal_cost,recovered_demand,recovered_target_response,0,0.0,always_0pct,-0.4179060210093806,-0.15219932794739763,0.5735231694737118,0.4264768305262881,0.0,0.265706693061983,0.0,5,1.0,0.0,0.0,0.0,0.0,0.0
state_0031,core_006,recovered_calibration,always_0pct,1,0,,7.799272537231445,0.3333333432674408,0.6666666865348816,0.4419904053211212,0,early,3,short_shelf_life,high_inventory,uniform,medium_margin,moderate_disposal_cost,recovered_demand,recovered_target_response,1,0.05,always_0pct,-0.41810596913551634,-0.15515828867750842,0.5692669083818579,0.4307330916181421,0.0,0.26294768045800787,-0.002958960730110788,5,1.0,0.0,0.0,0.0,0.0,0.0
state_0031,core_006,recovered_calibration,always_0pct,1,0,,7.799272537231445,0.3333333432674408,0.6666666865348816,0.4419904053211212,0,early,3,short_shelf_life,high_inventory,uniform,medium_margin,moderate_disposal_cost,recovered_demand,recovered_target_response,2,0.1,always_0pct,-0.4303744806038429,-0.16742680014583508,0.5743621468995096,0.42563785310049035,0.0,0.26294768045800787,-0.015227472198437453,5,1.0,0.0,0.0,0.0,0.0,0.0
state_0031,core_006,recovered_calibration,always_0pct,1,0,,7.799272537231445,0.3333333432674408,0.6666666865348816,0.4419904053211212,0,early,3,short_shelf_life,high_inventory,uniform,medium_margin,moderate_disposal_cost,recovered_demand,recovered_target_response,3,0.2,always_0pct,-0.42779127561218266,-0.1648435951541748,0.554444792907733,0.44555520709226704,0.0,0.26294768045800787,-0.012644267206777166,5,1.0,0.0,0.0,0.0,0.0,0.0
state_0031,core_006,recovered_calibration,always_0pct,1,0,,7.799272537231445,0.3333333432674408,0.6666666865348816,0.4419904053211212,0,early,3,short_shelf_life,high_inventory,uniform,medium_margin,moderate_disposal_cost,recovered_demand,recovered_target_response,4,0.3,always_0pct,-0.41576276697476594,-0.1398807803269151,0.5043040194763377,0.49569598052366226,0.0,0.2758819866478509,0.01231854762048254,5,1.0,0.0,0.0,0.0,0.0,0.0
state_0031,core_006,recovered_calibration,always_0pct,1,0,,7.799272537231445,0.3333333432674408,0.6666666865348816,0.4419904053211212,0,early,3,short_shelf_life,high_inventory,uniform,medium_margin,moderate_disposal_cost,recovered_demand,recovered_target_response,5,0.4,always_0pct,-0.3888467550572236,-0.10353208852053974,0.4229566196257487,0.5770433803742514,0.0,0.28531466653668386,0.04866723942685788,5,1.0,0.0,0.0,0.0,0.0,0.0
state_0031,core_006,recovered_calibration,always_0pct,1,0,,7.799272537231445,0.3333333432674408,0.6666666865348816,0.4419904053211212,0,early,3,short_shelf_life,high_inventory,uniform,medium_margin,moderate_disposal_cost,recovered_demand,recovered_target_response,0,0.0,expiry_threshold_rule,-0.4179060210093806,-0.09735654819927132,0.31388810823758123,0.6861118917624188,0.0,0.3205494728101093,0.0,5,0.0,0.0,0.0,0.0,0.0,1.0
state_0031,core_006,recovered_calibration,always_0pct,1,0,,7.799272537231445,0.3333333432674408,0.6666666865348816,0.4419904053211212,0,early,3,short_shelf_life,high_inventory,uniform,medium_margin,moderate_disposal_cost,recovered_demand,recovered_target_response,1,0.05,expiry_threshold_rule,-0.41810596913551634,-0.09816501536051575,0.30794039922525895,0.692059600774741,0.0,0.31994095377500054,-0.0008084671612444277,5,0.0,0.0,0.0,0.0,0.0,1.0
state_0031,core_006,recovered_calibration,always_0pct,1,0,,7.799272537231445,0.3333333432674408,0.6666666865348816,0.4419904053211212,0,early,3,short_shelf_life,high_inventory,uniform,medium_margin,moderate_disposal_cost,recovered_demand,recovered_target_response,2,0.1,expiry_threshold_rule,-0.4303744806038429,-0.10982500779373362,0.3120994546119741,0.687900545388026,0.0,0.3205494728101093,-0.0124684595944623,5,0.0,0.0,0.0,0.0,0.0,1.0
state_0031,core_006,recovered_calibration,always_0pct,1,0,,7.799272537231445,0.3333333432674408,0.6666666865348816,0.4419904053211212,0,early,3,short_shelf_life,high_inventory,uniform,medium_margin,moderate_disposal_cost,recovered_demand,recovered_target_response,3,0.2,expiry_threshold_rule,-0.42779127561218266,-0.1078503218371821,0.29311828375113397,0.7068817162488661,0.0,0.31994095377500054,-0.010493773637910778,5,0.0,0.0,0.0,0.0,0.0,1.0
state_0031,core_006,recovered_calibration,always_0pct,1,0,,7.799272537231445,0.3333333432674408,0.6666666865348816,0.4419904053211212,0,early,3,short_shelf_life,high_inventory,uniform,medium_margin,moderate_disposal_cost,recovered_demand,recovered_target_response,4,0.3,expiry_threshold_rule,-0.41576276697476594,-0.09907633422563167,0.26030285259161795,0.7396971474083821,0.0,0.31668643274913433,-0.0017197860263603454,5,0.0,0.0,0.0,0.0,0.0,1.0
state_0031,core_006,recovered_calibration,always_0pct,1,0,,7.799272537231445,0.3333333432674408,0.6666666865348816,0.4419904053211212,0,early,3,short_shelf_life,high_inventory,uniform,medium_margin,moderate_disposal_cost,recovered_demand,recovered_target_response,5,0.4,expiry_threshold_rule,-0.3888467550572236,-0.0647642414550395,0.17656037146929135,0.8234396285307086,0.0,0.3240825136021841,0.032592306744231817,5,0.0,0.0,0.0,0.0,0.0,1.0
state_0031,core_006,recovered_calibration,always_0pct,1,0,,7.799272537231445,0.3333333432674408,0.6666666865348816,0.4419904053211212,0,early,3,short_shelf_life,high_inventory,uniform,medium_margin,moderate_disposal_cost,recovered_demand,recovered_target_response,0,0.0,inventory_coverage_rule,-0.4179060210093806,-0.1374857891355122,0.43998510766917276,0.5600148923308272,0.0,0.28042023187386844,0.0,5,0.0,0.0,0.0,0.0,1.0,0.0
state_0031,core_006,recovered_calibration,always_0pct,1,0,,7.799272537231445,0.3333333432674408,0.6666666865348816,0.4419904053211212,0,early,3,short_shelf_life,high_inventory,uniform,medium_margin,moderate_disposal_cost,recovered_demand,recovered_target_response,1,0.05,inventory_coverage_rule,-0.41810596913551634,-0.13768573726164787,0.4331012155259139,0.5668987844740861,0.0,0.28042023187386844,-0.00019994812613566282,5,0.0,0.0,0.0,0.0,1.0,0.0
state_0031,core_006,recovered_calibration,always_0pct,1,0,,7.799272537231445,0.3333333432674408,0.6666666865348816,0.4419904053211212,0,early,3,short_shelf_life,high_inventory,uniform,medium_margin,moderate_disposal_cost,recovered_demand,recovered_target_response,2,0.1,inventory_coverage_rule,-0.4303744806038429,-0.1499542487299745,0.4381964540435656,0.5618035459564344,0.0,0.28042023187386844,-0.0124684595944623,5,0.0,0.0,0.0,0.0,1.0,0.0
state_0031,core_006,recovered_calibration,always_0pct,1,0,,7.799272537231445,0.3333333432674408,0.6666666865348816,0.4419904053211212,0,early,3,short_shelf_life,high_inventory,uniform,medium_margin,moderate_disposal_cost,recovered_demand,recovered_target_response,3,0.2,inventory_coverage_rule,-0.42779127561218266,-0.14820429790854067,0.41939010561209084,0.5806098943879092,0.0,0.279586977703642,-0.010718508773028462,5,0.0,0.0,0.0,0.0,1.0,0.0
state_0031,core_006,recovered_calibration,always_0pct,1,0,,7.799272537231445,0.3333333432674408,0.6666666865348816,0.4419904053211212,0,early,3,short_shelf_life,high_inventory,uniform,medium_margin,moderate_disposal_cost,recovered_demand,recovered_target_response,4,0.3,inventory_coverage_rule,-0.41576276697476594,-0.12797258158533167,0.3706301087804421,0.6293698912195579,0.0,0.28779018538943424,0.009513207550180536,5,0.0,0.0,0.0,0.0,1.0,0.0
state_0031,core_006,recovered_calibration,always_0pct,1,0,,7.799272537231445,0.3333333432674408,0.6666666865348816,0.4419904053211212,0,early,3,short_shelf_life,high_inventory,uniform,medium_margin,moderate_disposal_cost,recovered_demand,recovered_target_response,5,0.4,inventory_coverage_rule,-0.3888467550572236,-0.09650442483464057,0.29219668714168606,0.7078033128583139,0.0,0.29234233022258305,0.04098136430087164,5,0.0,0.0,0.0,0.0,1.0,0.0
state_0031,core_006,recovered_calibration,always_0pct,1,0,,7.799272537231445,0.3333333432674408,0.6666666865348816,0.4419904053211212,0,early,3,short_shelf_life,high_inventory,uniform,medium_margin,moderate_disposal_cost,recovered_demand,recovered_target_response,0,0.0,greedy_financial,-0.4179060210093806,-0.09735654819927132,0.31388810823758123,0.6861118917624188,0.0,0.3205494728101093,0.0,5,0.0,0.0,0.0,0.0,0.0,1.0
state_0031,core_006,recovered_calibration,always_0pct,1,0,,7.799272537231445,0.3333333432674408,0.6666666865348816,0.4419904053211212,0,early,3,short_shelf_life,high_inventory,uniform,medium_margin,moderate_disposal_cost,recovered_demand,recovered_target_response,1,0.05,greedy_financial,-0.41810596913551634,-0.09816501536051575,0.30794039922525895,0.692059600774741,0.0,0.31994095377500054,-0.0008084671612444277,5,0.0,0.0,0.0,0.0,0.0,1.0
state_0031,core_006,recovered_calibration,always_0pct,1,0,,7.799272537231445,0.3333333432674408,0.6666666865348816,0.4419904053211212,0,early,3,short_shelf_life,high_inventory,uniform,medium_margin,moderate_disposal_cost,recovered_demand,recovered_target_response,2,0.1,greedy_financial,-0.4303744806038429,-0.10982500779373362,0.3120994546119741,0.687900545388026,0.0,0.3205494728101093,-0.0124684595944623,5,0.0,0.0,0.0,0.0,0.0,1.0
state_0031,core_006,recovered_calibration,always_0pct,1,0,,7.799272537231445,0.3333333432674408,0.6666666865348816,0.4419904053211212,0,early,3,short_shelf_life,high_inventory,uniform,medium_margin,moderate_disposal_cost,recovered_demand,recovered_target_response,3,0.2,greedy_financial,-0.42779127561218266,-0.1078503218371821,0.29311828375113397,0.7068817162488661,0.0,0.31994095377500054,-0.010493773637910778,5,0.0,0.0,0.0,0.0,0.0,1.0
state_0031,core_006,recovered_calibration,always_0pct,1,0,,7.799272537231445,0.3333333432674408,0.6666666865348816,0.4419904053211212,0,early,3,short_shelf_life,high_inventory,uniform,medium_margin,moderate_disposal_cost,recovered_demand,recovered_target_response,4,0.3,greedy_financial,-0.41576276697476594,-0.09907633422563167,0.26030285259161795,0.7396971474083821,0.0,0.31668643274913433,-0.0017197860263603454,5,0.0,0.0,0.0,0.0,0.0,1.0
state_0031,core_006,recovered_calibration,always_0pct,1,0,,7.799272537231445,0.3333333432674408,0.6666666865348816,0.4419904053211212,0,early,3,short_shelf_life,high_inventory,uniform,medium_margin,moderate_disposal_cost,recovered_demand,recovered_target_response,5,0.4,greedy_financial,-0.3888467550572236,-0.0647642414550395,0.17656037146929135,0.8234396285307086,0.0,0.3240825136021841,0.032592306744231817,5,0.0,0.0,0.0,0.0,0.0,1.0
state_0032,core_009,observed_calibration,always_0pct,0,0,,2.21427583694458,0.1428571492433548,0.2857142984867096,1.514770746231079,0,early,7,medium_shelf_life,high_inventory,uniform,medium_margin,moderate_disposal_cost,observed_sales_demand,observed_target_response,0,0.0,always_0pct,0.06235411267290178,0.45000000000000007,0.0,1.0000000000000002,0.0,0.3876458873270983,0.0,0,1.0,0.0,0.0,0.0,0.0,0.0
state_0032,core_009,observed_calibration,always_0pct,0,0,,2.21427583694458,0.1428571492433548,0.2857142984867096,1.514770746231079,0,early,7,medium_shelf_life,high_inventory,uniform,medium_margin,moderate_disposal_cost,observed_sales_demand,observed_target_response,1,0.05,always_0pct,0.02952033008409006,0.41949892999557425,0.0,1.0000000000000002,0.0,0.3899785999114842,-0.030501070004425812,0,1.0,0.0,0.0,0.0,0.0,0.0
state_0032,core_009,observed_calibration,always_0pct,0,0,,2.21427583694458,0.1428571492433548,0.2857142984867096,1.514770746231079,0,early,7,medium_shelf_life,high_inventory,uniform,medium_margin,moderate_disposal_cost,observed_sales_demand,observed_target_response,2,0.1,always_0pct,0.0016765198199474374,0.38870260890889485,0.0,1.0000000000000002,0.0,0.3870260890889474,-0.06129739109110521,0,1.0,0.0,0.0,0.0,0.0,0.0
state_0032,core_009,observed_calibration,always_0pct,0,0,,2.21427583694458,0.1428571492433548,0.2857142984867096,1.514770746231079,0,early,7,medium_shelf_life,high_inventory,uniform,medium_margin,moderate_disposal_cost,observed_sales_demand,observed_target_response,3,0.2,always_0pct,-0.06151082542365482,0.32787770635591384,0.0,1.0000000000000002,0.0,0.38938853177956867,-0.12212229364408622,0,1.0,0.0,0.0,0.0,0.0,0.0
state_0032,core_009,observed_calibration,always_0pct,0,0,,2.21427583694458,0.1428571492433548,0.2857142984867096,1.514770746231079,0,early,7,medium_shelf_life,high_inventory,uniform,medium_margin,moderate_disposal_cost,observed_sales_demand,observed_target_response,4,0.3,always_0pct,-0.11607278588631903,0.2640311939512796,0.0,1.0000000000000002,0.0,0.38010397983759864,-0.18596880604872046,0,1.0,0.0,0.0,0.0,0.0,0.0
state_0032,core_009,observed_calibration,always_0pct,0,0,,2.21427583694458,0.1428571492433548,0.2857142984867096,1.514770746231079,0,early,7,medium_shelf_life,high_inventory,uniform,medium_margin,moderate_disposal_cost,observed_sales_demand,observed_target_response,5,0.4,always_0pct,-0.044904341806207344,0.11326956120413832,0.0,1.0000000000000002,0.0,0.15817390301034567,-0.33673043879586173,0,1.0,0.0,0.0,0.0,0.0,0.0
state_0032,core_009,observed_calibration,always_0pct,0,0,,2.21427583694458,0.1428571492433548,0.2857142984867096,1.514770746231079,0,early,7,medium_shelf_life,high_inventory,uniform,medium_margin,moderate_disposal_cost,observed_sales_demand,observed_target_response,0,0.0,expiry_threshold_rule,0.06235411267290178,0.45000000000000007,0.0,1.0000000000000002,0.0,0.3876458873270983,0.0,0,1.0,0.0,0.0,0.0,0.0,0.0
state_0032,core_009,observed_calibration,always_0pct,0,0,,2.21427583694458,0.1428571492433548,0.2857142984867096,1.514770746231079,0,early,7,medium_shelf_life,high_inventory,uniform,medium_margin,moderate_disposal_cost,observed_sales_demand,observed_target_response,1,0.05,expiry_threshold_rule,0.02952033008409006,0.41949892999557425,0.0,1.0000000000000002,0.0,0.3899785999114842,-0.030501070004425812,0,1.0,0.0,0.0,0.0,0.0,0.0
state_0032,core_009,observed_calibration,always_0pct,0,0,,2.21427583694458,0.1428571492433548,0.2857142984867096,1.514770746231079,0,early,7,medium_shelf_life,high_inventory,uniform,medium_margin,moderate_disposal_cost,observed_sales_demand,observed_target_response,2,0.1,expiry_threshold_rule,0.0016765198199474374,0.38870260890889485,0.0,1.0000000000000002,0.0,0.3870260890889474,-0.06129739109110521,0,1.0,0.0,0.0,0.0,0.0,0.0
state_0032,core_009,observed_calibration,always_0pct,0,0,,2.21427583694458,0.1428571492433548,0.2857142984867096,1.514770746231079,0,early,7,medium_shelf_life,high_inventory,uniform,medium_margin,moderate_disposal_cost,observed_sales_demand,observed_target_response,3,0.2,expiry_threshold_rule,-0.06151082542365482,0.32787770635591384,0.0,1.0000000000000002,0.0,0.38938853177956867,-0.12212229364408622,0,1.0,0.0,0.0,0.0,0.0,0.0
state_0032,core_009,observed_calibration,always_0pct,0,0,,2.21427583694458,0.1428571492433548,0.2857142984867096,1.514770746231079,0,early,7,medium_shelf_life,high_inventory,uniform,medium_margin,moderate_disposal_cost,observed_sales_demand,observed_target_response,4,0.3,expiry_threshold_rule,-0.11607278588631903,0.2640311939512796,0.0,1.0000000000000002,0.0,0.38010397983759864,-0.18596880604872046,0,1.0,0.0,0.0,0.0,0.0,0.0
state_0032,core_009,observed_calibration,always_0pct,0,0,,2.21427583694458,0.1428571492433548,0.2857142984867096,1.514770746231079,0,early,7,medium_shelf_life,high_inventory,uniform,medium_margin,moderate_disposal_cost,observed_sales_demand,observed_target_response,5,0.4,expiry_threshold_rule,-0.044904341806207344,0.11326956120413832,0.0,1.0000000000000002,0.0,0.15817390301034567,-0.33673043879586173,0,1.0,0.0,0.0,0.0,0.0,0.0
state_0032,core_009,observed_calibration,always_0pct,0,0,,2.21427583694458,0.1428571492433548,0.2857142984867096,1.514770746231079,0,early,7,medium_shelf_life,high_inventory,uniform,medium_margin,moderate_disposal_cost,observed_sales_demand,observed_target_response,0,0.0,inventory_coverage_rule,0.06235411267290178,0.41123541126729024,0.0,1.0000000000000002,0.0,0.3488812985943885,0.0,0,0.0,0.0,1.0,0.0,0.0,0.0
state_0032,core_009,observed_calibration,always_0pct,0,0,,2.21427583694458,0.1428571492433548,0.2857142984867096,1.514770746231079,0,early,7,medium_shelf_life,high_inventory,uniform,medium_margin,moderate_disposal_cost,observed_sales_demand,observed_target_response,1,0.05,inventory_coverage_rule,0.02952033008409006,0.38050107000442585,0.0,1.0000000000000002,0.0,0.3509807399203358,-0.030734341262864395,0,0.0,0.0,1.0,0.0,0.0,0.0
state_0032,core_009,observed_calibration,always_0pct,0,0,,2.21427583694458,0.1428571492433548,0.2857142984867096,1.514770746231079,0,early,7,medium_shelf_life,high_inventory,uniform,medium_margin,moderate_disposal_cost,observed_sales_demand,observed_target_response,2,0.1,inventory_coverage_rule,0.0016765198199474374,0.3500000000000001,0.0,1.0000000000000002,0.0,0.34832348018005266,-0.06123541126729015,0,0.0,0.0,1.0,0.0,0.0,0.0
state_0032,core_009,observed_calibration,always_0pct,0,0,,2.21427583694458,0.1428571492433548,0.2857142984867096,1.514770746231079,0,early,7,medium_shelf_life,high_inventory,uniform,medium_margin,moderate_disposal_cost,observed_sales_demand,observed_target_response,3,0.2,inventory_coverage_rule,-0.06151082542365482,0.288938853177957,0.0,1.0000000000000002,0.0,0.3504496786016118,-0.12229655808933326,0,0.0,0.0,1.0,0.0,0.0,0.0
state_0032,core_009,observed_calibration,always_0pct,0,0,,2.21427583694458,0.1428571492433548,0.2857142984867096,1.514770746231079,0,early,7,medium_shelf_life,high_inventory,uniform,medium_margin,moderate_disposal_cost,observed_sales_demand,observed_target_response,4,0.3,inventory_coverage_rule,-0.11607278588631903,0.2640311939512796,0.0,1.0000000000000002,0.0,0.38010397983759864,-0.14720421731601063,0,1.0,0.0,0.0,0.0,0.0,0.0
state_0032,core_009,observed_calibration,always_0pct,0,0,,2.21427583694458,0.1428571492433548,0.2857142984867096,1.514770746231079,0,early,7,medium_shelf_life,high_inventory,uniform,medium_margin,moderate_disposal_cost,observed_sales_demand,observed_target_response,5,0.4,inventory_coverage_rule,-0.044904341806207344,0.11326956120413832,0.0,1.0000000000000002,0.0,0.15817390301034567,-0.2979658500631519,0,1.0,0.0,0.0,0.0,0.0,0.0
state_0032,core_009,observed_calibration,always_0pct,0,0,,2.21427583694458,0.1428571492433548,0.2857142984867096,1.514770746231079,0,early,7,medium_shelf_life,high_inventory,uniform,medium_margin,moderate_disposal_cost,observed_sales_demand,observed_target_response,0,0.0,greedy_financial,0.06235411267290178,0.45000000000000007,0.0,1.0000000000000002,0.0,0.3876458873270983,0.0,0,1.0,0.0,0.0,0.0,0.0,0.0
state_0032,core_009,observed_calibration,always_0pct,0,0,,2.21427583694458,0.1428571492433548,0.2857142984867096,1.514770746231079,0,early,7,medium_shelf_life,high_inventory,uniform,medium_margin,moderate_disposal_cost,observed_sales_demand,observed_target_response,1,0.05,greedy_financial,0.02952033008409006,0.41949892999557425,0.0,1.0000000000000002,0.0,0.3899785999114842,-0.030501070004425812,0,1.0,0.0,0.0,0.0,0.0,0.0
state_0032,core_009,observed_calibration,always_0pct,0,0,,2.21427583694458,0.1428571492433548,0.2857142984867096,1.514770746231079,0,early,7,medium_shelf_life,high_inventory,uniform,medium_margin,moderate_disposal_cost,observed_sales_demand,observed_target_response,2,0.1,greedy_financial,0.0016765198199474374,0.38870260890889485,0.0,1.0000000000000002,0.0,0.3870260890889474,-0.06129739109110521,0,1.0,0.0,0.0,0.0,0.0,0.0
state_0032,core_009,observed_calibration,always_0pct,0,0,,2.21427583694458,0.1428571492433548,0.2857142984867096,1.514770746231079,0,early,7,medium_shelf_life,high_inventory,uniform,medium_margin,moderate_disposal_cost,observed_sales_demand,observed_target_response,3,0.2,greedy_financial,-0.06151082542365482,0.32787770635591384,0.0,1.0000000000000002,0.0,0.38938853177956867,-0.12212229364408622,0,1.0,0.0,0.0,0.0,0.0,0.0
state_0032,core_009,observed_calibration,always_0pct,0,0,,2.21427583694458,0.1428571492433548,0.2857142984867096,1.514770746231079,0,early,7,medium_shelf_life,high_inventory,uniform,medium_margin,moderate_disposal_cost,observed_sales_demand,observed_target_response,4,0.3,greedy_financial,-0.11607278588631903,0.2640311939512796,0.0,1.0000000000000002,0.0,0.38010397983759864,-0.18596880604872046,0,1.0,0.0,0.0,0.0,0.0,0.0
state_0032,core_009,observed_calibration,always_0pct,0,0,,2.21427583694458,0.1428571492433548,0.2857142984867096,1.514770746231079,0,early,7,medium_shelf_life,high_inventory,uniform,medium_margin,moderate_disposal_cost,observed_sales_demand,observed_target_response,5,0.4,greedy_financial,-0.044904341806207344,0.11326956120413832,0.0,1.0000000000000002,0.0,0.15817390301034567,-0.33673043879586173,0,1.0,0.0,0.0,0.0,0.0,0.0
state_0033,core_009,observed_calibration,always_0pct,0,1,0,0.81682288646698,0.0,0.0,1.1891764402389526,1,early,6,medium_shelf_life,high_inventory,uniform,medium_margin,moderate_disposal_cost,observed_sales_demand,observed_target_response,0,0.0,always_0pct,0.3876458873270983,0.45000000000000007,0.0,1.0000000000000002,0.0,0.0,0.0,0,,,,,,
state_0033,core_009,observed_calibration,always_0pct,0,1,0,0.81682288646698,0.0,0.0,1.1891764402389526,1,early,6,medium_shelf_life,high_inventory,uniform,medium_margin,moderate_disposal_cost,observed_sales_demand,observed_target_response,1,0.05,always_0pct,0.36826359296074335,0.43061770563364515,0.0,1.0000000000000002,0.0,0.0,-0.019382294366354913,0,,,,,,
state_0033,core_009,observed_calibration,always_0pct,0,1,0,0.81682288646698,0.0,0.0,1.1891764402389526,1,early,6,medium_shelf_life,high_inventory,uniform,medium_margin,moderate_disposal_cost,observed_sales_demand,observed_target_response,2,0.1,always_0pct,0.3488812985943885,0.41123541126729024,0.0,1.0000000000000002,0.0,0.0,-0.038764588732709826,0,,,,,,
state_0033,core_009,observed_calibration,always_0pct,0,1,0,0.81682288646698,0.0,0.0,1.1891764402389526,1,early,6,medium_shelf_life,high_inventory,uniform,medium_margin,moderate_disposal_cost,observed_sales_demand,observed_target_response,3,0.2,always_0pct,0.31011670986167866,0.37247082253458047,0.0,1.0000000000000002,0.0,0.0,-0.0775291774654196,0,,,,,,
state_0033,core_009,observed_calibration,always_0pct,0,1,0,0.81682288646698,0.0,0.0,1.1891764402389526,1,early,6,medium_shelf_life,high_inventory,uniform,medium_margin,moderate_disposal_cost,observed_sales_demand,observed_target_response,4,0.3,always_0pct,0.2713521211289688,0.33370623380187053,0.0,1.0000000000000002,0.0,0.0,-0.11629376619812953,0,,,,,,
state_0033,core_009,observed_calibration,always_0pct,0,1,0,0.81682288646698,0.0,0.0,1.1891764402389526,1,early,6,medium_shelf_life,high_inventory,uniform,medium_margin,moderate_disposal_cost,observed_sales_demand,observed_target_response,5,0.4,always_0pct,0.23258753239625896,0.29494164506916076,0.0,1.0000000000000002,0.0,0.0,-0.1550583549308393,0,,,,,,
state_0033,core_009,observed_calibration,always_0pct,0,1,0,0.81682288646698,0.0,0.0,1.1891764402389526,1,early,6,medium_shelf_life,high_inventory,uniform,medium_margin,moderate_disposal_cost,observed_sales_demand,observed_target_response,0,0.0,expiry_threshold_rule,0.3876458873270983,0.45000000000000007,0.0,1.0000000000000002,0.0,0.0,0.0,0,,,,,,
state_0033,core_009,observed_calibration,always_0pct,0,1,0,0.81682288646698,0.0,0.0,1.1891764402389526,1,early,6,medium_shelf_life,high_inventory,uniform,medium_margin,moderate_disposal_cost,observed_sales_demand,observed_target_response,1,0.05,expiry_threshold_rule,0.36826359296074335,0.43061770563364515,0.0,1.0000000000000002,0.0,0.0,-0.019382294366354913,0,,,,,,
state_0033,core_009,observed_calibration,always_0pct,0,1,0,0.81682288646698,0.0,0.0,1.1891764402389526,1,early,6,medium_shelf_life,high_inventory,uniform,medium_margin,moderate_disposal_cost,observed_sales_demand,observed_target_response,2,0.1,expiry_threshold_rule,0.3488812985943885,0.41123541126729024,0.0,1.0000000000000002,0.0,0.0,-0.038764588732709826,0,,,,,,
state_0033,core_009,observed_calibration,always_0pct,0,1,0,0.81682288646698,0.0,0.0,1.1891764402389526,1,early,6,medium_shelf_life,high_inventory,uniform,medium_margin,moderate_disposal_cost,observed_sales_demand,observed_target_response,3,0.2,expiry_threshold_rule,0.31011670986167866,0.37247082253458047,0.0,1.0000000000000002,0.0,0.0,-0.0775291774654196,0,,,,,,
state_0033,core_009,observed_calibration,always_0pct,0,1,0,0.81682288646698,0.0,0.0,1.1891764402389526,1,early,6,medium_shelf_life,high_inventory,uniform,medium_margin,moderate_disposal_cost,observed_sales_demand,observed_target_response,4,0.3,expiry_threshold_rule,0.2713521211289688,0.33370623380187053,0.0,1.0000000000000002,0.0,0.0,-0.11629376619812953,0,,,,,,
state_0033,core_009,observed_calibration,always_0pct,0,1,0,0.81682288646698,0.0,0.0,1.1891764402389526,1,early,6,medium_shelf_life,high_inventory,uniform,medium_margin,moderate_disposal_cost,observed_sales_demand,observed_target_response,5,0.4,expiry_threshold_rule,0.23258753239625896,0.29494164506916076,0.0,1.0000000000000002,0.0,0.0,-0.1550583549308393,0,,,,,,
state_0033,core_009,observed_calibration,always_0pct,0,1,0,0.81682288646698,0.0,0.0,1.1891764402389526,1,early,6,medium_shelf_life,high_inventory,uniform,medium_margin,moderate_disposal_cost,observed_sales_demand,observed_target_response,0,0.0,inventory_coverage_rule,0.3876458873270983,0.45000000000000007,0.0,1.0000000000000002,0.0,0.0,0.0,0,,,,,,
state_0033,core_009,observed_calibration,always_0pct,0,1,0,0.81682288646698,0.0,0.0,1.1891764402389526,1,early,6,medium_shelf_life,high_inventory,uniform,medium_margin,moderate_disposal_cost,observed_sales_demand,observed_target_response,1,0.05,inventory_coverage_rule,0.36826359296074335,0.43061770563364515,0.0,1.0000000000000002,0.0,0.0,-0.019382294366354913,0,,,,,,
state_0033,core_009,observed_calibration,always_0pct,0,1,0,0.81682288646698,0.0,0.0,1.1891764402389526,1,early,6,medium_shelf_life,high_inventory,uniform,medium_margin,moderate_disposal_cost,observed_sales_demand,observed_target_response,2,0.1,inventory_coverage_rule,0.3488812985943885,0.41123541126729024,0.0,1.0000000000000002,0.0,0.0,-0.038764588732709826,0,,,,,,
state_0033,core_009,observed_calibration,always_0pct,0,1,0,0.81682288646698,0.0,0.0,1.1891764402389526,1,early,6,medium_shelf_life,high_inventory,uniform,medium_margin,moderate_disposal_cost,observed_sales_demand,observed_target_response,3,0.2,inventory_coverage_rule,0.31011670986167866,0.37247082253458047,0.0,1.0000000000000002,0.0,0.0,-0.0775291774654196,0,,,,,,
state_0033,core_009,observed_calibration,always_0pct,0,1,0,0.81682288646698,0.0,0.0,1.1891764402389526,1,early,6,medium_shelf_life,high_inventory,uniform,medium_margin,moderate_disposal_cost,observed_sales_demand,observed_target_response,4,0.3,inventory_coverage_rule,0.2713521211289688,0.33370623380187053,0.0,1.0000000000000002,0.0,0.0,-0.11629376619812953,0,,,,,,
state_0033,core_009,observed_calibration,always_0pct,0,1,0,0.81682288646698,0.0,0.0,1.1891764402389526,1,early,6,medium_shelf_life,high_inventory,uniform,medium_margin,moderate_disposal_cost,observed_sales_demand,observed_target_response,5,0.4,inventory_coverage_rule,0.23258753239625896,0.29494164506916076,0.0,1.0000000000000002,0.0,0.0,-0.1550583549308393,0,,,,,,
state_0033,core_009,observed_calibration,always_0pct,0,1,0,0.81682288646698,0.0,0.0,1.1891764402389526,1,early,6,medium_shelf_life,high_inventory,uniform,medium_margin,moderate_disposal_cost,observed_sales_demand,observed_target_response,0,0.0,greedy_financial,0.3876458873270983,0.45000000000000007,0.0,1.0000000000000002,0.0,0.0,0.0,0,,,,,,
state_0033,core_009,observed_calibration,always_0pct,0,1,0,0.81682288646698,0.0,0.0,1.1891764402389526,1,early,6,medium_shelf_life,high_inventory,uniform,medium_margin,moderate_disposal_cost,observed_sales_demand,observed_target_response,1,0.05,greedy_financial,0.36826359296074335,0.43061770563364515,0.0,1.0000000000000002,0.0,0.0,-0.019382294366354913,0,,,,,,
state_0033,core_009,observed_calibration,always_0pct,0,1,0,0.81682288646698,0.0,0.0,1.1891764402389526,1,early,6,medium_shelf_life,high_inventory,uniform,medium_margin,moderate_disposal_cost,observed_sales_demand,observed_target_response,2,0.1,greedy_financial,0.3488812985943885,0.41123541126729024,0.0,1.0000000000000002,0.0,0.0,-0.038764588732709826,0,,,,,,
state_0033,core_009,observed_calibration,always_0pct,0,1,0,0.81682288646698,0.0,0.0,1.1891764402389526,1,early,6,medium_shelf_life,high_inventory,uniform,medium_margin,moderate_disposal_cost,observed_sales_demand,observed_target_response,3,0.2,greedy_financial,0.31011670986167866,0.37247082253458047,0.0,1.0000000000000002,0.0,0.0,-0.0775291774654196,0,,,,,,
state_0033,core_009,observed_calibration,always_0pct,0,1,0,0.81682288646698,0.0,0.0,1.1891764402389526,1,early,6,medium_shelf_life,high_inventory,uniform,medium_margin,moderate_disposal_cost,observed_sales_demand,observed_target_response,4,0.3,greedy_financial,0.2713521211289688,0.33370623380187053,0.0,1.0000000000000002,0.0,0.0,-0.11629376619812953,0,,,,,,
state_0033,core_009,observed_calibration,always_0pct,0,1,0,0.81682288646698,0.0,0.0,1.1891764402389526,1,early,6,medium_shelf_life,high_inventory,uniform,medium_margin,moderate_disposal_cost,observed_sales_demand,observed_target_response,5,0.4,greedy_financial,0.23258753239625896,0.29494164506916076,0.0,1.0000000000000002,0.0,0.0,-0.1550583549308393,0,,,,,,
state_0034,core_009,observed_calibration,always_0pct,1,0,,6.184210300445557,0.1428571492433548,0.2857142984867096,0.4501940608024597,0,early,7,medium_shelf_life,high_inventory,uniform,medium_margin,moderate_disposal_cost,observed_sales_demand,observed_target_response,0,0.0,always_0pct,-0.3680066524002524,0.45,0.0,1.0000000000000002,0.0,0.8180066524002524,0.0,0,1.0,0.0,0.0,0.0,0.0,0.0
state_0034,core_009,observed_calibration,always_0pct,1,0,,6.184210300445557,0.1428571492433548,0.2857142984867096,0.4501940608024597,0,early,7,medium_shelf_life,high_inventory,uniform,medium_margin,moderate_disposal_cost,observed_sales_demand,observed_target_response,1,0.05,always_0pct,-0.3747673854880225,0.44077723081515907,0.0,0.9999999999999998,0.0,0.8155446163031816,-0.00922276918484094,0,1.0,0.0,0.0,0.0,0.0,0.0
state_0034,core_009,observed_calibration,always_0pct,1,0,,6.184210300445557,0.1428571492433548,0.2857142984867096,0.4501940608024597,0,early,7,medium_shelf_life,high_inventory,uniform,medium_margin,moderate_disposal_cost,observed_sales_demand,observed_target_response,2,0.1,always_0pct,-0.3841112976209425,0.4315679219578825,0.0,1.0,0.0,0.8156792195788249,-0.018432078042117495,0,1.0,0.0,0.0,0.0,0.0,0.0
state_0034,core_009,observed_calibration,always_0pct,1,0,,6.184210300445557,0.1428571492433548,0.2857142984867096,0.4501940608024597,0,early,7,medium_shelf_life,high_inventory,uniform,medium_margin,moderate_disposal_cost,observed_sales_demand,observed_target_response,3,0.2,always_0pct,-0.39248280559035675,0.4106207013975893,0.0,1.0,0.0,0.803103506987946,-0.039379298602410684,0,1.0,0.0,0.0,0.0,0.0,0.0
state_0034,core_009,observed_calibration,always_0pct,1,0,,6.184210300445557,0.1428571492433548,0.2857142984867096,0.4501940608024597,0,early,7,medium_shelf_life,high_inventory,uniform,medium_margin,moderate_disposal_cost,observed_sales_demand,observed_target_response,4,0.3,always_0pct,-0.36381217941336985,0.3702052197485871,0.0,1.0000000000000002,0.0,0.734017399161957,-0.0797947802514129,0,1.0,0.0,0.0,0.0,0.0,0.0
state_0034,core_009,observed_calibration,always_0pct,1,0,,6.184210300445557,0.1428571492433548,0.2857142984867096,0.4501940608024597,0,early,7,medium_shelf_life,high_inventory,uniform,medium_margin,moderate_disposal_cost,observed_sales_demand,observed_target_response,5,0.4,always_0pct,-0.2951667919218916,0.28011119461459444,0.0,1.0,0.0,0.575277986536486,-0.16988880538540557,0,1.0,0.0,0.0,0.0,0.0,0.0
state_0034,core_009,observed_calibration,always_0pct,1,0,,6.184210300445557,0.1428571492433548,0.2857142984867096,0.4501940608024597,0,early,7,medium_shelf_life,high_inventory,uniform,medium_margin,moderate_disposal_cost,observed_sales_demand,observed_target_response,0,0.0,expiry_threshold_rule,-0.3680066524002524,0.2842583122243811,0.0,1.0,0.0,0.6522649646246335,0.0,4,0.0,0.0,0.0,0.8,0.0,0.2
state_0034,core_009,observed_calibration,always_0pct,1,0,,6.184210300445557,0.1428571492433548,0.2857142984867096,0.4501940608024597,0,early,7,medium_shelf_life,high_inventory,uniform,medium_margin,moderate_disposal_cost,observed_sales_demand,observed_target_response,1,0.05,expiry_threshold_rule,-0.3747673854880225,0.2776683075545228,0.0,1.0,0.0,0.6524356930425453,-0.006590004669858263,4,0.0,0.0,0.0,1.0,0.0,0.0
state_0034,core_009,observed_calibration,always_0pct,1,0,,6.184210300445557,0.1428571492433548,0.2857142984867096,0.4501940608024597,0,early,7,medium_shelf_life,high_inventory,uniform,medium_margin,moderate_disposal_cost,observed_sales_demand,observed_target_response,2,0.1,expiry_threshold_rule,-0.3841112976209425,0.2684320780421175,0.0,1.0,5.551115123125783e-17,0.6525433756630601,-0.015826234182263588,4,0.0,0.0,0.0,1.0,0.0,0.0
state_0034,core_009,observed_calibration,always_0pct,1,0,,6.184210300445557,0.1428571492433548,0.2857142984867096,0.4501940608024597,0,early,7,medium_shelf_life,high_inventory,uniform,medium_margin,moderate_disposal_cost,observed_sales_demand,observed_target_response,3,0.2,expiry_threshold_rule,-0.39248280559035675,0.2682117129113305,0.0,1.0000000000000002,0.0,0.6606945185016873,-0.01604659931305058,4,0.0,0.0,0.25,0.75,0.0,0.0
state_0034,core_009,observed_calibration,always_0pct,1,0,,6.184210300445557,0.1428571492433548,0.2857142984867096,0.4501940608024597,0,early,7,medium_shelf_life,high_inventory,uniform,medium_margin,moderate_disposal_cost,observed_sales_demand,observed_target_response,4,0.3,expiry_threshold_rule,-0.36381217941336985,0.3103703107828474,0.0,1.0,0.0,0.6741824901962172,0.0261119985584663,4,0.25,0.0,0.75,0.0,0.0,0.0
state_0034,core_009,observed_calibration,always_0pct,1,0,,6.184210300445557,0.1428571492433548,0.2857142984867096,0.4501940608024597,0,early,7,medium_shelf_life,high_inventory,uniform,medium_margin,moderate_disposal_cost,observed_sales_demand,observed_target_response,5,0.4,expiry_threshold_rule,-0.2951667919218916,0.28011119461459444,0.0,1.0,0.0,0.575277986536486,-0.0041471176097866436,4,1.0,0.0,0.0,0.0,0.0,0.0
state_0034,core_009,observed_calibration,always_0pct,1,0,,6.184210300445557,0.1428571492433548,0.2857142984867096,0.4501940608024597,0,early,7,medium_shelf_life,high_inventory,uniform,medium_margin,moderate_disposal_cost,observed_sales_demand,observed_target_response,0,0.0,inventory_coverage_rule,-0.3680066524002524,0.23508837807178087,0.0,1.0,0.0,0.6030950304720333,0.0,0,0.25,0.0,0.0,0.25,0.5,0.0
state_0034,core_009,observed_calibration,always_0pct,1,0,,6.184210300445557,0.1428571492433548,0.2857142984867096,0.4501940608024597,0,early,7,medium_shelf_life,high_inventory,uniform,medium_margin,moderate_disposal_cost,observed_sales_demand,observed_target_response,1,0.05,inventory_coverage_rule,-0.3747673854880225,0.2287468659659457,0.0,1.0000000000000002,0.0,0.6035142514539683,-0.0063415121058351676,0,0.25,0.0,0.0,0.25,0.5,0.0
state_0034,core_009,observed_calibration,always_0pct,1,0,,6.184210300445557,0.1428571492433548,0.2857142984867096,0.4501940608024597,0,early,7,medium_shelf_life,high_inventory,uniform,medium_margin,moderate_disposal_cost,observed_sales_demand,observed_target_response,2,0.1,inventory_coverage_rule,-0.3841112976209425,0.21953755710866915,0.0,0.9999999999999998,0.0,0.6036488547296117,-0.015550820963111722,0,0.25,0.0,0.0,0.25,0.5,0.0
state_0034,core_009,observed_calibration,always_0pct,1,0,,6.184210300445557,0.1428571492433548,0.2857142984867096,0.4501940608024597,0,early,7,medium_shelf_life,high_inventory,uniform,medium_margin,moderate_disposal_cost,observed_sales_demand,observed_target_response,3,0.2,inventory_coverage_rule,-0.39248280559035675,0.1985903365483759,0.0,1.0,0.0,0.5910731421387326,-0.03649804152340497,0,0.25,0.0,0.0,0.25,0.5,0.0
state_0034,core_009,observed_calibration,always_0pct,1,0,,6.184210300445557,0.1428571492433548,0.2857142984867096,0.4501940608024597,0,early,7,medium_shelf_life,high_inventory,uniform,medium_margin,moderate_disposal_cost,observed_sales_demand,observed_target_response,4,0.3,inventory_coverage_rule,-0.36381217941336985,0.1990636524691287,0.0,1.0000000000000002,0.0,0.5628758318824986,-0.036024725602652186,0,0.3333333333333333,0.0,0.0,0.0,0.6666666666666666,0.0
state_0034,core_009,observed_calibration,always_0pct,1,0,,6.184210300445557,0.1428571492433548,0.2857142984867096,0.4501940608024597,0,early,7,medium_shelf_life,high_inventory,uniform,medium_margin,moderate_disposal_cost,observed_sales_demand,observed_target_response,5,0.4,inventory_coverage_rule,-0.2951667919218916,0.13598746768466255,0.0,1.0,0.0,0.4311542596065542,-0.09910091038711832,0,0.3333333333333333,0.0,0.0,0.3333333333333333,0.3333333333333333,0.0
state_0034,core_009,observed_calibration,always_0pct,1,0,,6.184210300445557,0.1428571492433548,0.2857142984867096,0.4501940608024597,0,early,7,medium_shelf_life,high_inventory,uniform,medium_margin,moderate_disposal_cost,observed_sales_demand,observed_target_response,0,0.0,greedy_financial,-0.3680066524002524,0.12279733903989903,0.0,1.0000000000000002,0.0,0.4908039914401514,0.0,4,0.0,0.0,0.0,0.0,0.0,1.0
state_0034,core_009,observed_calibration,always_0pct,1,0,,6.184210300445557,0.1428571492433548,0.2857142984867096,0.4501940608024597,0,early,7,medium_shelf_life,high_inventory,uniform,medium_margin,moderate_disposal_cost,observed_sales_demand,observed_target_response,1,0.05,greedy_financial,-0.3747673854880225,0.11455938429388643,0.0,1.0000000000000002,0.0,0.489326769781909,-0.008237954746012605,4,0.0,0.0,0.0,0.0,0.0,1.0
state_0034,core_009,observed_calibration,always_0pct,1,0,,6.184210300445557,0.1428571492433548,0.2857142984867096,0.4501940608024597,0,early,7,medium_shelf_life,high_inventory,uniform,medium_margin,moderate_disposal_cost,observed_sales_demand,observed_target_response,2,0.1,greedy_financial,-0.3841112976209425,0.10529623412635251,0.0,1.0,0.0,0.489407531747295,-0.01750110491354652,4,0.0,0.0,0.0,0.0,0.0,1.0
state_0034,core_009,observed_calibration,always_0pct,1,0,,6.184210300445557,0.1428571492433548,0.2857142984867096,0.4501940608024597,0,early,7,medium_shelf_life,high_inventory,uniform,medium_margin,moderate_disposal_cost,observed_sales_demand,observed_target_response,3,0.2,greedy_financial,-0.39248280559035675,0.08937929860241083,0.0,1.0,1.1102230246251565e-16,0.4818621041927676,-0.03341804043748821,4,0.0,0.0,0.0,0.0,0.0,1.0
state_0034,core_009,observed_calibration,always_0pct,1,0,,6.184210300445557,0.1428571492433548,0.2857142984867096,0.4501940608024597,0,early,7,medium_shelf_life,high_inventory,uniform,medium_margin,moderate_disposal_cost,observed_sales_demand,observed_target_response,4,0.3,greedy_financial,-0.36381217941336985,0.2031718784322421,0.0,1.0,0.0,0.566984057845612,0.08037453939234307,4,0.6666666666666666,0.0,0.0,0.0,0.0,0.3333333333333333
state_0034,core_009,observed_calibration,always_0pct,1,0,,6.184210300445557,0.1428571492433548,0.2857142984867096,0.4501940608024597,0,early,7,medium_shelf_life,high_inventory,uniform,medium_margin,moderate_disposal_cost,observed_sales_demand,observed_target_response,5,0.4,greedy_financial,-0.2951667919218916,0.09522103803535653,0.0,1.0000000000000002,0.0,0.3903878299572482,-0.027576301004542503,4,0.5,0.0,0.0,0.0,0.0,0.5
state_0035,core_009,observed_calibration,always_0pct,1,3,0|0|0,2.514131784439087,0.015170061960816383,0.3434467017650604,0.49274179339408875,3,middle,4,medium_shelf_life,high_inventory,uniform,medium_margin,moderate_disposal_cost,observed_sales_demand,observed_target_response,0,0.0,always_0pct,0.19919348986240523,0.45,0.0,1.0000000000000002,0.0,0.23597954039066418,0.0,0,1.0,0.0,0.0,0.0,0.0,0.0
state_0035,core_009,observed_calibration,always_0pct,1,3,0|0|0,2.514131784439087,0.015170061960816383,0.3434467017650604,0.49274179339408875,3,middle,4,medium_shelf_life,high_inventory,uniform,medium_margin,moderate_disposal_cost,observed_sales_demand,observed_target_response,1,0.05,always_0pct,0.18774342758920512,0.4401187669689892,0.0,0.9999999999999998,0.0,0.2375483696328535,-0.009881233031010794,0,1.0,0.0,0.0,0.0,0.0,0.0
state_0035,core_009,observed_calibration,always_0pct,1,3,0|0|0,2.514131784439087,0.015170061960816383,0.3434467017650604,0.49274179339408875,3,middle,4,medium_shelf_life,high_inventory,uniform,medium_margin,moderate_disposal_cost,observed_sales_demand,observed_target_response,2,0.1,always_0pct,0.17773834167971508,0.43025129536892054,0.0,1.0,0.0,0.23768598394227486,-0.019748704631079472,0,1.0,0.0,0.0,0.0,0.0,0.0
state_0035,core_009,observed_calibration,always_0pct,1,3,0|0|0,2.514131784439087,0.015170061960816383,0.3434467017650604,0.49274179339408875,3,middle,4,medium_shelf_life,high_inventory,uniform,medium_margin,moderate_disposal_cost,observed_sales_demand,observed_target_response,3,0.2,always_0pct,0.16558723408848733,0.4086031914778782,0.0,1.0,0.0,0.22818898764246026,-0.0413968085221218,0,1.0,0.0,0.0,0.0,0.0,0.0
state_0035,core_009,observed_calibration,always_0pct,1,3,0|0|0,2.514131784439087,0.015170061960816383,0.3434467017650604,0.49274179339408875,3,middle,4,medium_shelf_life,high_inventory,uniform,medium_margin,moderate_disposal_cost,observed_sales_demand,observed_target_response,4,0.3,always_0pct,0.1909276415934429,0.3681738678885245,0.0,1.0,0.0,0.162419256548151,-0.08182613211147549,0,1.0,0.0,0.0,0.0,0.0,0.0
state_0035,core_009,observed_calibration,always_0pct,1,3,0|0|0,2.514131784439087,0.015170061960816383,0.3434467017650604,0.49274179339408875,3,middle,4,medium_shelf_life,high_inventory,uniform,medium_margin,moderate_disposal_cost,observed_sales_demand,observed_target_response,5,0.4,always_0pct,0.24440362020501438,0.28706425319665707,0.0,1.0,0.0,0.027833663244712092,-0.16293574680334294,0,1.0,0.0,0.0,0.0,0.0,0.0
state_0035,core_009,observed_calibration,always_0pct,1,3,0|0|0,2.514131784439087,0.015170061960816383,0.3434467017650604,0.49274179339408875,3,middle,4,medium_shelf_life,high_inventory,uniform,medium_margin,moderate_disposal_cost,observed_sales_demand,observed_target_response,0,0.0,expiry_threshold_rule,0.19919348986240523,0.3983269499953971,0.0,1.0,0.0,0.1843064903860613,0.0,0,0.0,0.0,0.0,0.5,0.0,0.5
state_0035,core_009,observed_calibration,always_0pct,1,3,0|0|0,2.514131784439087,0.015170061960816383,0.3434467017650604,0.49274179339408875,3,middle,4,medium_shelf_life,high_inventory,uniform,medium_margin,moderate_disposal_cost,observed_sales_demand,observed_target_response,1,0.05,expiry_threshold_rule,0.18774342758920512,0.38781818526751055,0.0,1.0,0.0,0.1852477879313749,-0.010508764727886533,0,0.0,0.0,0.0,0.5,0.0,0.5
state_0035,core_009,observed_calibration,always_0pct,1,3,0|0|0,2.514131784439087,0.015170061960816383,0.3434467017650604,0.49274179339408875,3,middle,4,medium_shelf_life,high_inventory,uniform,medium_margin,moderate_disposal_cost,observed_sales_demand,observed_target_response,2,0.1,expiry_threshold_rule,0.17773834167971508,0.3778956679436734,0.0,0.9999999999999998,0.0,0.1853303565170277,-0.020431282051723676,0,0.0,0.0,0.0,0.5,0.0,0.5
state_0035,core_009,observed_calibration,always_0pct,1,3,0|0|0,2.514131784439087,0.015170061960816383,0.3434467017650604,0.49274179339408875,3,middle,4,medium_shelf_life,high_inventory,uniform,medium_margin,moderate_disposal_cost,observed_sales_demand,observed_target_response,3,0.2,expiry_threshold_rule,0.16558723408848733,0.3603527942352356,0.0,1.0,0.0,0.17993859039981763,-0.0379741557601615,0,0.0,0.0,0.0,0.5,0.0,0.5
state_0035,core_009,observed_calibration,always_0pct,1,3,0|0|0,2.514131784439087,0.015170061960816383,0.3434467017650604,0.49274179339408875,3,middle,4,medium_shelf_life,high_inventory,uniform,medium_margin,moderate_disposal_cost,observed_sales_demand,observed_target_response,4,0.3,expiry_threshold_rule,0.1909276415934429,0.3519319422337094,0.0,1.0,0.0,0.1461773308933359,-0.0463950077616877,0,0.0,0.0,1.0,0.0,0.0,0.0
state_0035,core_009,observed_calibration,always_0pct,1,3,0|0|0,2.514131784439087,0.015170061960816383,0.3434467017650604,0.49274179339408875,3,middle,4,medium_shelf_life,high_inventory,uniform,medium_margin,moderate_disposal_cost,observed_sales_demand,observed_target_response,5,0.4,expiry_threshold_rule,0.24440362020501438,0.28706425319665707,0.0,1.0,0.0,0.027833663244712092,-0.11126269679874001,0,1.0,0.0,0.0,0.0,0.0,0.0
state_0035,core_009,observed_calibration,always_0pct,1,3,0|0|0,2.514131784439087,0.015170061960816383,0.3434467017650604,0.49274179339408875,3,middle,4,medium_shelf_life,high_inventory,uniform,medium_margin,moderate_disposal_cost,observed_sales_demand,observed_target_response,0,0.0,inventory_coverage_rule,0.19919348986240523,0.4072812338483372,0.0,1.0,0.0,0.1932607742390014,0.0,0,0.5,0.0,0.0,0.5,0.0,0.0
state_0035,core_009,observed_calibration,always_0pct,1,3,0|0|0,2.514131784439087,0.015170061960816383,0.3434467017650604,0.49274179339408875,3,middle,4,medium_shelf_life,high_inventory,uniform,medium_margin,moderate_disposal_cost,observed_sales_demand,observed_target_response,1,0.05,inventory_coverage_rule,0.18774342758920512,0.3974000008173264,0.0,1.0,0.0,0.19482960348119072,-0.009881233031010794,0,0.5,0.0,0.0,0.5,0.0,0.0
state_0035,core_009,observed_calibration,always_0pct,1,3,0|0|0,2.514131784439087,0.015170061960816383,0.3434467017650604,0.49274179339408875,3,middle,4,medium_shelf_life,high_inventory,uniform,medium_margin,moderate_disposal_cost,observed_sales_demand,observed_target_response,2,0.1,inventory_coverage_rule,0.17773834167971508,0.3875325292172577,0.0,0.9999999999999998,0.0,0.19496721779061207,-0.019748704631079472,0,0.5,0.0,0.0,0.5,0.0,0.0
state_0035,core_009,observed_calibration,always_0pct,1,3,0|0|0,2.514131784439087,0.015170061960816383,0.3434467017650604,0.49274179339408875,3,middle,4,medium_shelf_life,high_inventory,uniform,medium_margin,moderate_disposal_cost,observed_sales_demand,observed_target_response,3,0.2,inventory_coverage_rule,0.16558723408848733,0.36557799366353677,0.0,1.0,0.0,0.18516378982811882,-0.04170324018480043,0,0.5,0.0,0.0,0.5,0.0,0.0
state_0035,core_009,observed_calibration,always_0pct,1,3,0|0|0,2.514131784439087,0.015170061960816383,0.3434467017650604,0.49274179339408875,3,middle,4,medium_shelf_life,high_inventory,uniform,medium_margin,moderate_disposal_cost,observed_sales_demand,observed_target_response,4,0.3,inventory_coverage_rule,0.1909276415934429,0.3519319422337094,0.0,1.0,0.0,0.1461773308933359,-0.055349291614627816,0,0.0,0.0,1.0,0.0,0.0,0.0
state_0035,core_009,observed_calibration,always_0pct,1,3,0|0|0,2.514131784439087,0.015170061960816383,0.3434467017650604,0.49274179339408875,3,middle,4,medium_shelf_life,high_inventory,uniform,medium_margin,moderate_disposal_cost,observed_sales_demand,observed_target_response,5,0.4,inventory_coverage_rule,0.24440362020501438,0.28706425319665707,0.0,1.0,0.0,0.027833663244712092,-0.12021698065168013,0,1.0,0.0,0.0,0.0,0.0,0.0
state_0035,core_009,observed_calibration,always_0pct,1,3,0|0|0,2.514131784439087,0.015170061960816383,0.3434467017650604,0.49274179339408875,3,middle,4,medium_shelf_life,high_inventory,uniform,medium_margin,moderate_disposal_cost,observed_sales_demand,observed_target_response,0,0.0,greedy_financial,0.19919348986240523,0.45,0.0,1.0000000000000002,0.0,0.23597954039066418,0.0,0,1.0,0.0,0.0,0.0,0.0,0.0
state_0035,core_009,observed_calibration,always_0pct,1,3,0|0|0,2.514131784439087,0.015170061960816383,0.3434467017650604,0.49274179339408875,3,middle,4,medium_shelf_life,high_inventory,uniform,medium_margin,moderate_disposal_cost,observed_sales_demand,observed_target_response,1,0.05,greedy_financial,0.18774342758920512,0.4401187669689892,0.0,0.9999999999999998,0.0,0.2375483696328535,-0.009881233031010794,0,1.0,0.0,0.0,0.0,0.0,0.0
state_0035,core_009,observed_calibration,always_0pct,1,3,0|0|0,2.514131784439087,0.015170061960816383,0.3434467017650604,0.49274179339408875,3,middle,4,medium_shelf_life,high_inventory,uniform,medium_margin,moderate_disposal_cost,observed_sales_demand,observed_target_response,2,0.1,greedy_financial,0.17773834167971508,0.43025129536892054,0.0,1.0,0.0,0.23768598394227486,-0.019748704631079472,0,1.0,0.0,0.0,0.0,0.0,0.0
state_0035,core_009,observed_calibration,always_0pct,1,3,0|0|0,2.514131784439087,0.015170061960816383,0.3434467017650604,0.49274179339408875,3,middle,4,medium_shelf_life,high_inventory,uniform,medium_margin,moderate_disposal_cost,observed_sales_demand,observed_target_response,3,0.2,greedy_financial,0.16558723408848733,0.4086031914778782,0.0,1.0,0.0,0.22818898764246026,-0.0413968085221218,0,1.0,0.0,0.0,0.0,0.0,0.0
state_0035,core_009,observed_calibration,always_0pct,1,3,0|0|0,2.514131784439087,0.015170061960816383,0.3434467017650604,0.49274179339408875,3,middle,4,medium_shelf_life,high_inventory,uniform,medium_margin,moderate_disposal_cost,observed_sales_demand,observed_target_response,4,0.3,greedy_financial,0.1909276415934429,0.3681738678885245,0.0,1.0,0.0,0.162419256548151,-0.08182613211147549,0,1.0,0.0,0.0,0.0,0.0,0.0
state_0035,core_009,observed_calibration,always_0pct,1,3,0|0|0,2.514131784439087,0.015170061960816383,0.3434467017650604,0.49274179339408875,3,middle,4,medium_shelf_life,high_inventory,uniform,medium_margin,moderate_disposal_cost,observed_sales_demand,observed_target_response,5,0.4,greedy_financial,0.24440362020501438,0.28706425319665707,0.0,1.0,0.0,0.027833663244712092,-0.16293574680334294,0,1.0,0.0,0.0,0.0,0.0,0.0
state_0036,core_009,recovered_calibration,always_0pct,0,0,,2.440021514892578,0.1428571492433548,0.2857142984867096,1.6303950548171997,0,early,7,medium_shelf_life,high_inventory,uniform,medium_margin,moderate_disposal_cost,observed_sales_demand,observed_target_response,0,0.0,always_0pct,-0.027388741375867533,0.44999999999999996,0.0,1.0,0.0,0.47738874137586745,0.0,0,1.0,0.0,0.0,0.0,0.0,0.0
state_0036,core_009,recovered_calibration,always_0pct,0,0,,2.440021514892578,0.1428571492433548,0.2857142984867096,1.6303950548171997,0,early,7,medium_shelf_life,high_inventory,uniform,medium_margin,moderate_disposal_cost,observed_sales_demand,observed_target_response,1,0.05,always_0pct,-0.01771188408687355,0.4219848360045722,0.0,1.0,0.0,0.4396967200914457,-0.02801516399542775,0,1.0,0.0,0.0,0.0,0.0,0.0
state_0036,core_009,recovered_calibration,always_0pct,0,0,,2.440021514892578,0.1428571492433548,0.2857142984867096,1.6303950548171997,0,early,7,medium_shelf_life,high_inventory,uniform,medium_margin,moderate_disposal_cost,observed_sales_demand,observed_target_response,2,0.1,always_0pct,-0.04303858582243442,0.3936709539802704,0.0,1.0,0.0,0.4367095398027048,-0.056329046019729545,0,1.0,0.0,0.0,0.0,0.0,0.0
state_0036,core_009,recovered_calibration,always_0pct,0,0,,2.440021514892578,0.1428571492433548,0.2857142984867096,1.6303950548171997,0,early,7,medium_shelf_life,high_inventory,uniform,medium_margin,moderate_disposal_cost,observed_sales_demand,observed_target_response,3,0.2,always_0pct,-0.10857897874347501,0.33964474468586875,0.0,1.0,0.0,0.44822372342934375,-0.1103552553141312,0,1.0,0.0,0.0,0.0,0.0,0.0
state_0036,core_009,recovered_calibration,always_0pct,0,0,,2.440021514892578,0.1428571492433548,0.2857142984867096,1.6303950548171997,0,early,7,medium_shelf_life,high_inventory,uniform,medium_margin,moderate_disposal_cost,observed_sales_demand,observed_target_response,4,0.3,always_0pct,-0.1536102507061567,0.280118678874067,0.0,1.0,0.0,0.4337289295802237,-0.16988132112593296,0,1.0,0.0,0.0,0.0,0.0,0.0
state_0036,core_009,recovered_calibration,always_0pct,0,0,,2.440021514892578,0.1428571492433548,0.2857142984867096,1.6303950548171997,0,early,7,medium_shelf_life,high_inventory,uniform,medium_margin,moderate_disposal_cost,observed_sales_demand,observed_target_response,5,0.4,always_0pct,-0.1397127330523926,0.17647515536826155,0.0,1.0,0.0,0.31618788842065415,-0.27352484463173843,0,1.0,0.0,0.0,0.0,0.0,0.0
state_0036,core_009,recovered_calibration,always_0pct,0,0,,2.440021514892578,0.1428571492433548,0.2857142984867096,1.6303950548171997,0,early,7,medium_shelf_life,high_inventory,uniform,medium_margin,moderate_disposal_cost,observed_sales_demand,observed_target_response,0,0.0,expiry_threshold_rule,-0.027388741375867533,0.44999999999999996,0.0,1.0,0.0,0.47738874137586745,0.0,0,1.0,0.0,0.0,0.0,0.0,0.0
state_0036,core_009,recovered_calibration,always_0pct,0,0,,2.440021514892578,0.1428571492433548,0.2857142984867096,1.6303950548171997,0,early,7,medium_shelf_life,high_inventory,uniform,medium_margin,moderate_disposal_cost,observed_sales_demand,observed_target_response,1,0.05,expiry_threshold_rule,-0.01771188408687355,0.4219848360045722,0.0,1.0,0.0,0.4396967200914457,-0.02801516399542775,0,1.0,0.0,0.0,0.0,0.0,0.0
state_0036,core_009,recovered_calibration,always_0pct,0,0,,2.440021514892578,0.1428571492433548,0.2857142984867096,1.6303950548171997,0,early,7,medium_shelf_life,high_inventory,uniform,medium_margin,moderate_disposal_cost,observed_sales_demand,observed_target_response,2,0.1,expiry_threshold_rule,-0.04303858582243442,0.3936709539802704,0.0,1.0,0.0,0.4367095398027048,-0.056329046019729545,0,1.0,0.0,0.0,0.0,0.0,0.0
state_0036,core_009,recovered_calibration,always_0pct,0,0,,2.440021514892578,0.1428571492433548,0.2857142984867096,1.6303950548171997,0,early,7,medium_shelf_life,high_inventory,uniform,medium_margin,moderate_disposal_cost,observed_sales_demand,observed_target_response,3,0.2,expiry_threshold_rule,-0.10857897874347501,0.33964474468586875,0.0,1.0,0.0,0.44822372342934375,-0.1103552553141312,0,1.0,0.0,0.0,0.0,0.0,0.0
state_0036,core_009,recovered_calibration,always_0pct,0,0,,2.440021514892578,0.1428571492433548,0.2857142984867096,1.6303950548171997,0,early,7,medium_shelf_life,high_inventory,uniform,medium_margin,moderate_disposal_cost,observed_sales_demand,observed_target_response,4,0.3,expiry_threshold_rule,-0.1536102507061567,0.280118678874067,0.0,1.0,0.0,0.4337289295802237,-0.16988132112593296,0,1.0,0.0,0.0,0.0,0.0,0.0
state_0036,core_009,recovered_calibration,always_0pct,0,0,,2.440021514892578,0.1428571492433548,0.2857142984867096,1.6303950548171997,0,early,7,medium_shelf_life,high_inventory,uniform,medium_margin,moderate_disposal_cost,observed_sales_demand,observed_target_response,5,0.4,expiry_threshold_rule,-0.1397127330523926,0.17647515536826155,0.0,1.0,0.0,0.31618788842065415,-0.27352484463173843,0,1.0,0.0,0.0,0.0,0.0,0.0
state_0036,core_009,recovered_calibration,always_0pct,0,0,,2.440021514892578,0.1428571492433548,0.2857142984867096,1.6303950548171997,0,early,7,medium_shelf_life,high_inventory,uniform,medium_margin,moderate_disposal_cost,observed_sales_demand,observed_target_response,0,0.0,inventory_coverage_rule,-0.027388741375867533,0.36208169482877683,0.0,1.0,0.0,0.3894704362046444,0.0,1,0.5,0.0,0.0,0.5,0.0,0.0
state_0036,core_009,recovered_calibration,always_0pct,0,0,,2.440021514892578,0.1428571492433548,0.2857142984867096,1.6303950548171997,0,early,7,medium_shelf_life,high_inventory,uniform,medium_margin,moderate_disposal_cost,observed_sales_demand,observed_target_response,1,0.05,inventory_coverage_rule,-0.01771188408687355,0.37911081047905937,0.0,1.0,0.0,0.3968226945659329,0.017029115650282534,1,0.5,0.0,0.5,0.0,0.0,0.0
state_0036,core_009,recovered_calibration,always_0pct,0,0,,2.440021514892578,0.1428571492433548,0.2857142984867096,1.6303950548171997,0,early,7,medium_shelf_life,high_inventory,uniform,medium_margin,moderate_disposal_cost,observed_sales_demand,observed_target_response,2,0.1,inventory_coverage_rule,-0.04303858582243442,0.3507969284547576,0.0,1.0,0.0,0.393835514277192,-0.011284766374019262,1,0.5,0.0,0.5,0.0,0.0,0.0
state_0036,core_009,recovered_calibration,always_0pct,0,0,,2.440021514892578,0.1428571492433548,0.2857142984867096,1.6303950548171997,0,early,7,medium_shelf_life,high_inventory,uniform,medium_margin,moderate_disposal_cost,observed_sales_demand,observed_target_response,3,0.2,inventory_coverage_rule,-0.10857897874347501,0.2967707191603559,0.0,1.0,0.0,0.4053496979038309,-0.06531097566842092,1,0.5,0.0,0.5,0.0,0.0,0.0
state_0036,core_009,recovered_calibration,always_0pct,0,0,,2.440021514892578,0.1428571492433548,0.2857142984867096,1.6303950548171997,0,early,7,medium_shelf_life,high_inventory,uniform,medium_margin,moderate_disposal_cost,observed_sales_demand,observed_target_response,4,0.3,inventory_coverage_rule,-0.1536102507061567,0.23724465334855416,0.0,1.0,0.0,0.39085490405471085,-0.12483704148022268,1,0.5,0.0,0.5,0.0,0.0,0.0
state_0036,core_009,recovered_calibration,always_0pct,0,0,,2.440021514892578,0.1428571492433548,0.2857142984867096,1.6303950548171997,0,early,7,medium_shelf_life,high_inventory,uniform,medium_margin,moderate_disposal_cost,observed_sales_demand,observed_target_response,5,0.4,inventory_coverage_rule,-0.1397127330523926,0.17647515536826155,0.0,1.0,0.0,0.31618788842065415,-0.18560653946051528,1,1.0,0.0,0.0,0.0,0.0,0.0
state_0036,core_009,recovered_calibration,always_0pct,0,0,,2.440021514892578,0.1428571492433548,0.2857142984867096,1.6303950548171997,0,early,7,medium_shelf_life,high_inventory,uniform,medium_margin,moderate_disposal_cost,observed_sales_demand,observed_target_response,0,0.0,greedy_financial,-0.027388741375867533,0.44999999999999996,0.0,1.0,0.0,0.47738874137586745,0.0,0,1.0,0.0,0.0,0.0,0.0,0.0
state_0036,core_009,recovered_calibration,always_0pct,0,0,,2.440021514892578,0.1428571492433548,0.2857142984867096,1.6303950548171997,0,early,7,medium_shelf_life,high_inventory,uniform,medium_margin,moderate_disposal_cost,observed_sales_demand,observed_target_response,1,0.05,greedy_financial,-0.01771188408687355,0.4219848360045722,0.0,1.0,0.0,0.4396967200914457,-0.02801516399542775,0,1.0,0.0,0.0,0.0,0.0,0.0
state_0036,core_009,recovered_calibration,always_0pct,0,0,,2.440021514892578,0.1428571492433548,0.2857142984867096,1.6303950548171997,0,early,7,medium_shelf_life,high_inventory,uniform,medium_margin,moderate_disposal_cost,observed_sales_demand,observed_target_response,2,0.1,greedy_financial,-0.04303858582243442,0.3936709539802704,0.0,1.0,0.0,0.4367095398027048,-0.056329046019729545,0,1.0,0.0,0.0,0.0,0.0,0.0
state_0036,core_009,recovered_calibration,always_0pct,0,0,,2.440021514892578,0.1428571492433548,0.2857142984867096,1.6303950548171997,0,early,7,medium_shelf_life,high_inventory,uniform,medium_margin,moderate_disposal_cost,observed_sales_demand,observed_target_response,3,0.2,greedy_financial,-0.10857897874347501,0.33964474468586875,0.0,1.0,0.0,0.44822372342934375,-0.1103552553141312,0,1.0,0.0,0.0,0.0,0.0,0.0
state_0036,core_009,recovered_calibration,always_0pct,0,0,,2.440021514892578,0.1428571492433548,0.2857142984867096,1.6303950548171997,0,early,7,medium_shelf_life,high_inventory,uniform,medium_margin,moderate_disposal_cost,observed_sales_demand,observed_target_response,4,0.3,greedy_financial,-0.1536102507061567,0.280118678874067,0.0,1.0,0.0,0.4337289295802237,-0.16988132112593296,0,1.0,0.0,0.0,0.0,0.0,0.0
state_0036,core_009,recovered_calibration,always_0pct,0,0,,2.440021514892578,0.1428571492433548,0.2857142984867096,1.6303950548171997,0,early,7,medium_shelf_life,high_inventory,uniform,medium_margin,moderate_disposal_cost,observed_sales_demand,observed_target_response,5,0.4,greedy_financial,-0.1397127330523926,0.17647515536826155,0.0,1.0,0.0,0.31618788842065415,-0.27352484463173843,0,1.0,0.0,0.0,0.0,0.0,0.0
state_0037,core_009,recovered_calibration,always_0pct,0,1,0,1.1207789182662964,0.0,0.0,1.295389175415039,1,early,6,medium_shelf_life,high_inventory,uniform,medium_margin,moderate_disposal_cost,observed_sales_demand,observed_target_response,0,0.0,always_0pct,0.4152275717212963,0.44999999999999996,0.0,1.0,0.0,0.062161169654571156,0.0,0,1.0,0.0,0.0,0.0,0.0,0.0
state_0037,core_009,recovered_calibration,always_0pct,0,1,0,1.1207789182662964,0.0,0.0,1.295389175415039,1,early,6,medium_shelf_life,high_inventory,uniform,medium_margin,moderate_disposal_cost,observed_sales_demand,observed_target_response,1,0.05,always_0pct,0.40610918265092194,0.42862583249205666,0.0,1.0,0.0,0.049905391217002215,-0.021374167507943298,0,1.0,0.0,0.0,0.0,0.0,0.0
state_0037,core_009,recovered_calibration,always_0pct,0,1,0,1.1207789182662964,0.0,0.0,1.295389175415039,1,early,6,medium_shelf_life,high_inventory,uniform,medium_margin,moderate_disposal_cost,observed_sales_demand,observed_target_response,2,0.1,always_0pct,0.3857292773775788,0.40714119140249116,0.0,1.0,0.0,0.04880065540077993,-0.04285880859750879,0,1.0,0.0,0.0,0.0,0.0,0.0
state_0037,core_009,recovered_calibration,always_0pct,0,1,0,1.1207789182662964,0.0,0.0,1.295389175415039,1,early,6,medium_shelf_life,high_inventory,uniform,medium_margin,moderate_disposal_cost,observed_sales_demand,observed_target_response,3,0.2,always_0pct,0.3516732206848923,0.36208169482877683,0.0,1.0,0.0,0.03779721551975204,-0.08791830517122312,0,1.0,0.0,0.0,0.0,0.0,0.0
state_0037,core_009,recovered_calibration,always_0pct,0,1,0,1.1207789182662964,0.0,0.0,1.295389175415039,1,early,6,medium_shelf_life,high_inventory,uniform,medium_margin,moderate_disposal_cost,observed_sales_demand,observed_target_response,4,0.3,always_0pct,0.3328831621514351,0.3073357876493849,0.0,1.0,0.0,0.001841366873817308,-0.14266421235061505,0,1.0,0.0,0.0,0.0,0.0,0.0
state_0037,core_009,recovered_calibration,always_0pct,0,1,0,1.1207789182662964,0.0,0.0,1.295389175415039,1,early,6,medium_shelf_life,high_inventory,uniform,medium_margin,moderate_disposal_cost,observed_sales_demand,observed_target_response,5,0.4,always_0pct,0.28643324482552046,0.2590445034496529,0.0,1.0,0.0,0.0,-0.19095549655034705,0,,,,,,
state_0037,core_009,recovered_calibration,always_0pct,0,1,0,1.1207789182662964,0.0,0.0,1.295389175415039,1,early,6,medium_shelf_life,high_inventory,uniform,medium_margin,moderate_disposal_cost,observed_sales_demand,observed_target_response,0,0.0,expiry_threshold_rule,0.4152275717212963,0.44999999999999996,0.0,1.0,0.0,0.062161169654571156,0.0,0,1.0,0.0,0.0,0.0,0.0,0.0
state_0037,core_009,recovered_calibration,always_0pct,0,1,0,1.1207789182662964,0.0,0.0,1.295389175415039,1,early,6,medium_shelf_life,high_inventory,uniform,medium_margin,moderate_disposal_cost,observed_sales_demand,observed_target_response,1,0.05,expiry_threshold_rule,0.40610918265092194,0.42862583249205666,0.0,1.0,0.0,0.049905391217002215,-0.021374167507943298,0,1.0,0.0,0.0,0.0,0.0,0.0
state_0037,core_009,recovered_calibration,always_0pct,0,1,0,1.1207789182662964,0.0,0.0,1.295389175415039,1,early,6,medium_shelf_life,high_inventory,uniform,medium_margin,moderate_disposal_cost,observed_sales_demand,observed_target_response,2,0.1,expiry_threshold_rule,0.3857292773775788,0.40714119140249116,0.0,1.0,0.0,0.04880065540077993,-0.04285880859750879,0,1.0,0.0,0.0,0.0,0.0,0.0
state_0037,core_009,recovered_calibration,always_0pct,0,1,0,1.1207789182662964,0.0,0.0,1.295389175415039,1,early,6,medium_shelf_life,high_inventory,uniform,medium_margin,moderate_disposal_cost,observed_sales_demand,observed_target_response,3,0.2,expiry_threshold_rule,0.3516732206848923,0.36208169482877683,0.0,1.0,0.0,0.03779721551975204,-0.08791830517122312,0,1.0,0.0,0.0,0.0,0.0,0.0
state_0037,core_009,recovered_calibration,always_0pct,0,1,0,1.1207789182662964,0.0,0.0,1.295389175415039,1,early,6,medium_shelf_life,high_inventory,uniform,medium_margin,moderate_disposal_cost,observed_sales_demand,observed_target_response,4,0.3,expiry_threshold_rule,0.3328831621514351,0.3073357876493849,0.0,1.0,0.0,0.001841366873817308,-0.14266421235061505,0,1.0,0.0,0.0,0.0,0.0,0.0
state_0037,core_009,recovered_calibration,always_0pct,0,1,0,1.1207789182662964,0.0,0.0,1.295389175415039,1,early,6,medium_shelf_life,high_inventory,uniform,medium_margin,moderate_disposal_cost,observed_sales_demand,observed_target_response,5,0.4,expiry_threshold_rule,0.28643324482552046,0.2590445034496529,0.0,1.0,0.0,0.0,-0.19095549655034705,0,,,,,,
state_0037,core_009,recovered_calibration,always_0pct,0,1,0,1.1207789182662964,0.0,0.0,1.295389175415039,1,early,6,medium_shelf_life,high_inventory,uniform,medium_margin,moderate_disposal_cost,observed_sales_demand,observed_target_response,0,0.0,inventory_coverage_rule,0.4152275717212963,0.44999999999999996,0.0,1.0,0.0,0.062161169654571156,0.0,0,1.0,0.0,0.0,0.0,0.0,0.0
state_0037,core_009,recovered_calibration,always_0pct,0,1,0,1.1207789182662964,0.0,0.0,1.295389175415039,1,early,6,medium_shelf_life,high_inventory,uniform,medium_margin,moderate_disposal_cost,observed_sales_demand,observed_target_response,1,0.05,inventory_coverage_rule,0.40610918265092194,0.42862583249205666,0.0,1.0,0.0,0.049905391217002215,-0.021374167507943298,0,1.0,0.0,0.0,0.0,0.0,0.0
state_0037,core_009,recovered_calibration,always_0pct,0,1,0,1.1207789182662964,0.0,0.0,1.295389175415039,1,early,6,medium_shelf_life,high_inventory,uniform,medium_margin,moderate_disposal_cost,observed_sales_demand,observed_target_response,2,0.1,inventory_coverage_rule,0.3857292773775788,0.40714119140249116,0.0,1.0,0.0,0.04880065540077993,-0.04285880859750879,0,1.0,0.0,0.0,0.0,0.0,0.0
state_0037,core_009,recovered_calibration,always_0pct,0,1,0,1.1207789182662964,0.0,0.0,1.295389175415039,1,early,6,medium_shelf_life,high_inventory,uniform,medium_margin,moderate_disposal_cost,observed_sales_demand,observed_target_response,3,0.2,inventory_coverage_rule,0.3516732206848923,0.36208169482877683,0.0,1.0,0.0,0.03779721551975204,-0.08791830517122312,0,1.0,0.0,0.0,0.0,0.0,0.0
state_0037,core_009,recovered_calibration,always_0pct,0,1,0,1.1207789182662964,0.0,0.0,1.295389175415039,1,early,6,medium_shelf_life,high_inventory,uniform,medium_margin,moderate_disposal_cost,observed_sales_demand,observed_target_response,4,0.3,inventory_coverage_rule,0.3328831621514351,0.3073357876493849,0.0,1.0,0.0,0.001841366873817308,-0.14266421235061505,0,1.0,0.0,0.0,0.0,0.0,0.0
state_0037,core_009,recovered_calibration,always_0pct,0,1,0,1.1207789182662964,0.0,0.0,1.295389175415039,1,early,6,medium_shelf_life,high_inventory,uniform,medium_margin,moderate_disposal_cost,observed_sales_demand,observed_target_response,5,0.4,inventory_coverage_rule,0.28643324482552046,0.2590445034496529,0.0,1.0,0.0,0.0,-0.19095549655034705,0,,,,,,
state_0037,core_009,recovered_calibration,always_0pct,0,1,0,1.1207789182662964,0.0,0.0,1.295389175415039,1,early,6,medium_shelf_life,high_inventory,uniform,medium_margin,moderate_disposal_cost,observed_sales_demand,observed_target_response,0,0.0,greedy_financial,0.4152275717212963,0.44999999999999996,0.0,1.0,0.0,0.062161169654571156,0.0,0,1.0,0.0,0.0,0.0,0.0,0.0
state_0037,core_009,recovered_calibration,always_0pct,0,1,0,1.1207789182662964,0.0,0.0,1.295389175415039,1,early,6,medium_shelf_life,high_inventory,uniform,medium_margin,moderate_disposal_cost,observed_sales_demand,observed_target_response,1,0.05,greedy_financial,0.40610918265092194,0.42862583249205666,0.0,1.0,0.0,0.049905391217002215,-0.021374167507943298,0,1.0,0.0,0.0,0.0,0.0,0.0
state_0037,core_009,recovered_calibration,always_0pct,0,1,0,1.1207789182662964,0.0,0.0,1.295389175415039,1,early,6,medium_shelf_life,high_inventory,uniform,medium_margin,moderate_disposal_cost,observed_sales_demand,observed_target_response,2,0.1,greedy_financial,0.3857292773775788,0.40714119140249116,0.0,1.0,0.0,0.04880065540077993,-0.04285880859750879,0,1.0,0.0,0.0,0.0,0.0,0.0
state_0037,core_009,recovered_calibration,always_0pct,0,1,0,1.1207789182662964,0.0,0.0,1.295389175415039,1,early,6,medium_shelf_life,high_inventory,uniform,medium_margin,moderate_disposal_cost,observed_sales_demand,observed_target_response,3,0.2,greedy_financial,0.3516732206848923,0.36208169482877683,0.0,1.0,0.0,0.03779721551975204,-0.08791830517122312,0,1.0,0.0,0.0,0.0,0.0,0.0
state_0037,core_009,recovered_calibration,always_0pct,0,1,0,1.1207789182662964,0.0,0.0,1.295389175415039,1,early,6,medium_shelf_life,high_inventory,uniform,medium_margin,moderate_disposal_cost,observed_sales_demand,observed_target_response,4,0.3,greedy_financial,0.3328831621514351,0.3073357876493849,0.0,1.0,0.0,0.001841366873817308,-0.14266421235061505,0,1.0,0.0,0.0,0.0,0.0,0.0
state_0037,core_009,recovered_calibration,always_0pct,0,1,0,1.1207789182662964,0.0,0.0,1.295389175415039,1,early,6,medium_shelf_life,high_inventory,uniform,medium_margin,moderate_disposal_cost,observed_sales_demand,observed_target_response,5,0.4,greedy_financial,0.28643324482552046,0.2590445034496529,0.0,1.0,0.0,0.0,-0.19095549655034705,0,,,,,,
state_0038,core_009,recovered_calibration,always_0pct,0,2,0|0,0.145673930644989,0.0,0.0,1.4518882036209106,2,middle,5,medium_shelf_life,high_inventory,uniform,medium_margin,moderate_disposal_cost,observed_sales_demand,observed_target_response,0,0.0,always_0pct,0.062161169654571156,0.44999999999999996,0.0,1.0,0.0,0.0,0.0,0,,,,,,
state_0038,core_009,recovered_calibration,always_0pct,0,2,0|0,0.145673930644989,0.0,0.0,1.4518882036209106,2,middle,5,medium_shelf_life,high_inventory,uniform,medium_margin,moderate_disposal_cost,observed_sales_demand,observed_target_response,1,0.05,always_0pct,0.059053111171842594,0.44689194151727135,0.0,1.0,0.0,0.0,-0.003108058482728604,0,,,,,,
state_0038,core_009,recovered_calibration,always_0pct,0,2,0|0,0.145673930644989,0.0,0.0,1.4518882036209106,2,middle,5,medium_shelf_life,high_inventory,uniform,medium_margin,moderate_disposal_cost,observed_sales_demand,observed_target_response,2,0.1,always_0pct,0.055945052689114046,0.4437838830345428,0.0,1.0,0.0,0.0,-0.006216116965457152,0,,,,,,
state_0038,core_009,recovered_calibration,always_0pct,0,2,0|0,0.145673930644989,0.0,0.0,1.4518882036209106,2,middle,5,medium_shelf_life,high_inventory,uniform,medium_margin,moderate_disposal_cost,observed_sales_demand,observed_target_response,3,0.2,always_0pct,0.049728935723656935,0.43756776606908576,0.0,1.0,0.0,0.0,-0.012432233930914194,0,,,,,,
state_0038,core_009,recovered_calibration,always_0pct,0,2,0|0,0.145673930644989,0.0,0.0,1.4518882036209106,2,middle,5,medium_shelf_life,high_inventory,uniform,medium_margin,moderate_disposal_cost,observed_sales_demand,observed_target_response,4,0.3,always_0pct,0.0435128187581998,0.4313516491036286,0.0,1.0,0.0,0.0,-0.018648350896371346,0,,,,,,
state_0038,core_009,recovered_calibration,always_0pct,0,2,0|0,0.145673930644989,0.0,0.0,1.4518882036209106,2,middle,5,medium_shelf_life,high_inventory,uniform,medium_margin,moderate_disposal_cost,observed_sales_demand,observed_target_response,5,0.4,always_0pct,0.03729670179274269,0.42513553213817146,0.0,1.0,0.0,0.0,-0.0248644678618285,0,,,,,,
state_0038,core_009,recovered_calibration,always_0pct,0,2,0|0,0.145673930644989,0.0,0.0,1.4518882036209106,2,middle,5,medium_shelf_life,high_inventory,uniform,medium_margin,moderate_disposal_cost,observed_sales_demand,observed_target_response,0,0.0,expiry_threshold_rule,0.062161169654571156,0.44999999999999996,0.0,1.0,0.0,0.0,0.0,0,,,,,,
state_0038,core_009,recovered_calibration,always_0pct,0,2,0|0,0.145673930644989,0.0,0.0,1.4518882036209106,2,middle,5,medium_shelf_life,high_inventory,uniform,medium_margin,moderate_disposal_cost,observed_sales_demand,observed_target_response,1,0.05,expiry_threshold_rule,0.059053111171842594,0.44689194151727135,0.0,1.0,0.0,0.0,-0.003108058482728604,0,,,,,,
state_0038,core_009,recovered_calibration,always_0pct,0,2,0|0,0.145673930644989,0.0,0.0,1.4518882036209106,2,middle,5,medium_shelf_life,high_inventory,uniform,medium_margin,moderate_disposal_cost,observed_sales_demand,observed_target_response,2,0.1,expiry_threshold_rule,0.055945052689114046,0.4437838830345428,0.0,1.0,0.0,0.0,-0.006216116965457152,0,,,,,,
state_0038,core_009,recovered_calibration,always_0pct,0,2,0|0,0.145673930644989,0.0,0.0,1.4518882036209106,2,middle,5,medium_shelf_life,high_inventory,uniform,medium_margin,moderate_disposal_cost,observed_sales_demand,observed_target_response,3,0.2,expiry_threshold_rule,0.049728935723656935,0.43756776606908576,0.0,1.0,0.0,0.0,-0.012432233930914194,0,,,,,,
state_0038,core_009,recovered_calibration,always_0pct,0,2,0|0,0.145673930644989,0.0,0.0,1.4518882036209106,2,middle,5,medium_shelf_life,high_inventory,uniform,medium_margin,moderate_disposal_cost,observed_sales_demand,observed_target_response,4,0.3,expiry_threshold_rule,0.0435128187581998,0.4313516491036286,0.0,1.0,0.0,0.0,-0.018648350896371346,0,,,,,,
state_0038,core_009,recovered_calibration,always_0pct,0,2,0|0,0.145673930644989,0.0,0.0,1.4518882036209106,2,middle,5,medium_shelf_life,high_inventory,uniform,medium_margin,moderate_disposal_cost,observed_sales_demand,observed_target_response,5,0.4,expiry_threshold_rule,0.03729670179274269,0.42513553213817146,0.0,1.0,0.0,0.0,-0.0248644678618285,0,,,,,,
state_0038,core_009,recovered_calibration,always_0pct,0,2,0|0,0.145673930644989,0.0,0.0,1.4518882036209106,2,middle,5,medium_shelf_life,high_inventory,uniform,medium_margin,moderate_disposal_cost,observed_sales_demand,observed_target_response,0,0.0,inventory_coverage_rule,0.062161169654571156,0.44999999999999996,0.0,1.0,0.0,0.0,0.0,0,,,,,,
state_0038,core_009,recovered_calibration,always_0pct,0,2,0|0,0.145673930644989,0.0,0.0,1.4518882036209106,2,middle,5,medium_shelf_life,high_inventory,uniform,medium_margin,moderate_disposal_cost,observed_sales_demand,observed_target_response,1,0.05,inventory_coverage_rule,0.059053111171842594,0.44689194151727135,0.0,1.0,0.0,0.0,-0.003108058482728604,0,,,,,,
state_0038,core_009,recovered_calibration,always_0pct,0,2,0|0,0.145673930644989,0.0,0.0,1.4518882036209106,2,middle,5,medium_shelf_life,high_inventory,uniform,medium_margin,moderate_disposal_cost,observed_sales_demand,observed_target_response,2,0.1,inventory_coverage_rule,0.055945052689114046,0.4437838830345428,0.0,1.0,0.0,0.0,-0.006216116965457152,0,,,,,,
state_0038,core_009,recovered_calibration,always_0pct,0,2,0|0,0.145673930644989,0.0,0.0,1.4518882036209106,2,middle,5,medium_shelf_life,high_inventory,uniform,medium_margin,moderate_disposal_cost,observed_sales_demand,observed_target_response,3,0.2,inventory_coverage_rule,0.049728935723656935,0.43756776606908576,0.0,1.0,0.0,0.0,-0.012432233930914194,0,,,,,,
state_0038,core_009,recovered_calibration,always_0pct,0,2,0|0,0.145673930644989,0.0,0.0,1.4518882036209106,2,middle,5,medium_shelf_life,high_inventory,uniform,medium_margin,moderate_disposal_cost,observed_sales_demand,observed_target_response,4,0.3,inventory_coverage_rule,0.0435128187581998,0.4313516491036286,0.0,1.0,0.0,0.0,-0.018648350896371346,0,,,,,,
state_0038,core_009,recovered_calibration,always_0pct,0,2,0|0,0.145673930644989,0.0,0.0,1.4518882036209106,2,middle,5,medium_shelf_life,high_inventory,uniform,medium_margin,moderate_disposal_cost,observed_sales_demand,observed_target_response,5,0.4,inventory_coverage_rule,0.03729670179274269,0.42513553213817146,0.0,1.0,0.0,0.0,-0.0248644678618285,0,,,,,,
state_0038,core_009,recovered_calibration,always_0pct,0,2,0|0,0.145673930644989,0.0,0.0,1.4518882036209106,2,middle,5,medium_shelf_life,high_inventory,uniform,medium_margin,moderate_disposal_cost,observed_sales_demand,observed_target_response,0,0.0,greedy_financial,0.062161169654571156,0.44999999999999996,0.0,1.0,0.0,0.0,0.0,0,,,,,,
state_0038,core_009,recovered_calibration,always_0pct,0,2,0|0,0.145673930644989,0.0,0.0,1.4518882036209106,2,middle,5,medium_shelf_life,high_inventory,uniform,medium_margin,moderate_disposal_cost,observed_sales_demand,observed_target_response,1,0.05,greedy_financial,0.059053111171842594,0.44689194151727135,0.0,1.0,0.0,0.0,-0.003108058482728604,0,,,,,,
state_0038,core_009,recovered_calibration,always_0pct,0,2,0|0,0.145673930644989,0.0,0.0,1.4518882036209106,2,middle,5,medium_shelf_life,high_inventory,uniform,medium_margin,moderate_disposal_cost,observed_sales_demand,observed_target_response,2,0.1,greedy_financial,0.055945052689114046,0.4437838830345428,0.0,1.0,0.0,0.0,-0.006216116965457152,0,,,,,,
state_0038,core_009,recovered_calibration,always_0pct,0,2,0|0,0.145673930644989,0.0,0.0,1.4518882036209106,2,middle,5,medium_shelf_life,high_inventory,uniform,medium_margin,moderate_disposal_cost,observed_sales_demand,observed_target_response,3,0.2,greedy_financial,0.049728935723656935,0.43756776606908576,0.0,1.0,0.0,0.0,-0.012432233930914194,0,,,,,,
state_0038,core_009,recovered_calibration,always_0pct,0,2,0|0,0.145673930644989,0.0,0.0,1.4518882036209106,2,middle,5,medium_shelf_life,high_inventory,uniform,medium_margin,moderate_disposal_cost,observed_sales_demand,observed_target_response,4,0.3,greedy_financial,0.0435128187581998,0.4313516491036286,0.0,1.0,0.0,0.0,-0.018648350896371346,0,,,,,,
state_0038,core_009,recovered_calibration,always_0pct,0,2,0|0,0.145673930644989,0.0,0.0,1.4518882036209106,2,middle,5,medium_shelf_life,high_inventory,uniform,medium_margin,moderate_disposal_cost,observed_sales_demand,observed_target_response,5,0.4,greedy_financial,0.03729670179274269,0.42513553213817146,0.0,1.0,0.0,0.0,-0.0248644678618285,0,,,,,,
state_0039,core_009,recovered_calibration,always_0pct,1,0,,7.799272537231445,0.1428571492433548,0.2857142984867096,0.4419904053211212,0,early,7,medium_shelf_life,high_inventory,uniform,medium_margin,moderate_disposal_cost,observed_sales_demand,observed_target_response,0,0.0,always_0pct,-0.40838221148557113,0.448760645657286,0.0011803374692513158,0.9988196625307486,0.0,0.8571428571428571,0.0,0,1.0,0.0,0.0,0.0,0.0,0.0
state_0039,core_009,recovered_calibration,always_0pct,1,0,,7.799272537231445,0.1428571492433548,0.2857142984867096,0.4419904053211212,0,early,7,medium_shelf_life,high_inventory,uniform,medium_margin,moderate_disposal_cost,observed_sales_demand,observed_target_response,1,0.05,always_0pct,-0.4088673373454072,0.4425719651234424,0.0,1.0,0.0,0.8514393024688496,-0.006188680533843638,0,1.0,0.0,0.0,0.0,0.0,0.0
state_0039,core_009,recovered_calibration,always_0pct,1,0,,7.799272537231445,0.1428571492433548,0.2857142984867096,0.4419904053211212,0,early,7,medium_shelf_life,high_inventory,uniform,medium_margin,moderate_disposal_cost,observed_sales_demand,observed_target_response,2,0.1,always_0pct,-0.4208810868878512,0.4356534540986501,0.0,1.0,0.0,0.8565345409865013,-0.013107191558635933,0,1.0,0.0,0.0,0.0,0.0,0.0
state_0039,core_009,recovered_calibration,always_0pct,1,0,,7.799272537231445,0.1428571492433548,0.2857142984867096,0.4419904053211212,0,early,7,medium_shelf_life,high_inventory,uniform,medium_margin,moderate_disposal_cost,observed_sales_demand,observed_target_response,3,0.2,always_0pct,-0.41929374959577975,0.41732343739894484,0.0,0.9999999999999999,0.0,0.8366171869947246,-0.031437208258341176,0,1.0,0.0,0.0,0.0,0.0,0.0
state_0039,core_009,recovered_calibration,always_0pct,1,0,,7.799272537231445,0.1428571492433548,0.2857142984867096,0.4419904053211212,0,early,7,medium_shelf_life,high_inventory,uniform,medium_margin,moderate_disposal_cost,observed_sales_demand,observed_target_response,4,0.3,always_0pct,-0.40915636028755936,0.38963844012323956,0.0,1.0,5.551115123125783e-17,0.798794800410799,-0.05912220553404646,0,1.0,0.0,0.0,0.0,0.0,0.0
state_0039,core_009,recovered_calibration,always_0pct,1,0,,7.799272537231445,0.1428571492433548,0.2857142984867096,0.4419904053211212,0,early,7,medium_shelf_life,high_inventory,uniform,medium_margin,moderate_disposal_cost,observed_sales_demand,observed_target_response,5,0.4,always_0pct,-0.3858585431297448,0.34057236208649644,0.0,1.0,0.0,0.7264309052162413,-0.10818828357078958,0,1.0,0.0,0.0,0.0,0.0,0.0
state_0039,core_009,recovered_calibration,always_0pct,1,0,,7.799272537231445,0.1428571492433548,0.2857142984867096,0.4419904053211212,0,early,7,medium_shelf_life,high_inventory,uniform,medium_margin,moderate_disposal_cost,observed_sales_demand,observed_target_response,0,0.0,expiry_threshold_rule,-0.40838221148557113,0.2069782805702685,0.0011803374692513158,0.9988196625307485,0.0,0.6153604920558395,0.0,5,0.0,0.0,0.0,0.6,0.0,0.4
state_0039,core_009,recovered_calibration,always_0pct,1,0,,7.799272537231445,0.1428571492433548,0.2857142984867096,0.4419904053211212,0,early,7,medium_shelf_life,high_inventory,uniform,medium_margin,moderate_disposal_cost,observed_sales_demand,observed_target_response,1,0.05,expiry_threshold_rule,-0.4088673373454072,0.20407645469673924,0.0,1.0,0.0,0.6129437920421464,-0.0029018258735292735,5,0.0,0.0,0.0,0.6,0.0,0.4
state_0039,core_009,recovered_calibration,always_0pct,1,0,,7.799272537231445,0.1428571492433548,0.2857142984867096,0.4419904053211212,0,early,7,medium_shelf_life,high_inventory,uniform,medium_margin,moderate_disposal_cost,observed_sales_demand,observed_target_response,2,0.1,expiry_threshold_rule,-0.4208810868878512,0.19511984826488626,0.0,1.0,0.0,0.6160009351527375,-0.01185843230538225,5,0.0,0.0,0.0,0.6,0.0,0.4
state_0039,core_009,recovered_calibration,always_0pct,1,0,,7.799272537231445,0.1428571492433548,0.2857142984867096,0.4419904053211212,0,early,7,medium_shelf_life,high_inventory,uniform,medium_margin,moderate_disposal_cost,observed_sales_demand,observed_target_response,3,0.2,expiry_threshold_rule,-0.41929374959577975,0.18527268119034407,0.0,1.0,0.0,0.6045664307861238,-0.021705599379924445,5,0.0,0.0,0.0,0.6,0.0,0.4
state_0039,core_009,recovered_calibration,always_0pct,1,0,,7.799272537231445,0.1428571492433548,0.2857142984867096,0.4419904053211212,0,early,7,medium_shelf_life,high_inventory,uniform,medium_margin,moderate_disposal_cost,observed_sales_demand,observed_target_response,4,0.3,expiry_threshold_rule,-0.40915636028755936,0.20865272494778733,0.0,1.0,0.0,0.6178090852353466,0.001674444377518819,5,0.0,0.0,0.0,0.8,0.0,0.2
state_0039,core_009,recovered_calibration,always_0pct,1,0,,7.799272537231445,0.1428571492433548,0.2857142984867096,0.4419904053211212,0,early,7,medium_shelf_life,high_inventory,uniform,medium_margin,moderate_disposal_cost,observed_sales_demand,observed_target_response,5,0.4,expiry_threshold_rule,-0.3858585431297448,0.21450934842205305,0.0,0.9999999999999999,0.0,0.6003678915517979,0.007531067851784534,5,0.0,0.0,0.4,0.4,0.0,0.2
state_0039,core_009,recovered_calibration,always_0pct,1,0,,7.799272537231445,0.1428571492433548,0.2857142984867096,0.4419904053211212,0,early,7,medium_shelf_life,high_inventory,uniform,medium_margin,moderate_disposal_cost,observed_sales_demand,observed_target_response,0,0.0,inventory_coverage_rule,-0.40838221148557113,0.22396221546970574,0.0011803374692513158,0.9988196625307487,0.0,0.6323444269552768,0.0,0,0.2,0.0,0.0,0.2,0.6,0.0
state_0039,core_009,recovered_calibration,always_0pct,1,0,,7.799272537231445,0.1428571492433548,0.2857142984867096,0.4419904053211212,0,early,7,medium_shelf_life,high_inventory,uniform,medium_margin,moderate_disposal_cost,observed_sales_demand,observed_target_response,1,0.05,inventory_coverage_rule,-0.4088673373454072,0.21790236447517147,0.0,1.0,0.0,0.6267697018205787,-0.006059850994534266,0,0.2,0.0,0.0,0.2,0.6,0.0
state_0039,core_009,recovered_calibration,always_0pct,1,0,,7.799272537231445,0.1428571492433548,0.2857142984867096,0.4419904053211212,0,early,7,medium_shelf_life,high_inventory,uniform,medium_margin,moderate_disposal_cost,observed_sales_demand,observed_target_response,2,0.1,inventory_coverage_rule,-0.4208810868878512,0.210877452257872,0.0,1.0,0.0,0.6317585391457232,-0.013084763211833744,0,0.2,0.0,0.0,0.2,0.6,0.0
state_0039,core_009,recovered_calibration,always_0pct,1,0,,7.799272537231445,0.1428571492433548,0.2857142984867096,0.4419904053211212,0,early,7,medium_shelf_life,high_inventory,uniform,medium_margin,moderate_disposal_cost,observed_sales_demand,observed_target_response,3,0.2,inventory_coverage_rule,-0.41929374959577975,0.19317828483552754,0.0,1.0,0.0,0.6124720344313073,-0.030783930634178197,0,0.2,0.0,0.0,0.2,0.6,0.0
state_0039,core_009,recovered_calibration,always_0pct,1,0,,7.799272537231445,0.1428571492433548,0.2857142984867096,0.4419904053211212,0,early,7,medium_shelf_life,high_inventory,uniform,medium_margin,moderate_disposal_cost,observed_sales_demand,observed_target_response,4,0.3,inventory_coverage_rule,-0.40915636028755936,0.18254830441890804,0.0,1.0,0.0,0.5917046647064674,-0.0414139110507977,0,0.0,0.0,0.25,0.0,0.75,0.0
state_0039,core_009,recovered_calibration,always_0pct,1,0,,7.799272537231445,0.1428571492433548,0.2857142984867096,0.4419904053211212,0,early,7,medium_shelf_life,high_inventory,uniform,medium_margin,moderate_disposal_cost,observed_sales_demand,observed_target_response,5,0.4,inventory_coverage_rule,-0.3858585431297448,0.14754121053729255,0.0,1.0000000000000002,0.0,0.5333997536670374,-0.07642100493241319,0,0.25,0.0,0.0,0.0,0.75,0.0
state_0039,core_009,recovered_calibration,always_0pct,1,0,,7.799272537231445,0.1428571492433548,0.2857142984867096,0.4419904053211212,0,early,7,medium_shelf_life,high_inventory,uniform,medium_margin,moderate_disposal_cost,observed_sales_demand,observed_target_response,0,0.0,greedy_financial,-0.40838221148557113,0.12203146885205664,0.0011803374692513158,0.9988196625307487,0.0,0.5304136803376277,0.0,4,0.25,0.0,0.0,0.0,0.0,0.75
state_0039,core_009,recovered_calibration,always_0pct,1,0,,7.799272537231445,0.1428571492433548,0.2857142984867096,0.4419904053211212,0,early,7,medium_shelf_life,high_inventory,uniform,medium_margin,moderate_disposal_cost,observed_sales_demand,observed_target_response,1,0.05,greedy_financial,-0.4088673373454072,0.11584278831821299,0.0,1.0,0.0,0.5247101256636202,-0.006188680533843652,4,0.25,0.0,0.0,0.0,0.0,0.75
state_0039,core_009,recovered_calibration,always_0pct,1,0,,7.799272537231445,0.1428571492433548,0.2857142984867096,0.4419904053211212,0,early,7,medium_shelf_life,high_inventory,uniform,medium_margin,moderate_disposal_cost,observed_sales_demand,observed_target_response,2,0.1,greedy_financial,-0.4208810868878512,0.10892427729342069,0.0,1.0,0.0,0.5298053641812719,-0.013107191558635947,4,0.25,0.0,0.0,0.0,0.0,0.75
state_0039,core_009,recovered_calibration,always_0pct,1,0,,7.799272537231445,0.1428571492433548,0.2857142984867096,0.4419904053211212,0,early,7,medium_shelf_life,high_inventory,uniform,medium_margin,moderate_disposal_cost,observed_sales_demand,observed_target_response,3,0.2,greedy_financial,-0.41929374959577975,0.09043140329289727,0.0,1.0,0.0,0.509725152888677,-0.03160006555915937,4,0.25,0.0,0.0,0.0,0.0,0.75
state_0039,core_009,recovered_calibration,always_0pct,1,0,,7.799272537231445,0.1428571492433548,0.2857142984867096,0.4419904053211212,0,early,7,medium_shelf_life,high_inventory,uniform,medium_margin,moderate_disposal_cost,observed_sales_demand,observed_target_response,4,0.3,greedy_financial,-0.40915636028755936,0.16631733750613087,0.0,1.0,0.0,0.5754736977936902,0.04428586865407423,4,0.25,0.25,0.0,0.0,0.0,0.5
state_0039,core_009,recovered_calibration,always_0pct,1,0,,7.799272537231445,0.1428571492433548,0.2857142984867096,0.4419904053211212,0,early,7,medium_shelf_life,high_inventory,uniform,medium_margin,moderate_disposal_cost,observed_sales_demand,observed_target_response,5,0.4,greedy_financial,-0.3858585431297448,0.11218110128971497,0.0,1.0,0.0,0.4980396444194598,-0.009850367562341672,4,0.25,0.25,0.0,0.0,0.0,0.5
state_0040,core_012,observed_calibration,always_0pct,0,0,,2.21427583694458,0.1428571492433548,0.2857142984867096,1.514770746231079,0,early,7,medium_shelf_life,high_inventory,uniform,medium_margin,moderate_disposal_cost,recovered_demand,recovered_target_response,0,0.0,always_0pct,0.06235411267290178,0.45000000000000007,0.0,1.0000000000000002,0.0,0.3876458873270983,0.0,0,1.0,0.0,0.0,0.0,0.0,0.0
state_0040,core_012,observed_calibration,always_0pct,0,0,,2.21427583694458,0.1428571492433548,0.2857142984867096,1.514770746231079,0,early,7,medium_shelf_life,high_inventory,uniform,medium_margin,moderate_disposal_cost,recovered_demand,recovered_target_response,1,0.05,always_0pct,0.02952033008409006,0.41949892999557425,0.0,1.0000000000000002,0.0,0.3899785999114842,-0.030501070004425812,0,1.0,0.0,0.0,0.0,0.0,0.0
state_0040,core_012,observed_calibration,always_0pct,0,0,,2.21427583694458,0.1428571492433548,0.2857142984867096,1.514770746231079,0,early,7,medium_shelf_life,high_inventory,uniform,medium_margin,moderate_disposal_cost,recovered_demand,recovered_target_response,2,0.1,always_0pct,0.0016765198199474374,0.38870260890889485,0.0,1.0000000000000002,0.0,0.3870260890889474,-0.06129739109110521,0,1.0,0.0,0.0,0.0,0.0,0.0
state_0040,core_012,observed_calibration,always_0pct,0,0,,2.21427583694458,0.1428571492433548,0.2857142984867096,1.514770746231079,0,early,7,medium_shelf_life,high_inventory,uniform,medium_margin,moderate_disposal_cost,recovered_demand,recovered_target_response,3,0.2,always_0pct,-0.06151082542365482,0.32787770635591384,0.0,1.0000000000000002,0.0,0.38938853177956867,-0.12212229364408622,0,1.0,0.0,0.0,0.0,0.0,0.0
state_0040,core_012,observed_calibration,always_0pct,0,0,,2.21427583694458,0.1428571492433548,0.2857142984867096,1.514770746231079,0,early,7,medium_shelf_life,high_inventory,uniform,medium_margin,moderate_disposal_cost,recovered_demand,recovered_target_response,4,0.3,always_0pct,-0.11607278588631903,0.2640311939512796,0.0,1.0000000000000002,0.0,0.38010397983759864,-0.18596880604872046,0,1.0,0.0,0.0,0.0,0.0,0.0
state_0040,core_012,observed_calibration,always_0pct,0,0,,2.21427583694458,0.1428571492433548,0.2857142984867096,1.514770746231079,0,early,7,medium_shelf_life,high_inventory,uniform,medium_margin,moderate_disposal_cost,recovered_demand,recovered_target_response,5,0.4,always_0pct,-0.044904341806207344,0.11326956120413832,0.0,1.0000000000000002,0.0,0.15817390301034567,-0.33673043879586173,0,1.0,0.0,0.0,0.0,0.0,0.0
state_0040,core_012,observed_calibration,always_0pct,0,0,,2.21427583694458,0.1428571492433548,0.2857142984867096,1.514770746231079,0,early,7,medium_shelf_life,high_inventory,uniform,medium_margin,moderate_disposal_cost,recovered_demand,recovered_target_response,0,0.0,expiry_threshold_rule,0.06235411267290178,0.45000000000000007,0.0,1.0000000000000002,0.0,0.3876458873270983,0.0,0,1.0,0.0,0.0,0.0,0.0,0.0
state_0040,core_012,observed_calibration,always_0pct,0,0,,2.21427583694458,0.1428571492433548,0.2857142984867096,1.514770746231079,0,early,7,medium_shelf_life,high_inventory,uniform,medium_margin,moderate_disposal_cost,recovered_demand,recovered_target_response,1,0.05,expiry_threshold_rule,0.02952033008409006,0.41949892999557425,0.0,1.0000000000000002,0.0,0.3899785999114842,-0.030501070004425812,0,1.0,0.0,0.0,0.0,0.0,0.0
state_0040,core_012,observed_calibration,always_0pct,0,0,,2.21427583694458,0.1428571492433548,0.2857142984867096,1.514770746231079,0,early,7,medium_shelf_life,high_inventory,uniform,medium_margin,moderate_disposal_cost,recovered_demand,recovered_target_response,2,0.1,expiry_threshold_rule,0.0016765198199474374,0.38870260890889485,0.0,1.0000000000000002,0.0,0.3870260890889474,-0.06129739109110521,0,1.0,0.0,0.0,0.0,0.0,0.0
state_0040,core_012,observed_calibration,always_0pct,0,0,,2.21427583694458,0.1428571492433548,0.2857142984867096,1.514770746231079,0,early,7,medium_shelf_life,high_inventory,uniform,medium_margin,moderate_disposal_cost,recovered_demand,recovered_target_response,3,0.2,expiry_threshold_rule,-0.06151082542365482,0.32787770635591384,0.0,1.0000000000000002,0.0,0.38938853177956867,-0.12212229364408622,0,1.0,0.0,0.0,0.0,0.0,0.0
state_0040,core_012,observed_calibration,always_0pct,0,0,,2.21427583694458,0.1428571492433548,0.2857142984867096,1.514770746231079,0,early,7,medium_shelf_life,high_inventory,uniform,medium_margin,moderate_disposal_cost,recovered_demand,recovered_target_response,4,0.3,expiry_threshold_rule,-0.11607278588631903,0.2640311939512796,0.0,1.0000000000000002,0.0,0.38010397983759864,-0.18596880604872046,0,1.0,0.0,0.0,0.0,0.0,0.0
state_0040,core_012,observed_calibration,always_0pct,0,0,,2.21427583694458,0.1428571492433548,0.2857142984867096,1.514770746231079,0,early,7,medium_shelf_life,high_inventory,uniform,medium_margin,moderate_disposal_cost,recovered_demand,recovered_target_response,5,0.4,expiry_threshold_rule,-0.044904341806207344,0.11326956120413832,0.0,1.0000000000000002,0.0,0.15817390301034567,-0.33673043879586173,0,1.0,0.0,0.0,0.0,0.0,0.0
state_0040,core_012,observed_calibration,always_0pct,0,0,,2.21427583694458,0.1428571492433548,0.2857142984867096,1.514770746231079,0,early,7,medium_shelf_life,high_inventory,uniform,medium_margin,moderate_disposal_cost,recovered_demand,recovered_target_response,0,0.0,inventory_coverage_rule,0.06235411267290178,0.41123541126729024,0.0,1.0000000000000002,0.0,0.3488812985943885,0.0,0,0.0,0.0,1.0,0.0,0.0,0.0
state_0040,core_012,observed_calibration,always_0pct,0,0,,2.21427583694458,0.1428571492433548,0.2857142984867096,1.514770746231079,0,early,7,medium_shelf_life,high_inventory,uniform,medium_margin,moderate_disposal_cost,recovered_demand,recovered_target_response,1,0.05,inventory_coverage_rule,0.02952033008409006,0.38050107000442585,0.0,1.0000000000000002,0.0,0.3509807399203358,-0.030734341262864395,0,0.0,0.0,1.0,0.0,0.0,0.0
state_0040,core_012,observed_calibration,always_0pct,0,0,,2.21427583694458,0.1428571492433548,0.2857142984867096,1.514770746231079,0,early,7,medium_shelf_life,high_inventory,uniform,medium_margin,moderate_disposal_cost,recovered_demand,recovered_target_response,2,0.1,inventory_coverage_rule,0.0016765198199474374,0.3500000000000001,0.0,1.0000000000000002,0.0,0.34832348018005266,-0.06123541126729015,0,0.0,0.0,1.0,0.0,0.0,0.0
state_0040,core_012,observed_calibration,always_0pct,0,0,,2.21427583694458,0.1428571492433548,0.2857142984867096,1.514770746231079,0,early,7,medium_shelf_life,high_inventory,uniform,medium_margin,moderate_disposal_cost,recovered_demand,recovered_target_response,3,0.2,inventory_coverage_rule,-0.06151082542365482,0.288938853177957,0.0,1.0000000000000002,0.0,0.3504496786016118,-0.12229655808933326,0,0.0,0.0,1.0,0.0,0.0,0.0
state_0040,core_012,observed_calibration,always_0pct,0,0,,2.21427583694458,0.1428571492433548,0.2857142984867096,1.514770746231079,0,early,7,medium_shelf_life,high_inventory,uniform,medium_margin,moderate_disposal_cost,recovered_demand,recovered_target_response,4,0.3,inventory_coverage_rule,-0.11607278588631903,0.2640311939512796,0.0,1.0000000000000002,0.0,0.38010397983759864,-0.14720421731601063,0,1.0,0.0,0.0,0.0,0.0,0.0
state_0040,core_012,observed_calibration,always_0pct,0,0,,2.21427583694458,0.1428571492433548,0.2857142984867096,1.514770746231079,0,early,7,medium_shelf_life,high_inventory,uniform,medium_margin,moderate_disposal_cost,recovered_demand,recovered_target_response,5,0.4,inventory_coverage_rule,-0.044904341806207344,0.11326956120413832,0.0,1.0000000000000002,0.0,0.15817390301034567,-0.2979658500631519,0,1.0,0.0,0.0,0.0,0.0,0.0
state_0040,core_012,observed_calibration,always_0pct,0,0,,2.21427583694458,0.1428571492433548,0.2857142984867096,1.514770746231079,0,early,7,medium_shelf_life,high_inventory,uniform,medium_margin,moderate_disposal_cost,recovered_demand,recovered_target_response,0,0.0,greedy_financial,0.06235411267290178,0.45000000000000007,0.0,1.0000000000000002,0.0,0.3876458873270983,0.0,0,1.0,0.0,0.0,0.0,0.0,0.0
state_0040,core_012,observed_calibration,always_0pct,0,0,,2.21427583694458,0.1428571492433548,0.2857142984867096,1.514770746231079,0,early,7,medium_shelf_life,high_inventory,uniform,medium_margin,moderate_disposal_cost,recovered_demand,recovered_target_response,1,0.05,greedy_financial,0.02952033008409006,0.41949892999557425,0.0,1.0000000000000002,0.0,0.3899785999114842,-0.030501070004425812,0,1.0,0.0,0.0,0.0,0.0,0.0
state_0040,core_012,observed_calibration,always_0pct,0,0,,2.21427583694458,0.1428571492433548,0.2857142984867096,1.514770746231079,0,early,7,medium_shelf_life,high_inventory,uniform,medium_margin,moderate_disposal_cost,recovered_demand,recovered_target_response,2,0.1,greedy_financial,0.0016765198199474374,0.38870260890889485,0.0,1.0000000000000002,0.0,0.3870260890889474,-0.06129739109110521,0,1.0,0.0,0.0,0.0,0.0,0.0
state_0040,core_012,observed_calibration,always_0pct,0,0,,2.21427583694458,0.1428571492433548,0.2857142984867096,1.514770746231079,0,early,7,medium_shelf_life,high_inventory,uniform,medium_margin,moderate_disposal_cost,recovered_demand,recovered_target_response,3,0.2,greedy_financial,-0.06151082542365482,0.32787770635591384,0.0,1.0000000000000002,0.0,0.38938853177956867,-0.12212229364408622,0,1.0,0.0,0.0,0.0,0.0,0.0
state_0040,core_012,observed_calibration,always_0pct,0,0,,2.21427583694458,0.1428571492433548,0.2857142984867096,1.514770746231079,0,early,7,medium_shelf_life,high_inventory,uniform,medium_margin,moderate_disposal_cost,recovered_demand,recovered_target_response,4,0.3,greedy_financial,-0.11607278588631903,0.2640311939512796,0.0,1.0000000000000002,0.0,0.38010397983759864,-0.18596880604872046,0,1.0,0.0,0.0,0.0,0.0,0.0
state_0040,core_012,observed_calibration,always_0pct,0,0,,2.21427583694458,0.1428571492433548,0.2857142984867096,1.514770746231079,0,early,7,medium_shelf_life,high_inventory,uniform,medium_margin,moderate_disposal_cost,recovered_demand,recovered_target_response,5,0.4,greedy_financial,-0.044904341806207344,0.11326956120413832,0.0,1.0000000000000002,0.0,0.15817390301034567,-0.33673043879586173,0,1.0,0.0,0.0,0.0,0.0,0.0
state_0041,core_012,observed_calibration,always_0pct,0,1,0,0.81682288646698,0.0,0.0,1.1891764402389526,1,early,6,medium_shelf_life,high_inventory,uniform,medium_margin,moderate_disposal_cost,recovered_demand,recovered_target_response,0,0.0,always_0pct,0.3876458873270983,0.45000000000000007,0.0,1.0000000000000002,0.0,0.0,0.0,0,,,,,,
state_0041,core_012,observed_calibration,always_0pct,0,1,0,0.81682288646698,0.0,0.0,1.1891764402389526,1,early,6,medium_shelf_life,high_inventory,uniform,medium_margin,moderate_disposal_cost,recovered_demand,recovered_target_response,1,0.05,always_0pct,0.36826359296074335,0.43061770563364515,0.0,1.0000000000000002,0.0,0.0,-0.019382294366354913,0,,,,,,
state_0041,core_012,observed_calibration,always_0pct,0,1,0,0.81682288646698,0.0,0.0,1.1891764402389526,1,early,6,medium_shelf_life,high_inventory,uniform,medium_margin,moderate_disposal_cost,recovered_demand,recovered_target_response,2,0.1,always_0pct,0.3488812985943885,0.41123541126729024,0.0,1.0000000000000002,0.0,0.0,-0.038764588732709826,0,,,,,,
state_0041,core_012,observed_calibration,always_0pct,0,1,0,0.81682288646698,0.0,0.0,1.1891764402389526,1,early,6,medium_shelf_life,high_inventory,uniform,medium_margin,moderate_disposal_cost,recovered_demand,recovered_target_response,3,0.2,always_0pct,0.31011670986167866,0.37247082253458047,0.0,1.0000000000000002,0.0,0.0,-0.0775291774654196,0,,,,,,
state_0041,core_012,observed_calibration,always_0pct,0,1,0,0.81682288646698,0.0,0.0,1.1891764402389526,1,early,6,medium_shelf_life,high_inventory,uniform,medium_margin,moderate_disposal_cost,recovered_demand,recovered_target_response,4,0.3,always_0pct,0.2713521211289688,0.33370623380187053,0.0,1.0000000000000002,0.0,0.0,-0.11629376619812953,0,,,,,,
state_0041,core_012,observed_calibration,always_0pct,0,1,0,0.81682288646698,0.0,0.0,1.1891764402389526,1,early,6,medium_shelf_life,high_inventory,uniform,medium_margin,moderate_disposal_cost,recovered_demand,recovered_target_response,5,0.4,always_0pct,0.23258753239625896,0.29494164506916076,0.0,1.0000000000000002,0.0,0.0,-0.1550583549308393,0,,,,,,
state_0041,core_012,observed_calibration,always_0pct,0,1,0,0.81682288646698,0.0,0.0,1.1891764402389526,1,early,6,medium_shelf_life,high_inventory,uniform,medium_margin,moderate_disposal_cost,recovered_demand,recovered_target_response,0,0.0,expiry_threshold_rule,0.3876458873270983,0.45000000000000007,0.0,1.0000000000000002,0.0,0.0,0.0,0,,,,,,
state_0041,core_012,observed_calibration,always_0pct,0,1,0,0.81682288646698,0.0,0.0,1.1891764402389526,1,early,6,medium_shelf_life,high_inventory,uniform,medium_margin,moderate_disposal_cost,recovered_demand,recovered_target_response,1,0.05,expiry_threshold_rule,0.36826359296074335,0.43061770563364515,0.0,1.0000000000000002,0.0,0.0,-0.019382294366354913,0,,,,,,
state_0041,core_012,observed_calibration,always_0pct,0,1,0,0.81682288646698,0.0,0.0,1.1891764402389526,1,early,6,medium_shelf_life,high_inventory,uniform,medium_margin,moderate_disposal_cost,recovered_demand,recovered_target_response,2,0.1,expiry_threshold_rule,0.3488812985943885,0.41123541126729024,0.0,1.0000000000000002,0.0,0.0,-0.038764588732709826,0,,,,,,
state_0041,core_012,observed_calibration,always_0pct,0,1,0,0.81682288646698,0.0,0.0,1.1891764402389526,1,early,6,medium_shelf_life,high_inventory,uniform,medium_margin,moderate_disposal_cost,recovered_demand,recovered_target_response,3,0.2,expiry_threshold_rule,0.31011670986167866,0.37247082253458047,0.0,1.0000000000000002,0.0,0.0,-0.0775291774654196,0,,,,,,
state_0041,core_012,observed_calibration,always_0pct,0,1,0,0.81682288646698,0.0,0.0,1.1891764402389526,1,early,6,medium_shelf_life,high_inventory,uniform,medium_margin,moderate_disposal_cost,recovered_demand,recovered_target_response,4,0.3,expiry_threshold_rule,0.2713521211289688,0.33370623380187053,0.0,1.0000000000000002,0.0,0.0,-0.11629376619812953,0,,,,,,
state_0041,core_012,observed_calibration,always_0pct,0,1,0,0.81682288646698,0.0,0.0,1.1891764402389526,1,early,6,medium_shelf_life,high_inventory,uniform,medium_margin,moderate_disposal_cost,recovered_demand,recovered_target_response,5,0.4,expiry_threshold_rule,0.23258753239625896,0.29494164506916076,0.0,1.0000000000000002,0.0,0.0,-0.1550583549308393,0,,,,,,
state_0041,core_012,observed_calibration,always_0pct,0,1,0,0.81682288646698,0.0,0.0,1.1891764402389526,1,early,6,medium_shelf_life,high_inventory,uniform,medium_margin,moderate_disposal_cost,recovered_demand,recovered_target_response,0,0.0,inventory_coverage_rule,0.3876458873270983,0.45000000000000007,0.0,1.0000000000000002,0.0,0.0,0.0,0,,,,,,
state_0041,core_012,observed_calibration,always_0pct,0,1,0,0.81682288646698,0.0,0.0,1.1891764402389526,1,early,6,medium_shelf_life,high_inventory,uniform,medium_margin,moderate_disposal_cost,recovered_demand,recovered_target_response,1,0.05,inventory_coverage_rule,0.36826359296074335,0.43061770563364515,0.0,1.0000000000000002,0.0,0.0,-0.019382294366354913,0,,,,,,
state_0041,core_012,observed_calibration,always_0pct,0,1,0,0.81682288646698,0.0,0.0,1.1891764402389526,1,early,6,medium_shelf_life,high_inventory,uniform,medium_margin,moderate_disposal_cost,recovered_demand,recovered_target_response,2,0.1,inventory_coverage_rule,0.3488812985943885,0.41123541126729024,0.0,1.0000000000000002,0.0,0.0,-0.038764588732709826,0,,,,,,
state_0041,core_012,observed_calibration,always_0pct,0,1,0,0.81682288646698,0.0,0.0,1.1891764402389526,1,early,6,medium_shelf_life,high_inventory,uniform,medium_margin,moderate_disposal_cost,recovered_demand,recovered_target_response,3,0.2,inventory_coverage_rule,0.31011670986167866,0.37247082253458047,0.0,1.0000000000000002,0.0,0.0,-0.0775291774654196,0,,,,,,
state_0041,core_012,observed_calibration,always_0pct,0,1,0,0.81682288646698,0.0,0.0,1.1891764402389526,1,early,6,medium_shelf_life,high_inventory,uniform,medium_margin,moderate_disposal_cost,recovered_demand,recovered_target_response,4,0.3,inventory_coverage_rule,0.2713521211289688,0.33370623380187053,0.0,1.0000000000000002,0.0,0.0,-0.11629376619812953,0,,,,,,
state_0041,core_012,observed_calibration,always_0pct,0,1,0,0.81682288646698,0.0,0.0,1.1891764402389526,1,early,6,medium_shelf_life,high_inventory,uniform,medium_margin,moderate_disposal_cost,recovered_demand,recovered_target_response,5,0.4,inventory_coverage_rule,0.23258753239625896,0.29494164506916076,0.0,1.0000000000000002,0.0,0.0,-0.1550583549308393,0,,,,,,
state_0041,core_012,observed_calibration,always_0pct,0,1,0,0.81682288646698,0.0,0.0,1.1891764402389526,1,early,6,medium_shelf_life,high_inventory,uniform,medium_margin,moderate_disposal_cost,recovered_demand,recovered_target_response,0,0.0,greedy_financial,0.3876458873270983,0.45000000000000007,0.0,1.0000000000000002,0.0,0.0,0.0,0,,,,,,
state_0041,core_012,observed_calibration,always_0pct,0,1,0,0.81682288646698,0.0,0.0,1.1891764402389526,1,early,6,medium_shelf_life,high_inventory,uniform,medium_margin,moderate_disposal_cost,recovered_demand,recovered_target_response,1,0.05,greedy_financial,0.36826359296074335,0.43061770563364515,0.0,1.0000000000000002,0.0,0.0,-0.019382294366354913,0,,,,,,
state_0041,core_012,observed_calibration,always_0pct,0,1,0,0.81682288646698,0.0,0.0,1.1891764402389526,1,early,6,medium_shelf_life,high_inventory,uniform,medium_margin,moderate_disposal_cost,recovered_demand,recovered_target_response,2,0.1,greedy_financial,0.3488812985943885,0.41123541126729024,0.0,1.0000000000000002,0.0,0.0,-0.038764588732709826,0,,,,,,
state_0041,core_012,observed_calibration,always_0pct,0,1,0,0.81682288646698,0.0,0.0,1.1891764402389526,1,early,6,medium_shelf_life,high_inventory,uniform,medium_margin,moderate_disposal_cost,recovered_demand,recovered_target_response,3,0.2,greedy_financial,0.31011670986167866,0.37247082253458047,0.0,1.0000000000000002,0.0,0.0,-0.0775291774654196,0,,,,,,
state_0041,core_012,observed_calibration,always_0pct,0,1,0,0.81682288646698,0.0,0.0,1.1891764402389526,1,early,6,medium_shelf_life,high_inventory,uniform,medium_margin,moderate_disposal_cost,recovered_demand,recovered_target_response,4,0.3,greedy_financial,0.2713521211289688,0.33370623380187053,0.0,1.0000000000000002,0.0,0.0,-0.11629376619812953,0,,,,,,
state_0041,core_012,observed_calibration,always_0pct,0,1,0,0.81682288646698,0.0,0.0,1.1891764402389526,1,early,6,medium_shelf_life,high_inventory,uniform,medium_margin,moderate_disposal_cost,recovered_demand,recovered_target_response,5,0.4,greedy_financial,0.23258753239625896,0.29494164506916076,0.0,1.0000000000000002,0.0,0.0,-0.1550583549308393,0,,,,,,
state_0042,core_012,observed_calibration,always_0pct,1,0,,6.184210300445557,0.1428571492433548,0.2857142984867096,0.4501940608024597,0,early,7,medium_shelf_life,high_inventory,uniform,medium_margin,moderate_disposal_cost,recovered_demand,recovered_target_response,0,0.0,always_0pct,-0.3680066524002524,0.45,0.0,1.0000000000000002,0.0,0.8180066524002524,0.0,0,1.0,0.0,0.0,0.0,0.0,0.0
state_0042,core_012,observed_calibration,always_0pct,1,0,,6.184210300445557,0.1428571492433548,0.2857142984867096,0.4501940608024597,0,early,7,medium_shelf_life,high_inventory,uniform,medium_margin,moderate_disposal_cost,recovered_demand,recovered_target_response,1,0.05,always_0pct,-0.3747673854880225,0.44077723081515907,0.0,0.9999999999999998,0.0,0.8155446163031816,-0.00922276918484094,0,1.0,0.0,0.0,0.0,0.0,0.0
state_0042,core_012,observed_calibration,always_0pct,1,0,,6.184210300445557,0.1428571492433548,0.2857142984867096,0.4501940608024597,0,early,7,medium_shelf_life,high_inventory,uniform,medium_margin,moderate_disposal_cost,recovered_demand,recovered_target_response,2,0.1,always_0pct,-0.3841112976209425,0.4315679219578825,0.0,1.0,0.0,0.8156792195788249,-0.018432078042117495,0,1.0,0.0,0.0,0.0,0.0,0.0
state_0042,core_012,observed_calibration,always_0pct,1,0,,6.184210300445557,0.1428571492433548,0.2857142984867096,0.4501940608024597,0,early,7,medium_shelf_life,high_inventory,uniform,medium_margin,moderate_disposal_cost,recovered_demand,recovered_target_response,3,0.2,always_0pct,-0.39248280559035675,0.4106207013975893,0.0,1.0,0.0,0.803103506987946,-0.039379298602410684,0,1.0,0.0,0.0,0.0,0.0,0.0
state_0042,core_012,observed_calibration,always_0pct,1,0,,6.184210300445557,0.1428571492433548,0.2857142984867096,0.4501940608024597,0,early,7,medium_shelf_life,high_inventory,uniform,medium_margin,moderate_disposal_cost,recovered_demand,recovered_target_response,4,0.3,always_0pct,-0.36381217941336985,0.3702052197485871,0.0,1.0000000000000002,0.0,0.734017399161957,-0.0797947802514129,0,1.0,0.0,0.0,0.0,0.0,0.0
state_0042,core_012,observed_calibration,always_0pct,1,0,,6.184210300445557,0.1428571492433548,0.2857142984867096,0.4501940608024597,0,early,7,medium_shelf_life,high_inventory,uniform,medium_margin,moderate_disposal_cost,recovered_demand,recovered_target_response,5,0.4,always_0pct,-0.2951667919218916,0.28011119461459444,0.0,1.0,0.0,0.575277986536486,-0.16988880538540557,0,1.0,0.0,0.0,0.0,0.0,0.0
state_0042,core_012,observed_calibration,always_0pct,1,0,,6.184210300445557,0.1428571492433548,0.2857142984867096,0.4501940608024597,0,early,7,medium_shelf_life,high_inventory,uniform,medium_margin,moderate_disposal_cost,recovered_demand,recovered_target_response,0,0.0,expiry_threshold_rule,-0.3680066524002524,0.2842583122243811,0.0,1.0,0.0,0.6522649646246335,0.0,4,0.0,0.0,0.0,0.8,0.0,0.2
state_0042,core_012,observed_calibration,always_0pct,1,0,,6.184210300445557,0.1428571492433548,0.2857142984867096,0.4501940608024597,0,early,7,medium_shelf_life,high_inventory,uniform,medium_margin,moderate_disposal_cost,recovered_demand,recovered_target_response,1,0.05,expiry_threshold_rule,-0.3747673854880225,0.2776683075545228,0.0,1.0,0.0,0.6524356930425453,-0.006590004669858263,4,0.0,0.0,0.0,1.0,0.0,0.0
state_0042,core_012,observed_calibration,always_0pct,1,0,,6.184210300445557,0.1428571492433548,0.2857142984867096,0.4501940608024597,0,early,7,medium_shelf_life,high_inventory,uniform,medium_margin,moderate_disposal_cost,recovered_demand,recovered_target_response,2,0.1,expiry_threshold_rule,-0.3841112976209425,0.2684320780421175,0.0,1.0,5.551115123125783e-17,0.6525433756630601,-0.015826234182263588,4,0.0,0.0,0.0,1.0,0.0,0.0
state_0042,core_012,observed_calibration,always_0pct,1,0,,6.184210300445557,0.1428571492433548,0.2857142984867096,0.4501940608024597,0,early,7,medium_shelf_life,high_inventory,uniform,medium_margin,moderate_disposal_cost,recovered_demand,recovered_target_response,3,0.2,expiry_threshold_rule,-0.39248280559035675,0.2682117129113305,0.0,1.0000000000000002,0.0,0.6606945185016873,-0.01604659931305058,4,0.0,0.0,0.25,0.75,0.0,0.0
state_0042,core_012,observed_calibration,always_0pct,1,0,,6.184210300445557,0.1428571492433548,0.2857142984867096,0.4501940608024597,0,early,7,medium_shelf_life,high_inventory,uniform,medium_margin,moderate_disposal_cost,recovered_demand,recovered_target_response,4,0.3,expiry_threshold_rule,-0.36381217941336985,0.3103703107828474,0.0,1.0,0.0,0.6741824901962172,0.0261119985584663,4,0.25,0.0,0.75,0.0,0.0,0.0
state_0042,core_012,observed_calibration,always_0pct,1,0,,6.184210300445557,0.1428571492433548,0.2857142984867096,0.4501940608024597,0,early,7,medium_shelf_life,high_inventory,uniform,medium_margin,moderate_disposal_cost,recovered_demand,recovered_target_response,5,0.4,expiry_threshold_rule,-0.2951667919218916,0.28011119461459444,0.0,1.0,0.0,0.575277986536486,-0.0041471176097866436,4,1.0,0.0,0.0,0.0,0.0,0.0
state_0042,core_012,observed_calibration,always_0pct,1,0,,6.184210300445557,0.1428571492433548,0.2857142984867096,0.4501940608024597,0,early,7,medium_shelf_life,high_inventory,uniform,medium_margin,moderate_disposal_cost,recovered_demand,recovered_target_response,0,0.0,inventory_coverage_rule,-0.3680066524002524,0.23508837807178087,0.0,1.0,0.0,0.6030950304720333,0.0,0,0.25,0.0,0.0,0.25,0.5,0.0
state_0042,core_012,observed_calibration,always_0pct,1,0,,6.184210300445557,0.1428571492433548,0.2857142984867096,0.4501940608024597,0,early,7,medium_shelf_life,high_inventory,uniform,medium_margin,moderate_disposal_cost,recovered_demand,recovered_target_response,1,0.05,inventory_coverage_rule,-0.3747673854880225,0.2287468659659457,0.0,1.0000000000000002,0.0,0.6035142514539683,-0.0063415121058351676,0,0.25,0.0,0.0,0.25,0.5,0.0
state_0042,core_012,observed_calibration,always_0pct,1,0,,6.184210300445557,0.1428571492433548,0.2857142984867096,0.4501940608024597,0,early,7,medium_shelf_life,high_inventory,uniform,medium_margin,moderate_disposal_cost,recovered_demand,recovered_target_response,2,0.1,inventory_coverage_rule,-0.3841112976209425,0.21953755710866915,0.0,0.9999999999999998,0.0,0.6036488547296117,-0.015550820963111722,0,0.25,0.0,0.0,0.25,0.5,0.0
state_0042,core_012,observed_calibration,always_0pct,1,0,,6.184210300445557,0.1428571492433548,0.2857142984867096,0.4501940608024597,0,early,7,medium_shelf_life,high_inventory,uniform,medium_margin,moderate_disposal_cost,recovered_demand,recovered_target_response,3,0.2,inventory_coverage_rule,-0.39248280559035675,0.1985903365483759,0.0,1.0,0.0,0.5910731421387326,-0.03649804152340497,0,0.25,0.0,0.0,0.25,0.5,0.0
state_0042,core_012,observed_calibration,always_0pct,1,0,,6.184210300445557,0.1428571492433548,0.2857142984867096,0.4501940608024597,0,early,7,medium_shelf_life,high_inventory,uniform,medium_margin,moderate_disposal_cost,recovered_demand,recovered_target_response,4,0.3,inventory_coverage_rule,-0.36381217941336985,0.1990636524691287,0.0,1.0000000000000002,0.0,0.5628758318824986,-0.036024725602652186,0,0.3333333333333333,0.0,0.0,0.0,0.6666666666666666,0.0
state_0042,core_012,observed_calibration,always_0pct,1,0,,6.184210300445557,0.1428571492433548,0.2857142984867096,0.4501940608024597,0,early,7,medium_shelf_life,high_inventory,uniform,medium_margin,moderate_disposal_cost,recovered_demand,recovered_target_response,5,0.4,inventory_coverage_rule,-0.2951667919218916,0.13598746768466255,0.0,1.0,0.0,0.4311542596065542,-0.09910091038711832,0,0.3333333333333333,0.0,0.0,0.3333333333333333,0.3333333333333333,0.0
state_0042,core_012,observed_calibration,always_0pct,1,0,,6.184210300445557,0.1428571492433548,0.2857142984867096,0.4501940608024597,0,early,7,medium_shelf_life,high_inventory,uniform,medium_margin,moderate_disposal_cost,recovered_demand,recovered_target_response,0,0.0,greedy_financial,-0.3680066524002524,0.12279733903989903,0.0,1.0000000000000002,0.0,0.4908039914401514,0.0,4,0.0,0.0,0.0,0.0,0.0,1.0
state_0042,core_012,observed_calibration,always_0pct,1,0,,6.184210300445557,0.1428571492433548,0.2857142984867096,0.4501940608024597,0,early,7,medium_shelf_life,high_inventory,uniform,medium_margin,moderate_disposal_cost,recovered_demand,recovered_target_response,1,0.05,greedy_financial,-0.3747673854880225,0.11455938429388643,0.0,1.0000000000000002,0.0,0.489326769781909,-0.008237954746012605,4,0.0,0.0,0.0,0.0,0.0,1.0
state_0042,core_012,observed_calibration,always_0pct,1,0,,6.184210300445557,0.1428571492433548,0.2857142984867096,0.4501940608024597,0,early,7,medium_shelf_life,high_inventory,uniform,medium_margin,moderate_disposal_cost,recovered_demand,recovered_target_response,2,0.1,greedy_financial,-0.3841112976209425,0.10529623412635251,0.0,1.0,0.0,0.489407531747295,-0.01750110491354652,4,0.0,0.0,0.0,0.0,0.0,1.0
state_0042,core_012,observed_calibration,always_0pct,1,0,,6.184210300445557,0.1428571492433548,0.2857142984867096,0.4501940608024597,0,early,7,medium_shelf_life,high_inventory,uniform,medium_margin,moderate_disposal_cost,recovered_demand,recovered_target_response,3,0.2,greedy_financial,-0.39248280559035675,0.08937929860241083,0.0,1.0,1.1102230246251565e-16,0.4818621041927676,-0.03341804043748821,4,0.0,0.0,0.0,0.0,0.0,1.0
state_0042,core_012,observed_calibration,always_0pct,1,0,,6.184210300445557,0.1428571492433548,0.2857142984867096,0.4501940608024597,0,early,7,medium_shelf_life,high_inventory,uniform,medium_margin,moderate_disposal_cost,recovered_demand,recovered_target_response,4,0.3,greedy_financial,-0.36381217941336985,0.2031718784322421,0.0,1.0,0.0,0.566984057845612,0.08037453939234307,4,0.6666666666666666,0.0,0.0,0.0,0.0,0.3333333333333333
state_0042,core_012,observed_calibration,always_0pct,1,0,,6.184210300445557,0.1428571492433548,0.2857142984867096,0.4501940608024597,0,early,7,medium_shelf_life,high_inventory,uniform,medium_margin,moderate_disposal_cost,recovered_demand,recovered_target_response,5,0.4,greedy_financial,-0.2951667919218916,0.09522103803535653,0.0,1.0000000000000002,0.0,0.3903878299572482,-0.027576301004542503,4,0.5,0.0,0.0,0.0,0.0,0.5
state_0043,core_012,observed_calibration,always_0pct,1,3,0|0|0,2.514131784439087,0.015170061960816383,0.3434467017650604,0.49274179339408875,3,middle,4,medium_shelf_life,high_inventory,uniform,medium_margin,moderate_disposal_cost,recovered_demand,recovered_target_response,0,0.0,always_0pct,0.19919348986240523,0.45,0.0,1.0000000000000002,0.0,0.23597954039066418,0.0,0,1.0,0.0,0.0,0.0,0.0,0.0
state_0043,core_012,observed_calibration,always_0pct,1,3,0|0|0,2.514131784439087,0.015170061960816383,0.3434467017650604,0.49274179339408875,3,middle,4,medium_shelf_life,high_inventory,uniform,medium_margin,moderate_disposal_cost,recovered_demand,recovered_target_response,1,0.05,always_0pct,0.18774342758920512,0.4401187669689892,0.0,0.9999999999999998,0.0,0.2375483696328535,-0.009881233031010794,0,1.0,0.0,0.0,0.0,0.0,0.0
state_0043,core_012,observed_calibration,always_0pct,1,3,0|0|0,2.514131784439087,0.015170061960816383,0.3434467017650604,0.49274179339408875,3,middle,4,medium_shelf_life,high_inventory,uniform,medium_margin,moderate_disposal_cost,recovered_demand,recovered_target_response,2,0.1,always_0pct,0.17773834167971508,0.43025129536892054,0.0,1.0,0.0,0.23768598394227486,-0.019748704631079472,0,1.0,0.0,0.0,0.0,0.0,0.0
state_0043,core_012,observed_calibration,always_0pct,1,3,0|0|0,2.514131784439087,0.015170061960816383,0.3434467017650604,0.49274179339408875,3,middle,4,medium_shelf_life,high_inventory,uniform,medium_margin,moderate_disposal_cost,recovered_demand,recovered_target_response,3,0.2,always_0pct,0.16558723408848733,0.4086031914778782,0.0,1.0,0.0,0.22818898764246026,-0.0413968085221218,0,1.0,0.0,0.0,0.0,0.0,0.0
state_0043,core_012,observed_calibration,always_0pct,1,3,0|0|0,2.514131784439087,0.015170061960816383,0.3434467017650604,0.49274179339408875,3,middle,4,medium_shelf_life,high_inventory,uniform,medium_margin,moderate_disposal_cost,recovered_demand,recovered_target_response,4,0.3,always_0pct,0.1909276415934429,0.3681738678885245,0.0,1.0,0.0,0.162419256548151,-0.08182613211147549,0,1.0,0.0,0.0,0.0,0.0,0.0
state_0043,core_012,observed_calibration,always_0pct,1,3,0|0|0,2.514131784439087,0.015170061960816383,0.3434467017650604,0.49274179339408875,3,middle,4,medium_shelf_life,high_inventory,uniform,medium_margin,moderate_disposal_cost,recovered_demand,recovered_target_response,5,0.4,always_0pct,0.24440362020501438,0.28706425319665707,0.0,1.0,0.0,0.027833663244712092,-0.16293574680334294,0,1.0,0.0,0.0,0.0,0.0,0.0
state_0043,core_012,observed_calibration,always_0pct,1,3,0|0|0,2.514131784439087,0.015170061960816383,0.3434467017650604,0.49274179339408875,3,middle,4,medium_shelf_life,high_inventory,uniform,medium_margin,moderate_disposal_cost,recovered_demand,recovered_target_response,0,0.0,expiry_threshold_rule,0.19919348986240523,0.3983269499953971,0.0,1.0,0.0,0.1843064903860613,0.0,0,0.0,0.0,0.0,0.5,0.0,0.5
state_0043,core_012,observed_calibration,always_0pct,1,3,0|0|0,2.514131784439087,0.015170061960816383,0.3434467017650604,0.49274179339408875,3,middle,4,medium_shelf_life,high_inventory,uniform,medium_margin,moderate_disposal_cost,recovered_demand,recovered_target_response,1,0.05,expiry_threshold_rule,0.18774342758920512,0.38781818526751055,0.0,1.0,0.0,0.1852477879313749,-0.010508764727886533,0,0.0,0.0,0.0,0.5,0.0,0.5
state_0043,core_012,observed_calibration,always_0pct,1,3,0|0|0,2.514131784439087,0.015170061960816383,0.3434467017650604,0.49274179339408875,3,middle,4,medium_shelf_life,high_inventory,uniform,medium_margin,moderate_disposal_cost,recovered_demand,recovered_target_response,2,0.1,expiry_threshold_rule,0.17773834167971508,0.3778956679436734,0.0,0.9999999999999998,0.0,0.1853303565170277,-0.020431282051723676,0,0.0,0.0,0.0,0.5,0.0,0.5
state_0043,core_012,observed_calibration,always_0pct,1,3,0|0|0,2.514131784439087,0.015170061960816383,0.3434467017650604,0.49274179339408875,3,middle,4,medium_shelf_life,high_inventory,uniform,medium_margin,moderate_disposal_cost,recovered_demand,recovered_target_response,3,0.2,expiry_threshold_rule,0.16558723408848733,0.3603527942352356,0.0,1.0,0.0,0.17993859039981763,-0.0379741557601615,0,0.0,0.0,0.0,0.5,0.0,0.5
state_0043,core_012,observed_calibration,always_0pct,1,3,0|0|0,2.514131784439087,0.015170061960816383,0.3434467017650604,0.49274179339408875,3,middle,4,medium_shelf_life,high_inventory,uniform,medium_margin,moderate_disposal_cost,recovered_demand,recovered_target_response,4,0.3,expiry_threshold_rule,0.1909276415934429,0.3519319422337094,0.0,1.0,0.0,0.1461773308933359,-0.0463950077616877,0,0.0,0.0,1.0,0.0,0.0,0.0
state_0043,core_012,observed_calibration,always_0pct,1,3,0|0|0,2.514131784439087,0.015170061960816383,0.3434467017650604,0.49274179339408875,3,middle,4,medium_shelf_life,high_inventory,uniform,medium_margin,moderate_disposal_cost,recovered_demand,recovered_target_response,5,0.4,expiry_threshold_rule,0.24440362020501438,0.28706425319665707,0.0,1.0,0.0,0.027833663244712092,-0.11126269679874001,0,1.0,0.0,0.0,0.0,0.0,0.0
state_0043,core_012,observed_calibration,always_0pct,1,3,0|0|0,2.514131784439087,0.015170061960816383,0.3434467017650604,0.49274179339408875,3,middle,4,medium_shelf_life,high_inventory,uniform,medium_margin,moderate_disposal_cost,recovered_demand,recovered_target_response,0,0.0,inventory_coverage_rule,0.19919348986240523,0.4072812338483372,0.0,1.0,0.0,0.1932607742390014,0.0,0,0.5,0.0,0.0,0.5,0.0,0.0
state_0043,core_012,observed_calibration,always_0pct,1,3,0|0|0,2.514131784439087,0.015170061960816383,0.3434467017650604,0.49274179339408875,3,middle,4,medium_shelf_life,high_inventory,uniform,medium_margin,moderate_disposal_cost,recovered_demand,recovered_target_response,1,0.05,inventory_coverage_rule,0.18774342758920512,0.3974000008173264,0.0,1.0,0.0,0.19482960348119072,-0.009881233031010794,0,0.5,0.0,0.0,0.5,0.0,0.0
state_0043,core_012,observed_calibration,always_0pct,1,3,0|0|0,2.514131784439087,0.015170061960816383,0.3434467017650604,0.49274179339408875,3,middle,4,medium_shelf_life,high_inventory,uniform,medium_margin,moderate_disposal_cost,recovered_demand,recovered_target_response,2,0.1,inventory_coverage_rule,0.17773834167971508,0.3875325292172577,0.0,0.9999999999999998,0.0,0.19496721779061207,-0.019748704631079472,0,0.5,0.0,0.0,0.5,0.0,0.0
state_0043,core_012,observed_calibration,always_0pct,1,3,0|0|0,2.514131784439087,0.015170061960816383,0.3434467017650604,0.49274179339408875,3,middle,4,medium_shelf_life,high_inventory,uniform,medium_margin,moderate_disposal_cost,recovered_demand,recovered_target_response,3,0.2,inventory_coverage_rule,0.16558723408848733,0.36557799366353677,0.0,1.0,0.0,0.18516378982811882,-0.04170324018480043,0,0.5,0.0,0.0,0.5,0.0,0.0
state_0043,core_012,observed_calibration,always_0pct,1,3,0|0|0,2.514131784439087,0.015170061960816383,0.3434467017650604,0.49274179339408875,3,middle,4,medium_shelf_life,high_inventory,uniform,medium_margin,moderate_disposal_cost,recovered_demand,recovered_target_response,4,0.3,inventory_coverage_rule,0.1909276415934429,0.3519319422337094,0.0,1.0,0.0,0.1461773308933359,-0.055349291614627816,0,0.0,0.0,1.0,0.0,0.0,0.0
state_0043,core_012,observed_calibration,always_0pct,1,3,0|0|0,2.514131784439087,0.015170061960816383,0.3434467017650604,0.49274179339408875,3,middle,4,medium_shelf_life,high_inventory,uniform,medium_margin,moderate_disposal_cost,recovered_demand,recovered_target_response,5,0.4,inventory_coverage_rule,0.24440362020501438,0.28706425319665707,0.0,1.0,0.0,0.027833663244712092,-0.12021698065168013,0,1.0,0.0,0.0,0.0,0.0,0.0
state_0043,core_012,observed_calibration,always_0pct,1,3,0|0|0,2.514131784439087,0.015170061960816383,0.3434467017650604,0.49274179339408875,3,middle,4,medium_shelf_life,high_inventory,uniform,medium_margin,moderate_disposal_cost,recovered_demand,recovered_target_response,0,0.0,greedy_financial,0.19919348986240523,0.45,0.0,1.0000000000000002,0.0,0.23597954039066418,0.0,0,1.0,0.0,0.0,0.0,0.0,0.0
state_0043,core_012,observed_calibration,always_0pct,1,3,0|0|0,2.514131784439087,0.015170061960816383,0.3434467017650604,0.49274179339408875,3,middle,4,medium_shelf_life,high_inventory,uniform,medium_margin,moderate_disposal_cost,recovered_demand,recovered_target_response,1,0.05,greedy_financial,0.18774342758920512,0.4401187669689892,0.0,0.9999999999999998,0.0,0.2375483696328535,-0.009881233031010794,0,1.0,0.0,0.0,0.0,0.0,0.0
state_0043,core_012,observed_calibration,always_0pct,1,3,0|0|0,2.514131784439087,0.015170061960816383,0.3434467017650604,0.49274179339408875,3,middle,4,medium_shelf_life,high_inventory,uniform,medium_margin,moderate_disposal_cost,recovered_demand,recovered_target_response,2,0.1,greedy_financial,0.17773834167971508,0.43025129536892054,0.0,1.0,0.0,0.23768598394227486,-0.019748704631079472,0,1.0,0.0,0.0,0.0,0.0,0.0
state_0043,core_012,observed_calibration,always_0pct,1,3,0|0|0,2.514131784439087,0.015170061960816383,0.3434467017650604,0.49274179339408875,3,middle,4,medium_shelf_life,high_inventory,uniform,medium_margin,moderate_disposal_cost,recovered_demand,recovered_target_response,3,0.2,greedy_financial,0.16558723408848733,0.4086031914778782,0.0,1.0,0.0,0.22818898764246026,-0.0413968085221218,0,1.0,0.0,0.0,0.0,0.0,0.0
state_0043,core_012,observed_calibration,always_0pct,1,3,0|0|0,2.514131784439087,0.015170061960816383,0.3434467017650604,0.49274179339408875,3,middle,4,medium_shelf_life,high_inventory,uniform,medium_margin,moderate_disposal_cost,recovered_demand,recovered_target_response,4,0.3,greedy_financial,0.1909276415934429,0.3681738678885245,0.0,1.0,0.0,0.162419256548151,-0.08182613211147549,0,1.0,0.0,0.0,0.0,0.0,0.0
state_0043,core_012,observed_calibration,always_0pct,1,3,0|0|0,2.514131784439087,0.015170061960816383,0.3434467017650604,0.49274179339408875,3,middle,4,medium_shelf_life,high_inventory,uniform,medium_margin,moderate_disposal_cost,recovered_demand,recovered_target_response,5,0.4,greedy_financial,0.24440362020501438,0.28706425319665707,0.0,1.0,0.0,0.027833663244712092,-0.16293574680334294,0,1.0,0.0,0.0,0.0,0.0,0.0
state_0044,core_012,recovered_calibration,always_0pct,0,0,,2.440021514892578,0.1428571492433548,0.2857142984867096,1.6303950548171997,0,early,7,medium_shelf_life,high_inventory,uniform,medium_margin,moderate_disposal_cost,recovered_demand,recovered_target_response,0,0.0,always_0pct,-0.027388741375867533,0.44999999999999996,0.0,1.0,0.0,0.47738874137586745,0.0,0,1.0,0.0,0.0,0.0,0.0,0.0
state_0044,core_012,recovered_calibration,always_0pct,0,0,,2.440021514892578,0.1428571492433548,0.2857142984867096,1.6303950548171997,0,early,7,medium_shelf_life,high_inventory,uniform,medium_margin,moderate_disposal_cost,recovered_demand,recovered_target_response,1,0.05,always_0pct,-0.01771188408687355,0.4219848360045722,0.0,1.0,0.0,0.4396967200914457,-0.02801516399542775,0,1.0,0.0,0.0,0.0,0.0,0.0
state_0044,core_012,recovered_calibration,always_0pct,0,0,,2.440021514892578,0.1428571492433548,0.2857142984867096,1.6303950548171997,0,early,7,medium_shelf_life,high_inventory,uniform,medium_margin,moderate_disposal_cost,recovered_demand,recovered_target_response,2,0.1,always_0pct,-0.04303858582243442,0.3936709539802704,0.0,1.0,0.0,0.4367095398027048,-0.056329046019729545,0,1.0,0.0,0.0,0.0,0.0,0.0
state_0044,core_012,recovered_calibration,always_0pct,0,0,,2.440021514892578,0.1428571492433548,0.2857142984867096,1.6303950548171997,0,early,7,medium_shelf_life,high_inventory,uniform,medium_margin,moderate_disposal_cost,recovered_demand,recovered_target_response,3,0.2,always_0pct,-0.10857897874347501,0.33964474468586875,0.0,1.0,0.0,0.44822372342934375,-0.1103552553141312,0,1.0,0.0,0.0,0.0,0.0,0.0
state_0044,core_012,recovered_calibration,always_0pct,0,0,,2.440021514892578,0.1428571492433548,0.2857142984867096,1.6303950548171997,0,early,7,medium_shelf_life,high_inventory,uniform,medium_margin,moderate_disposal_cost,recovered_demand,recovered_target_response,4,0.3,always_0pct,-0.1536102507061567,0.280118678874067,0.0,1.0,0.0,0.4337289295802237,-0.16988132112593296,0,1.0,0.0,0.0,0.0,0.0,0.0
state_0044,core_012,recovered_calibration,always_0pct,0,0,,2.440021514892578,0.1428571492433548,0.2857142984867096,1.6303950548171997,0,early,7,medium_shelf_life,high_inventory,uniform,medium_margin,moderate_disposal_cost,recovered_demand,recovered_target_response,5,0.4,always_0pct,-0.1397127330523926,0.17647515536826155,0.0,1.0,0.0,0.31618788842065415,-0.27352484463173843,0,1.0,0.0,0.0,0.0,0.0,0.0
state_0044,core_012,recovered_calibration,always_0pct,0,0,,2.440021514892578,0.1428571492433548,0.2857142984867096,1.6303950548171997,0,early,7,medium_shelf_life,high_inventory,uniform,medium_margin,moderate_disposal_cost,recovered_demand,recovered_target_response,0,0.0,expiry_threshold_rule,-0.027388741375867533,0.44999999999999996,0.0,1.0,0.0,0.47738874137586745,0.0,0,1.0,0.0,0.0,0.0,0.0,0.0
state_0044,core_012,recovered_calibration,always_0pct,0,0,,2.440021514892578,0.1428571492433548,0.2857142984867096,1.6303950548171997,0,early,7,medium_shelf_life,high_inventory,uniform,medium_margin,moderate_disposal_cost,recovered_demand,recovered_target_response,1,0.05,expiry_threshold_rule,-0.01771188408687355,0.4219848360045722,0.0,1.0,0.0,0.4396967200914457,-0.02801516399542775,0,1.0,0.0,0.0,0.0,0.0,0.0
state_0044,core_012,recovered_calibration,always_0pct,0,0,,2.440021514892578,0.1428571492433548,0.2857142984867096,1.6303950548171997,0,early,7,medium_shelf_life,high_inventory,uniform,medium_margin,moderate_disposal_cost,recovered_demand,recovered_target_response,2,0.1,expiry_threshold_rule,-0.04303858582243442,0.3936709539802704,0.0,1.0,0.0,0.4367095398027048,-0.056329046019729545,0,1.0,0.0,0.0,0.0,0.0,0.0
state_0044,core_012,recovered_calibration,always_0pct,0,0,,2.440021514892578,0.1428571492433548,0.2857142984867096,1.6303950548171997,0,early,7,medium_shelf_life,high_inventory,uniform,medium_margin,moderate_disposal_cost,recovered_demand,recovered_target_response,3,0.2,expiry_threshold_rule,-0.10857897874347501,0.33964474468586875,0.0,1.0,0.0,0.44822372342934375,-0.1103552553141312,0,1.0,0.0,0.0,0.0,0.0,0.0
state_0044,core_012,recovered_calibration,always_0pct,0,0,,2.440021514892578,0.1428571492433548,0.2857142984867096,1.6303950548171997,0,early,7,medium_shelf_life,high_inventory,uniform,medium_margin,moderate_disposal_cost,recovered_demand,recovered_target_response,4,0.3,expiry_threshold_rule,-0.1536102507061567,0.280118678874067,0.0,1.0,0.0,0.4337289295802237,-0.16988132112593296,0,1.0,0.0,0.0,0.0,0.0,0.0
state_0044,core_012,recovered_calibration,always_0pct,0,0,,2.440021514892578,0.1428571492433548,0.2857142984867096,1.6303950548171997,0,early,7,medium_shelf_life,high_inventory,uniform,medium_margin,moderate_disposal_cost,recovered_demand,recovered_target_response,5,0.4,expiry_threshold_rule,-0.1397127330523926,0.17647515536826155,0.0,1.0,0.0,0.31618788842065415,-0.27352484463173843,0,1.0,0.0,0.0,0.0,0.0,0.0
state_0044,core_012,recovered_calibration,always_0pct,0,0,,2.440021514892578,0.1428571492433548,0.2857142984867096,1.6303950548171997,0,early,7,medium_shelf_life,high_inventory,uniform,medium_margin,moderate_disposal_cost,recovered_demand,recovered_target_response,0,0.0,inventory_coverage_rule,-0.027388741375867533,0.36208169482877683,0.0,1.0,0.0,0.3894704362046444,0.0,1,0.5,0.0,0.0,0.5,0.0,0.0
state_0044,core_012,recovered_calibration,always_0pct,0,0,,2.440021514892578,0.1428571492433548,0.2857142984867096,1.6303950548171997,0,early,7,medium_shelf_life,high_inventory,uniform,medium_margin,moderate_disposal_cost,recovered_demand,recovered_target_response,1,0.05,inventory_coverage_rule,-0.01771188408687355,0.37911081047905937,0.0,1.0,0.0,0.3968226945659329,0.017029115650282534,1,0.5,0.0,0.5,0.0,0.0,0.0
state_0044,core_012,recovered_calibration,always_0pct,0,0,,2.440021514892578,0.1428571492433548,0.2857142984867096,1.6303950548171997,0,early,7,medium_shelf_life,high_inventory,uniform,medium_margin,moderate_disposal_cost,recovered_demand,recovered_target_response,2,0.1,inventory_coverage_rule,-0.04303858582243442,0.3507969284547576,0.0,1.0,0.0,0.393835514277192,-0.011284766374019262,1,0.5,0.0,0.5,0.0,0.0,0.0
state_0044,core_012,recovered_calibration,always_0pct,0,0,,2.440021514892578,0.1428571492433548,0.2857142984867096,1.6303950548171997,0,early,7,medium_shelf_life,high_inventory,uniform,medium_margin,moderate_disposal_cost,recovered_demand,recovered_target_response,3,0.2,inventory_coverage_rule,-0.10857897874347501,0.2967707191603559,0.0,1.0,0.0,0.4053496979038309,-0.06531097566842092,1,0.5,0.0,0.5,0.0,0.0,0.0
state_0044,core_012,recovered_calibration,always_0pct,0,0,,2.440021514892578,0.1428571492433548,0.2857142984867096,1.6303950548171997,0,early,7,medium_shelf_life,high_inventory,uniform,medium_margin,moderate_disposal_cost,recovered_demand,recovered_target_response,4,0.3,inventory_coverage_rule,-0.1536102507061567,0.23724465334855416,0.0,1.0,0.0,0.39085490405471085,-0.12483704148022268,1,0.5,0.0,0.5,0.0,0.0,0.0
state_0044,core_012,recovered_calibration,always_0pct,0,0,,2.440021514892578,0.1428571492433548,0.2857142984867096,1.6303950548171997,0,early,7,medium_shelf_life,high_inventory,uniform,medium_margin,moderate_disposal_cost,recovered_demand,recovered_target_response,5,0.4,inventory_coverage_rule,-0.1397127330523926,0.17647515536826155,0.0,1.0,0.0,0.31618788842065415,-0.18560653946051528,1,1.0,0.0,0.0,0.0,0.0,0.0
state_0044,core_012,recovered_calibration,always_0pct,0,0,,2.440021514892578,0.1428571492433548,0.2857142984867096,1.6303950548171997,0,early,7,medium_shelf_life,high_inventory,uniform,medium_margin,moderate_disposal_cost,recovered_demand,recovered_target_response,0,0.0,greedy_financial,-0.027388741375867533,0.44999999999999996,0.0,1.0,0.0,0.47738874137586745,0.0,0,1.0,0.0,0.0,0.0,0.0,0.0
state_0044,core_012,recovered_calibration,always_0pct,0,0,,2.440021514892578,0.1428571492433548,0.2857142984867096,1.6303950548171997,0,early,7,medium_shelf_life,high_inventory,uniform,medium_margin,moderate_disposal_cost,recovered_demand,recovered_target_response,1,0.05,greedy_financial,-0.01771188408687355,0.4219848360045722,0.0,1.0,0.0,0.4396967200914457,-0.02801516399542775,0,1.0,0.0,0.0,0.0,0.0,0.0
state_0044,core_012,recovered_calibration,always_0pct,0,0,,2.440021514892578,0.1428571492433548,0.2857142984867096,1.6303950548171997,0,early,7,medium_shelf_life,high_inventory,uniform,medium_margin,moderate_disposal_cost,recovered_demand,recovered_target_response,2,0.1,greedy_financial,-0.04303858582243442,0.3936709539802704,0.0,1.0,0.0,0.4367095398027048,-0.056329046019729545,0,1.0,0.0,0.0,0.0,0.0,0.0
state_0044,core_012,recovered_calibration,always_0pct,0,0,,2.440021514892578,0.1428571492433548,0.2857142984867096,1.6303950548171997,0,early,7,medium_shelf_life,high_inventory,uniform,medium_margin,moderate_disposal_cost,recovered_demand,recovered_target_response,3,0.2,greedy_financial,-0.10857897874347501,0.33964474468586875,0.0,1.0,0.0,0.44822372342934375,-0.1103552553141312,0,1.0,0.0,0.0,0.0,0.0,0.0
state_0044,core_012,recovered_calibration,always_0pct,0,0,,2.440021514892578,0.1428571492433548,0.2857142984867096,1.6303950548171997,0,early,7,medium_shelf_life,high_inventory,uniform,medium_margin,moderate_disposal_cost,recovered_demand,recovered_target_response,4,0.3,greedy_financial,-0.1536102507061567,0.280118678874067,0.0,1.0,0.0,0.4337289295802237,-0.16988132112593296,0,1.0,0.0,0.0,0.0,0.0,0.0
state_0044,core_012,recovered_calibration,always_0pct,0,0,,2.440021514892578,0.1428571492433548,0.2857142984867096,1.6303950548171997,0,early,7,medium_shelf_life,high_inventory,uniform,medium_margin,moderate_disposal_cost,recovered_demand,recovered_target_response,5,0.4,greedy_financial,-0.1397127330523926,0.17647515536826155,0.0,1.0,0.0,0.31618788842065415,-0.27352484463173843,0,1.0,0.0,0.0,0.0,0.0,0.0
state_0045,core_012,recovered_calibration,always_0pct,0,1,0,1.1207789182662964,0.0,0.0,1.295389175415039,1,early,6,medium_shelf_life,high_inventory,uniform,medium_margin,moderate_disposal_cost,recovered_demand,recovered_target_response,0,0.0,always_0pct,0.4152275717212963,0.44999999999999996,0.0,1.0,0.0,0.062161169654571156,0.0,0,1.0,0.0,0.0,0.0,0.0,0.0
state_0045,core_012,recovered_calibration,always_0pct,0,1,0,1.1207789182662964,0.0,0.0,1.295389175415039,1,early,6,medium_shelf_life,high_inventory,uniform,medium_margin,moderate_disposal_cost,recovered_demand,recovered_target_response,1,0.05,always_0pct,0.40610918265092194,0.42862583249205666,0.0,1.0,0.0,0.049905391217002215,-0.021374167507943298,0,1.0,0.0,0.0,0.0,0.0,0.0
state_0045,core_012,recovered_calibration,always_0pct,0,1,0,1.1207789182662964,0.0,0.0,1.295389175415039,1,early,6,medium_shelf_life,high_inventory,uniform,medium_margin,moderate_disposal_cost,recovered_demand,recovered_target_response,2,0.1,always_0pct,0.3857292773775788,0.40714119140249116,0.0,1.0,0.0,0.04880065540077993,-0.04285880859750879,0,1.0,0.0,0.0,0.0,0.0,0.0
state_0045,core_012,recovered_calibration,always_0pct,0,1,0,1.1207789182662964,0.0,0.0,1.295389175415039,1,early,6,medium_shelf_life,high_inventory,uniform,medium_margin,moderate_disposal_cost,recovered_demand,recovered_target_response,3,0.2,always_0pct,0.3516732206848923,0.36208169482877683,0.0,1.0,0.0,0.03779721551975204,-0.08791830517122312,0,1.0,0.0,0.0,0.0,0.0,0.0
state_0045,core_012,recovered_calibration,always_0pct,0,1,0,1.1207789182662964,0.0,0.0,1.295389175415039,1,early,6,medium_shelf_life,high_inventory,uniform,medium_margin,moderate_disposal_cost,recovered_demand,recovered_target_response,4,0.3,always_0pct,0.3328831621514351,0.3073357876493849,0.0,1.0,0.0,0.001841366873817308,-0.14266421235061505,0,1.0,0.0,0.0,0.0,0.0,0.0
state_0045,core_012,recovered_calibration,always_0pct,0,1,0,1.1207789182662964,0.0,0.0,1.295389175415039,1,early,6,medium_shelf_life,high_inventory,uniform,medium_margin,moderate_disposal_cost,recovered_demand,recovered_target_response,5,0.4,always_0pct,0.28643324482552046,0.2590445034496529,0.0,1.0,0.0,0.0,-0.19095549655034705,0,,,,,,
state_0045,core_012,recovered_calibration,always_0pct,0,1,0,1.1207789182662964,0.0,0.0,1.295389175415039,1,early,6,medium_shelf_life,high_inventory,uniform,medium_margin,moderate_disposal_cost,recovered_demand,recovered_target_response,0,0.0,expiry_threshold_rule,0.4152275717212963,0.44999999999999996,0.0,1.0,0.0,0.062161169654571156,0.0,0,1.0,0.0,0.0,0.0,0.0,0.0
state_0045,core_012,recovered_calibration,always_0pct,0,1,0,1.1207789182662964,0.0,0.0,1.295389175415039,1,early,6,medium_shelf_life,high_inventory,uniform,medium_margin,moderate_disposal_cost,recovered_demand,recovered_target_response,1,0.05,expiry_threshold_rule,0.40610918265092194,0.42862583249205666,0.0,1.0,0.0,0.049905391217002215,-0.021374167507943298,0,1.0,0.0,0.0,0.0,0.0,0.0
state_0045,core_012,recovered_calibration,always_0pct,0,1,0,1.1207789182662964,0.0,0.0,1.295389175415039,1,early,6,medium_shelf_life,high_inventory,uniform,medium_margin,moderate_disposal_cost,recovered_demand,recovered_target_response,2,0.1,expiry_threshold_rule,0.3857292773775788,0.40714119140249116,0.0,1.0,0.0,0.04880065540077993,-0.04285880859750879,0,1.0,0.0,0.0,0.0,0.0,0.0
state_0045,core_012,recovered_calibration,always_0pct,0,1,0,1.1207789182662964,0.0,0.0,1.295389175415039,1,early,6,medium_shelf_life,high_inventory,uniform,medium_margin,moderate_disposal_cost,recovered_demand,recovered_target_response,3,0.2,expiry_threshold_rule,0.3516732206848923,0.36208169482877683,0.0,1.0,0.0,0.03779721551975204,-0.08791830517122312,0,1.0,0.0,0.0,0.0,0.0,0.0
state_0045,core_012,recovered_calibration,always_0pct,0,1,0,1.1207789182662964,0.0,0.0,1.295389175415039,1,early,6,medium_shelf_life,high_inventory,uniform,medium_margin,moderate_disposal_cost,recovered_demand,recovered_target_response,4,0.3,expiry_threshold_rule,0.3328831621514351,0.3073357876493849,0.0,1.0,0.0,0.001841366873817308,-0.14266421235061505,0,1.0,0.0,0.0,0.0,0.0,0.0
state_0045,core_012,recovered_calibration,always_0pct,0,1,0,1.1207789182662964,0.0,0.0,1.295389175415039,1,early,6,medium_shelf_life,high_inventory,uniform,medium_margin,moderate_disposal_cost,recovered_demand,recovered_target_response,5,0.4,expiry_threshold_rule,0.28643324482552046,0.2590445034496529,0.0,1.0,0.0,0.0,-0.19095549655034705,0,,,,,,
state_0045,core_012,recovered_calibration,always_0pct,0,1,0,1.1207789182662964,0.0,0.0,1.295389175415039,1,early,6,medium_shelf_life,high_inventory,uniform,medium_margin,moderate_disposal_cost,recovered_demand,recovered_target_response,0,0.0,inventory_coverage_rule,0.4152275717212963,0.44999999999999996,0.0,1.0,0.0,0.062161169654571156,0.0,0,1.0,0.0,0.0,0.0,0.0,0.0
state_0045,core_012,recovered_calibration,always_0pct,0,1,0,1.1207789182662964,0.0,0.0,1.295389175415039,1,early,6,medium_shelf_life,high_inventory,uniform,medium_margin,moderate_disposal_cost,recovered_demand,recovered_target_response,1,0.05,inventory_coverage_rule,0.40610918265092194,0.42862583249205666,0.0,1.0,0.0,0.049905391217002215,-0.021374167507943298,0,1.0,0.0,0.0,0.0,0.0,0.0
state_0045,core_012,recovered_calibration,always_0pct,0,1,0,1.1207789182662964,0.0,0.0,1.295389175415039,1,early,6,medium_shelf_life,high_inventory,uniform,medium_margin,moderate_disposal_cost,recovered_demand,recovered_target_response,2,0.1,inventory_coverage_rule,0.3857292773775788,0.40714119140249116,0.0,1.0,0.0,0.04880065540077993,-0.04285880859750879,0,1.0,0.0,0.0,0.0,0.0,0.0
state_0045,core_012,recovered_calibration,always_0pct,0,1,0,1.1207789182662964,0.0,0.0,1.295389175415039,1,early,6,medium_shelf_life,high_inventory,uniform,medium_margin,moderate_disposal_cost,recovered_demand,recovered_target_response,3,0.2,inventory_coverage_rule,0.3516732206848923,0.36208169482877683,0.0,1.0,0.0,0.03779721551975204,-0.08791830517122312,0,1.0,0.0,0.0,0.0,0.0,0.0
state_0045,core_012,recovered_calibration,always_0pct,0,1,0,1.1207789182662964,0.0,0.0,1.295389175415039,1,early,6,medium_shelf_life,high_inventory,uniform,medium_margin,moderate_disposal_cost,recovered_demand,recovered_target_response,4,0.3,inventory_coverage_rule,0.3328831621514351,0.3073357876493849,0.0,1.0,0.0,0.001841366873817308,-0.14266421235061505,0,1.0,0.0,0.0,0.0,0.0,0.0
state_0045,core_012,recovered_calibration,always_0pct,0,1,0,1.1207789182662964,0.0,0.0,1.295389175415039,1,early,6,medium_shelf_life,high_inventory,uniform,medium_margin,moderate_disposal_cost,recovered_demand,recovered_target_response,5,0.4,inventory_coverage_rule,0.28643324482552046,0.2590445034496529,0.0,1.0,0.0,0.0,-0.19095549655034705,0,,,,,,
state_0045,core_012,recovered_calibration,always_0pct,0,1,0,1.1207789182662964,0.0,0.0,1.295389175415039,1,early,6,medium_shelf_life,high_inventory,uniform,medium_margin,moderate_disposal_cost,recovered_demand,recovered_target_response,0,0.0,greedy_financial,0.4152275717212963,0.44999999999999996,0.0,1.0,0.0,0.062161169654571156,0.0,0,1.0,0.0,0.0,0.0,0.0,0.0
state_0045,core_012,recovered_calibration,always_0pct,0,1,0,1.1207789182662964,0.0,0.0,1.295389175415039,1,early,6,medium_shelf_life,high_inventory,uniform,medium_margin,moderate_disposal_cost,recovered_demand,recovered_target_response,1,0.05,greedy_financial,0.40610918265092194,0.42862583249205666,0.0,1.0,0.0,0.049905391217002215,-0.021374167507943298,0,1.0,0.0,0.0,0.0,0.0,0.0
state_0045,core_012,recovered_calibration,always_0pct,0,1,0,1.1207789182662964,0.0,0.0,1.295389175415039,1,early,6,medium_shelf_life,high_inventory,uniform,medium_margin,moderate_disposal_cost,recovered_demand,recovered_target_response,2,0.1,greedy_financial,0.3857292773775788,0.40714119140249116,0.0,1.0,0.0,0.04880065540077993,-0.04285880859750879,0,1.0,0.0,0.0,0.0,0.0,0.0
state_0045,core_012,recovered_calibration,always_0pct,0,1,0,1.1207789182662964,0.0,0.0,1.295389175415039,1,early,6,medium_shelf_life,high_inventory,uniform,medium_margin,moderate_disposal_cost,recovered_demand,recovered_target_response,3,0.2,greedy_financial,0.3516732206848923,0.36208169482877683,0.0,1.0,0.0,0.03779721551975204,-0.08791830517122312,0,1.0,0.0,0.0,0.0,0.0,0.0
state_0045,core_012,recovered_calibration,always_0pct,0,1,0,1.1207789182662964,0.0,0.0,1.295389175415039,1,early,6,medium_shelf_life,high_inventory,uniform,medium_margin,moderate_disposal_cost,recovered_demand,recovered_target_response,4,0.3,greedy_financial,0.3328831621514351,0.3073357876493849,0.0,1.0,0.0,0.001841366873817308,-0.14266421235061505,0,1.0,0.0,0.0,0.0,0.0,0.0
state_0045,core_012,recovered_calibration,always_0pct,0,1,0,1.1207789182662964,0.0,0.0,1.295389175415039,1,early,6,medium_shelf_life,high_inventory,uniform,medium_margin,moderate_disposal_cost,recovered_demand,recovered_target_response,5,0.4,greedy_financial,0.28643324482552046,0.2590445034496529,0.0,1.0,0.0,0.0,-0.19095549655034705,0,,,,,,
state_0046,core_012,recovered_calibration,always_0pct,0,2,0|0,0.145673930644989,0.0,0.0,1.4518882036209106,2,middle,5,medium_shelf_life,high_inventory,uniform,medium_margin,moderate_disposal_cost,recovered_demand,recovered_target_response,0,0.0,always_0pct,0.062161169654571156,0.44999999999999996,0.0,1.0,0.0,0.0,0.0,0,,,,,,
state_0046,core_012,recovered_calibration,always_0pct,0,2,0|0,0.145673930644989,0.0,0.0,1.4518882036209106,2,middle,5,medium_shelf_life,high_inventory,uniform,medium_margin,moderate_disposal_cost,recovered_demand,recovered_target_response,1,0.05,always_0pct,0.059053111171842594,0.44689194151727135,0.0,1.0,0.0,0.0,-0.003108058482728604,0,,,,,,
state_0046,core_012,recovered_calibration,always_0pct,0,2,0|0,0.145673930644989,0.0,0.0,1.4518882036209106,2,middle,5,medium_shelf_life,high_inventory,uniform,medium_margin,moderate_disposal_cost,recovered_demand,recovered_target_response,2,0.1,always_0pct,0.055945052689114046,0.4437838830345428,0.0,1.0,0.0,0.0,-0.006216116965457152,0,,,,,,
state_0046,core_012,recovered_calibration,always_0pct,0,2,0|0,0.145673930644989,0.0,0.0,1.4518882036209106,2,middle,5,medium_shelf_life,high_inventory,uniform,medium_margin,moderate_disposal_cost,recovered_demand,recovered_target_response,3,0.2,always_0pct,0.049728935723656935,0.43756776606908576,0.0,1.0,0.0,0.0,-0.012432233930914194,0,,,,,,
state_0046,core_012,recovered_calibration,always_0pct,0,2,0|0,0.145673930644989,0.0,0.0,1.4518882036209106,2,middle,5,medium_shelf_life,high_inventory,uniform,medium_margin,moderate_disposal_cost,recovered_demand,recovered_target_response,4,0.3,always_0pct,0.0435128187581998,0.4313516491036286,0.0,1.0,0.0,0.0,-0.018648350896371346,0,,,,,,
state_0046,core_012,recovered_calibration,always_0pct,0,2,0|0,0.145673930644989,0.0,0.0,1.4518882036209106,2,middle,5,medium_shelf_life,high_inventory,uniform,medium_margin,moderate_disposal_cost,recovered_demand,recovered_target_response,5,0.4,always_0pct,0.03729670179274269,0.42513553213817146,0.0,1.0,0.0,0.0,-0.0248644678618285,0,,,,,,
state_0046,core_012,recovered_calibration,always_0pct,0,2,0|0,0.145673930644989,0.0,0.0,1.4518882036209106,2,middle,5,medium_shelf_life,high_inventory,uniform,medium_margin,moderate_disposal_cost,recovered_demand,recovered_target_response,0,0.0,expiry_threshold_rule,0.062161169654571156,0.44999999999999996,0.0,1.0,0.0,0.0,0.0,0,,,,,,
state_0046,core_012,recovered_calibration,always_0pct,0,2,0|0,0.145673930644989,0.0,0.0,1.4518882036209106,2,middle,5,medium_shelf_life,high_inventory,uniform,medium_margin,moderate_disposal_cost,recovered_demand,recovered_target_response,1,0.05,expiry_threshold_rule,0.059053111171842594,0.44689194151727135,0.0,1.0,0.0,0.0,-0.003108058482728604,0,,,,,,
state_0046,core_012,recovered_calibration,always_0pct,0,2,0|0,0.145673930644989,0.0,0.0,1.4518882036209106,2,middle,5,medium_shelf_life,high_inventory,uniform,medium_margin,moderate_disposal_cost,recovered_demand,recovered_target_response,2,0.1,expiry_threshold_rule,0.055945052689114046,0.4437838830345428,0.0,1.0,0.0,0.0,-0.006216116965457152,0,,,,,,
state_0046,core_012,recovered_calibration,always_0pct,0,2,0|0,0.145673930644989,0.0,0.0,1.4518882036209106,2,middle,5,medium_shelf_life,high_inventory,uniform,medium_margin,moderate_disposal_cost,recovered_demand,recovered_target_response,3,0.2,expiry_threshold_rule,0.049728935723656935,0.43756776606908576,0.0,1.0,0.0,0.0,-0.012432233930914194,0,,,,,,
state_0046,core_012,recovered_calibration,always_0pct,0,2,0|0,0.145673930644989,0.0,0.0,1.4518882036209106,2,middle,5,medium_shelf_life,high_inventory,uniform,medium_margin,moderate_disposal_cost,recovered_demand,recovered_target_response,4,0.3,expiry_threshold_rule,0.0435128187581998,0.4313516491036286,0.0,1.0,0.0,0.0,-0.018648350896371346,0,,,,,,
state_0046,core_012,recovered_calibration,always_0pct,0,2,0|0,0.145673930644989,0.0,0.0,1.4518882036209106,2,middle,5,medium_shelf_life,high_inventory,uniform,medium_margin,moderate_disposal_cost,recovered_demand,recovered_target_response,5,0.4,expiry_threshold_rule,0.03729670179274269,0.42513553213817146,0.0,1.0,0.0,0.0,-0.0248644678618285,0,,,,,,
state_0046,core_012,recovered_calibration,always_0pct,0,2,0|0,0.145673930644989,0.0,0.0,1.4518882036209106,2,middle,5,medium_shelf_life,high_inventory,uniform,medium_margin,moderate_disposal_cost,recovered_demand,recovered_target_response,0,0.0,inventory_coverage_rule,0.062161169654571156,0.44999999999999996,0.0,1.0,0.0,0.0,0.0,0,,,,,,
state_0046,core_012,recovered_calibration,always_0pct,0,2,0|0,0.145673930644989,0.0,0.0,1.4518882036209106,2,middle,5,medium_shelf_life,high_inventory,uniform,medium_margin,moderate_disposal_cost,recovered_demand,recovered_target_response,1,0.05,inventory_coverage_rule,0.059053111171842594,0.44689194151727135,0.0,1.0,0.0,0.0,-0.003108058482728604,0,,,,,,
state_0046,core_012,recovered_calibration,always_0pct,0,2,0|0,0.145673930644989,0.0,0.0,1.4518882036209106,2,middle,5,medium_shelf_life,high_inventory,uniform,medium_margin,moderate_disposal_cost,recovered_demand,recovered_target_response,2,0.1,inventory_coverage_rule,0.055945052689114046,0.4437838830345428,0.0,1.0,0.0,0.0,-0.006216116965457152,0,,,,,,
state_0046,core_012,recovered_calibration,always_0pct,0,2,0|0,0.145673930644989,0.0,0.0,1.4518882036209106,2,middle,5,medium_shelf_life,high_inventory,uniform,medium_margin,moderate_disposal_cost,recovered_demand,recovered_target_response,3,0.2,inventory_coverage_rule,0.049728935723656935,0.43756776606908576,0.0,1.0,0.0,0.0,-0.012432233930914194,0,,,,,,
state_0046,core_012,recovered_calibration,always_0pct,0,2,0|0,0.145673930644989,0.0,0.0,1.4518882036209106,2,middle,5,medium_shelf_life,high_inventory,uniform,medium_margin,moderate_disposal_cost,recovered_demand,recovered_target_response,4,0.3,inventory_coverage_rule,0.0435128187581998,0.4313516491036286,0.0,1.0,0.0,0.0,-0.018648350896371346,0,,,,,,
state_0046,core_012,recovered_calibration,always_0pct,0,2,0|0,0.145673930644989,0.0,0.0,1.4518882036209106,2,middle,5,medium_shelf_life,high_inventory,uniform,medium_margin,moderate_disposal_cost,recovered_demand,recovered_target_response,5,0.4,inventory_coverage_rule,0.03729670179274269,0.42513553213817146,0.0,1.0,0.0,0.0,-0.0248644678618285,0,,,,,,
state_0046,core_012,recovered_calibration,always_0pct,0,2,0|0,0.145673930644989,0.0,0.0,1.4518882036209106,2,middle,5,medium_shelf_life,high_inventory,uniform,medium_margin,moderate_disposal_cost,recovered_demand,recovered_target_response,0,0.0,greedy_financial,0.062161169654571156,0.44999999999999996,0.0,1.0,0.0,0.0,0.0,0,,,,,,
state_0046,core_012,recovered_calibration,always_0pct,0,2,0|0,0.145673930644989,0.0,0.0,1.4518882036209106,2,middle,5,medium_shelf_life,high_inventory,uniform,medium_margin,moderate_disposal_cost,recovered_demand,recovered_target_response,1,0.05,greedy_financial,0.059053111171842594,0.44689194151727135,0.0,1.0,0.0,0.0,-0.003108058482728604,0,,,,,,
state_0046,core_012,recovered_calibration,always_0pct,0,2,0|0,0.145673930644989,0.0,0.0,1.4518882036209106,2,middle,5,medium_shelf_life,high_inventory,uniform,medium_margin,moderate_disposal_cost,recovered_demand,recovered_target_response,2,0.1,greedy_financial,0.055945052689114046,0.4437838830345428,0.0,1.0,0.0,0.0,-0.006216116965457152,0,,,,,,
state_0046,core_012,recovered_calibration,always_0pct,0,2,0|0,0.145673930644989,0.0,0.0,1.4518882036209106,2,middle,5,medium_shelf_life,high_inventory,uniform,medium_margin,moderate_disposal_cost,recovered_demand,recovered_target_response,3,0.2,greedy_financial,0.049728935723656935,0.43756776606908576,0.0,1.0,0.0,0.0,-0.012432233930914194,0,,,,,,
state_0046,core_012,recovered_calibration,always_0pct,0,2,0|0,0.145673930644989,0.0,0.0,1.4518882036209106,2,middle,5,medium_shelf_life,high_inventory,uniform,medium_margin,moderate_disposal_cost,recovered_demand,recovered_target_response,4,0.3,greedy_financial,0.0435128187581998,0.4313516491036286,0.0,1.0,0.0,0.0,-0.018648350896371346,0,,,,,,
state_0046,core_012,recovered_calibration,always_0pct,0,2,0|0,0.145673930644989,0.0,0.0,1.4518882036209106,2,middle,5,medium_shelf_life,high_inventory,uniform,medium_margin,moderate_disposal_cost,recovered_demand,recovered_target_response,5,0.4,greedy_financial,0.03729670179274269,0.42513553213817146,0.0,1.0,0.0,0.0,-0.0248644678618285,0,,,,,,
state_0047,core_012,recovered_calibration,always_0pct,1,0,,7.799272537231445,0.1428571492433548,0.2857142984867096,0.4419904053211212,0,early,7,medium_shelf_life,high_inventory,uniform,medium_margin,moderate_disposal_cost,recovered_demand,recovered_target_response,0,0.0,always_0pct,-0.40838221148557113,0.448760645657286,0.0011803374692513158,0.9988196625307486,0.0,0.8571428571428571,0.0,0,1.0,0.0,0.0,0.0,0.0,0.0
state_0047,core_012,recovered_calibration,always_0pct,1,0,,7.799272537231445,0.1428571492433548,0.2857142984867096,0.4419904053211212,0,early,7,medium_shelf_life,high_inventory,uniform,medium_margin,moderate_disposal_cost,recovered_demand,recovered_target_response,1,0.05,always_0pct,-0.4088673373454072,0.4425719651234424,0.0,1.0,0.0,0.8514393024688496,-0.006188680533843638,0,1.0,0.0,0.0,0.0,0.0,0.0
state_0047,core_012,recovered_calibration,always_0pct,1,0,,7.799272537231445,0.1428571492433548,0.2857142984867096,0.4419904053211212,0,early,7,medium_shelf_life,high_inventory,uniform,medium_margin,moderate_disposal_cost,recovered_demand,recovered_target_response,2,0.1,always_0pct,-0.4208810868878512,0.4356534540986501,0.0,1.0,0.0,0.8565345409865013,-0.013107191558635933,0,1.0,0.0,0.0,0.0,0.0,0.0
state_0047,core_012,recovered_calibration,always_0pct,1,0,,7.799272537231445,0.1428571492433548,0.2857142984867096,0.4419904053211212,0,early,7,medium_shelf_life,high_inventory,uniform,medium_margin,moderate_disposal_cost,recovered_demand,recovered_target_response,3,0.2,always_0pct,-0.41929374959577975,0.41732343739894484,0.0,0.9999999999999999,0.0,0.8366171869947246,-0.031437208258341176,0,1.0,0.0,0.0,0.0,0.0,0.0
state_0047,core_012,recovered_calibration,always_0pct,1,0,,7.799272537231445,0.1428571492433548,0.2857142984867096,0.4419904053211212,0,early,7,medium_shelf_life,high_inventory,uniform,medium_margin,moderate_disposal_cost,recovered_demand,recovered_target_response,4,0.3,always_0pct,-0.40915636028755936,0.38963844012323956,0.0,1.0,5.551115123125783e-17,0.798794800410799,-0.05912220553404646,0,1.0,0.0,0.0,0.0,0.0,0.0
state_0047,core_012,recovered_calibration,always_0pct,1,0,,7.799272537231445,0.1428571492433548,0.2857142984867096,0.4419904053211212,0,early,7,medium_shelf_life,high_inventory,uniform,medium_margin,moderate_disposal_cost,recovered_demand,recovered_target_response,5,0.4,always_0pct,-0.3858585431297448,0.34057236208649644,0.0,1.0,0.0,0.7264309052162413,-0.10818828357078958,0,1.0,0.0,0.0,0.0,0.0,0.0
state_0047,core_012,recovered_calibration,always_0pct,1,0,,7.799272537231445,0.1428571492433548,0.2857142984867096,0.4419904053211212,0,early,7,medium_shelf_life,high_inventory,uniform,medium_margin,moderate_disposal_cost,recovered_demand,recovered_target_response,0,0.0,expiry_threshold_rule,-0.40838221148557113,0.2069782805702685,0.0011803374692513158,0.9988196625307485,0.0,0.6153604920558395,0.0,5,0.0,0.0,0.0,0.6,0.0,0.4
state_0047,core_012,recovered_calibration,always_0pct,1,0,,7.799272537231445,0.1428571492433548,0.2857142984867096,0.4419904053211212,0,early,7,medium_shelf_life,high_inventory,uniform,medium_margin,moderate_disposal_cost,recovered_demand,recovered_target_response,1,0.05,expiry_threshold_rule,-0.4088673373454072,0.20407645469673924,0.0,1.0,0.0,0.6129437920421464,-0.0029018258735292735,5,0.0,0.0,0.0,0.6,0.0,0.4
state_0047,core_012,recovered_calibration,always_0pct,1,0,,7.799272537231445,0.1428571492433548,0.2857142984867096,0.4419904053211212,0,early,7,medium_shelf_life,high_inventory,uniform,medium_margin,moderate_disposal_cost,recovered_demand,recovered_target_response,2,0.1,expiry_threshold_rule,-0.4208810868878512,0.19511984826488626,0.0,1.0,0.0,0.6160009351527375,-0.01185843230538225,5,0.0,0.0,0.0,0.6,0.0,0.4
state_0047,core_012,recovered_calibration,always_0pct,1,0,,7.799272537231445,0.1428571492433548,0.2857142984867096,0.4419904053211212,0,early,7,medium_shelf_life,high_inventory,uniform,medium_margin,moderate_disposal_cost,recovered_demand,recovered_target_response,3,0.2,expiry_threshold_rule,-0.41929374959577975,0.18527268119034407,0.0,1.0,0.0,0.6045664307861238,-0.021705599379924445,5,0.0,0.0,0.0,0.6,0.0,0.4
state_0047,core_012,recovered_calibration,always_0pct,1,0,,7.799272537231445,0.1428571492433548,0.2857142984867096,0.4419904053211212,0,early,7,medium_shelf_life,high_inventory,uniform,medium_margin,moderate_disposal_cost,recovered_demand,recovered_target_response,4,0.3,expiry_threshold_rule,-0.40915636028755936,0.20865272494778733,0.0,1.0,0.0,0.6178090852353466,0.001674444377518819,5,0.0,0.0,0.0,0.8,0.0,0.2
state_0047,core_012,recovered_calibration,always_0pct,1,0,,7.799272537231445,0.1428571492433548,0.2857142984867096,0.4419904053211212,0,early,7,medium_shelf_life,high_inventory,uniform,medium_margin,moderate_disposal_cost,recovered_demand,recovered_target_response,5,0.4,expiry_threshold_rule,-0.3858585431297448,0.21450934842205305,0.0,0.9999999999999999,0.0,0.6003678915517979,0.007531067851784534,5,0.0,0.0,0.4,0.4,0.0,0.2
state_0047,core_012,recovered_calibration,always_0pct,1,0,,7.799272537231445,0.1428571492433548,0.2857142984867096,0.4419904053211212,0,early,7,medium_shelf_life,high_inventory,uniform,medium_margin,moderate_disposal_cost,recovered_demand,recovered_target_response,0,0.0,inventory_coverage_rule,-0.40838221148557113,0.22396221546970574,0.0011803374692513158,0.9988196625307487,0.0,0.6323444269552768,0.0,0,0.2,0.0,0.0,0.2,0.6,0.0
state_0047,core_012,recovered_calibration,always_0pct,1,0,,7.799272537231445,0.1428571492433548,0.2857142984867096,0.4419904053211212,0,early,7,medium_shelf_life,high_inventory,uniform,medium_margin,moderate_disposal_cost,recovered_demand,recovered_target_response,1,0.05,inventory_coverage_rule,-0.4088673373454072,0.21790236447517147,0.0,1.0,0.0,0.6267697018205787,-0.006059850994534266,0,0.2,0.0,0.0,0.2,0.6,0.0
state_0047,core_012,recovered_calibration,always_0pct,1,0,,7.799272537231445,0.1428571492433548,0.2857142984867096,0.4419904053211212,0,early,7,medium_shelf_life,high_inventory,uniform,medium_margin,moderate_disposal_cost,recovered_demand,recovered_target_response,2,0.1,inventory_coverage_rule,-0.4208810868878512,0.210877452257872,0.0,1.0,0.0,0.6317585391457232,-0.013084763211833744,0,0.2,0.0,0.0,0.2,0.6,0.0
state_0047,core_012,recovered_calibration,always_0pct,1,0,,7.799272537231445,0.1428571492433548,0.2857142984867096,0.4419904053211212,0,early,7,medium_shelf_life,high_inventory,uniform,medium_margin,moderate_disposal_cost,recovered_demand,recovered_target_response,3,0.2,inventory_coverage_rule,-0.41929374959577975,0.19317828483552754,0.0,1.0,0.0,0.6124720344313073,-0.030783930634178197,0,0.2,0.0,0.0,0.2,0.6,0.0
state_0047,core_012,recovered_calibration,always_0pct,1,0,,7.799272537231445,0.1428571492433548,0.2857142984867096,0.4419904053211212,0,early,7,medium_shelf_life,high_inventory,uniform,medium_margin,moderate_disposal_cost,recovered_demand,recovered_target_response,4,0.3,inventory_coverage_rule,-0.40915636028755936,0.18254830441890804,0.0,1.0,0.0,0.5917046647064674,-0.0414139110507977,0,0.0,0.0,0.25,0.0,0.75,0.0
state_0047,core_012,recovered_calibration,always_0pct,1,0,,7.799272537231445,0.1428571492433548,0.2857142984867096,0.4419904053211212,0,early,7,medium_shelf_life,high_inventory,uniform,medium_margin,moderate_disposal_cost,recovered_demand,recovered_target_response,5,0.4,inventory_coverage_rule,-0.3858585431297448,0.14754121053729255,0.0,1.0000000000000002,0.0,0.5333997536670374,-0.07642100493241319,0,0.25,0.0,0.0,0.0,0.75,0.0
state_0047,core_012,recovered_calibration,always_0pct,1,0,,7.799272537231445,0.1428571492433548,0.2857142984867096,0.4419904053211212,0,early,7,medium_shelf_life,high_inventory,uniform,medium_margin,moderate_disposal_cost,recovered_demand,recovered_target_response,0,0.0,greedy_financial,-0.40838221148557113,0.12203146885205664,0.0011803374692513158,0.9988196625307487,0.0,0.5304136803376277,0.0,4,0.25,0.0,0.0,0.0,0.0,0.75
state_0047,core_012,recovered_calibration,always_0pct,1,0,,7.799272537231445,0.1428571492433548,0.2857142984867096,0.4419904053211212,0,early,7,medium_shelf_life,high_inventory,uniform,medium_margin,moderate_disposal_cost,recovered_demand,recovered_target_response,1,0.05,greedy_financial,-0.4088673373454072,0.11584278831821299,0.0,1.0,0.0,0.5247101256636202,-0.006188680533843652,4,0.25,0.0,0.0,0.0,0.0,0.75
state_0047,core_012,recovered_calibration,always_0pct,1,0,,7.799272537231445,0.1428571492433548,0.2857142984867096,0.4419904053211212,0,early,7,medium_shelf_life,high_inventory,uniform,medium_margin,moderate_disposal_cost,recovered_demand,recovered_target_response,2,0.1,greedy_financial,-0.4208810868878512,0.10892427729342069,0.0,1.0,0.0,0.5298053641812719,-0.013107191558635947,4,0.25,0.0,0.0,0.0,0.0,0.75
state_0047,core_012,recovered_calibration,always_0pct,1,0,,7.799272537231445,0.1428571492433548,0.2857142984867096,0.4419904053211212,0,early,7,medium_shelf_life,high_inventory,uniform,medium_margin,moderate_disposal_cost,recovered_demand,recovered_target_response,3,0.2,greedy_financial,-0.41929374959577975,0.09043140329289727,0.0,1.0,0.0,0.509725152888677,-0.03160006555915937,4,0.25,0.0,0.0,0.0,0.0,0.75
state_0047,core_012,recovered_calibration,always_0pct,1,0,,7.799272537231445,0.1428571492433548,0.2857142984867096,0.4419904053211212,0,early,7,medium_shelf_life,high_inventory,uniform,medium_margin,moderate_disposal_cost,recovered_demand,recovered_target_response,4,0.3,greedy_financial,-0.40915636028755936,0.16631733750613087,0.0,1.0,0.0,0.5754736977936902,0.04428586865407423,4,0.25,0.25,0.0,0.0,0.0,0.5
state_0047,core_012,recovered_calibration,always_0pct,1,0,,7.799272537231445,0.1428571492433548,0.2857142984867096,0.4419904053211212,0,early,7,medium_shelf_life,high_inventory,uniform,medium_margin,moderate_disposal_cost,recovered_demand,recovered_target_response,5,0.4,greedy_financial,-0.3858585431297448,0.11218110128971497,0.0,1.0,0.0,0.4980396444194598,-0.009850367562341672,4,0.25,0.25,0.0,0.0,0.0,0.5
