scenario_id,episode_index,step_index,inventory_coverage,fraction_expiring_today,fraction_expiring_within_two_days,projected_sell_through_proxy,recovered_demand_forecast_proxy,current_inventory_proxy,remaining_shelf_life_proxy,episode_day_proxy,obs_00,obs_01,obs_02,obs_03,obs_04,obs_05,obs_06,obs_07,obs_08,obs_09,obs_10,obs_11,obs_12,obs_13,obs_14,obs_15,obs_16,obs_17,obs_18,obs_19,obs_20,obs_21,obs_22,obs_23,obs_24,obs_25,obs_26,obs_27,obs_28,obs_29,obs_30,obs_31,obs_32,obs_33,obs_34,obs_35,obs_36,obs_37,obs_38,obs_39,obs_40,episode_id,group_id,planning_action,best_planning_action_value,decision_importance,label_runtime_seconds,candidate_sequences_evaluated
core_002,1,0,1.7136812210083008,0.3333333432674408,0.6666666865348816,0.1945130396371579,0.3333333432674408,1.0,0.095238097012043,0,1.0,1.7136812210083008,0.3333333432674408,0.3333333432674408,0.3333333432674408,0.0,0.0,0.0,0.0,0.0,0.0,0.0,0.0,0.0,0.0,0.0,0.0,0.0,0.0,0.0,0.0,0.0,0.0,0.3333333432674408,0.6666666865348816,0.095238097012043,1.014119029045105,0.8669900894165039,0.8669900894165039,0.8669900894165039,0.8669900894165039,1.1102230246251563e-16,1.0,0.0,0.0,0.3727500140666961,0.0,1.0,1.0,0.1449999958276748,0.1500000059604644,train__core_002__episode_00001,core_002__1,0,0.4499999999999998,0.0352977960501267,4913.760719099984,82644
core_002,2,0,1.8902807235717771,0.3333333432674408,0.6666666865348816,0.1763406562373398,0.3333333432674408,1.0,0.095238097012043,0,1.0,1.8902807235717771,0.3333333432674408,0.3333333432674408,0.3333333432674408,0.0,0.0,0.0,0.0,0.0,0.0,0.0,0.0,0.0,0.0,0.0,0.0,0.0,0.0,0.0,0.0,0.0,0.0,0.3333333432674408,0.6666666865348816,0.095238097012043,1.1202094554901123,0.3000000119209289,0.8669900894165039,0.7859914898872375,0.8264907598495483,0.1984051913022995,1.0,1.0,0.0,0.3942500054836273,0.0,0.0,1.0,0.1449999958276748,0.1500000059604644,train__core_002__episode_00002,core_002__2,0,0.4499999999999998,0.0397395309964334,4913.760719099984,82644
core_002,3,0,2.0195088386535645,0.3333333432674408,0.6666666865348816,0.1650566399549302,0.3333333432674408,1.0,0.095238097012043,0,1.0,2.0195088386535645,0.3333333432674408,0.3333333432674408,0.3333333432674408,0.0,0.0,0.0,0.0,0.0,0.0,0.0,0.0,0.0,0.0,0.0,0.0,0.0,0.0,0.0,0.0,0.0,0.0,0.3333333432674408,0.6666666865348816,0.095238097012043,1.023308277130127,0.5149214267730713,0.8669900894165039,0.7356959581375122,0.8013430237770081,0.2153943479061126,1.0,1.0,0.0,0.3852500021457672,0.0,1.0,1.0,0.1449999958276748,0.1500000059604644,train__core_002__episode_00003,core_002__3,0,0.4499999999999998,0.0362467291976984,4913.760719099984,82644
core_002,4,0,2.1744656562805176,0.3333333432674408,0.6666666865348816,0.1532943701845429,0.3333333432674408,1.0,0.095238097012043,0,1.0,2.1744656562805176,0.3333333432674408,0.3333333432674408,0.3333333432674408,0.0,0.0,0.0,0.0,0.0,0.0,0.0,0.0,0.0,0.0,0.0,0.0,0.0,0.0,0.0,0.0,0.0,0.0,0.3333333432674408,0.6666666865348816,0.095238097012043,0.8473653793334961,0.5,0.8669900894165039,0.6832687854766846,0.7751294374465942,0.2216294407844543,0.0,0.0,0.0,0.3819999992847442,0.0,0.0,1.0,0.1449999958276748,0.1500000059604644,train__core_002__episode_00004,core_002__4,0,0.4499999999999999,0.0294950595550149,4913.760719099984,82644
core_002,5,0,2.386766195297241,0.3333333432674408,0.6666666865348816,0.139658984580988,0.3333333432674408,1.0,0.095238097012043,0,1.0,2.386766195297241,0.3333333432674408,0.3333333432674408,0.3333333432674408,0.0,0.0,0.0,0.0,0.0,0.0,0.0,0.0,0.0,0.0,0.0,0.0,0.0,0.0,0.0,0.0,0.0,0.0,0.3333333432674408,0.6666666865348816,0.095238097012043,0.8219150304794312,0.4415574073791504,0.8669900894165039,0.6224927306175232,0.7447413802146912,0.2212471216917038,1.0,0.0,0.0,0.3912500143051147,0.0,1.0,1.0,0.1449999958276748,0.1500000059604644,train__core_002__episode_00005,core_002__5,0,0.4499999999999999,0.0286775857184324,4913.760719099984,82644
core_002,6,0,2.818135023117065,0.3333333432674408,0.6666666865348816,0.1182815374469706,0.3333333432674408,1.0,0.095238097012043,0,1.0,2.818135023117065,0.3333333432674408,0.3333333432674408,0.3333333432674408,0.0,0.0,0.0,0.0,0.0,0.0,0.0,0.0,0.0,0.0,0.0,0.0,0.0,0.0,0.0,0.0,0.0,0.0,0.3333333432674408,0.6666666865348816,0.095238097012043,0.7050905823707581,0.2000000029802322,0.8669900894165039,0.5272084474563599,0.6970992684364319,0.2383932918310165,1.0,0.0,0.0,0.4052500128746032,0.0,0.0,1.0,0.1449999958276748,0.1500000059604644,train__core_002__episode_00006,core_002__6,0,0.4499999999999999,0.024680826106975,4913.760719099984,82644
core_002,6,1,1.548671007156372,0.3655983507633209,1.0,0.1240393492699747,0.1920961439609527,0.5254294872283936,0.0778286531567573,1,0.5254294872283936,1.548671007156372,0.1920961439609527,0.3333333432674408,0.0,0.0,0.0,0.0,0.0,0.0,0.0,0.0,0.0,0.0,0.0,0.0,0.0,0.0,0.0,0.0,0.0,0.0,0.0,0.3655983507633209,1.0,0.0778286531567573,0.7164438962936401,0.7050905823707581,0.8669900894165039,0.5040799379348755,0.6855350136756897,0.2105318158864975,1.0,0.0,0.3333333432674408,0.3980000019073486,0.0,0.0,1.0,0.1449999958276748,0.1500000059604644,train__core_002__episode_00006,core_002__6,0,0.5254294758870104,0.0250113444735029,4913.760719099984,82644
core_002,7,0,3.037916421890259,0.3333333432674408,0.6666666865348816,0.1097243297628423,0.3333333432674408,1.0,0.095238097012043,0,1.0,3.037916421890259,0.3333333432674408,0.3333333432674408,0.3333333432674408,0.0,0.0,0.0,0.0,0.0,0.0,0.0,0.0,0.0,0.0,0.0,0.0,0.0,0.0,0.0,0.0,0.0,0.0,0.3333333432674408,0.6666666865348816,0.095238097012043,0.7330811023712158,0.6000000238418579,0.8669900894165039,0.4890669882297516,0.6780285239219666,0.1990991085767746,1.0,0.0,0.0,0.3980000019073486,0.0,1.0,1.0,0.1449999958276748,0.1500000059604644,train__core_002__episode_00007,core_002__7,0,0.4499999999999998,0.0255799693383346,4913.760719099984,82644
core_002,7,1,1.6016258001327517,0.3420058190822601,1.0,0.1081755519053343,0.1732567548751831,0.5065900683403015,0.0789521038532257,1,0.5065900683403015,1.6016258001327517,0.1732567548751831,0.3333333432674408,0.0,0.0,0.0,0.0,0.0,0.0,0.0,0.0,0.0,0.0,0.0,0.0,0.0,0.0,0.0,0.0,0.0,0.0,0.0,0.3420058190822601,1.0,0.0789521038532257,0.6985813975334167,0.7330811023712158,0.3000000119209289,0.4699371457099914,0.6684635877609253,0.1654597818851471,1.0,0.0,0.3333333432674408,0.3959999978542328,0.0,0.0,1.0,0.1449999958276748,0.1500000059604644,train__core_002__episode_00007,core_002__7,0,0.5065900841003222,0.0242141065814727,4913.760719099984,82644
core_002,8,0,3.640920400619507,0.3333333432674408,0.6666666865348816,0.091551944725494,0.3333333432674408,1.0,0.095238097012043,0,1.0,3.640920400619507,0.3333333432674408,0.3333333432674408,0.3333333432674408,0.0,0.0,0.0,0.0,0.0,0.0,0.0,0.0,0.0,0.0,0.0,0.0,0.0,0.0,0.0,0.0,0.0,0.0,0.3333333432674408,0.6666666865348816,0.095238097012043,0.6579239964485168,0.3000000119209289,0.3000000119209289,0.4080684185028076,0.6375292539596558,0.133351445198059,1.0,0.0,0.0,0.3959999978542328,0.0,0.0,1.0,0.1449999958276748,0.1500000059604644,train__core_002__episode_00008,core_002__8,0,0.4499999999999999,0.0228289886998056,4913.760719099984,82644
core_002,8,1,1.802743673324585,0.401744544506073,1.0,0.1241675489055719,0.2238422632217407,0.5571755766868591,0.0761074051260948,1,0.5571755766868591,1.802743673324585,0.2238422632217407,0.3333333432674408,0.0,0.0,0.0,0.0,0.0,0.0,0.0,0.0,0.0,0.0,0.0,0.0,0.0,0.0,0.0,0.0,0.0,0.0,0.0,0.401744544506073,1.0,0.0761074051260948,0.8492287993431091,0.6579239964485168,0.5149214267730713,0.4592004120349884,0.6225959658622742,0.1497263759374618,1.0,1.0,0.3333333432674408,0.4144999980926513,0.0,0.0,1.0,0.1449999958276748,0.1500000059604644,train__core_002__episode_00008,core_002__8,0,0.5571755909217726,0.0278587795460886,4913.760719099984,82644
core_002,9,0,3.476217031478882,0.3333333432674408,0.6666666865348816,0.0958896812969215,0.3333333432674408,1.0,0.095238097012043,0,1.0,3.476217031478882,0.3333333432674408,0.3333333432674408,0.3333333432674408,0.0,0.0,0.0,0.0,0.0,0.0,0.0,0.0,0.0,0.0,0.0,0.0,0.0,0.0,0.0,0.0,0.0,0.0,0.3333333432674408,0.6666666865348816,0.095238097012043,0.7885283827781677,0.4353401958942413,0.5149214267730713,0.4274027347564697,0.6066970825195312,0.1258834600448608,1.0,1.0,0.0,0.4144999980926513,0.0,1.0,1.0,0.1449999958276748,0.1500000059604644,train__core_002__episode_00009,core_002__9,0,0.4499999999999999,0.0279849140476042,4913.760719099984,82644
core_002,10,0,3.615078926086426,0.3333333432674408,0.6666666865348816,0.0922063805750148,0.3333333432674408,1.0,0.095238097012043,0,1.0,3.615078926086426,0.3333333432674408,0.3333333432674408,0.3333333432674408,0.0,0.0,0.0,0.0,0.0,0.0,0.0,0.0,0.0,0.0,0.0,0.0,0.0,0.0,0.0,0.0,0.0,0.0,0.3333333432674408,0.6666666865348816,0.095238097012043,0.7682268619537354,0.4000000059604645,0.5,0.410985380411148,0.573340654373169,0.1207897812128067,1.0,1.0,0.0,0.4070000052452087,0.0,0.0,1.0,0.1449999958276748,0.1500000059604644,train__core_002__episode_00010,core_002__10,0,0.4499999999999999,0.0268775376940837,4913.760719099984,82644
core_002,10,1,1.5969555377960205,0.3097756803035736,1.0,0.0936791545295491,0.1496014446020126,0.4829347729682922,0.0804868713021278,1,0.4829347729682922,1.5969555377960205,0.1496014446020126,0.3333333432674408,0.0,0.0,0.0,0.0,0.0,0.0,0.0,0.0,0.0,0.0,0.0,0.0,0.0,0.0,0.0,0.0,0.0,0.0,0.0,0.3097756803035736,1.0,0.0804868713021278,0.5598970055580139,0.7682268619537354,0.4415574073791504,0.4493035078048706,0.5662861466407776,0.173843577504158,0.0,0.0,0.3333333432674408,0.4045000076293945,0.0,0.0,1.0,0.1449999958276748,0.1500000059604644,train__core_002__episode_00010,core_002__10,0,0.4829347790583179,0.0198103623252846,4913.760719099984,82644
core_002,11,0,3.4936411380767822,0.3333333432674408,0.6666666865348816,0.0954114432746054,0.3333333432674408,1.0,0.095238097012043,0,1.0,3.4936411380767822,0.3333333432674408,0.3333333432674408,0.3333333432674408,0.0,0.0,0.0,0.0,0.0,0.0,0.0,0.0,0.0,0.0,0.0,0.0,0.0,0.0,0.0,0.0,0.0,0.0,0.3333333432674408,0.6666666865348816,0.095238097012043,0.5168155431747437,0.6000000238418579,0.4415574073791504,0.4252710938453674,0.5542699694633484,0.1354914605617523,0.0,0.0,0.0,0.4045000076293945,0.0,0.0,1.0,0.1449999958276748,0.1500000059604644,train__core_002__episode_00011,core_002__11,0,0.4499999999999999,0.0183337984117618,4913.760719099984,82644
core_002,11,1,2.222200870513916,0.4888705313205719,1.0,0.1434690908919246,0.318817138671875,0.6521504521369934,0.0719585493206977,1,0.6521504521369934,2.222200870513916,0.318817138671875,0.3333333432674408,0.0,0.0,0.0,0.0,0.0,0.0,0.0,0.0,0.0,0.0,0.0,0.0,0.0,0.0,0.0,0.0,0.0,0.0,0.0,0.4888705313205719,1.0,0.0719585493206977,0.5113453269004822,0.5168155431747437,0.2000000029802322,0.4360222518444061,0.5292574763298035,0.1392898261547088,1.0,0.0,0.3333333432674408,0.4172500073909759,0.0,0.0,1.0,0.1449999958276748,0.1500000059604644,train__core_002__episode_00011,core_002__11,0,0.6521504748225355,0.0179029949786997,4913.760719099984,82644
core_002,12,0,3.2145652770996094,0.3333333432674408,0.6666666865348816,0.103694687938705,0.3333333432674408,1.0,0.095238097012043,0,1.0,3.2145652770996094,0.3333333432674408,0.3333333432674408,0.3333333432674408,0.0,0.0,0.0,0.0,0.0,0.0,0.0,0.0,0.0,0.0,0.0,0.0,0.0,0.0,0.0,0.0,0.0,0.0,0.3333333432674408,0.6666666865348816,0.095238097012043,0.5396080017089844,0.699999988079071,0.2000000029802322,0.4621914625167846,0.5423420667648315,0.1665509343147277,1.0,0.0,0.0,0.4172500073909759,0.0,0.0,1.0,0.1449999958276748,0.1500000059604644,train__core_002__episode_00012,core_002__12,0,0.4499999999999998,0.019114980985919,4913.760719099984,82644
core_002,12,1,1.8526020050048828,0.4765574038028717,1.0,0.1638108953800948,0.3034763932228088,0.6368097066879272,0.0725448876619339,1,0.6368097066879272,1.8526020050048828,0.3034763932228088,0.3333333432674408,0.0,0.0,0.0,0.0,0.0,0.0,0.0,0.0,0.0,0.0,0.0,0.0,0.0,0.0,0.0,0.0,0.0,0.0,0.0,0.4765574038028717,1.0,0.0725448876619339,0.5091702342033386,0.5396080017089844,0.6000000238418579,0.510706901550293,0.5189576745033264,0.1281445771455764,1.0,0.0,0.3333333432674408,0.4235000014305115,0.0,0.0,1.0,0.1449999958276748,0.1500000059604644,train__core_002__episode_00012,core_002__12,0,0.6368097190836379,0.0181948806008364,4913.760719099984,82644
core_002,13,0,2.9417853355407715,0.3333333432674408,0.6666666865348816,0.1133098799699353,0.3333333432674408,1.0,0.095238097012043,0,1.0,2.9417853355407715,0.3333333432674408,0.3333333432674408,0.3333333432674408,0.0,0.0,0.0,0.0,0.0,0.0,0.0,0.0,0.0,0.0,0.0,0.0,0.0,0.0,0.0,0.0,0.0,0.0,0.3333333432674408,0.6666666865348816,0.095238097012043,0.5201898813247681,0.5,0.6000000238418579,0.5050485730171204,0.5161285400390625,0.1276168823242187,1.0,0.0,0.0,0.4235000014305115,0.0,1.0,1.0,0.1449999958276748,0.1500000059604644,train__core_002__episode_00013,core_002__13,0,0.4499999999999999,0.0185734653543371,4913.760719099984,82644
core_002,13,1,1.955961227416992,0.4870842695236206,1.0,0.161836537786437,0.3165459930896759,0.6498793363571167,0.0720436051487922,1,0.6498793363571167,1.955961227416992,0.3165459930896759,0.3333333432674408,0.0,0.0,0.0,0.0,0.0,0.0,0.0,0.0,0.0,0.0,0.0,0.0,0.0,0.0,0.0,0.0,0.0,0.0,0.0,0.4870842695236206,1.0,0.0720436051487922,0.4795116186141968,0.5201898813247681,0.3000000119209289,0.4936471581459045,0.4913570880889892,0.1220690757036209,1.0,0.0,0.3333333432674408,0.4339999854564667,0.0,0.0,1.0,0.1449999958276748,0.1500000059604644,train__core_002__episode_00013,core_002__13,0,0.649879326444665,0.0173060467718351,4913.760719099984,82644
core_002,14,0,2.9417853355407715,0.3333333432674408,0.6666666865348816,0.1133098799699353,0.3333333432674408,1.0,0.095238097012043,0,1.0,2.9417853355407715,0.3333333432674408,0.3333333432674408,0.3333333432674408,0.0,0.0,0.0,0.0,0.0,0.0,0.0,0.0,0.0,0.0,0.0,0.0,0.0,0.0,0.0,0.0,0.0,0.0,0.3333333432674408,0.6666666865348816,0.095238097012043,0.4804297685623169,0.6000000238418579,0.3000000119209289,0.5050485730171204,0.4970577955245971,0.1276168823242187,1.0,0.0,0.0,0.4339999854564667,0.0,1.0,1.0,0.1449999958276748,0.1500000059604644,train__core_002__episode_00014,core_002__14,0,0.4395275778271946,0.0068652489110198,4913.760719099984,82644
core_002,14,1,1.8659590482711792,0.5,1.0,0.1786391526525064,0.3333333432674408,0.6666666865348816,0.0714285746216774,1,0.6666666865348816,1.8659590482711792,0.3333333432674408,0.3333333432674408,0.0,0.0,0.0,0.0,0.0,0.0,0.0,0.0,0.0,0.0,0.0,0.0,0.0,0.0,0.0,0.0,0.0,0.0,0.0,0.5,1.0,0.0714285746216774,0.5273381471633911,0.4804297685623169,0.4353401958942413,0.5308243036270142,0.4694463312625885,0.0984979569911956,1.0,0.0,0.3333333432674408,0.4339999854564667,0.0,0.0,1.0,0.1449999958276748,0.1500000059604644,train__core_002__episode_00014,core_002__14,0,0.6666666666666667,0.0185912254936178,4913.760719099984,82644
core_002,15,0,2.642773389816284,0.3333333432674408,0.6666666865348816,0.126130126991559,0.3333333432674408,1.0,0.095238097012043,0,1.0,2.642773389816284,0.3333333432674408,0.3333333432674408,0.3333333432674408,0.0,0.0,0.0,0.0,0.0,0.0,0.0,0.0,0.0,0.0,0.0,0.0,0.0,0.0,0.0,0.0,0.0,0.0,0.3333333432674408,0.6666666865348816,0.095238097012043,0.5655996203422546,0.699999988079071,0.4353401958942413,0.5621914863586426,0.4851299226284027,0.1115516871213913,1.0,0.0,0.0,0.4339999854564667,0.0,1.0,1.0,0.1449999958276748,0.1500000059604644,train__core_002__episode_00015,core_002__15,0,0.4499999999999998,0.0199000041353061,4913.760719099984,82644
core_002,15,1,1.584271788597107,0.4617715775966644,1.0,0.1805134713862136,0.2859824001789093,0.6193157434463501,0.0732489749789238,1,0.6193157434463501,1.584271788597107,0.2859824001789093,0.3333333432674408,0.0,0.0,0.0,0.0,0.0,0.0,0.0,0.0,0.0,0.0,0.0,0.0,0.0,0.0,0.0,0.0,0.0,0.0,0.0,0.4617715775966644,1.0,0.0732489749789238,0.7191784977912903,0.5655996203422546,0.4000000059604645,0.58079993724823,0.5041013360023499,0.0989970341324806,1.0,1.0,0.3333333432674408,0.4494999945163727,0.0,0.0,1.0,0.1449999958276748,0.1500000059604644,train__core_002__episode_00015,core_002__15,0,0.6193157261660656,0.0257561052603786,4913.760719099984,82644
core_002,16,0,2.666721105575561,0.3333333432674408,0.6666666865348816,0.1249974519534531,0.3333333432674408,1.0,0.095238097012043,0,1.0,2.666721105575561,0.3333333432674408,0.3333333432674408,0.3333333432674408,0.0,0.0,0.0,0.0,0.0,0.0,0.0,0.0,0.0,0.0,0.0,0.0,0.0,0.0,0.0,0.0,0.0,0.0,0.3333333432674408,0.6666666865348816,0.095238097012043,0.6915457248687744,0.4000000059604645,0.4000000059604645,0.5571428537368774,0.4922727942466736,0.1178030148148536,1.0,1.0,0.0,0.4494999945163727,0.0,0.0,1.0,0.1449999958276748,0.1500000059604644,train__core_002__episode_00016,core_002__16,0,0.4499999999999999,0.0248012060751532,4913.760719099984,82644
core_002,17,0,2.5366370677948,0.3333333432674408,0.6666666865348816,0.131407581912071,0.3333333432674408,1.0,0.095238097012043,0,1.0,2.5366370677948,0.3333333432674408,0.3333333432674408,0.3333333432674408,0.0,0.0,0.0,0.0,0.0,0.0,0.0,0.0,0.0,0.0,0.0,0.0,0.0,0.0,0.0,0.0,0.0,0.0,0.3333333432674408,0.6666666865348816,0.095238097012043,0.7174444794654846,0.6000000238418579,0.6000000238418579,0.5857142806053162,0.4983498156070709,0.0989743322134018,1.0,1.0,0.0,0.4162499904632568,0.0,0.0,1.0,0.1449999958276748,0.1500000059604644,train__core_002__episode_00017,core_002__17,0,0.4499999999999999,0.0256961842026889,4913.760719099984,82644
core_002,18,0,2.476240873336792,0.3333333432674408,0.6666666865348816,0.1346126488972239,0.3333333432674408,1.0,0.095238097012043,0,1.0,2.476240873336792,0.3333333432674408,0.3333333432674408,0.3333333432674408,0.0,0.0,0.0,0.0,0.0,0.0,0.0,0.0,0.0,0.0,0.0,0.0,0.0,0.0,0.0,0.0,0.0,0.0,0.3333333432674408,0.6666666865348816,0.095238097012043,0.5814242362976074,0.699999988079071,0.699999988079071,0.6000000238418579,0.5126355290412903,0.106904499232769,0.0,0.0,0.0,0.4350000023841858,0.0,0.0,1.0,0.1449999958276748,0.1500000059604644,train__core_002__episode_00018,core_002__18,0,0.4499999999999999,0.020548180466642,4913.760719099984,82644
core_002,18,1,1.5509885549545288,0.4523531496524811,1.0,0.1775199481039933,0.2753314077854156,0.6086647510528564,0.0736974701285362,1,0.6086647510528564,1.5509885549545288,0.2753314077854156,0.3333333432674408,0.0,0.0,0.0,0.0,0.0,0.0,0.0,0.0,0.0,0.0,0.0,0.0,0.0,0.0,0.0,0.0,0.0,0.0,0.0,0.4523531496524811,1.0,0.0736974701285362,0.5370191931724548,0.5814242362976074,0.5,0.583060622215271,0.5226260423660278,0.0988046079874038,1.0,0.0,0.3333333432674408,0.4507499933242798,0.0,0.0,1.0,0.1449999958276748,0.1500000059604644,train__core_002__episode_00018,core_002__18,0,0.6086647451860829,0.0190262539413375,4913.760719099984,82644
core_002,19,0,2.523234367370605,0.3333333432674408,0.6666666865348816,0.1321055814624142,0.3333333432674408,1.0,0.095238097012043,0,1.0,2.523234367370605,0.3333333432674408,0.3333333432674408,0.3333333432674408,0.0,0.0,0.0,0.0,0.0,0.0,0.0,0.0,0.0,0.0,0.0,0.0,0.0,0.0,0.0,0.0,0.0,0.0,0.3333333432674408,0.6666666865348816,0.095238097012043,0.5413818359375,0.6217778921127319,0.5,0.5888254046440125,0.525508463382721,0.0997140035033226,1.0,0.0,0.0,0.4507499933242798,0.0,1.0,1.0,0.1449999958276748,0.1500000059604644,train__core_002__episode_00019,core_002__19,0,0.4499999999999998,0.0191757766239035,4913.760719099984,82644
core_002,19,1,1.587865948677063,0.4755741953849792,1.0,0.1903702781947577,0.3022824823856354,0.6356158256530762,0.0725917071104049,1,0.6356158256530762,1.587865948677063,0.3022824823856354,0.3333333432674408,0.0,0.0,0.0,0.0,0.0,0.0,0.0,0.0,0.0,0.0,0.0,0.0,0.0,0.0,0.0,0.0,0.0,0.0,0.0,0.4755741953849792,1.0,0.0725917071104049,0.5648495554924011,0.5413818359375,0.6000000238418579,0.5947371125221252,0.5498928427696228,0.0954062566161155,1.0,0.0,0.3333333432674408,0.4522500038146972,0.0,0.0,1.0,0.1449999958276748,0.1500000059604644,train__core_002__episode_00019,core_002__19,0,0.6356158227229605,0.0199801046675913,4913.760719099984,82644
core_002,20,0,2.4634673595428467,0.3333333432674408,0.6666666865348816,0.1353106392809274,0.3333333432674408,1.0,0.095238097012043,0,1.0,2.4634673595428467,0.3333333432674408,0.3333333432674408,0.3333333432674408,0.0,0.0,0.0,0.0,0.0,0.0,0.0,0.0,0.0,0.0,0.0,0.0,0.0,0.0,0.0,0.0,0.0,0.0,0.3333333432674408,0.6666666865348816,0.095238097012043,0.5972970724105835,0.6000000238418579,0.6000000238418579,0.6031111478805542,0.5540798902511597,0.0928951203823089,1.0,0.0,0.0,0.4522500038146972,0.0,0.0,1.0,0.1449999958276748,0.1500000059604644,train__core_002__episode_00020,core_002__20,0,0.4499999999999999,0.0210922024016341,4913.760719099984,82644
core_002,21,0,2.451171398162842,0.3333333432674408,0.6666666865348816,0.1359894063374249,0.3333333432674408,1.0,0.095238097012043,0,1.0,2.451171398162842,0.3333333432674408,0.3333333432674408,0.3333333432674408,0.0,0.0,0.0,0.0,0.0,0.0,0.0,0.0,0.0,0.0,0.0,0.0,0.0,0.0,0.0,0.0,0.0,0.0,0.3333333432674408,0.6666666865348816,0.095238097012043,0.6162223815917969,0.6211780309677124,0.699999988079071,0.6061365604400635,0.5555925965309143,0.0930891931056976,1.0,0.0,0.0,0.445250004529953,0.0,1.0,1.0,0.1449999958276748,0.1500000059604644,train__core_002__episode_00021,core_002__21,0,0.4499999999999999,0.0217408432079911,4913.760719099984,82644
core_002,22,0,2.451171398162842,0.3333333432674408,0.6666666865348816,0.1359894063374249,0.3333333432674408,1.0,0.095238097012043,0,1.0,2.451171398162842,0.3333333432674408,0.3333333432674408,0.3333333432674408,0.0,0.0,0.0,0.0,0.0,0.0,0.0,0.0,0.0,0.0,0.0,0.0,0.0,0.0,0.0,0.0,0.0,0.0,0.3333333432674408,0.6666666865348816,0.095238097012043,0.6469960808753967,0.699999988079071,0.4000000059604645,0.6061365604400635,0.584164023399353,0.0930891931056976,1.0,0.0,0.0,0.457749992609024,0.0,1.0,1.0,0.1449999958276748,0.1500000059604644,train__core_002__episode_00022,core_002__22,0,0.4499999999999999,0.0226842653008618,4913.760719099984,82644
core_002,23,0,2.327572822570801,0.3333333432674408,0.6666666865348816,0.1432107043161273,0.3333333432674408,1.0,0.095238097012043,0,1.0,2.327572822570801,0.3333333432674408,0.3333333432674408,0.3333333432674408,0.0,0.0,0.0,0.0,0.0,0.0,0.0,0.0,0.0,0.0,0.0,0.0,0.0,0.0,0.0,0.0,0.0,0.0,0.3333333432674408,0.6666666865348816,0.095238097012043,0.9085960388183594,0.6253088712692261,0.6000000238418579,0.6383235454559326,0.597733199596405,0.0401469953358173,1.0,1.0,0.0,0.4580000042915344,0.0,1.0,1.0,0.1449999958276748,0.1500000059604644,train__core_002__episode_00023,core_002__23,0,0.4499999999999999,0.0323017659258121,4913.760719099984,82644
core_002,24,0,2.2161831855773926,0.3333333432674408,0.6666666865348816,0.1504087502498562,0.3333333432674408,1.0,0.095238097012043,0,1.0,2.2161831855773926,0.3333333432674408,0.3333333432674408,0.3333333432674408,0.0,0.0,0.0,0.0,0.0,0.0,0.0,0.0,0.0,0.0,0.0,0.0,0.0,0.0,0.0,0.0,0.0,0.0,0.3333333432674408,0.6666666865348816,0.095238097012043,0.9209195375442504,0.8245835900306702,0.699999988079071,0.6704069375991821,0.6280605792999268,0.0729982256889343,1.0,1.0,0.0,0.4882499873638153,0.0,1.0,1.0,0.1449999958276748,0.1500000059604644,train__core_002__episode_00024,core_002__24,0,0.4499999999999999,0.0326393611551,4913.760719099984,82644
core_002,25,0,2.2161831855773926,0.3333333432674408,0.6666666865348816,0.1504087502498562,0.3333333432674408,1.0,0.095238097012043,0,1.0,2.2161831855773926,0.3333333432674408,0.3333333432674408,0.3333333432674408,0.0,0.0,0.0,0.0,0.0,0.0,0.0,0.0,0.0,0.0,0.0,0.0,0.0,0.0,0.0,0.0,0.0,0.0,0.3333333432674408,0.6666666865348816,0.095238097012043,0.6499579548835754,0.699999988079071,0.6217778921127319,0.6704069375991821,0.63520348072052,0.0729982256889343,0.0,0.0,0.0,0.4442499876022339,0.0,0.0,1.0,0.1449999958276748,0.1500000059604644,train__core_002__episode_00025,core_002__25,0,0.4499999999999999,0.0228218959810321,4913.760719099984,82644
core_002,26,0,2.379328489303589,0.3333333432674408,0.6666666865348816,0.1400955541725156,0.3333333432674408,1.0,0.095238097012043,0,1.0,2.379328489303589,0.3333333432674408,0.3333333432674408,0.3333333432674408,0.0,0.0,0.0,0.0,0.0,0.0,0.0,0.0,0.0,0.0,0.0,0.0,0.0,0.0,0.0,0.0,0.0,0.0,0.3333333432674408,0.6666666865348816,0.095238097012043,0.6412853598594666,0.3000000119209289,0.6000000238418579,0.6244386434555054,0.6066320538520813,0.1499267071485519,1.0,0.0,0.0,0.4662500023841858,0.0,0.0,1.0,0.1449999958276748,0.1500000059604644,train__core_002__episode_00026,core_002__26,0,0.4499999999999999,0.0225998449063123,4913.760719099984,82644
core_002,27,0,2.375864267349243,0.3333333432674408,0.6666666865348816,0.1402998259826271,0.3333333432674408,1.0,0.095238097012043,0,1.0,2.375864267349243,0.3333333432674408,0.3333333432674408,0.3333333432674408,0.0,0.0,0.0,0.0,0.0,0.0,0.0,0.0,0.0,0.0,0.0,0.0,0.0,0.0,0.0,0.0,0.0,0.0,0.3333333432674408,0.6666666865348816,0.095238097012043,0.6366980671882629,0.6063733696937561,0.6211780309677124,0.6253491044044495,0.6142300963401794,0.1497948169708252,1.0,0.0,0.0,0.4632500112056732,0.0,1.0,1.0,0.1449999958276748,0.1500000059604644,train__core_002__episode_00027,core_002__27,0,0.4499999999999999,0.0223680332735731,4913.760719099984,82644
core_002,28,0,2.333840131759644,0.3333333432674408,0.6666666865348816,0.1428261253765131,0.3333333432674408,1.0,0.095238097012043,0,1.0,2.333840131759644,0.3333333432674408,0.3333333432674408,0.3333333432674408,0.0,0.0,0.0,0.0,0.0,0.0,0.0,0.0,0.0,0.0,0.0,0.0,0.0,0.0,0.0,0.0,0.0,0.0,0.3333333432674408,0.6666666865348816,0.095238097012043,0.6511365175247192,0.699999988079071,0.699999988079071,0.6366094350814819,0.6213729977607727,0.1520043313503265,1.0,0.0,0.0,0.4964999854564667,0.0,0.0,1.0,0.1449999958276748,0.1500000059604644,train__core_002__episode_00028,core_002__28,0,0.4499999999999999,0.022862235160232,4913.760719099984,82644
core_002,29,0,2.3702871799468994,0.3333333432674408,0.6666666865348816,0.1406299397336774,0.3333333432674408,1.0,0.095238097012043,0,1.0,2.3702871799468994,0.3333333432674408,0.3333333432674408,0.3333333432674408,0.0,0.0,0.0,0.0,0.0,0.0,0.0,0.0,0.0,0.0,0.0,0.0,0.0,0.0,0.0,0.0,0.0,0.0,0.3333333432674408,0.6666666865348816,0.095238097012043,0.6945541501045227,0.631477415561676,0.6253088712692261,0.62682044506073,0.6164785027503967,0.1497972011566162,1.0,0.0,0.0,0.4860000014305115,0.0,1.0,1.0,0.1449999958276748,0.1500000059604644,train__core_002__episode_00029,core_002__29,0,0.4499999999999999,0.0242339733849848,4913.760719099984,82644
core_002,30,0,2.38403868675232,0.3333333432674408,0.6666666865348816,0.1398187643177584,0.3333333432674408,1.0,0.095238097012043,0,1.0,2.38403868675232,0.3333333432674408,0.3333333432674408,0.3333333432674408,0.0,0.0,0.0,0.0,0.0,0.0,0.0,0.0,0.0,0.0,0.0,0.0,0.0,0.0,0.0,0.0,0.0,0.0,0.3333333432674408,0.6666666865348816,0.095238097012043,0.9138191938400269,0.6000000238418579,0.8245835900306702,0.6232049465179443,0.6307642459869385,0.1500951945781707,1.0,1.0,0.0,0.4932500123977661,0.0,0.0,1.0,0.1449999958276748,0.1500000059604644,train__core_002__episode_00030,core_002__30,0,0.4499999999999999,0.0323943235456919,4913.760719099984,82644
core_002,31,0,2.4208128452301025,0.3333333432674408,0.6666666865348816,0.1376948011178273,0.3333333432674408,1.0,0.095238097012043,0,1.0,2.4208128452301025,0.3333333432674408,0.3333333432674408,0.3333333432674408,0.0,0.0,0.0,0.0,0.0,0.0,0.0,0.0,0.0,0.0,0.0,0.0,0.0,0.0,0.0,0.0,0.0,0.0,0.3333333432674408,0.6666666865348816,0.095238097012043,0.8355595469474792,0.7583146095275879,0.699999988079071,0.613737940788269,0.6420724391937256,0.1387566477060318,1.0,1.0,0.0,0.5137500166893005,0.0,1.0,1.0,0.1449999958276748,0.1500000059604644,train__core_002__episode_00031,core_002__31,0,0.4499999999999999,0.0296935167283295,4913.760719099984,82644
core_002,32,0,2.365365028381348,0.3333333432674408,0.6666666865348816,0.1409225803492771,0.3333333432674408,1.0,0.095238097012043,0,1.0,2.365365028381348,0.3333333432674408,0.3333333432674408,0.3333333432674408,0.0,0.0,0.0,0.0,0.0,0.0,0.0,0.0,0.0,0.0,0.0,0.0,0.0,0.0,0.0,0.0,0.0,0.0,0.3333333432674408,0.6666666865348816,0.095238097012043,0.6345716714859009,0.8007086515426636,0.3000000119209289,0.6281248331069946,0.6492658853530884,0.1515830010175705,0.0,0.0,0.0,0.4860000014305115,0.0,1.0,1.0,0.1449999958276748,0.1500000059604644,train__core_002__episode_00032,core_002__32,0,0.4499999999999999,0.0222952510356106,4913.760719099984,82644
core_002,33,0,2.312764883041382,0.3333333432674408,0.6666666865348816,0.1441276394810585,0.3333333432674408,1.0,0.095238097012043,0,1.0,2.312764883041382,0.3333333432674408,0.3333333432674408,0.3333333432674408,0.0,0.0,0.0,0.0,0.0,0.0,0.0,0.0,0.0,0.0,0.0,0.0,0.0,0.0,0.0,0.0,0.0,0.0,0.3333333432674408,0.6666666865348816,0.095238097012043,0.6589775085449219,0.4000000059604645,0.6063733696937561,0.6424105763435364,0.6334245800971985,0.1217657625675201,1.0,0.0,0.0,0.4860000014305115,0.0,0.0,1.0,0.1449999958276748,0.1500000059604644,train__core_002__episode_00033,core_002__33,0,0.4499999999999998,0.0233836111445034,4913.760719099984,82644
core_002,34,0,2.3478846549987797,0.3333333432674408,0.6666666865348816,0.1419717712953893,0.3333333432674408,1.0,0.095238097012043,0,1.0,2.3478846549987797,0.3333333432674408,0.3333333432674408,0.3333333432674408,0.0,0.0,0.0,0.0,0.0,0.0,0.0,0.0,0.0,0.0,0.0,0.0,0.0,0.0,0.0,0.0,0.0,0.0,0.3333333432674408,0.6666666865348816,0.095238097012043,0.6721872091293335,0.5391086935997009,0.699999988079071,0.632801353931427,0.6290752291679382,0.1267813295125961,1.0,0.0,0.0,0.4945000112056732,0.0,1.0,1.0,0.1449999958276748,0.1500000059604644,train__core_002__episode_00034,core_002__34,0,0.4499999999999998,0.0238377709061389,4913.760719099984,82644
core_002,35,0,2.5809478759765625,0.3333333432674408,0.6666666865348816,0.1291515207920719,0.3333333432674408,1.0,0.095238097012043,0,1.0,2.5809478759765625,0.3333333432674408,0.3333333432674408,0.3333333432674408,0.0,0.0,0.0,0.0,0.0,0.0,0.0,0.0,0.0,0.0,0.0,0.0,0.0,0.0,0.0,0.0,0.0,0.0,0.3333333432674408,0.6666666865348816,0.095238097012043,0.5869870781898499,0.3000000119209289,0.631477415561676,0.5756585001945496,0.6061339378356934,0.1672886610031128,1.0,0.0,0.0,0.5097500085830688,0.0,0.0,1.0,0.1449999958276748,0.1500000059604644,train__core_002__episode_00035,core_002__35,0,0.4499999999999999,0.0207388409227021,4913.760719099984,82644
core_002,35,1,1.578698754310608,0.448963463306427,1.0,0.1720323474477434,0.2715872526168823,0.6049205660820007,0.0738588795065879,1,0.6049205660820007,1.578698754310608,0.2715872526168823,0.3333333432674408,0.0,0.0,0.0,0.0,0.0,0.0,0.0,0.0,0.0,0.0,0.0,0.0,0.0,0.0,0.0,0.0,0.0,0.0,0.0,0.448963463306427,1.0,0.0738588795065879,0.6272645592689514,0.5869870781898499,0.6000000238418579,0.5693027377128601,0.5980616211891174,0.1658864915370941,1.0,0.0,0.3333333432674408,0.5109999775886536,0.0,0.0,1.0,0.1449999958276748,0.1500000059604644,train__core_002__episode_00035,core_002__35,0,0.6049205814243156,0.0220093267329822,4913.760719099984,82644
core_002,36,0,2.73824405670166,0.3333333432674408,0.6666666865348816,0.1217325177613846,0.3333333432674408,1.0,0.095238097012043,0,1.0,2.73824405670166,0.3333333432674408,0.3333333432674408,0.3333333432674408,0.0,0.0,0.0,0.0,0.0,0.0,0.0,0.0,0.0,0.0,0.0,0.0,0.0,0.0,0.0,0.0,0.0,0.0,0.3333333432674408,0.6666666865348816,0.095238097012043,0.5773192644119263,0.4000000059604645,0.6000000238418579,0.5425902605056763,0.5847053527832031,0.1756555289030075,1.0,0.0,0.0,0.5109999775886536,0.0,0.0,1.0,0.1449999958276748,0.1500000059604644,train__core_002__episode_00036,core_002__36,0,0.4499999999999999,0.0203008892725874,4913.760719099984,82644
core_002,36,1,1.6842960119247437,0.4548278450965881,1.0,0.1651101228765242,0.2780943214893341,0.6114276647567749,0.0735796242952346,1,0.6114276647567749,1.6842960119247437,0.2780943214893341,0.3333333432674408,0.0,0.0,0.0,0.0,0.0,0.0,0.0,0.0,0.0,0.0,0.0,0.0,0.0,0.0,0.0,0.0,0.0,0.0,0.0,0.4548278450965881,1.0,0.0735796242952346,0.8135234117507935,0.5773192644119263,0.7583146095275879,0.539350152015686,0.5812775492668152,0.1747736483812332,1.0,1.0,0.3333333432674408,0.5287500023841858,0.0,0.0,1.0,0.1449999958276748,0.1500000059604644,train__core_002__episode_00036,core_002__36,0,0.6114276450879534,0.0290163617731102,4913.760719099984,82644
core_002,37,0,2.795544385910034,0.3333333432674408,0.6666666865348816,0.1192373639093305,0.3333333432674408,1.0,0.095238097012043,0,1.0,2.795544385910034,0.3333333432674408,0.3333333432674408,0.3333333432674408,0.0,0.0,0.0,0.0,0.0,0.0,0.0,0.0,0.0,0.0,0.0,0.0,0.0,0.0,0.0,0.0,0.0,0.0,0.3333333432674408,0.6666666865348816,0.095238097012043,0.789465069770813,0.5221496820449829,0.7583146095275879,0.5314688086509705,0.577336847782135,0.1741264760494232,1.0,1.0,0.0,0.5287500023841858,0.0,1.0,1.0,0.1449999958276748,0.1500000059604644,train__core_002__episode_00037,core_002__37,0,0.4499999999999999,0.0281849819690568,4913.760719099984,82644
core_002,38,0,2.840061664581299,0.3333333432674408,0.6666666865348816,0.1173683471117811,0.3333333432674408,1.0,0.095238097012043,0,1.0,2.840061664581299,0.3333333432674408,0.3333333432674408,0.3333333432674408,0.0,0.0,0.0,0.0,0.0,0.0,0.0,0.0,0.0,0.0,0.0,0.0,0.0,0.0,0.0,0.0,0.0,0.0,0.3333333432674408,0.6666666865348816,0.095238097012043,0.8151305317878723,0.699999988079071,0.8007086515426636,0.523138165473938,0.5684380531311035,0.1641855090856552,1.0,1.0,0.0,0.5015000104904175,0.0,0.0,1.0,0.1449999958276748,0.1500000059604644,train__core_002__episode_00038,core_002__38,0,0.4499999999999998,0.0290718982018304,4913.760719099984,82644
core_002,39,0,2.9535067081451416,0.3333333432674408,0.6666666865348816,0.1128601950854482,0.3333333432674408,1.0,0.095238097012043,0,1.0,2.9535067081451416,0.3333333432674408,0.3333333432674408,0.3333333432674408,0.0,0.0,0.0,0.0,0.0,0.0,0.0,0.0,0.0,0.0,0.0,0.0,0.0,0.0,0.0,0.0,0.0,0.0,0.3333333432674408,0.6666666865348816,0.095238097012043,0.5176663398742676,0.6600514650344849,0.4000000059604645,0.5030442476272583,0.5655845403671265,0.1349982470273971,0.0,0.0,0.0,0.518750011920929,0.0,1.0,1.0,0.1449999958276748,0.1500000059604644,train__core_002__episode_00039,core_002__39,0,0.4499999999999999,0.0183629572702687,4913.760719099984,82644
core_002,39,1,1.8622127771377563,0.4884213209152221,1.0,0.1708958937220179,0.3182445168495178,0.6515778303146362,0.0719799399375915,1,0.6515778303146362,1.8622127771377563,0.3182445168495178,0.3333333432674408,0.0,0.0,0.0,0.0,0.0,0.0,0.0,0.0,0.0,0.0,0.0,0.0,0.0,0.0,0.0,0.0,0.0,0.0,0.0,0.4884213209152221,1.0,0.0719799399375915,0.5384067296981812,0.5176663398742676,0.5391086935997009,0.5198537111282349,0.581132173538208,0.1282795369625091,1.0,0.0,0.3333333432674408,0.515250027179718,0.0,0.0,1.0,0.1449999958276748,0.1500000059604644,train__core_002__episode_00039,core_002__39,0,0.6515778571774673,0.019073808373561,4913.760719099984,82644
core_002,40,0,2.794771909713745,0.3333333432674408,0.6666666865348816,0.1192703211696379,0.3333333432674408,1.0,0.095238097012043,0,1.0,2.794771909713745,0.3333333432674408,0.3333333432674408,0.3333333432674408,0.0,0.0,0.0,0.0,0.0,0.0,0.0,0.0,0.0,0.0,0.0,0.0,0.0,0.0,0.0,0.0,0.0,0.0,0.3333333432674408,0.6666666865348816,0.095238097012043,0.5681580901145935,0.6000000238418579,0.5391086935997009,0.531615674495697,0.5870131254196167,0.1312792599201202,1.0,0.0,0.0,0.515250027179718,0.0,1.0,1.0,0.1449999958276748,0.1500000059604644,train__core_002__episode_00040,core_002__40,0,0.4499999999999999,0.0200934999899374,4913.760719099984,82644
core_002,40,1,1.712664008140564,0.4602708220481872,1.0,0.1659755568141613,0.2842603623867035,0.6175937056541443,0.0733204334974289,1,0.6175937056541443,1.712664008140564,0.2842603623867035,0.3333333432674408,0.0,0.0,0.0,0.0,0.0,0.0,0.0,0.0,0.0,0.0,0.0,0.0,0.0,0.0,0.0,0.0,0.0,0.0,0.0,0.4602708220481872,1.0,0.0733204334974289,0.5341152548789978,0.5681580901145935,0.3000000119209289,0.5357655882835388,0.5842834711074829,0.1319081634283065,1.0,0.0,0.3333333432674408,0.5164999961853027,0.0,0.0,1.0,0.1449999958276748,0.1500000059604644,train__core_002__episode_00040,core_002__40,0,0.6175936977294675,0.0189267248681076,4913.760719099984,82644
core_002,41,0,2.7694180011749268,0.3333333432674408,0.6666666865348816,0.1203622360821024,0.3333333432674408,1.0,0.095238097012043,0,1.0,2.7694180011749268,0.3333333432674408,0.3333333432674408,0.3333333432674408,0.0,0.0,0.0,0.0,0.0,0.0,0.0,0.0,0.0,0.0,0.0,0.0,0.0,0.0,0.0,0.0,0.0,0.0,0.3333333432674408,0.6666666865348816,0.095238097012043,0.5351732969284058,0.5731770992279053,0.3000000119209289,0.5364826321601868,0.5846419930458069,0.1320957988500595,1.0,0.0,0.0,0.5164999961853027,0.0,1.0,1.0,0.1449999958276748,0.1500000059604644,train__core_002__episode_00041,core_002__41,0,0.4499999999999998,0.0189629863579449,4913.760719099984,82644
core_002,41,1,1.667438507080078,0.4789994359016418,1.0,0.1837916322072984,0.3064612448215484,0.6397945880889893,0.0724285989999771,1,0.6397945880889893,1.667438507080078,0.3064612448215484,0.3333333432674408,0.0,0.0,0.0,0.0,0.0,0.0,0.0,0.0,0.0,0.0,0.0,0.0,0.0,0.0,0.0,0.0,0.0,0.0,0.0,0.4789994359016418,1.0,0.0724285989999771,0.5422681570053101,0.5351732969284058,0.4000000059604645,0.5700787901878357,0.5728686451911926,0.0912781208753585,1.0,0.0,0.3333333432674408,0.5189999938011169,0.0,0.0,1.0,0.1449999958276748,0.1500000059604644,train__core_002__episode_00041,core_002__41,0,0.6397945686418751,0.0192061554508922,4913.760719099984,82644
core_002,42,0,2.581576108932495,0.3333333432674408,0.6666666865348816,0.1291200914488154,0.3333333432674408,1.0,0.095238097012043,0,1.0,2.581576108932495,0.3333333432674408,0.3333333432674408,0.3333333432674408,0.0,0.0,0.0,0.0,0.0,0.0,0.0,0.0,0.0,0.0,0.0,0.0,0.0,0.0,0.0,0.0,0.0,0.0,0.3333333432674408,0.6666666865348816,0.095238097012043,0.5433318018913269,0.5732505917549133,0.4000000059604645,0.5755184292793274,0.5755884647369385,0.0901636630296707,1.0,0.0,0.0,0.5189999938011169,0.0,1.0,1.0,0.1449999958276748,0.1500000059604644,train__core_002__episode_00042,core_002__42,0,0.4499999999999999,0.0192426096488211,4913.760719099984,82644
core_002,42,1,1.5812444686889648,0.4744890928268432,1.0,0.1903374360319772,0.3009700179100036,0.6343033909797668,0.0726433768868446,1,0.6343033909797668,1.5812444686889648,0.3009700179100036,0.3333333432674408,0.0,0.0,0.0,0.0,0.0,0.0,0.0,0.0,0.0,0.0,0.0,0.0,0.0,0.0,0.0,0.0,0.0,0.0,0.0,0.4744890928268432,1.0,0.0726433768868446,0.607309103012085,0.5433318018913269,0.5221496820449829,0.5959943532943726,0.5692923069000244,0.0587984658777713,1.0,0.0,0.3333333432674408,0.5115000009536743,0.0,0.0,1.0,0.1449999958276748,0.1500000059604644,train__core_002__episode_00042,core_002__42,0,0.6343033649896903,0.0213267256480983,4913.760719099984,82644
core_002,43,0,2.581576108932495,0.3333333432674408,0.6666666865348816,0.1291200914488154,0.3333333432674408,1.0,0.095238097012043,0,1.0,2.581576108932495,0.3333333432674408,0.3333333432674408,0.3333333432674408,0.0,0.0,0.0,0.0,0.0,0.0,0.0,0.0,0.0,0.0,0.0,0.0,0.0,0.0,0.0,0.0,0.0,0.0,0.3333333432674408,0.6666666865348816,0.095238097012043,0.5761927366256714,0.4000000059604645,0.5221496820449829,0.5755184292793274,0.5590543150901794,0.0901636630296707,1.0,0.0,0.0,0.5115000009536743,0.0,0.0,1.0,0.1449999958276748,0.1500000059604644,train__core_002__episode_00043,core_002__43,0,0.4499999999999999,0.0202623550834898,4913.760719099984,82644
core_002,43,1,1.559484362602234,0.4555030465126037,1.0,0.17881072042806,0.2788525223731994,0.6121858954429626,0.0735474750399589,1,0.6121858954429626,1.559484362602234,0.2788525223731994,0.3333333432674408,0.0,0.0,0.0,0.0,0.0,0.0,0.0,0.0,0.0,0.0,0.0,0.0,0.0,0.0,0.0,0.0,0.0,0.0,0.0,0.4555030465126037,1.0,0.0735474750399589,0.8041650652885437,0.5761927366256714,0.699999988079071,0.5832388401031494,0.5573537945747375,0.0875388905405998,1.0,1.0,0.3333333432674408,0.5350000262260437,0.0,0.0,1.0,0.1449999958276748,0.1500000059604644,train__core_002__episode_00043,core_002__43,0,0.6121858692764129,0.0286929682812259,4913.760719099984,82644
core_002,44,0,2.532634735107422,0.3333333432674408,0.6666666865348816,0.1316152458334274,0.3333333432674408,1.0,0.095238097012043,0,1.0,2.532634735107422,0.3333333432674408,0.3333333432674408,0.3333333432674408,0.0,0.0,0.0,0.0,0.0,0.0,0.0,0.0,0.0,0.0,0.0,0.0,0.0,0.0,0.0,0.0,0.0,0.0,0.3333333432674408,0.6666666865348816,0.095238097012043,0.8056638240814209,0.6000000238418579,0.699999988079071,0.5866398811340332,0.5590543150901794,0.0876614600419998,1.0,1.0,0.0,0.5350000262260437,0.0,0.0,1.0,0.1449999958276748,0.1500000059604644,train__core_002__episode_00044,core_002__44,0,0.4499999999999999,0.0287447596339048,4913.760719099984,82644
core_002,45,0,2.5027029514312744,0.3333333432674408,0.6666666865348816,0.1331893355848764,0.3333333432674408,1.0,0.095238097012043,0,1.0,2.5027029514312744,0.3333333432674408,0.3333333432674408,0.3333333432674408,0.0,0.0,0.0,0.0,0.0,0.0,0.0,0.0,0.0,0.0,0.0,0.0,0.0,0.0,0.0,0.0,0.0,0.0,0.3333333432674408,0.6666666865348816,0.095238097012043,0.8574305772781372,0.7491127848625183,0.6600514650344849,0.5936560034751892,0.5583970546722412,0.0978293567895889,1.0,1.0,0.0,0.5487499833106995,0.0,1.0,1.0,0.1449999958276748,0.1500000059604644,train__core_002__episode_00045,core_002__45,0,0.4499999999999998,0.0309131688770785,4913.760719099984,82644
core_002,46,0,2.602955102920532,0.3333333432674408,0.6666666865348816,0.1280595823160525,0.3333333432674408,1.0,0.095238097012043,0,1.0,2.602955102920532,0.3333333432674408,0.3333333432674408,0.3333333432674408,0.0,0.0,0.0,0.0,0.0,0.0,0.0,0.0,0.0,0.0,0.0,0.0,0.0,0.0,0.0,0.0,0.0,0.0,0.3333333432674408,0.6666666865348816,0.095238097012043,0.5467073917388916,0.5,0.6000000238418579,0.570791482925415,0.5369178652763367,0.0983417332172393,0.0,0.0,0.0,0.5454999804496765,0.0,0.0,1.0,0.1449999958276748,0.1500000059604644,train__core_002__episode_00046,core_002__46,0,0.4499999999999998,0.0192261033715508,4913.760719099984,82644
core_002,46,1,1.667388916015625,0.4726000130176544,1.0,0.1791411919521112,0.2986980378627777,0.6320313811302185,0.0727333351969719,1,0.6320313811302185,1.667388916015625,0.2986980378627777,0.3333333432674408,0.0,0.0,0.0,0.0,0.0,0.0,0.0,0.0,0.0,0.0,0.0,0.0,0.0,0.0,0.0,0.0,0.0,0.0,0.0,0.4726000130176544,1.0,0.0727333351969719,0.5538590550422668,0.5467073917388916,0.5731770992279053,0.5631782412528992,0.5473969578742981,0.0978474393486976,1.0,0.0,0.3333333432674408,0.5460000038146973,0.0,0.0,1.0,0.1449999958276748,0.1500000059604644,train__core_002__episode_00046,core_002__46,0,0.6320313712669755,0.0194706052415749,4913.760719099984,82644
core_002,47,0,2.669773817062378,0.3333333432674408,0.6666666865348816,0.124854525554609,0.3333333432674408,1.0,0.095238097012043,0,1.0,2.669773817062378,0.3333333432674408,0.3333333432674408,0.3333333432674408,0.0,0.0,0.0,0.0,0.0,0.0,0.0,0.0,0.0,0.0,0.0,0.0,0.0,0.0,0.0,0.0,0.0,0.0,0.3333333432674408,0.6666666865348816,0.095238097012043,0.531389057636261,0.5,0.5731770992279053,0.5565057992935181,0.5440607070922852,0.1003048196434974,1.0,0.0,0.0,0.5460000038146973,0.0,0.0,1.0,0.1449999958276748,0.1500000059604644,train__core_002__episode_00047,core_002__47,0,0.4499999999999998,0.0187023952605513,4913.760719099984,82644
core_002,47,1,1.7335022687911987,0.4810653030872345,1.0,0.1782566288289702,0.3090082705020904,0.6423416137695312,0.0723302215337753,1,0.6423416137695312,1.7335022687911987,0.3090082705020904,0.3333333432674408,0.0,0.0,0.0,0.0,0.0,0.0,0.0,0.0,0.0,0.0,0.0,0.0,0.0,0.0,0.0,0.0,0.0,0.0,0.0,0.4810653030872345,1.0,0.0723302215337753,0.5289384126663208,0.531389057636261,0.5732505917549133,0.550536036491394,0.543509304523468,0.1003784611821174,1.0,0.0,0.3333333432674408,0.5460000038146973,0.0,0.0,1.0,0.1449999958276748,0.1500000059604644,train__core_002__episode_00047,core_002__47,0,0.6423415907694956,0.0186186129130744,4913.760719099984,82644
core_002,48,0,2.6515166759490967,0.3333333432674408,0.6666666865348816,0.1257142171840672,0.3333333432674408,1.0,0.095238097012043,0,1.0,2.6515166759490967,0.3333333432674408,0.3333333432674408,0.3333333432674408,0.0,0.0,0.0,0.0,0.0,0.0,0.0,0.0,0.0,0.0,0.0,0.0,0.0,0.0,0.0,0.0,0.0,0.0,0.3333333432674408,0.6666666865348816,0.095238097012043,0.5616515874862671,0.6000000238418579,0.5732505917549133,0.5603376030921936,0.5484101176261902,0.1013751402497291,1.0,0.0,0.0,0.5460000038146973,0.0,1.0,1.0,0.1449999958276748,0.1500000059604644,train__core_002__episode_00048,core_002__48,0,0.4499999999999999,0.0197370191038144,4913.760719099984,82644
core_002,48,1,1.654063105583191,0.4640710651874542,1.0,0.17450341747886,0.2886396646499634,0.6219729781150818,0.0731394737958908,1,0.6219729781150818,1.654063105583191,0.2886396646499634,0.3333333432674408,0.0,0.0,0.0,0.0,0.0,0.0,0.0,0.0,0.0,0.0,0.0,0.0,0.0,0.0,0.0,0.0,0.0,0.0,0.0,0.4640710651874542,1.0,0.0731394737958908,0.5386931300163269,0.5616515874862671,0.4000000059604645,0.5586806535720825,0.5670995116233826,0.1012452393770217,1.0,0.0,0.3333333432674408,0.5677499771118164,0.0,0.0,1.0,0.1449999958276748,0.1500000059604644,train__core_002__episode_00048,core_002__48,0,0.6219729947853212,0.0190521422232183,4913.760719099984,82644
core_002,49,0,2.568516254425049,0.3333333432674408,0.6666666865348816,0.129776614297524,0.3333333432674408,1.0,0.095238097012043,0,1.0,2.568516254425049,0.3333333432674408,0.3333333432674408,0.3333333432674408,0.0,0.0,0.0,0.0,0.0,0.0,0.0,0.0,0.0,0.0,0.0,0.0,0.0,0.0,0.0,0.0,0.0,0.0,0.3333333432674408,0.6666666865348816,0.095238097012043,0.5399362444877625,0.699999988079071,0.4000000059604645,0.5784446597099304,0.5769815444946289,0.1127463728189468,1.0,0.0,0.0,0.5677499771118164,0.0,1.0,1.0,0.1449999958276748,0.1500000059604644,train__core_002__episode_00049,core_002__49,0,0.4499999999999999,0.019094721693846,4913.760719099984,82644
core_002,49,1,1.5804681777954102,0.4763757586479187,1.0,0.1918769848501213,0.3032554686069488,0.6365888118743896,0.0725535377860069,1,0.6365888118743896,1.5804681777954102,0.3032554686069488,0.3333333432674408,0.0,0.0,0.0,0.0,0.0,0.0,0.0,0.0,0.0,0.0,0.0,0.0,0.0,0.0,0.0,0.0,0.0,0.0,0.0,0.4763757586479187,1.0,0.0725535377860069,0.6407080888748169,0.5399362444877625,0.6000000238418579,0.5984355807304382,0.5869770050048828,0.0893029794096946,1.0,0.0,0.3333333432674408,0.5699999928474426,0.0,0.0,1.0,0.1449999958276748,0.1500000059604644,train__core_002__episode_00049,core_002__49,0,0.6365887964914216,0.022435673028248,4913.760719099984,82644
core_002,50,0,2.4443180561065674,0.3333333432674408,0.6666666865348816,0.1363706913814607,0.3333333432674408,1.0,0.095238097012043,0,1.0,2.4443180561065674,0.3333333432674408,0.3333333432674408,0.3333333432674408,0.0,0.0,0.0,0.0,0.0,0.0,0.0,0.0,0.0,0.0,0.0,0.0,0.0,0.0,0.0,0.0,0.0,0.0,0.3333333432674408,0.6666666865348816,0.095238097012043,0.6538741588592529,0.6057392358779907,0.6000000238418579,0.6078360080718994,0.591677188873291,0.0860545858740806,1.0,0.0,0.0,0.5699999928474426,0.0,1.0,1.0,0.1449999958276748,0.1500000059604644,train__core_002__episode_00050,core_002__50,0,0.4499999999999999,0.0228857640460662,4913.760719099984,82644
core_002,51,0,2.388189554214477,0.3333333432674408,0.6666666865348816,0.1395757479464734,0.3333333432674408,1.0,0.095238097012043,0,1.0,2.388189554214477,0.3333333432674408,0.3333333432674408,0.3333333432674408,0.0,0.0,0.0,0.0,0.0,0.0,0.0,0.0,0.0,0.0,0.0,0.0,0.0,0.0,0.0,0.0,0.0,0.0,0.3333333432674408,0.6666666865348816,0.095238097012043,0.9487067461013794,0.699999988079071,0.7491127848625183,0.6221217513084412,0.6043807864189148,0.0916842222213745,1.0,1.0,0.0,0.5787500143051147,0.0,1.0,1.0,0.1449999958276748,0.1500000059604644,train__core_002__episode_00051,core_002__51,0,0.4499999999999999,0.0339170996096016,4913.760719099984,82644
core_002,52,0,2.367544651031494,0.3333333432674408,0.6666666865348816,0.1407928433882815,0.3333333432674408,1.0,0.095238097012043,0,1.0,2.367544651031494,0.3333333432674408,0.3333333432674408,0.3333333432674408,0.0,0.0,0.0,0.0,0.0,0.0,0.0,0.0,0.0,0.0,0.0,0.0,0.0,0.0,0.0,0.0,0.0,0.0,0.3333333432674408,0.6666666865348816,0.095238097012043,0.9469084143638612,0.7870869636535645,0.5,0.6275466084480286,0.6106013059616089,0.0998017787933349,1.0,1.0,0.0,0.5899999737739563,0.0,1.0,1.0,0.1449999958276748,0.1500000059604644,train__core_002__episode_00052,core_002__52,0,0.4499999999999999,0.033764980477754,4913.760719099984,82644
core_002,53,0,2.083031177520752,0.3333333432674408,0.6666666865348816,0.1600232137015721,0.3333333432674408,1.0,0.095238097012043,0,1.0,2.083031177520752,0.3333333432674408,0.3333333432674408,0.3333333432674408,0.0,0.0,0.0,0.0,0.0,0.0,0.0,0.0,0.0,0.0,0.0,0.0,0.0,0.0,0.0,0.0,0.0,0.0,0.3333333432674408,0.6666666865348816,0.095238097012043,0.6489167809486389,1.100000023841858,0.5,0.7132608890533447,0.6420261859893799,0.1793791949748993,0.0,0.0,0.0,0.5565000176429749,0.0,0.0,1.0,0.1449999958276748,0.1500000059604644,train__core_002__episode_00053,core_002__53,0,0.4499999999999998,0.0227302823515048,4913.760719099984,82644
core_002,54,0,2.003247737884521,0.3333333432674408,0.6666666865348816,0.1663964655811612,0.3333333432674408,1.0,0.095238097012043,0,1.0,2.003247737884521,0.3333333432674408,0.3333333432674408,0.3333333432674408,0.0,0.0,0.0,0.0,0.0,0.0,0.0,0.0,0.0,0.0,0.0,0.0,0.0,0.0,0.0,0.0,0.0,0.0,0.3333333432674408,0.6666666865348816,0.095238097012043,0.7483155727386475,0.698849081993103,0.6000000238418579,0.7416679263114929,0.6490868330001831,0.1578050553798675,1.0,0.0,0.0,0.5864999890327454,0.0,1.0,1.0,0.1449999958276748,0.1500000059604644,train__core_002__episode_00054,core_002__54,0,0.4499999999999999,0.0261527723364006,4913.760719099984,82644
core_002,55,0,1.9843822717666624,0.3333333432674408,0.6666666865348816,0.1679783920719467,0.3333333432674408,1.0,0.095238097012043,0,1.0,1.9843822717666624,0.3333333432674408,0.3333333432674408,0.3333333432674408,0.0,0.0,0.0,0.0,0.0,0.0,0.0,0.0,0.0,0.0,0.0,0.0,0.0,0.0,0.0,0.0,0.0,0.0,0.3333333432674408,0.6666666865348816,0.095238097012043,0.7387917041778564,0.6493571996688843,0.699999988079071,0.7487189173698425,0.6545282602310181,0.1523250788450241,1.0,0.0,0.0,0.5665000081062317,0.0,1.0,1.0,0.1449999958276748,0.1500000059604644,train__core_002__episode_00055,core_002__55,0,0.4499999999999998,0.0258269817985984,4913.760719099984,82644
core_002,56,0,2.007615566253662,0.3333333432674408,0.6666666865348816,0.1660344484623926,0.3333333432674408,1.0,0.095238097012043,0,1.0,2.007615566253662,0.3333333432674408,0.3333333432674408,0.3333333432674408,0.0,0.0,0.0,0.0,0.0,0.0,0.0,0.0,0.0,0.0,0.0,0.0,0.0,0.0,0.0,0.0,0.0,0.0,0.3333333432674408,0.6666666865348816,0.095238097012043,0.7444019913673401,0.6393479704856873,0.6057392358779907,0.7400543689727783,0.6592495441436768,0.156517207622528,1.0,0.0,0.0,0.5899999737739563,0.0,1.0,1.0,0.1449999958276748,0.1500000059604644,train__core_002__episode_00056,core_002__56,0,0.4499999999999999,0.0260188974434146,4913.760719099984,82644
core_002,58,0,4.860983848571777,0.3333333432674408,0.6666666865348816,0.0685732258430314,0.3333333432674408,1.0,0.095238097012043,0,1.0,4.860983848571777,0.3333333432674408,0.3333333432674408,0.3333333432674408,0.0,0.0,0.0,0.0,0.0,0.0,0.0,0.0,0.0,0.0,0.0,0.0,0.0,0.0,0.0,0.0,0.0,0.0,0.3333333432674408,0.6666666865348816,0.095238097012043,0.4079940617084503,0.3000000119209289,0.3000000119209289,0.3000000119209289,0.3000000119209289,0.0,1.0,0.0,0.0,0.3727500140666961,0.0,0.0,1.0,0.1480000019073486,0.164000004529953,train__core_002__episode_00058,core_002__58,0,0.3937634200656268,0.0138945941734011,4913.760719099984,82644
core_002,58,1,3.082153797149658,0.5,1.0,0.1081494841612718,0.3333333432674408,0.6666666865348816,0.0714285746216774,1,0.6666666865348816,3.082153797149658,0.3333333432674408,0.3333333432674408,0.0,0.0,0.0,0.0,0.0,0.0,0.0,0.0,0.0,0.0,0.0,0.0,0.0,0.0,0.0,0.0,0.0,0.0,0.0,0.5,1.0,0.0714285746216774,0.4866636395454407,0.4079940617084503,0.3000000119209289,0.3154277205467224,0.3077138662338257,0.0377900525927543,1.0,1.0,0.3333333432674408,0.3942500054836273,0.0,0.0,1.0,0.1480000019073486,0.164000004529953,train__core_002__episode_00058,core_002__58,0,0.6666666666666667,0.0174629401957819,4913.760719099984,82644
core_002,59,0,4.438289642333984,0.3333333432674408,0.6666666865348816,0.0751040085550048,0.3333333432674408,1.0,0.095238097012043,0,1.0,4.438289642333984,0.3333333432674408,0.3333333432674408,0.3333333432674408,0.0,0.0,0.0,0.0,0.0,0.0,0.0,0.0,0.0,0.0,0.0,0.0,0.0,0.0,0.0,0.0,0.0,0.0,0.3333333432674408,0.6666666865348816,0.095238097012043,0.4866636395454407,0.5,0.3000000119209289,0.3285714387893677,0.3142857253551483,0.069985419511795,1.0,1.0,0.0,0.3942500054836273,0.0,0.0,1.0,0.1480000019073486,0.164000004529953,train__core_002__episode_00059,core_002__59,0,0.45,0.0174629401957819,4913.760719099984,82644
core_002,59,1,2.735159158706665,0.4997091293334961,1.0,0.1217280915446175,0.332945704460144,0.6662790775299072,0.071442425251007,1,0.6662790775299072,2.735159158706665,0.332945704460144,0.3333333432674408,0.0,0.0,0.0,0.0,0.0,0.0,0.0,0.0,0.0,0.0,0.0,0.0,0.0,0.0,0.0,0.0,0.0,0.0,0.0,0.4997091293334961,1.0,0.071442425251007,0.4938631057739258,0.4866636395454407,0.3000000119209289,0.3552376627922058,0.3276188373565674,0.0874111130833625,1.0,1.0,0.3333333432674408,0.3852500021457672,0.0,0.0,1.0,0.1480000019073486,0.164000004529953,train__core_002__episode_00059,core_002__59,0,0.6662790517437256,0.017333919968747,4913.760719099984,82644
core_002,60,0,3.1900205612182617,0.3333333432674408,0.6666666865348816,0.1044925375465735,0.3333333432674408,1.0,0.095238097012043,0,1.0,3.1900205612182617,0.3333333432674408,0.3333333432674408,0.3333333432674408,0.0,0.0,0.0,0.0,0.0,0.0,0.0,0.0,0.0,0.0,0.0,0.0,0.0,0.0,0.0,0.0,0.0,0.0,0.3333333432674408,0.6666666865348816,0.095238097012043,0.6219320297241211,1.2000000476837158,0.3000000119209289,0.4571428596973419,0.3785714209079742,0.311022013425827,1.0,1.0,0.0,0.3852500021457672,0.0,0.0,1.0,0.1480000019073486,0.164000004529953,train__core_002__episode_00060,core_002__60,0,0.45,0.0218621328165873,4913.760719099984,82644
core_002,60,1,1.662309646606445,0.4187950491905212,1.0,0.1444904139018896,0.2401878088712692,0.5735211372375488,0.075295478105545,1,0.5735211372375488,1.662309646606445,0.2401878088712692,0.3333333432674408,0.0,0.0,0.0,0.0,0.0,0.0,0.0,0.0,0.0,0.0,0.0,0.0,0.0,0.0,0.0,0.0,0.0,0.0,0.0,0.4187950491905212,1.0,0.075295478105545,0.4401304721832275,0.6219320297241211,0.3000000119209289,0.5031331777572632,0.4015665650367737,0.3081740438938141,0.0,0.0,0.3333333432674408,0.3819999992847442,0.0,0.0,1.0,0.1480000019073486,0.164000004529953,train__core_002__episode_00060,core_002__60,0,0.5735211402650338,0.0153313023938992,4913.760719099984,82644
core_002,61,0,2.9165902137756348,0.3333333432674408,0.6666666865348816,0.1142887134754279,0.3333333432674408,1.0,0.095238097012043,0,1.0,2.9165902137756348,0.3333333432674408,0.3333333432674408,0.3333333432674408,0.0,0.0,0.0,0.0,0.0,0.0,0.0,0.0,0.0,0.0,0.0,0.0,0.0,0.0,0.0,0.0,0.0,0.0,0.3333333432674408,0.6666666865348816,0.095238097012043,0.4365167021751404,0.6000000238418579,0.3000000119209289,0.5,0.4000000059604645,0.3070597946643829,0.0,0.0,0.0,0.3819999992847442,0.0,0.0,1.0,0.1480000019073486,0.164000004529953,train__core_002__episode_00061,core_002__61,0,0.382232863026465,0.0066621058781413,4913.760719099984,82644
core_002,61,1,1.871399998664856,0.5,1.0,0.1781197731672845,0.3333333432674408,0.6666666865348816,0.0714285746216774,1,0.6666666865348816,1.871399998664856,0.3333333432674408,0.3333333432674408,0.0,0.0,0.0,0.0,0.0,0.0,0.0,0.0,0.0,0.0,0.0,0.0,0.0,0.0,0.0,0.0,0.0,0.0,0.0,0.5,1.0,0.0714285746216774,0.4415615200996399,0.4365167021751404,0.3000000119209289,0.5195024013519287,0.4097512066364288,0.2979376018047333,1.0,0.0,0.3333333432674408,0.3912500143051147,0.0,0.0,1.0,0.1480000019073486,0.164000004529953,train__core_002__episode_00061,core_002__61,0,0.6345992831500058,0.0103204606614915,4913.760719099984,82644
core_002,62,0,2.61745285987854,0.3333333432674408,0.6666666865348816,0.1273502756733157,0.3333333432674408,1.0,0.095238097012043,0,1.0,2.61745285987854,0.3333333432674408,0.3333333432674408,0.3333333432674408,0.0,0.0,0.0,0.0,0.0,0.0,0.0,0.0,0.0,0.0,0.0,0.0,0.0,0.0,0.0,0.0,0.0,0.0,0.3333333432674408,0.6666666865348816,0.095238097012043,0.4572192728519439,0.699999988079071,0.3000000119209289,0.5571428537368774,0.4285714328289032,0.3016958832740783,1.0,0.0,0.0,0.3912500143051147,0.0,0.0,1.0,0.1480000019073486,0.164000004529953,train__core_002__episode_00062,core_002__62,0,0.419444454902769,0.012660354785442,4913.760719099984,82644
core_002,62,1,1.6773501634597778,0.5,1.0,0.19872615183695,0.3333333432674408,0.6666666865348816,0.0714285746216774,1,0.6666666865348816,1.6773501634597778,0.3333333432674408,0.3333333432674408,0.0,0.0,0.0,0.0,0.0,0.0,0.0,0.0,0.0,0.0,0.0,0.0,0.0,0.0,0.0,0.0,0.0,0.0,0.0,0.5,1.0,0.0714285746216774,0.4725403487682342,0.4572192728519439,0.3000000119209289,0.5796027779579163,0.4398013651371002,0.2872216701507568,1.0,0.0,0.3333333432674408,0.4052500128746032,0.0,0.0,1.0,0.1480000019073486,0.164000004529953,train__core_002__episode_00062,core_002__62,0,0.6569046259929898,0.0131539510974629,4913.760719099984,82644
core_002,63,0,2.334949493408203,0.3333333432674408,0.6666666865348816,0.1427582670239653,0.3333333432674408,1.0,0.095238097012043,0,1.0,2.334949493408203,0.3333333432674408,0.3333333432674408,0.3333333432674408,0.0,0.0,0.0,0.0,0.0,0.0,0.0,0.0,0.0,0.0,0.0,0.0,0.0,0.0,0.0,0.0,0.0,0.0,0.3333333432674408,0.6666666865348816,0.095238097012043,0.5169601440429688,0.7718575596809387,0.3000000119209289,0.6245510578155518,0.4622755348682403,0.2891652286052704,1.0,0.0,0.0,0.4052500128746032,0.0,1.0,1.0,0.1480000019073486,0.164000004529953,train__core_002__episode_00063,core_002__63,0,0.45,0.0178818006785442,4913.760719099984,82644
core_002,64,0,2.446887493133545,0.3333333432674408,0.6666666865348816,0.1362274907215148,0.3333333432674408,1.0,0.095238097012043,0,1.0,2.446887493133545,0.3333333432674408,0.3333333432674408,0.3333333432674408,0.0,0.0,0.0,0.0,0.0,0.0,0.0,0.0,0.0,0.0,0.0,0.0,0.0,0.0,0.0,0.0,0.0,0.0,0.3333333432674408,0.6666666865348816,0.095238097012043,0.50003582239151,0.1000000014901161,0.3000000119209289,0.595979630947113,0.447989821434021,0.3272006511688232,1.0,0.0,0.0,0.3980000019073486,0.0,0.0,1.0,0.1480000019073486,0.164000004529953,train__core_002__episode_00064,core_002__64,0,0.4499999999999999,0.0172997722923102,4913.760719099984,82644
core_002,64,1,1.53430438041687,0.4927277266979217,1.0,0.2110246056967628,0.323775976896286,0.6571093201637268,0.0717748701572418,1,0.6571093201637268,1.53430438041687,0.323775976896286,0.3333333432674408,0.0,0.0,0.0,0.0,0.0,0.0,0.0,0.0,0.0,0.0,0.0,0.0,0.0,0.0,0.0,0.0,0.0,0.0,0.0,0.4927277266979217,1.0,0.0717748701572418,0.5430465936660767,0.50003582239151,0.5,0.6245561838150024,0.4622780978679657,0.3082917928695678,1.0,0.0,0.3333333432674408,0.3959999978542328,0.0,0.0,1.0,0.1480000019073486,0.164000004529953,train__core_002__episode_00064,core_002__64,0,0.6571093206191605,0.0185484609310206,4913.760719099984,82644
core_002,65,0,2.2741899490356445,0.3333333432674408,0.6666666865348816,0.1465723403661988,0.3333333432674408,1.0,0.095238097012043,0,1.0,2.2741899490356445,0.3333333432674408,0.3333333432674408,0.3333333432674408,0.0,0.0,0.0,0.0,0.0,0.0,0.0,0.0,0.0,0.0,0.0,0.0,0.0,0.0,0.0,0.0,0.0,0.0,0.3333333432674408,0.6666666865348816,0.095238097012043,0.5431711077690125,0.6168028116226196,0.5,0.641237199306488,0.4706186056137085,0.3042353093624115,1.0,0.0,0.0,0.3959999978542328,0.0,1.0,1.0,0.1480000019073486,0.164000004529953,train__core_002__episode_00065,core_002__65,0,0.4499999999999999,0.0185527253790424,4913.760719099984,82644
core_002,66,0,2.326009511947632,0.3333333432674408,0.6666666865348816,0.1433069562077291,0.3333333432674408,1.0,0.095238097012043,0,1.0,2.326009511947632,0.3333333432674408,0.3333333432674408,0.3333333432674408,0.0,0.0,0.0,0.0,0.0,0.0,0.0,0.0,0.0,0.0,0.0,0.0,0.0,0.0,0.0,0.0,0.0,0.0,0.3333333432674408,0.6666666865348816,0.095238097012043,0.6516544222831726,0.4000000059604645,1.2000000476837158,0.6269514560699463,0.477761447429657,0.3127602338790893,1.0,1.0,0.0,0.4144999980926513,0.0,0.0,1.0,0.1480000019073486,0.164000004529953,train__core_002__episode_00066,core_002__66,0,0.4499999999999999,0.022920540505509,4913.760719099984,82644
core_002,67,0,2.625085592269897,0.3333333432674408,0.6666666865348816,0.1269799903854598,0.3333333432674408,1.0,0.095238097012043,0,1.0,2.625085592269897,0.3333333432674408,0.3333333432674408,0.3333333432674408,0.0,0.0,0.0,0.0,0.0,0.0,0.0,0.0,0.0,0.0,0.0,0.0,0.0,0.0,0.0,0.0,0.0,0.0,0.3333333432674408,0.6666666865348816,0.095238097012043,0.6432103514671326,0.699999988079071,0.6000000238418579,0.5555229187011719,0.5063328742980957,0.215794175863266,1.0,1.0,0.0,0.4070000052452087,0.0,0.0,1.0,0.1480000019073486,0.164000004529953,train__core_002__episode_00067,core_002__67,0,0.4499999999999999,0.0223500808191224,4913.760719099984,82644
core_002,68,0,3.1040196418762207,0.3333333432674408,0.6666666865348816,0.1073876398107964,0.3333333432674408,1.0,0.095238097012043,0,1.0,3.1040196418762207,0.3333333432674408,0.3333333432674408,0.3333333432674408,0.0,0.0,0.0,0.0,0.0,0.0,0.0,0.0,0.0,0.0,0.0,0.0,0.0,0.0,0.0,0.0,0.0,0.0,0.3333333432674408,0.6666666865348816,0.095238097012043,0.4735741019248962,0.0,0.699999988079071,0.4698086380958557,0.4849043190479278,0.2881390452384949,0.0,0.0,0.0,0.4045000076293945,0.0,0.0,1.0,0.1480000019073486,0.164000004529953,train__core_002__episode_00068,core_002__68,0,0.4277590564303777,0.0116972413631292,4913.760719099984,82644
core_002,68,1,2.2223567962646484,0.5,1.0,0.1499909212722771,0.3333333432674408,0.6666666865348816,0.0714285746216774,1,0.6666666865348816,2.2223567962646484,0.3333333432674408,0.3333333432674408,0.0,0.0,0.0,0.0,0.0,0.0,0.0,0.0,0.0,0.0,0.0,0.0,0.0,0.0,0.0,0.0,0.0,0.0,0.0,0.5,1.0,0.0714285746216774,0.4677332639694214,0.4735741019248962,0.7718575596809387,0.4374620616436004,0.4973024725914001,0.2727821767330169,1.0,0.0,0.3333333432674408,0.4172500073909759,0.0,0.0,1.0,0.1480000019073486,0.164000004529953,train__core_002__episode_00068,core_002__68,0,0.6534434372212864,0.0115149740753605,4913.760719099984,82644
core_002,69,0,3.660562753677368,0.3333333432674408,0.6666666865348816,0.0910606826594017,0.3333333432674408,1.0,0.095238097012043,0,1.0,3.660562753677368,0.3333333432674408,0.3333333432674408,0.3333333432674408,0.0,0.0,0.0,0.0,0.0,0.0,0.0,0.0,0.0,0.0,0.0,0.0,0.0,0.0,0.0,0.0,0.0,0.0,0.3333333432674408,0.6666666865348816,0.095238097012043,0.471004456281662,0.2000000029802322,0.7718575596809387,0.3983800411224365,0.477761447429657,0.2841687500476837,1.0,0.0,0.0,0.4172500073909759,0.0,0.0,1.0,0.1480000019073486,0.164000004529953,train__core_002__episode_00069,core_002__69,0,0.4013437658204408,0.0116170530707078,4913.760719099984,82644
core_002,69,1,2.73549222946167,0.5,1.0,0.1218549772057071,0.3333333432674408,0.6666666865348816,0.0714285746216774,1,0.6666666865348816,2.73549222946167,0.3333333432674408,0.3333333432674408,0.0,0.0,0.0,0.0,0.0,0.0,0.0,0.0,0.0,0.0,0.0,0.0,0.0,0.0,0.0,0.0,0.0,0.0,0.0,0.5,1.0,0.0714285746216774,0.4336160123348236,0.471004456281662,0.1000000014901161,0.3554010391235351,0.4899760484695434,0.244400605559349,1.0,0.0,0.3333333432674408,0.4235000014305115,0.0,0.0,1.0,0.1480000019073486,0.164000004529953,train__core_002__episode_00069,core_002__69,0,0.6288783584430061,0.0104503220789121,4913.760719099984,82644
core_002,70,0,4.604859828948975,0.3333333432674408,0.6666666865348816,0.0723872942172751,0.3333333432674408,1.0,0.095238097012043,0,1.0,4.604859828948975,0.3333333432674408,0.3333333432674408,0.3333333432674408,0.0,0.0,0.0,0.0,0.0,0.0,0.0,0.0,0.0,0.0,0.0,0.0,0.0,0.0,0.0,0.0,0.0,0.0,0.3333333432674408,0.6666666865348816,0.095238097012043,0.434944748878479,0.2000000029802322,0.1000000014901161,0.3166861236095428,0.4706186056137085,0.2444863468408584,1.0,0.0,0.0,0.4235000014305115,0.0,0.0,1.0,0.1480000019073486,0.164000004529953,train__core_002__episode_00070,core_002__70,0,0.3916525814336984,0.0179163226504975,4913.760719099984,82644
core_002,70,1,2.666947841644287,0.5,1.0,0.1249868250373905,0.3333333432674408,0.6666666865348816,0.0714285746216774,1,0.6666666865348816,2.666947841644287,0.3333333432674408,0.3333333432674408,0.0,0.0,0.0,0.0,0.0,0.0,0.0,0.0,0.0,0.0,0.0,0.0,0.0,0.0,0.0,0.0,0.0,0.0,0.0,0.5,1.0,0.0714285746216774,0.4562160670757293,0.434944748878479,0.6168028116226196,0.3645353615283966,0.480257511138916,0.2297266721725464,1.0,0.0,0.3333333432674408,0.4339999854564667,0.0,0.0,1.0,0.1480000019073486,0.164000004529953,train__core_002__episode_00070,core_002__70,0,0.6451508316941332,0.0111555720514577,4913.760719099984,82644
core_002,71,0,3.8980283737182617,0.3333333432674408,0.6666666865348816,0.085513318865219,0.3333333432674408,1.0,0.095238097012043,0,1.0,3.8980283737182617,0.3333333432674408,0.3333333432674408,0.3333333432674408,0.0,0.0,0.0,0.0,0.0,0.0,0.0,0.0,0.0,0.0,0.0,0.0,0.0,0.0,0.0,0.0,0.0,0.0,0.3333333432674408,0.6666666865348816,0.095238097012043,0.4784765541553497,0.5019740462303162,0.6168028116226196,0.3741109669208526,0.485045313835144,0.2338224202394485,1.0,0.0,0.0,0.4339999854564667,0.0,1.0,1.0,0.1480000019073486,0.164000004529953,train__core_002__episode_00071,core_002__71,0,0.4396892850637578,0.0118502256278715,4913.760719099984,82644
core_002,71,1,2.743605375289917,0.5,1.0,0.1214946385036213,0.3333333432674408,0.6666666865348816,0.0714285746216774,1,0.6666666865348816,2.743605375289917,0.3333333432674408,0.3333333432674408,0.0,0.0,0.0,0.0,0.0,0.0,0.0,0.0,0.0,0.0,0.0,0.0,0.0,0.0,0.0,0.0,0.0,0.0,0.0,0.5,1.0,0.0714285746216774,0.4794001579284668,0.4784765541553497,0.4000000059604645,0.3543500900268554,0.4977936446666717,0.2177711278200149,1.0,0.0,0.3333333432674408,0.4339999854564667,0.0,0.0,1.0,0.1480000019073486,0.164000004529953,train__core_002__episode_00071,core_002__71,0,0.6618438077153219,0.01187904663943,4913.760719099984,82644
core_002,72,0,4.635870456695557,0.3333333432674408,0.6666666865348816,0.071903075459326,0.3333333432674408,1.0,0.095238097012043,0,1.0,4.635870456695557,0.3333333432674408,0.3333333432674408,0.3333333432674408,0.0,0.0,0.0,0.0,0.0,0.0,0.0,0.0,0.0,0.0,0.0,0.0,0.0,0.0,0.0,0.0,0.0,0.0,0.3333333432674408,0.6666666865348816,0.095238097012043,0.4807713329792022,0.2000000029802322,0.4000000059604645,0.3145677149295807,0.4779024720191955,0.2168962806463241,1.0,0.0,0.0,0.4339999854564667,0.0,0.0,1.0,0.1480000019073486,0.164000004529953,train__core_002__episode_00072,core_002__72,0,0.4461644197613095,0.0195834823805894,4913.760719099984,82644
core_002,72,1,2.98122501373291,0.5,1.0,0.1118108635651291,0.3333333432674408,0.6666666865348816,0.0714285746216774,1,0.6666666865348816,2.98122501373291,0.3333333432674408,0.3333333432674408,0.0,0.0,0.0,0.0,0.0,0.0,0.0,0.0,0.0,0.0,0.0,0.0,0.0,0.0,0.0,0.0,0.0,0.0,0.0,0.5,1.0,0.0714285746216774,0.5805626511573792,0.4807713329792022,0.699999988079071,0.3261064887046814,0.4765289723873138,0.2231914401054382,1.0,1.0,0.3333333432674408,0.4494999945163727,0.0,0.0,1.0,0.1480000019073486,0.164000004529953,train__core_002__episode_00072,core_002__72,0,0.6666666666666667,0.0202984552574068,4913.760719099984,82644
core_002,73,0,4.434483528137207,0.3333333432674408,0.6666666865348816,0.0751684702744772,0.3333333432674408,1.0,0.095238097012043,0,1.0,4.434483528137207,0.3333333432674408,0.3333333432674408,0.3333333432674408,0.0,0.0,0.0,0.0,0.0,0.0,0.0,0.0,0.0,0.0,0.0,0.0,0.0,0.0,0.0,0.0,0.0,0.0,0.3333333432674408,0.6666666865348816,0.095238097012043,0.590305507183075,0.5,0.699999988079071,0.3288534283638,0.4779024720191955,0.2251874953508377,1.0,1.0,0.0,0.4494999945163727,0.0,0.0,1.0,0.1480000019073486,0.164000004529953,train__core_002__episode_00073,core_002__73,0,0.45,0.020634928065134,4913.760719099984,82644
core_002,73,1,2.7715113162994385,0.4399721324443817,1.0,0.0944882133613475,0.2618751525878906,0.595208466053009,0.0742870420217514,1,0.595208466053009,2.7715113162994385,0.2618751525878906,0.3333333432674408,0.0,0.0,0.0,0.0,0.0,0.0,0.0,0.0,0.0,0.0,0.0,0.0,0.0,0.0,0.0,0.0,0.0,0.0,0.0,0.4399721324443817,1.0,0.0742870420217514,0.5638413429260254,0.590305507183075,0.0,0.3131828010082245,0.434352844953537,0.2013718336820602,1.0,1.0,0.3333333432674408,0.4162499904632568,0.0,0.0,1.0,0.1480000019073486,0.164000004529953,train__core_002__episode_00073,core_002__73,0,0.5952084801334817,0.0198700235397718,4913.760719099984,82644
core_002,74,0,4.080004692077637,0.3333333432674408,0.6666666865348816,0.0816992548843612,0.3333333432674408,1.0,0.095238097012043,0,1.0,4.080004692077637,0.3333333432674408,0.3333333432674408,0.3333333432674408,0.0,0.0,0.0,0.0,0.0,0.0,0.0,0.0,0.0,0.0,0.0,0.0,0.0,0.0,0.0,0.0,0.0,0.0,0.3333333432674408,0.6666666865348816,0.095238097012043,0.6388279795646667,0.8999999761581421,0.0,0.3574248552322387,0.4564738869667053,0.2771565318107605,1.0,1.0,0.0,0.4162499904632568,0.0,0.0,1.0,0.1480000019073486,0.164000004529953,train__core_002__episode_00074,core_002__74,0,0.45,0.0228915852930435,4913.760719099984,82644
core_002,74,1,1.826371192932129,0.4068116247653961,1.0,0.1251671756508444,0.228601723909378,0.5619350671768188,0.0758661106228828,1,0.5619350671768188,1.826371192932129,0.228601723909378,0.3333333432674408,0.0,0.0,0.0,0.0,0.0,0.0,0.0,0.0,0.0,0.0,0.0,0.0,0.0,0.0,0.0,0.0,0.0,0.0,0.0,0.4068116247653961,1.0,0.0758661106228828,0.44712895154953,0.6388279795646667,0.2000000029802322,0.4486860036849975,0.4592473208904266,0.2480913549661636,0.0,0.0,0.3333333432674408,0.4350000023841858,0.0,0.0,1.0,0.1480000019073486,0.164000004529953,train__core_002__episode_00074,core_002__74,0,0.5619350518045023,0.0155534632874729,4913.760719099984,82644
core_002,75,0,2.834019899368286,0.3333333432674408,0.6666666865348816,0.1176185613028836,0.3333333432674408,1.0,0.095238097012043,0,1.0,2.834019899368286,0.3333333432674408,0.3333333432674408,0.3333333432674408,0.0,0.0,0.0,0.0,0.0,0.0,0.0,0.0,0.0,0.0,0.0,0.0,0.0,0.0,0.0,0.0,0.0,0.0,0.3333333432674408,0.6666666865348816,0.095238097012043,0.4710261225700378,1.100000023841858,0.2000000029802322,0.5145677328109741,0.4921881854534149,0.3356269896030426,0.0,0.0,0.0,0.4350000023841858,0.0,1.0,1.0,0.1480000019073486,0.164000004529953,train__core_002__episode_00075,core_002__75,0,0.4214103705246242,0.0120179733353869,4913.760719099984,82644
core_002,75,1,1.7571332454681396,0.5,1.0,0.1897029403587622,0.3333333432674408,0.6666666865348816,0.0714285746216774,1,0.6666666865348816,1.7571332454681396,0.3333333432674408,0.3333333432674408,0.0,0.0,0.0,0.0,0.0,0.0,0.0,0.0,0.0,0.0,0.0,0.0,0.0,0.0,0.0,0.0,0.0,0.0,0.0,0.5,1.0,0.0714285746216774,0.4614638686180115,0.4710261225700378,0.2000000029802322,0.5532857179641724,0.4758329093456268,0.3118992149829864,1.0,0.0,0.3333333432674408,0.4507499933242798,0.0,0.0,1.0,0.1480000019073486,0.164000004529953,train__core_002__episode_00075,core_002__75,0,0.648929358145804,0.0113193336158604,4913.760719099984,82644
core_002,76,0,2.834019899368286,0.3333333432674408,0.6666666865348816,0.1176185613028836,0.3333333432674408,1.0,0.095238097012043,0,1.0,2.834019899368286,0.3333333432674408,0.3333333432674408,0.3333333432674408,0.0,0.0,0.0,0.0,0.0,0.0,0.0,0.0,0.0,0.0,0.0,0.0,0.0,0.0,0.0,0.0,0.0,0.0,0.3333333432674408,0.6666666865348816,0.095238097012043,0.4404844939708709,0.2000000029802322,0.2000000029802322,0.5145677328109741,0.4564738869667053,0.3356269896030426,1.0,0.0,0.0,0.4507499933242798,0.0,0.0,1.0,0.1480000019073486,0.164000004529953,train__core_002__episode_00076,core_002__76,0,0.3956201837267449,0.0106646579268422,4913.760719099984,82644
core_002,76,1,1.7710998058319092,0.5,1.0,0.1882069786072105,0.3333333432674408,0.6666666865348816,0.0714285746216774,1,0.6666666865348816,1.7710998058319092,0.3333333432674408,0.3333333432674408,0.0,0.0,0.0,0.0,0.0,0.0,0.0,0.0,0.0,0.0,0.0,0.0,0.0,0.0,0.0,0.0,0.0,0.0,0.0,0.5,1.0,0.0714285746216774,0.4561867415904999,0.4404844939708709,0.5019740462303162,0.5489226579666138,0.4328043758869171,0.3132301867008209,1.0,0.0,0.3333333432674408,0.4522500038146972,0.0,0.0,1.0,0.1480000019073486,0.164000004529953,train__core_002__episode_00076,core_002__76,0,0.6451297144653906,0.0111546568294899,4913.760719099984,82644
core_002,77,0,2.684938430786133,0.3333333432674408,0.6666666865348816,0.1241493434059279,0.3333333432674408,1.0,0.095238097012043,0,1.0,2.684938430786133,0.3333333432674408,0.3333333432674408,0.3333333432674408,0.0,0.0,0.0,0.0,0.0,0.0,0.0,0.0,0.0,0.0,0.0,0.0,0.0,0.0,0.0,0.0,0.0,0.0,0.3333333432674408,0.6666666865348816,0.095238097012043,0.4561867415904999,0.4000000059604645,0.5019740462303162,0.5431391596794128,0.4299126267433166,0.3155441880226135,1.0,0.0,0.0,0.4522500038146972,0.0,0.0,1.0,0.1480000019073486,0.164000004529953,train__core_002__episode_00077,core_002__77,0,0.4011448083922427,0.0111546568294898,4913.760719099984,82644
core_002,77,1,1.81177830696106,0.5,1.0,0.1839813083017585,0.3333333432674408,0.6666666865348816,0.0714285746216774,1,0.6666666865348816,1.81177830696106,0.3333333432674408,0.3333333432674408,0.0,0.0,0.0,0.0,0.0,0.0,0.0,0.0,0.0,0.0,0.0,0.0,0.0,0.0,0.0,0.0,0.0,0.0,0.0,0.5,1.0,0.0714285746216774,0.4481573700904846,0.4561867415904999,0.2000000029802322,0.5365980863571167,0.4553545415401459,0.3168017864227295,1.0,0.0,0.3333333432674408,0.445250004529953,0.0,0.0,1.0,0.1480000019073486,0.164000004529953,train__core_002__episode_00077,core_002__77,0,0.6393484272601855,0.0109040954931872,4913.760719099984,82644
core_002,78,0,2.3739688396453857,0.3333333432674408,0.6666666865348816,0.1404118443767075,0.3333333432674408,1.0,0.095238097012043,0,1.0,2.3739688396453857,0.3333333432674408,0.3333333432674408,0.3333333432674408,0.0,0.0,0.0,0.0,0.0,0.0,0.0,0.0,0.0,0.0,0.0,0.0,0.0,0.0,0.0,0.0,0.0,0.0,0.3333333432674408,0.6666666865348816,0.095238097012043,0.5214846134185791,1.0,0.2000000029802322,0.6142857074737549,0.4941983520984649,0.3522522151470184,1.0,0.0,0.0,0.445250004529953,0.0,0.0,1.0,0.1480000019073486,0.164000004529953,train__core_002__episode_00078,core_002__78,0,0.4499999999999999,0.0181143213621827,4913.760719099984,82644
core_002,79,0,2.041613340377808,0.3333333432674408,0.6666666865348816,0.1632695754259503,0.3333333432674408,1.0,0.095238097012043,0,1.0,2.041613340377808,0.3333333432674408,0.3333333432674408,0.3333333432674408,0.0,0.0,0.0,0.0,0.0,0.0,0.0,0.0,0.0,0.0,0.0,0.0,0.0,0.0,0.0,0.0,0.0,0.0,0.3333333432674408,0.6666666865348816,0.095238097012043,0.5887022614479065,0.8999999761581421,0.5,0.7142857313156128,0.5144267082214355,0.3181579709053039,1.0,0.0,0.0,0.457749992609024,0.0,0.0,1.0,0.1480000019073486,0.164000004529953,train__core_002__episode_00079,core_002__79,0,0.4499999999999999,0.0204293420319185,4913.760719099984,82644
core_003,0,0,2.613438844680786,0.3333333432674408,0.6666666865348816,0.1275458746417137,0.3333333432674408,1.0,0.095238097012043,0,1.0,2.613438844680786,0.3333333432674408,0.3333333432674408,0.3333333432674408,0.0,0.0,0.0,0.0,0.0,0.0,0.0,0.0,0.0,0.0,0.0,0.0,0.0,0.0,0.0,0.0,0.0,0.0,0.3333333432674408,0.6666666865348816,0.095238097012043,1.3869582414627075,1.1370035409927368,1.1370035409927368,1.1370035409927368,1.0,2.220446049250313e-16,1.0,0.0,0.0,0.3885000050067901,0.0,0.0,1.0,0.1449999958276748,0.1500000059604644,train__core_003__episode_00000,core_003__0,0,0.4499999999999999,0.0241451596207505,4913.760719099984,82644
core_003,1,0,3.4273624420166016,0.3333333432674408,0.6666666865348816,0.0972565198185789,0.3333333432674408,1.0,0.095238097012043,0,1.0,3.4273624420166016,0.3333333432674408,0.3333333432674408,0.3333333432674408,0.0,0.0,0.0,0.0,0.0,0.0,0.0,0.0,0.0,0.0,0.0,0.0,0.0,0.0,0.0,0.0,0.0,0.0,0.3333333432674408,0.6666666865348816,0.095238097012043,1.0598617792129517,0.8669900894165039,0.8669900894165039,0.8669900894165039,0.8669900894165039,1.1102230246251563e-16,1.0,0.0,0.0,0.3727500140666961,0.0,1.0,1.0,0.1449999958276748,0.1500000059604644,train__core_003__episode_00001,core_003__1,0,0.4499999999999999,0.0185421878943838,4913.760719099984,82644
core_003,1,1,2.1369874477386475,0.4818570017814636,1.0,0.1450592005623007,0.3099896907806396,0.6433230638504028,0.0722925215959549,1,0.6433230638504028,2.1369874477386475,0.3099896907806396,0.3333333432674408,0.0,0.0,0.0,0.0,0.0,0.0,0.0,0.0,0.0,0.0,0.0,0.0,0.0,0.0,0.0,0.0,0.0,0.0,0.0,0.4818570017814636,1.0,0.0722925215959549,1.264108657836914,1.0598617792129517,0.8669900894165039,0.8945431709289551,0.8807666301727295,0.0674910247325897,1.0,1.0,0.3333333432674408,0.3942500054836273,0.0,0.0,1.0,0.1449999958276748,0.1500000059604644,train__core_003__episode_00001,core_003__1,0,0.6433230372034546,0.0224419756510849,4913.760719099984,82644
core_003,2,0,3.7805614471435542,0.3333333432674408,0.6666666865348816,0.0881703281186699,0.3333333432674408,1.0,0.095238097012043,0,1.0,3.7805614471435542,0.3333333432674408,0.3333333432674408,0.3333333432674408,0.0,0.0,0.0,0.0,0.0,0.0,0.0,0.0,0.0,0.0,0.0,0.0,0.0,0.0,0.0,0.0,0.0,0.0,0.3333333432674408,0.6666666865348816,0.095238097012043,1.1279211044311523,0.3000000119209289,0.8669900894165039,0.7859914898872375,0.8264907598495483,0.1984051913022995,1.0,1.0,0.0,0.3942500054836273,0.0,0.0,1.0,0.1449999958276748,0.1500000059604644,train__core_003__episode_00002,core_003__2,0,0.4499999999999998,0.0201184686185816,4913.760719099984,82644
core_003,2,1,2.239331007003784,0.4627286195755005,1.0,0.1282014993981858,0.2870855927467346,0.620418906211853,0.0732033997774124,1,0.620418906211853,2.239331007003784,0.2870855927467346,0.3333333432674408,0.0,0.0,0.0,0.0,0.0,0.0,0.0,0.0,0.0,0.0,0.0,0.0,0.0,0.0,0.0,0.0,0.0,0.0,0.0,0.4627286195755005,1.0,0.0732033997774124,1.1545393466949463,1.1279211044311523,0.8669900894165039,0.8232673406600952,0.8451287150382996,0.2318191975355148,1.0,1.0,0.3333333432674408,0.3852500021457672,0.0,0.0,1.0,0.1449999958276748,0.1500000059604644,train__core_003__episode_00002,core_003__2,0,0.6204189275629487,0.0211174835831299,4913.760719099984,82644
core_003,3,0,4.039017677307129,0.3333333432674408,0.6666666865348816,0.0825283199774651,0.3333333432674408,1.0,0.095238097012043,0,1.0,4.039017677307129,0.3333333432674408,0.3333333432674408,0.3333333432674408,0.0,0.0,0.0,0.0,0.0,0.0,0.0,0.0,0.0,0.0,0.0,0.0,0.0,0.0,0.0,0.0,0.0,0.0,0.3333333432674408,0.6666666865348816,0.095238097012043,1.030667424201965,0.5149214267730713,0.8669900894165039,0.7356959581375122,0.8013430237770081,0.2153943479061126,1.0,1.0,0.0,0.3852500021457672,0.0,1.0,1.0,0.1449999958276748,0.1500000059604644,train__core_003__episode_00003,core_003__3,0,0.4499999999999998,0.0189279425787327,4913.760719099984,82644
core_003,3,1,2.556813240051269,0.4896510243415832,1.0,0.1250832591076582,0.319814532995224,0.6531478762626648,0.0719213783740997,1,0.6531478762626648,2.556813240051269,0.319814532995224,0.3333333432674408,0.0,0.0,0.0,0.0,0.0,0.0,0.0,0.0,0.0,0.0,0.0,0.0,0.0,0.0,0.0,0.0,0.0,0.0,0.0,0.4896510243415832,1.0,0.0719213783740997,1.0423709154129028,1.030667424201965,0.8669900894165039,0.7590784430503845,0.8130342364311218,0.2362522482872009,0.0,0.0,0.3333333432674408,0.3819999992847442,0.0,0.0,1.0,0.1449999958276748,0.1500000059604644,train__core_003__episode_00003,core_003__3,0,0.6531478597985416,0.0186549660715373,4913.760719099984,82644
core_003,4,0,4.348931312561035,0.3333333432674408,0.6666666865348816,0.0766471850922714,0.3333333432674408,1.0,0.095238097012043,0,1.0,4.348931312561035,0.3333333432674408,0.3333333432674408,0.3333333432674408,0.0,0.0,0.0,0.0,0.0,0.0,0.0,0.0,0.0,0.0,0.0,0.0,0.0,0.0,0.0,0.0,0.0,0.0,0.3333333432674408,0.6666666865348816,0.095238097012043,0.927830696105957,0.5,0.8669900894165039,0.6832687854766846,0.7751294374465942,0.2216294407844543,0.0,0.0,0.0,0.3819999992847442,0.0,0.0,1.0,0.1449999958276748,0.1500000059604644,train__core_003__episode_00004,core_003__4,1,0.4153807757169167,0.010949780367381,4913.760719099984,82644
core_003,4,1,2.862870454788208,0.5,1.0,0.1164332611382866,0.3333333432674408,0.6666666865348816,0.0714285746216774,1,0.6666666865348816,2.862870454788208,0.3333333432674408,0.3333333432674408,0.0,0.0,0.0,0.0,0.0,0.0,0.0,0.0,0.0,0.0,0.0,0.0,0.0,0.0,0.0,0.0,0.0,0.0,0.0,0.5,1.0,0.0714285746216774,0.9700168967247008,0.927830696105957,0.8669900894165039,0.691960334777832,0.779475212097168,0.2297095954418182,1.0,0.0,0.3333333432674408,0.3912500143051147,0.0,0.0,1.0,0.1449999958276748,0.1500000059604644,train__core_003__episode_00004,core_003__4,1,0.6432410951423275,0.0146787621164534,4913.760719099984,82644
core_003,5,0,4.773532390594482,0.3333333432674408,0.6666666865348816,0.069829492290494,0.3333333432674408,1.0,0.095238097012043,0,1.0,4.773532390594482,0.3333333432674408,0.3333333432674408,0.3333333432674408,0.0,0.0,0.0,0.0,0.0,0.0,0.0,0.0,0.0,0.0,0.0,0.0,0.0,0.0,0.0,0.0,0.0,0.0,0.3333333432674408,0.6666666865348816,0.095238097012043,0.9012718200683594,0.4415574073791504,0.8669900894165039,0.6224927306175232,0.7447413802146912,0.2212471216917038,1.0,0.0,0.0,0.3912500143051147,0.0,1.0,1.0,0.1449999958276748,0.1500000059604644,train__core_003__episode_00005,core_003__5,1,0.3646545429207156,0.0158004913590028,4913.760719099984,82644
core_003,5,1,3.1575136184692383,0.5,1.0,0.1055682994738881,0.3333333432674408,0.6666666865348816,0.0714285746216774,1,0.6666666865348816,3.1575136184692383,0.3333333432674408,0.3333333432674408,0.0,0.0,0.0,0.0,0.0,0.0,0.0,0.0,0.0,0.0,0.0,0.0,0.0,0.0,0.0,0.0,0.0,0.0,0.0,0.5,1.0,0.0714285746216774,0.9161247611045836,0.9012718200683594,0.8669900894165039,0.6273901462554932,0.7471901178359985,0.2269118726253509,1.0,0.0,0.3333333432674408,0.4052500128746032,0.0,0.0,1.0,0.1449999958276748,0.1500000059604644,train__core_003__episode_00005,core_003__5,1,0.597048939942676,0.0148265834179707,4913.760719099984,82644
core_003,5,2,1.5612890720367432,1.0,1.0,0.2134987999580363,0.3333333432674408,0.3333333432674408,0.0476190485060215,2,0.3333333432674408,1.5612890720367432,0.3333333432674408,0.0,0.0,0.0,0.0,0.0,0.0,0.0,0.0,0.0,0.0,0.0,0.0,0.0,0.0,0.0,0.0,0.0,0.0,0.0,0.0,1.0,1.0,0.0476190485060215,0.8258914947509766,0.9161247611045836,0.8669900894165039,0.6344093680381775,0.7506996989250183,0.2348366230726242,1.0,0.0,0.6666666865348816,0.3980000019073486,0.0,0.0,1.0,0.1449999958276748,0.1500000059604644,train__core_003__episode_00005,core_003__5,0,0.2751688508763423,0.0036992524418876,4913.760719099984,82644
core_003,6,0,5.636270046234131,0.3333333432674408,0.6666666865348816,0.0591407687234853,0.3333333432674408,1.0,0.095238097012043,0,1.0,5.636270046234131,0.3333333432674408,0.3333333432674408,0.3333333432674408,0.0,0.0,0.0,0.0,0.0,0.0,0.0,0.0,0.0,0.0,0.0,0.0,0.0,0.0,0.0,0.0,0.0,0.0,0.3333333432674408,0.6666666865348816,0.095238097012043,0.7793588638305664,0.2000000029802322,0.8669900894165039,0.5272084474563599,0.6970992684364319,0.2383932918310165,1.0,0.0,0.0,0.4052500128746032,0.0,0.0,1.0,0.1449999958276748,0.1500000059604644,train__core_003__episode_00006,core_003__6,5,0.2800069894156303,0.0151409687777391,4913.760719099984,82644
core_003,6,1,3.848906993865967,0.5,1.0,0.0866046760284612,0.3333333432674408,0.6666666865348816,0.0714285746216774,1,0.6666666865348816,3.848906993865967,0.3333333432674408,0.3333333432674408,0.0,0.0,0.0,0.0,0.0,0.0,0.0,0.0,0.0,0.0,0.0,0.0,0.0,0.0,0.0,0.0,0.0,0.0,0.0,0.5,1.0,0.0714285746216774,0.8057202100753784,0.7793588638305664,0.8669900894165039,0.5146896839141846,0.6908398866653442,0.2219558358192443,1.0,0.0,0.3333333432674408,0.3980000019073486,0.0,0.0,1.0,0.1449999958276748,0.1500000059604644,train__core_003__episode_00006,core_003__6,4,0.5359933980916347,0.0267810427045029,4913.760719099984,82644
core_003,6,2,1.9577471017837524,1.0,1.0,0.1702637398690221,0.3333333432674408,0.3333333432674408,0.0476190485060215,2,0.3333333432674408,1.9577471017837524,0.3333333432674408,0.0,0.0,0.0,0.0,0.0,0.0,0.0,0.0,0.0,0.0,0.0,0.0,0.0,0.0,0.0,0.0,0.0,0.0,0.0,0.0,1.0,1.0,0.0476190485060215,0.6678517460823059,0.8057202100753784,0.3000000119209289,0.505936861038208,0.686463475227356,0.2087026983499527,1.0,0.0,0.6666666865348816,0.3959999978542328,0.0,0.0,1.0,0.1449999958276748,0.1500000059604644,train__core_003__episode_00006,core_003__6,4,0.2333333333333333,0.0140091287185126,4913.760719099984,82644
core_003,7,0,6.075832843780518,0.3333333432674408,0.6666666865348816,0.0548621648814211,0.3333333432674408,1.0,0.095238097012043,0,1.0,6.075832843780518,0.3333333432674408,0.3333333432674408,0.3333333432674408,0.0,0.0,0.0,0.0,0.0,0.0,0.0,0.0,0.0,0.0,0.0,0.0,0.0,0.0,0.0,0.0,0.0,0.0,0.3333333432674408,0.6666666865348816,0.095238097012043,0.8085685968399048,0.6000000238418579,0.8669900894165039,0.4890669882297516,0.6780285239219666,0.1990991085767746,1.0,0.0,0.0,0.3980000019073486,0.0,1.0,1.0,0.1449999958276748,0.1500000059604644,train__core_003__episode_00007,core_003__7,5,0.2774902573092807,0.0112046404244349,4913.760719099984,82644
core_003,7,1,4.120877742767334,0.5,1.0,0.0808889183505827,0.3333333432674408,0.6666666865348816,0.0714285746216774,1,0.6666666865348816,4.120877742767334,0.3333333432674408,0.3333333432674408,0.0,0.0,0.0,0.0,0.0,0.0,0.0,0.0,0.0,0.0,0.0,0.0,0.0,0.0,0.0,0.0,0.0,0.0,0.0,0.5,1.0,0.0714285746216774,0.7109586596488953,0.8085685968399048,0.3000000119209289,0.4807210564613342,0.6738555431365967,0.1837121248245239,1.0,0.0,0.3333333432674408,0.3959999978542328,0.0,0.0,1.0,0.1449999958276748,0.1500000059604644,train__core_003__episode_00007,core_003__7,4,0.5314977220990665,0.0135629799407827,4913.760719099984,82644
core_003,7,2,1.836192607879639,1.0,1.0,0.1815350643701592,0.3333333432674408,0.3333333432674408,0.0476190485060215,2,0.3333333432674408,1.836192607879639,0.3333333432674408,0.0,0.0,0.0,0.0,0.0,0.0,0.0,0.0,0.0,0.0,0.0,0.0,0.0,0.0,0.0,0.0,0.0,0.0,0.0,0.0,1.0,1.0,0.0476190485060215,0.8491243124008179,0.7109586596488953,0.5149214267730713,0.5394294261932373,0.6627104878425598,0.1822375059127807,1.0,1.0,0.6666666865348816,0.4144999980926513,0.0,0.0,1.0,0.1449999958276748,0.1500000059604644,train__core_003__episode_00007,core_003__7,0,0.2833783448355154,0.0001600364850338,4913.760719099984,82644
core_003,8,0,7.281840801239014,0.3333333432674408,0.6666666865348816,0.045775972362747,0.3333333432674408,1.0,0.095238097012043,0,1.0,7.281840801239014,0.3333333432674408,0.3333333432674408,0.3333333432674408,0.0,0.0,0.0,0.0,0.0,0.0,0.0,0.0,0.0,0.0,0.0,0.0,0.0,0.0,0.0,0.0,0.0,0.0,0.3333333432674408,0.6666666865348816,0.095238097012043,0.6686966419219971,0.3000000119209289,0.3000000119209289,0.4080684185028076,0.6375292539596558,0.133351445198059,1.0,0.0,0.0,0.3959999978542328,0.0,0.0,1.0,0.1449999958276748,0.1500000059604644,train__core_003__episode_00008,core_003__8,5,0.2554764002957014,0.0179588858976385,4913.760719099984,82644
core_003,8,1,4.299595355987549,0.5,1.0,0.0775266776682243,0.3333333432674408,0.6666666865348816,0.0714285746216774,1,0.6666666865348816,4.299595355987549,0.3333333432674408,0.3333333432674408,0.0,0.0,0.0,0.0,0.0,0.0,0.0,0.0,0.0,0.0,0.0,0.0,0.0,0.0,0.0,0.0,0.0,0.0,0.0,0.5,1.0,0.0714285746216774,0.8632818460464478,0.6686966419219971,0.5149214267730713,0.4607393741607666,0.6233654022216797,0.1518020182847976,1.0,1.0,0.3333333432674408,0.4144999980926513,0.0,0.0,1.0,0.1449999958276748,0.1500000059604644,train__core_003__episode_00008,core_003__8,1,0.567894744875484,0.0037554431139682,4913.760719099984,82644
core_003,8,2,1.9402281045913696,1.0,1.0,0.1718011106419077,0.3333333432674408,0.3333333432674408,0.0476190485060215,2,0.3333333432674408,1.9402281045913696,0.3333333432674408,0.0,0.0,0.0,0.0,0.0,0.0,0.0,0.0,0.0,0.0,0.0,0.0,0.0,0.0,0.0,0.0,0.0,0.0,0.0,0.0,1.0,1.0,0.0476190485060215,0.8275595307350159,0.8632818460464478,0.5,0.5105051398277283,0.6231005787849426,0.2080780416727066,1.0,1.0,0.6666666865348816,0.4070000052452087,0.0,0.0,1.0,0.1449999958276748,0.1500000059604644,train__core_003__episode_00008,core_003__8,0,0.2757582712040204,0.0041703957697981,4913.760719099984,82644
core_003,9,0,6.952434062957764,0.3333333432674408,0.6666666865348816,0.0479448406484607,0.3333333432674408,1.0,0.095238097012043,0,1.0,6.952434062957764,0.3333333432674408,0.3333333432674408,0.3333333432674408,0.0,0.0,0.0,0.0,0.0,0.0,0.0,0.0,0.0,0.0,0.0,0.0,0.0,0.0,0.0,0.0,0.0,0.0,0.3333333432674408,0.6666666865348816,0.095238097012043,0.8231891989707947,0.4353401958942413,0.5149214267730713,0.4274027347564697,0.6066970825195312,0.1258834600448608,1.0,1.0,0.0,0.4144999980926513,0.0,1.0,1.0,0.1449999958276748,0.1500000059604644,train__core_003__episode_00009,core_003__9,1,0.2272336961038652,0.0010865771912061,4913.760719099984,82644
core_003,9,1,4.201995372772217,0.5,1.0,0.0793273941773829,0.3333333432674408,0.6666666865348816,0.0714285746216774,1,0.6666666865348816,4.201995372772217,0.3333333432674408,0.3333333432674408,0.0,0.0,0.0,0.0,0.0,0.0,0.0,0.0,0.0,0.0,0.0,0.0,0.0,0.0,0.0,0.0,0.0,0.0,0.0,0.5,1.0,0.0714285746216774,0.8694415092468262,0.8231891989707947,0.5,0.4714409708976745,0.6035684943199158,0.1875931620597839,1.0,1.0,0.3333333432674408,0.4070000052452087,0.0,0.0,1.0,0.1449999958276748,0.1500000059604644,train__core_003__episode_00009,core_003__9,0,0.5019331574683293,0.0028319339536519,4913.760719099984,82644
core_003,9,2,1.8894729614257808,1.0,1.0,0.1764160430302797,0.3333333432674408,0.3333333432674408,0.0476190485060215,2,0.3333333432674408,1.8894729614257808,0.3333333432674408,0.0,0.0,0.0,0.0,0.0,0.0,0.0,0.0,0.0,0.0,0.0,0.0,0.0,0.0,0.0,0.0,0.0,0.0,0.0,0.0,1.0,1.0,0.0476190485060215,0.5670904517173767,0.8694415092468262,0.4415574073791504,0.5242183208465576,0.6037435531616211,0.2343468070030212,0.0,0.0,0.6666666865348816,0.4045000076293945,0.0,0.0,1.0,0.1449999958276748,0.1500000059604644,train__core_003__episode_00009,core_003__9,4,0.2113755576940207,0.0113755576940207,4913.760719099984,82644
core_003,10,0,7.230157852172852,0.3333333432674408,0.6666666865348816,0.0461031902875074,0.3333333432674408,1.0,0.095238097012043,0,1.0,7.230157852172852,0.3333333432674408,0.3333333432674408,0.3333333432674408,0.0,0.0,0.0,0.0,0.0,0.0,0.0,0.0,0.0,0.0,0.0,0.0,0.0,0.0,0.0,0.0,0.0,0.0,0.3333333432674408,0.6666666865348816,0.095238097012043,0.7818741202354431,0.4000000059604645,0.5,0.410985380411148,0.573340654373169,0.1207897812128067,1.0,1.0,0.0,0.4070000052452087,0.0,0.0,1.0,0.1449999958276748,0.1500000059604644,train__core_003__episode_00010,core_003__10,0,0.140347861694709,0.001700803245869,4913.760719099984,82644
core_003,10,1,4.389981269836426,0.5,1.0,0.0759304704914745,0.3333333432674408,0.6666666865348816,0.0714285746216774,1,0.6666666865348816,4.389981269836426,0.3333333432674408,0.3333333432674408,0.0,0.0,0.0,0.0,0.0,0.0,0.0,0.0,0.0,0.0,0.0,0.0,0.0,0.0,0.0,0.0,0.0,0.0,0.0,0.5,1.0,0.0714285746216774,0.5821049809455872,0.7818741202354431,0.4415574073791504,0.4512531161308288,0.5672609806060791,0.1774484366178512,0.0,0.0,0.3333333432674408,0.4045000076293945,0.0,0.0,1.0,0.1449999958276748,0.1500000059604644,train__core_003__episode_00010,core_003__10,5,0.4307329178569873,0.0075119300372988,4913.760719099984,82644
core_003,10,2,2.1014864444732666,1.0,1.0,0.1586178888491427,0.3333333432674408,0.3333333432674408,0.0476190485060215,2,0.3333333432674408,2.1014864444732666,0.3333333432674408,0.0,0.0,0.0,0.0,0.0,0.0,0.0,0.0,0.0,0.0,0.0,0.0,0.0,0.0,0.0,0.0,0.0,0.0,0.0,0.0,1.0,1.0,0.0476190485060215,0.5417740345001221,0.5821049809455872,0.2000000029802322,0.4713313281536102,0.5469120144844055,0.1830776035785675,1.0,0.0,0.6666666865348816,0.4172500073909759,0.0,0.0,1.0,0.1449999958276748,0.1500000059604644,train__core_003__episode_00010,core_003__10,4,0.2108319573078462,0.0108319573078462,4913.760719099984,82644
core_003,11,0,6.9872822761535645,0.3333333432674408,0.6666666865348816,0.0477057216373027,0.3333333432674408,1.0,0.095238097012043,0,1.0,6.9872822761535645,0.3333333432674408,0.3333333432674408,0.3333333432674408,0.0,0.0,0.0,0.0,0.0,0.0,0.0,0.0,0.0,0.0,0.0,0.0,0.0,0.0,0.0,0.0,0.0,0.0,0.3333333432674408,0.6666666865348816,0.095238097012043,0.5354124903678894,0.6000000238418579,0.4415574073791504,0.4252710938453674,0.5542699694633484,0.1354914605617523,0.0,0.0,0.0,0.4045000076293945,0.0,0.0,1.0,0.1449999958276748,0.1500000059604644,train__core_003__episode_00011,core_003__11,5,0.0899450971576848,0.024898050404002,4913.760719099984,82644
core_003,11,1,4.515814304351807,0.5,1.0,0.0738146701351766,0.3333333432674408,0.6666666865348816,0.0714285746216774,1,0.6666666865348816,4.515814304351807,0.3333333432674408,0.3333333432674408,0.0,0.0,0.0,0.0,0.0,0.0,0.0,0.0,0.0,0.0,0.0,0.0,0.0,0.0,0.0,0.0,0.0,0.0,0.0,0.5,1.0,0.0714285746216774,0.5247160792350769,0.5354124903678894,0.2000000029802322,0.4386789500713348,0.5305858254432678,0.1409726589918136,1.0,0.0,0.3333333432674408,0.4172500073909759,0.0,0.0,1.0,0.1449999958276748,0.1500000059604644,train__core_003__episode_00011,core_003__11,4,0.3992138144760245,0.0049751761455208,4913.760719099984,82644
core_003,11,2,2.041978597640991,1.0,1.0,0.1632403707132514,0.3333333432674408,0.3333333432674408,0.0476190485060215,2,0.3333333432674408,2.041978597640991,0.3333333432674408,0.0,0.0,0.0,0.0,0.0,0.0,0.0,0.0,0.0,0.0,0.0,0.0,0.0,0.0,0.0,0.0,0.0,0.0,0.0,0.0,1.0,1.0,0.0476190485060215,0.4940032660961151,0.5247160792350769,0.6000000238418579,0.4850669801235199,0.5061376690864563,0.1031537353992462,1.0,0.0,0.6666666865348816,0.4235000014305115,0.0,0.0,1.0,0.1449999958276748,0.1500000059604644,train__core_003__episode_00011,core_003__11,4,0.1916533107673158,0.0003523479167308,4913.760719099984,82644
core_003,12,0,6.429130554199219,0.3333333432674408,0.6666666865348816,0.0518473439693525,0.3333333432674408,1.0,0.095238097012043,0,1.0,6.429130554199219,0.3333333432674408,0.3333333432674408,0.3333333432674408,0.0,0.0,0.0,0.0,0.0,0.0,0.0,0.0,0.0,0.0,0.0,0.0,0.0,0.0,0.0,0.0,0.0,0.0,0.3333333432674408,0.6666666865348816,0.095238097012043,0.5687506794929504,0.699999988079071,0.2000000029802322,0.4621914625167846,0.5423420667648315,0.1665509343147277,1.0,0.0,0.0,0.4172500073909759,0.0,0.0,1.0,0.1449999958276748,0.1500000059604644,train__core_003__episode_00012,core_003__12,5,0.0674743073338083,0.012727078302581,4913.760719099984,82644
core_003,12,1,3.847558259963989,0.5,1.0,0.0866350346753581,0.3333333432674408,0.6666666865348816,0.0714285746216774,1,0.6666666865348816,3.847558259963989,0.3333333432674408,0.3333333432674408,0.0,0.0,0.0,0.0,0.0,0.0,0.0,0.0,0.0,0.0,0.0,0.0,0.0,0.0,0.0,0.0,0.0,0.0,0.0,0.5,1.0,0.0714285746216774,0.5130274295806885,0.5687506794929504,0.6000000238418579,0.5148701071739197,0.5210392475128174,0.1294823139905929,1.0,0.0,0.3333333432674408,0.4235000014305115,0.0,0.0,1.0,0.1449999958276748,0.1500000059604644,train__core_003__episode_00012,core_003__12,4,0.3945862113714705,0.007761928592632,4913.760719099984,82644
core_003,12,2,1.9713510274887085,1.0,1.0,0.1690887815611773,0.3333333432674408,0.3333333432674408,0.0476190485060215,2,0.3333333432674408,1.9713510274887085,0.3333333432674408,0.0,0.0,0.0,0.0,0.0,0.0,0.0,0.0,0.0,0.0,0.0,0.0,0.0,0.0,0.0,0.0,0.0,0.0,0.0,0.0,1.0,1.0,0.0476190485060215,0.4744142293930053,0.5130274295806885,0.3000000119209289,0.5024454593658447,0.4957562386989593,0.1248057857155799,1.0,0.0,0.6666666865348816,0.4339999854564667,0.0,0.0,1.0,0.1449999958276748,0.1500000059604644,train__core_003__episode_00012,core_003__12,5,0.1985989353141327,0.0040696276028509,4913.760719099984,82644
core_003,13,0,5.883570671081543,0.3333333432674408,0.6666666865348816,0.0566549399849676,0.3333333432674408,1.0,0.095238097012043,0,1.0,5.883570671081543,0.3333333432674408,0.3333333432674408,0.3333333432674408,0.0,0.0,0.0,0.0,0.0,0.0,0.0,0.0,0.0,0.0,0.0,0.0,0.0,0.0,0.0,0.0,0.0,0.0,0.3333333432674408,0.6666666865348816,0.095238097012043,0.5288429260253906,0.5,0.6000000238418579,0.5050485730171204,0.5161285400390625,0.1276168823242187,1.0,0.0,0.0,0.4235000014305115,0.0,1.0,1.0,0.1449999958276748,0.1500000059604644,train__core_003__episode_00013,core_003__13,4,0.0439666101277183,0.0001332187385171,4913.760719099984,82644
core_003,13,1,4.002949237823486,0.5,1.0,0.0832719386291002,0.3333333432674408,0.6666666865348816,0.0714285746216774,1,0.6666666865348816,4.002949237823486,0.3333333432674408,0.3333333432674408,0.0,0.0,0.0,0.0,0.0,0.0,0.0,0.0,0.0,0.0,0.0,0.0,0.0,0.0,0.0,0.0,0.0,0.0,0.0,0.5,1.0,0.0714285746216774,0.4889871478080749,0.5288429260253906,0.3000000119209289,0.4948832988739013,0.4919751584529876,0.1223750337958335,1.0,0.0,0.3333333432674408,0.4339999854564667,0.0,0.0,1.0,0.1449999958276748,0.1500000059604644,train__core_003__episode_00013,core_003__13,5,0.3837983145824844,0.0033125217851208,4913.760719099984,82644
core_003,13,2,1.8979336023330688,1.0,1.0,0.1756296125732137,0.3333333432674408,0.3333333432674408,0.0476190485060215,2,0.3333333432674408,1.8979336023330688,0.3333333432674408,0.0,0.0,0.0,0.0,0.0,0.0,0.0,0.0,0.0,0.0,0.0,0.0,0.0,0.0,0.0,0.0,0.0,0.0,0.0,0.0,1.0,1.0,0.0476190485060215,0.5173338055610657,0.4889871478080749,0.4353401958942413,0.5218814611434937,0.4649749398231506,0.0939471721649169,1.0,0.0,0.6666666865348816,0.4339999854564667,0.0,0.0,1.0,0.1449999958276748,0.1500000059604644,train__core_003__episode_00013,core_003__13,4,0.1900288012945673,0.0109251839386768,4913.760719099984,82644
core_003,14,0,5.883570671081543,0.3333333432674408,0.6666666865348816,0.0566549399849676,0.3333333432674408,1.0,0.095238097012043,0,1.0,5.883570671081543,0.3333333432674408,0.3333333432674408,0.3333333432674408,0.0,0.0,0.0,0.0,0.0,0.0,0.0,0.0,0.0,0.0,0.0,0.0,0.0,0.0,0.0,0.0,0.0,0.0,0.3333333432674408,0.6666666865348816,0.095238097012043,0.5055047273635864,0.6000000238418579,0.3000000119209289,0.5050485730171204,0.4970577955245971,0.1276168823242187,1.0,0.0,0.0,0.4339999854564667,0.0,1.0,1.0,0.1449999958276748,0.1500000059604644,train__core_003__episode_00014,core_003__14,5,0.1146807238975274,0.0174614747768983,4913.760719099984,82644
core_003,14,1,3.7069029808044434,0.5,1.0,0.0899223273426766,0.3333333432674408,0.6666666865348816,0.0714285746216774,1,0.6666666865348816,3.7069029808044434,0.3333333432674408,0.3333333432674408,0.0,0.0,0.0,0.0,0.0,0.0,0.0,0.0,0.0,0.0,0.0,0.0,0.0,0.0,0.0,0.0,0.0,0.0,0.0,0.5,1.0,0.0714285746216774,0.5373648405075073,0.5055047273635864,0.4353401958942413,0.5344064235687256,0.4712374210357666,0.0970453321933746,1.0,0.0,0.3333333432674408,0.4339999854564667,0.0,0.0,1.0,0.1449999958276748,0.1500000059604644,train__core_003__episode_00014,core_003__14,4,0.4377705320548285,0.0092295728387202,4913.760719099984,82644
core_003,14,2,1.804244041442871,1.0,1.0,0.184749587977506,0.3333333432674408,0.3333333432674408,0.0476190485060215,2,0.3333333432674408,1.804244041442871,0.3333333432674408,0.0,0.0,0.0,0.0,0.0,0.0,0.0,0.0,0.0,0.0,0.0,0.0,0.0,0.0,0.0,0.0,0.0,0.0,0.0,0.0,1.0,1.0,0.0476190485060215,0.6936399936676025,0.5373648405075073,0.4000000059604645,0.5489813685417175,0.4881920516490936,0.0883436575531959,1.0,1.0,0.6666666865348816,0.4494999945163727,0.0,0.0,1.0,0.1449999958276748,0.1500000059604644,train__core_003__episode_00014,core_003__14,1,0.2320691099063591,0.0036324086505431,4913.760719099984,82644
core_003,15,0,5.285546779632568,0.3333333432674408,0.6666666865348816,0.0630650634957795,0.3333333432674408,1.0,0.095238097012043,0,1.0,5.285546779632568,0.3333333432674408,0.3333333432674408,0.3333333432674408,0.0,0.0,0.0,0.0,0.0,0.0,0.0,0.0,0.0,0.0,0.0,0.0,0.0,0.0,0.0,0.0,0.0,0.0,0.3333333432674408,0.6666666865348816,0.095238097012043,0.5882139205932617,0.699999988079071,0.4353401958942413,0.5621914863586426,0.4851299226284027,0.1115516871213913,1.0,0.0,0.0,0.4339999854564667,0.0,1.0,1.0,0.1449999958276748,0.1500000059604644,train__core_003__episode_00015,core_003__15,4,0.1861265597788451,0.012843429296389,4913.760719099984,82644
core_003,15,1,3.3919334411621094,0.5,1.0,0.0982723715101076,0.3333333432674408,0.6666666865348816,0.0714285746216774,1,0.6666666865348816,3.3919334411621094,0.3333333432674408,0.3333333432674408,0.0,0.0,0.0,0.0,0.0,0.0,0.0,0.0,0.0,0.0,0.0,0.0,0.0,0.0,0.0,0.0,0.0,0.0,0.0,0.5,1.0,0.0714285746216774,0.7256051898002625,0.5882139205932617,0.4000000059604645,0.5840305685997009,0.5057166218757629,0.0988171100616455,1.0,1.0,0.3333333432674408,0.4494999945163727,0.0,0.0,1.0,0.1449999958276748,0.1500000059604644,train__core_003__episode_00015,core_003__15,1,0.5125812131400362,0.004491632974565,4913.760719099984,82644
core_003,15,2,1.5708560943603516,1.0,1.0,0.2121985231264441,0.3333333432674408,0.3333333432674408,0.0476190485060215,2,0.3333333432674408,1.5708560943603516,0.3333333432674408,0.0,0.0,0.0,0.0,0.0,0.0,0.0,0.0,0.0,0.0,0.0,0.0,0.0,0.0,0.0,0.0,0.0,0.0,0.0,0.0,1.0,1.0,0.0476190485060215,0.7986515760421753,0.7256051898002625,0.6000000238418579,0.6305455565452576,0.520765483379364,0.0750088989734649,1.0,1.0,0.6666666865348816,0.4162499904632568,0.0,0.0,1.0,0.1449999958276748,0.1500000059604644,train__core_003__episode_00015,core_003__15,1,0.2683577258071181,0.0028143240725443,4913.760719099984,82644
core_003,16,0,5.333442211151123,0.3333333432674408,0.6666666865348816,0.0624987259767265,0.3333333432674408,1.0,0.095238097012043,0,1.0,5.333442211151123,0.3333333432674408,0.3333333432674408,0.3333333432674408,0.0,0.0,0.0,0.0,0.0,0.0,0.0,0.0,0.0,0.0,0.0,0.0,0.0,0.0,0.0,0.0,0.0,0.0,0.3333333432674408,0.6666666865348816,0.095238097012043,0.7102543711662292,0.4000000059604645,0.4000000059604645,0.5571428537368774,0.4922727942466736,0.1178030148148536,1.0,1.0,0.0,0.4494999945163727,0.0,0.0,1.0,0.1449999958276748,0.1500000059604644,train__core_003__episode_00016,core_003__16,1,0.1567103333707673,0.0163782717058705,4913.760719099984,82644
core_003,16,1,3.2936131954193115,0.5,1.0,0.1012059775965902,0.3333333432674408,0.6666666865348816,0.0714285746216774,1,0.6666666865348816,3.2936131954193115,0.3333333432674408,0.3333333432674408,0.0,0.0,0.0,0.0,0.0,0.0,0.0,0.0,0.0,0.0,0.0,0.0,0.0,0.0,0.0,0.0,0.0,0.0,0.0,0.5,1.0,0.0714285746216774,0.7378072738647461,0.7102543711662292,0.6000000238418579,0.6014649271965027,0.5062251687049866,0.108325570821762,1.0,1.0,0.3333333432674408,0.4162499904632568,0.0,0.0,1.0,0.1449999958276748,0.1500000059604644,train__core_003__episode_00016,core_003__16,1,0.4560245459079164,0.0044044100028203,4913.760719099984,82644
core_003,16,2,1.5946128368377686,1.0,1.0,0.2090371628566998,0.3333333432674408,0.3333333432674408,0.0476190485060215,2,0.3333333432674408,1.5946128368377686,0.3333333432674408,0.0,0.0,0.0,0.0,0.0,0.0,0.0,0.0,0.0,0.0,0.0,0.0,0.0,0.0,0.0,0.0,0.0,0.0,0.0,0.0,1.0,1.0,0.0476190485060215,0.5977911353111267,0.7378072738647461,0.699999988079071,0.6211516857147217,0.5232113599777222,0.1183307245373725,0.0,0.0,0.6666666865348816,0.4350000023841858,0.0,0.0,1.0,0.1449999958276748,0.1500000059604644,train__core_003__episode_00016,core_003__16,4,0.2075765652843694,0.0130088472390377,4913.760719099984,82644
core_003,17,0,5.0732741355896,0.3333333432674408,0.6666666865348816,0.0657037909560355,0.3333333432674408,1.0,0.095238097012043,0,1.0,5.0732741355896,0.3333333432674408,0.3333333432674408,0.3333333432674408,0.0,0.0,0.0,0.0,0.0,0.0,0.0,0.0,0.0,0.0,0.0,0.0,0.0,0.0,0.0,0.0,0.0,0.0,0.3333333432674408,0.6666666865348816,0.095238097012043,0.7212145328521729,0.6000000238418579,0.6000000238418579,0.5857142806053162,0.4983498156070709,0.0989743322134018,1.0,1.0,0.0,0.4162499904632568,0.0,0.0,1.0,0.1449999958276748,0.1500000059604644,train__core_003__episode_00017,core_003__17,1,0.1003461097813995,0.0112123814301244,4913.760719099984,82644
core_003,17,1,3.2850615978240967,0.5,1.0,0.1014694346943839,0.3333333432674408,0.6666666865348816,0.0714285746216774,1,0.6666666865348816,3.2850615978240967,0.3333333432674408,0.3333333432674408,0.0,0.0,0.0,0.0,0.0,0.0,0.0,0.0,0.0,0.0,0.0,0.0,0.0,0.0,0.0,0.0,0.0,0.0,0.0,0.5,1.0,0.0714285746216774,0.5822783708572388,0.7212145328521729,0.699999988079071,0.6030306220054626,0.514150857925415,0.1099536716938018,0.0,0.0,0.3333333432674408,0.4350000023841858,0.0,0.0,1.0,0.1449999958276748,0.1500000059604644,train__core_003__episode_00017,core_003__17,4,0.4009533337432228,0.0062026372297547,4913.760719099984,82644
core_003,17,2,1.6896519660949707,1.0,1.0,0.1972792918045851,0.3333333432674408,0.3333333432674408,0.0476190485060215,2,0.3333333432674408,1.6896519660949707,0.3333333432674408,0.0,0.0,0.0,0.0,0.0,0.0,0.0,0.0,0.0,0.0,0.0,0.0,0.0,0.0,0.0,0.0,0.0,0.0,0.0,0.0,1.0,1.0,0.0476190485060215,0.5370191931724548,0.5822783708572388,0.5,0.5862132906913757,0.5242023468017578,0.1025924757122993,1.0,0.0,0.6666666865348816,0.4507499933242798,0.0,0.0,1.0,0.1449999958276748,0.1500000059604644,train__core_003__episode_00017,core_003__17,4,0.1973443577863355,0.0120953847231764,4913.760719099984,82644
core_003,18,0,4.952481746673584,0.3333333432674408,0.6666666865348816,0.0673063244486119,0.3333333432674408,1.0,0.095238097012043,0,1.0,4.952481746673584,0.3333333432674408,0.3333333432674408,0.3333333432674408,0.0,0.0,0.0,0.0,0.0,0.0,0.0,0.0,0.0,0.0,0.0,0.0,0.0,0.0,0.0,0.0,0.0,0.0,0.3333333432674408,0.6666666865348816,0.095238097012043,0.5862739682197571,0.699999988079071,0.699999988079071,0.6000000238418579,0.5126355290412903,0.106904499232769,0.0,0.0,0.0,0.4350000023841858,0.0,0.0,1.0,0.1449999958276748,0.1500000059604644,train__core_003__episode_00018,core_003__18,4,0.0549677436062419,0.0059901353224513,4913.760719099984,82644
core_003,18,1,3.3935437202453613,0.5,1.0,0.0982257400365362,0.3333333432674408,0.6666666865348816,0.0714285746216774,1,0.6666666865348816,3.3935437202453613,0.3333333432674408,0.3333333432674408,0.0,0.0,0.0,0.0,0.0,0.0,0.0,0.0,0.0,0.0,0.0,0.0,0.0,0.0,0.0,0.0,0.0,0.0,0.0,0.5,1.0,0.0714285746216774,0.541666567325592,0.5862739682197571,0.5,0.5837534070014954,0.5229724645614624,0.0988077074289321,1.0,0.0,0.3333333432674408,0.4507499933242798,0.0,0.0,1.0,0.1449999958276748,0.1500000059604644,train__core_003__episode_00018,core_003__18,4,0.4011081806219705,0.0087731856982326,4913.760719099984,82644
core_003,18,2,1.67964506149292,1.0,1.0,0.1984546324157104,0.3333333432674408,0.3333333432674408,0.0476190485060215,2,0.3333333432674408,1.67964506149292,0.3333333432674408,0.0,0.0,0.0,0.0,0.0,0.0,0.0,0.0,0.0,0.0,0.0,0.0,0.0,0.0,0.0,0.0,0.0,0.0,0.0,0.0,1.0,1.0,0.0476190485060215,0.5648495554924011,0.541666567325592,0.6000000238418579,0.589705765247345,0.5473771691322327,0.0947548747062683,1.0,0.0,0.6666666865348816,0.4522500038146972,0.0,0.0,1.0,0.1449999958276748,0.1500000059604644,train__core_003__episode_00018,core_003__18,4,0.1989836762092171,0.0013312329424741,4913.760719099984,82644
core_003,19,0,5.046468734741211,0.3333333432674408,0.6666666865348816,0.0660527907312071,0.3333333432674408,1.0,0.095238097012043,0,1.0,5.046468734741211,0.3333333432674408,0.3333333432674408,0.3333333432674408,0.0,0.0,0.0,0.0,0.0,0.0,0.0,0.0,0.0,0.0,0.0,0.0,0.0,0.0,0.0,0.0,0.0,0.0,0.3333333432674408,0.6666666865348816,0.095238097012043,0.5620388388633728,0.6217778921127319,0.5,0.5888254046440125,0.525508463382721,0.0997140035033226,1.0,0.0,0.0,0.4507499933242798,0.0,1.0,1.0,0.1449999958276748,0.1500000059604644,train__core_003__episode_00019,core_003__19,4,0.0622839964178346,0.0058064110217617,4913.760719099984,82644
core_003,19,1,3.3144257068634038,0.5,1.0,0.1005704676309941,0.3333333432674408,0.6666666865348816,0.0714285746216774,1,0.6666666865348816,3.3144257068634038,0.3333333432674408,0.3333333432674408,0.0,0.0,0.0,0.0,0.0,0.0,0.0,0.0,0.0,0.0,0.0,0.0,0.0,0.0,0.0,0.0,0.0,0.0,0.0,0.5,1.0,0.0714285746216774,0.589912474155426,0.5620388388633728,0.6000000238418579,0.5976880788803101,0.5513683557510376,0.0940196886658668,1.0,0.0,0.3333333432674408,0.4522500038146972,0.0,0.0,1.0,0.1449999958276748,0.1500000059604644,train__core_003__episode_00019,core_003__19,4,0.4039626609603637,0.0054740164142966,4913.760719099984,82644
core_003,19,2,1.6612181663513184,1.0,1.0,0.2006559704313675,0.3333333432674408,0.3333333432674408,0.0476190485060215,2,0.3333333432674408,1.6612181663513184,0.3333333432674408,0.0,0.0,0.0,0.0,0.0,0.0,0.0,0.0,0.0,0.0,0.0,0.0,0.0,0.0,0.0,0.0,0.0,0.0,0.0,0.0,1.0,1.0,0.0476190485060215,0.6057513952255249,0.589912474155426,0.699999988079071,0.5962470173835754,0.5506477952003479,0.0940505117177963,1.0,0.0,0.6666666865348816,0.445250004529953,0.0,0.0,1.0,0.1449999958276748,0.1500000059604644,train__core_003__episode_00019,core_003__19,4,0.2029892066801186,0.0056086605931928,4913.760719099984,82644
core_003,20,0,4.926934719085693,0.3333333432674408,0.6666666865348816,0.0676553196404637,0.3333333432674408,1.0,0.095238097012043,0,1.0,4.926934719085693,0.3333333432674408,0.3333333432674408,0.3333333432674408,0.0,0.0,0.0,0.0,0.0,0.0,0.0,0.0,0.0,0.0,0.0,0.0,0.0,0.0,0.0,0.0,0.0,0.0,0.3333333432674408,0.6666666865348816,0.095238097012043,0.6008033752441406,0.6000000238418579,0.6000000238418579,0.6031111478805542,0.5540798902511597,0.0928951203823089,1.0,0.0,0.0,0.4522500038146972,0.0,0.0,1.0,0.1449999958276748,0.1500000059604644,train__core_003__episode_00020,core_003__20,4,0.0764707828766339,0.0061040474584924,4913.760719099984,82644
core_003,20,1,3.283998250961304,0.5,1.0,0.10150229013364,0.3333333432674408,0.6666666865348816,0.0714285746216774,1,0.6666666865348816,3.283998250961304,0.3333333432674408,0.3333333432674408,0.0,0.0,0.0,0.0,0.0,0.0,0.0,0.0,0.0,0.0,0.0,0.0,0.0,0.0,0.0,0.0,0.0,0.0,0.0,0.5,1.0,0.0714285746216774,0.6052227020263672,0.6008033752441406,0.699999988079071,0.6032258868217468,0.5541372299194336,0.0928917005658149,1.0,0.0,0.3333333432674408,0.445250004529953,0.0,0.0,1.0,0.1449999958276748,0.1500000059604644,train__core_003__episode_00020,core_003__20,4,0.4218564248539724,0.0014607143319534,4913.760719099984,82644
core_003,20,2,1.6797006130218506,1.0,1.0,0.1984480690685469,0.3333333432674408,0.3333333432674408,0.0476190485060215,2,0.3333333432674408,1.6797006130218506,0.3333333432674408,0.0,0.0,0.0,0.0,0.0,0.0,0.0,0.0,0.0,0.0,0.0,0.0,0.0,0.0,0.0,0.0,0.0,0.0,0.0,0.0,1.0,1.0,0.0476190485060215,0.5947577953338623,0.6052227020263672,0.4000000059604645,0.5896862745285034,0.575938880443573,0.0843103006482124,1.0,0.0,0.6666666865348816,0.457749992609024,0.0,0.0,1.0,0.1449999958276748,0.1500000059604644,train__core_003__episode_00020,core_003__20,4,0.2065013375572151,0.0065013375572151,4913.760719099984,82644
core_003,21,0,4.902342796325684,0.3333333432674408,0.6666666865348816,0.0679947031687124,0.3333333432674408,1.0,0.095238097012043,0,1.0,4.902342796325684,0.3333333432674408,0.3333333432674408,0.3333333432674408,0.0,0.0,0.0,0.0,0.0,0.0,0.0,0.0,0.0,0.0,0.0,0.0,0.0,0.0,0.0,0.0,0.0,0.0,0.3333333432674408,0.6666666865348816,0.095238097012043,0.6197702288627625,0.6211780309677124,0.699999988079071,0.6061365604400635,0.5555925965309143,0.0930891931056976,1.0,0.0,0.0,0.445250004529953,0.0,1.0,1.0,0.1449999958276748,0.1500000059604644,train__core_003__episode_00021,core_003__21,4,0.1845428571123721,0.0034248031448355,4913.760719099984,82644
core_003,21,1,3.331218242645264,0.5,1.0,0.100063495990808,0.3333333432674408,0.6666666865348816,0.0714285746216774,1,0.6666666865348816,3.331218242645264,0.3333333432674408,0.3333333432674408,0.0,0.0,0.0,0.0,0.0,0.0,0.0,0.0,0.0,0.0,0.0,0.0,0.0,0.0,0.0,0.0,0.0,0.0,0.0,0.5,1.0,0.0714285746216774,0.5993907451629639,0.6197702288627625,0.4000000059604645,0.5946751832962036,0.5784333348274231,0.0854527205228805,1.0,0.0,0.3333333432674408,0.457749992609024,0.0,0.0,1.0,0.1449999958276748,0.1500000059604644,train__core_003__episode_00021,core_003__21,4,0.5124947226778799,0.0019482833488593,4913.760719099984,82644
core_003,21,2,1.5894747972488403,1.0,1.0,0.2097128836798132,0.3333333432674408,0.3333333432674408,0.0476190485060215,2,0.3333333432674408,1.5894747972488403,0.3333333432674408,0.0,0.0,0.0,0.0,0.0,0.0,0.0,0.0,0.0,0.0,0.0,0.0,0.0,0.0,0.0,0.0,0.0,0.0,0.0,0.0,1.0,1.0,0.0476190485060215,0.8812637329101562,0.5993907451629639,0.6000000238418579,0.6231595277786255,0.5901511907577515,0.0328621864318847,1.0,1.0,0.6666666865348816,0.4580000042915344,0.0,0.0,1.0,0.1449999958276748,0.1500000059604644,train__core_003__episode_00021,core_003__21,1,0.2969058272981856,0.00217074037608,4913.760719099984,82644
core_003,22,0,4.902342796325684,0.3333333432674408,0.6666666865348816,0.0679947031687124,0.3333333432674408,1.0,0.095238097012043,0,1.0,4.902342796325684,0.3333333432674408,0.3333333432674408,0.3333333432674408,0.0,0.0,0.0,0.0,0.0,0.0,0.0,0.0,0.0,0.0,0.0,0.0,0.0,0.0,0.0,0.0,0.0,0.0,0.3333333432674408,0.6666666865348816,0.095238097012043,0.6705199480056763,0.699999988079071,0.4000000059604645,0.6061365604400635,0.584164023399353,0.0930891931056976,1.0,0.0,0.0,0.457749992609024,0.0,1.0,1.0,0.1449999958276748,0.1500000059604644,train__core_003__episode_00022,core_003__22,4,0.2934652224434439,0.0025578439215933,4913.760719099984,82644
core_003,22,1,3.0723438262939453,0.5,1.0,0.1084948046552226,0.3333333432674408,0.6666666865348816,0.0714285746216774,1,0.6666666865348816,3.0723438262939453,0.3333333432674408,0.3333333432674408,0.0,0.0,0.0,0.0,0.0,0.0,0.0,0.0,0.0,0.0,0.0,0.0,0.0,0.0,0.0,0.0,0.0,0.0,0.0,0.5,1.0,0.0714285746216774,0.9038549065589904,0.6705199480056763,0.6000000238418579,0.6447822451591492,0.6009625792503357,0.0411576889455318,1.0,1.0,0.3333333432674408,0.4580000042915344,0.0,0.0,1.0,0.1449999958276748,0.1500000059604644,train__core_003__episode_00022,core_003__22,1,0.6173666765017767,0.0025523682328664,4913.760719099984,82644
core_003,23,0,4.655145645141602,0.3333333432674408,0.6666666865348816,0.0716053521580636,0.3333333432674408,1.0,0.095238097012043,0,1.0,4.655145645141602,0.3333333432674408,0.3333333432674408,0.3333333432674408,0.0,0.0,0.0,0.0,0.0,0.0,0.0,0.0,0.0,0.0,0.0,0.0,0.0,0.0,0.0,0.0,0.0,0.0,0.3333333432674408,0.6666666865348816,0.095238097012043,0.9127857089042664,0.6253088712692261,0.6000000238418579,0.6383235454559326,0.597733199596405,0.0401469953358173,1.0,1.0,0.0,0.4580000042915344,0.0,1.0,1.0,0.1449999958276748,0.1500000059604644,train__core_003__episode_00023,core_003__23,1,0.3209399359388276,0.0133709296969263,4913.760719099984,82644
core_003,23,1,2.900398015975952,0.5,1.0,0.1149267588211605,0.3333333432674408,0.6666666865348816,0.0714285746216774,1,0.6666666865348816,2.900398015975952,0.3333333432674408,0.3333333432674408,0.0,0.0,0.0,0.0,0.0,0.0,0.0,0.0,0.0,0.0,0.0,0.0,0.0,0.0,0.0,0.0,0.0,0.0,0.0,0.5,1.0,0.0714285746216774,0.9197868704795836,0.9127857089042664,0.699999988079071,0.6830072402954102,0.6343607306480408,0.1008300185203552,1.0,1.0,0.3333333432674408,0.4882499873638153,0.0,0.0,1.0,0.1449999958276748,0.1500000059604644,train__core_003__episode_00023,core_003__23,1,0.5516953712214677,0.0127102302197033,4913.760719099984,82644
core_003,24,0,4.432366371154785,0.3333333432674408,0.6666666865348816,0.0752043751249281,0.3333333432674408,1.0,0.095238097012043,0,1.0,4.432366371154785,0.3333333432674408,0.3333333432674408,0.3333333432674408,0.0,0.0,0.0,0.0,0.0,0.0,0.0,0.0,0.0,0.0,0.0,0.0,0.0,0.0,0.0,0.0,0.0,0.0,0.3333333432674408,0.6666666865348816,0.095238097012043,0.926810383796692,0.8245835900306702,0.699999988079071,0.6704069375991821,0.6280605792999268,0.0729982256889343,1.0,1.0,0.0,0.4882499873638153,0.0,1.0,1.0,0.1449999958276748,0.1500000059604644,train__core_003__episode_00024,core_003__24,1,0.2394373929175412,0.0093236507238974,4913.760719099984,82644
core_003,24,1,2.818681240081787,0.5,1.0,0.1182586163087276,0.3333333432674408,0.6666666865348816,0.0714285746216774,1,0.6666666865348816,2.818681240081787,0.3333333432674408,0.3333333432674408,0.0,0.0,0.0,0.0,0.0,0.0,0.0,0.0,0.0,0.0,0.0,0.0,0.0,0.0,0.0,0.0,0.0,0.0,0.0,0.5,1.0,0.0714285746216774,0.6822441220283508,0.926810383796692,0.6217778921127319,0.7028083801269531,0.6514042019844055,0.1163855642080307,0.0,0.0,0.3333333432674408,0.4442499876022339,0.0,0.0,1.0,0.1449999958276748,0.1500000059604644,train__core_003__episode_00024,core_003__24,4,0.4692843714398119,0.0151901650300377,4913.760719099984,82644
core_003,25,0,4.432366371154785,0.3333333432674408,0.6666666865348816,0.0752043751249281,0.3333333432674408,1.0,0.095238097012043,0,1.0,4.432366371154785,0.3333333432674408,0.3333333432674408,0.3333333432674408,0.0,0.0,0.0,0.0,0.0,0.0,0.0,0.0,0.0,0.0,0.0,0.0,0.0,0.0,0.0,0.0,0.0,0.0,0.3333333432674408,0.6666666865348816,0.095238097012043,0.6550179123878479,0.699999988079071,0.6217778921127319,0.6704069375991821,0.63520348072052,0.0729982256889343,0.0,0.0,0.0,0.4442499876022339,0.0,0.0,1.0,0.1449999958276748,0.1500000059604644,train__core_003__episode_00025,core_003__25,4,0.1199423161736273,0.0171909327520547,4913.760719099984,82644
core_003,25,1,2.9341282844543457,0.5,1.0,0.1136055792221198,0.3333333432674408,0.6666666865348816,0.0714285746216774,1,0.6666666865348816,2.9341282844543457,0.3333333432674408,0.3333333432674408,0.0,0.0,0.0,0.0,0.0,0.0,0.0,0.0,0.0,0.0,0.0,0.0,0.0,0.0,0.0,0.0,0.0,0.0,0.0,0.5,1.0,0.0714285746216774,0.6521573066711426,0.6550179123878479,0.6000000238418579,0.6751554608345032,0.6319904327392578,0.0707262158393859,1.0,0.0,0.3333333432674408,0.4662500023841858,0.0,0.0,1.0,0.1449999958276748,0.1500000059604644,train__core_003__episode_00025,core_003__25,0,0.4309388889530638,0.0004223798647199,4913.760719099984,82644
core_003,26,0,4.758656978607178,0.3333333432674408,0.6666666865348816,0.0700477770862578,0.3333333432674408,1.0,0.095238097012043,0,1.0,4.758656978607178,0.3333333432674408,0.3333333432674408,0.3333333432674408,0.0,0.0,0.0,0.0,0.0,0.0,0.0,0.0,0.0,0.0,0.0,0.0,0.0,0.0,0.0,0.0,0.0,0.0,0.3333333432674408,0.6666666865348816,0.095238097012043,0.6448882222175598,0.3000000119209289,0.6000000238418579,0.6244386434555054,0.6066320538520813,0.1499267071485519,1.0,0.0,0.0,0.4662500023841858,0.0,0.0,1.0,0.1449999958276748,0.1500000059604644,train__core_003__episode_00026,core_003__26,1,0.0813982250204864,0.000404520960781,4913.760719099984,82644
core_003,26,1,3.1401901245117188,0.5,1.0,0.1061506883502068,0.3333333432674408,0.6666666865348816,0.0714285746216774,1,0.6666666865348816,3.1401901245117188,0.3333333432674408,0.3333333432674408,0.0,0.0,0.0,0.0,0.0,0.0,0.0,0.0,0.0,0.0,0.0,0.0,0.0,0.0,0.0,0.0,0.0,0.0,0.0,0.5,1.0,0.0714285746216774,0.631180465221405,0.6448882222175598,0.6211780309677124,0.6308512687683105,0.6169812083244324,0.1497040838003158,1.0,0.0,0.3333333432674408,0.4632500112056732,0.0,0.0,1.0,0.1449999958276748,0.1500000059604644,train__core_003__episode_00026,core_003__26,0,0.4197838466093437,0.0002033760340701,4913.760719099984,82644
core_003,26,2,1.5665466785430908,1.0,1.0,0.2127822603903799,0.3333333432674408,0.3333333432674408,0.0476190485060215,2,0.3333333432674408,1.5665466785430908,0.3333333432674408,0.0,0.0,0.0,0.0,0.0,0.0,0.0,0.0,0.0,0.0,0.0,0.0,0.0,0.0,0.0,0.0,0.0,0.0,0.0,0.0,1.0,1.0,0.0476190485060215,0.6511365175247192,0.631180465221405,0.699999988079071,0.632280170917511,0.6192083358764648,0.1496526598930359,1.0,0.0,0.6666666865348816,0.4964999854564667,0.0,0.0,1.0,0.1449999958276748,0.1500000059604644,train__core_003__episode_00026,core_003__26,0,0.2134177442254817,0.0014620592898287,4913.760719099984,82644
core_003,27,0,4.751728534698486,0.3333333432674408,0.6666666865348816,0.0701499129913135,0.3333333432674408,1.0,0.095238097012043,0,1.0,4.751728534698486,0.3333333432674408,0.3333333432674408,0.3333333432674408,0.0,0.0,0.0,0.0,0.0,0.0,0.0,0.0,0.0,0.0,0.0,0.0,0.0,0.0,0.0,0.0,0.0,0.0,0.3333333432674408,0.6666666865348816,0.095238097012043,0.6414146423339844,0.6063733696937561,0.6211780309677124,0.6253491044044495,0.6142300963401794,0.1497948169708252,1.0,0.0,0.0,0.4632500112056732,0.0,1.0,1.0,0.1449999958276748,0.1500000059604644,train__core_003__episode_00027,core_003__27,1,0.0994742257590597,0.0019232554572425,4913.760719099984,82644
core_003,27,1,3.1532416343688965,0.5,1.0,0.1057113224797805,0.3333333432674408,0.6666666865348816,0.0714285746216774,1,0.6666666865348816,3.1532416343688965,0.3333333432674408,0.3333333432674408,0.0,0.0,0.0,0.0,0.0,0.0,0.0,0.0,0.0,0.0,0.0,0.0,0.0,0.0,0.0,0.0,0.0,0.0,0.0,0.5,1.0,0.0714285746216774,0.6466611623764038,0.6414146423339844,0.699999988079071,0.6282400488853455,0.6171883344650269,0.1498816758394241,1.0,0.0,0.3333333432674408,0.4964999854564667,0.0,0.0,1.0,0.1449999958276748,0.1500000059604644,train__core_003__episode_00027,core_003__27,0,0.437568517440368,0.0003649987293384,4913.760719099984,82644
core_003,27,2,1.5959782600402832,1.0,1.0,0.2088583232073771,0.3333333432674408,0.3333333432674408,0.0476190485060215,2,0.3333333432674408,1.5959782600402832,0.3333333432674408,0.0,0.0,0.0,0.0,0.0,0.0,0.0,0.0,0.0,0.0,0.0,0.0,0.0,0.0,0.0,0.0,0.0,0.0,0.0,0.0,1.0,1.0,0.0476190485060215,0.6859862208366394,0.6466611623764038,0.6253088712692261,0.6206202507019043,0.6133784055709839,0.1473746597766876,1.0,0.0,0.6666666865348816,0.4860000014305115,0.0,0.0,1.0,0.1449999958276748,0.1500000059604644,train__core_003__episode_00027,core_003__27,0,0.2257321802139428,0.0029859800280996,4913.760719099984,82644
core_003,28,0,4.667680263519287,0.3333333432674408,0.6666666865348816,0.0714130626882565,0.3333333432674408,1.0,0.095238097012043,0,1.0,4.667680263519287,0.3333333432674408,0.3333333432674408,0.3333333432674408,0.0,0.0,0.0,0.0,0.0,0.0,0.0,0.0,0.0,0.0,0.0,0.0,0.0,0.0,0.0,0.0,0.0,0.0,0.3333333432674408,0.6666666865348816,0.095238097012043,0.6573347449302673,0.699999988079071,0.699999988079071,0.6366094350814819,0.6213729977607727,0.1520043313503265,1.0,0.0,0.0,0.4964999854564667,0.0,0.0,1.0,0.1449999958276748,0.1500000059604644,train__core_003__episode_00028,core_003__28,1,0.2051246298350697,0.0012596136142165,4913.760719099984,82644
core_003,28,1,3.1418678760528564,0.5,1.0,0.1060940040821223,0.3333333432674408,0.6666666865348816,0.0714285746216774,1,0.6666666865348816,3.1418678760528564,0.3333333432674408,0.3333333432674408,0.0,0.0,0.0,0.0,0.0,0.0,0.0,0.0,0.0,0.0,0.0,0.0,0.0,0.0,0.0,0.0,0.0,0.0,0.0,0.5,1.0,0.0714285746216774,0.6888415217399597,0.6573347449302673,0.6253088712692261,0.63051438331604,0.6183254718780518,0.1501848101615905,1.0,0.0,0.3333333432674408,0.4860000014305115,0.0,0.0,1.0,0.1449999958276748,0.1500000059604644,train__core_003__episode_00028,core_003__28,0,0.5382570721801888,0.0019473298178661,4913.760719099984,82644
core_003,28,2,1.548641562461853,1.0,1.0,0.2152424107341828,0.3333333432674408,0.3333333432674408,0.0476190485060215,2,0.3333333432674408,1.548641562461853,0.3333333432674408,0.0,0.0,0.0,0.0,0.0,0.0,0.0,0.0,0.0,0.0,0.0,0.0,0.0,0.0,0.0,0.0,0.0,0.0,0.0,0.0,1.0,1.0,0.0476190485060215,0.9261034727096558,0.6888415217399597,0.8245835900306702,0.6395904421806335,0.6389570236206055,0.1515098661184311,1.0,1.0,0.6666666865348816,0.4932500123977661,0.0,0.0,1.0,0.1449999958276748,0.1500000059604644,train__core_003__episode_00028,core_003__28,1,0.3115159577891278,0.0009363982982008,4913.760719099984,82644
core_003,29,0,4.740574359893799,0.3333333432674408,0.6666666865348816,0.0703149698668387,0.3333333432674408,1.0,0.095238097012043,0,1.0,4.740574359893799,0.3333333432674408,0.3333333432674408,0.3333333432674408,0.0,0.0,0.0,0.0,0.0,0.0,0.0,0.0,0.0,0.0,0.0,0.0,0.0,0.0,0.0,0.0,0.0,0.0,0.3333333432674408,0.6666666865348816,0.095238097012043,0.6994374990463257,0.631477415561676,0.6253088712692261,0.62682044506073,0.6164785027503967,0.1497972011566162,1.0,0.0,0.0,0.4860000014305115,0.0,1.0,1.0,0.1449999958276748,0.1500000059604644,train__core_003__episode_00029,core_003__29,0,0.2829083551013955,0.0020651197272406,4913.760719099984,82644
core_003,29,1,3.107877016067505,0.5,1.0,0.1072543545140721,0.3333333432674408,0.6666666865348816,0.0714285746216774,1,0.6666666865348816,3.107877016067505,0.3333333432674408,0.3333333432674408,0.0,0.0,0.0,0.0,0.0,0.0,0.0,0.0,0.0,0.0,0.0,0.0,0.0,0.0,0.0,0.0,0.0,0.0,0.0,0.5,1.0,0.0714285746216774,0.924431562423706,0.6994374990463257,0.8245835900306702,0.6374102830886841,0.6378669142723083,0.151921197772026,1.0,1.0,0.3333333432674408,0.4932500123977661,0.0,0.0,1.0,0.1449999958276748,0.1500000059604644,train__core_003__episode_00029,core_003__29,1,0.602423054803132,0.00231917680011,4913.760719099984,82644
core_003,29,2,1.519925594329834,1.0,1.0,0.2193089875655487,0.3333333432674408,0.3333333432674408,0.0476190485060215,2,0.3333333432674408,1.519925594329834,0.3333333432674408,0.0,0.0,0.0,0.0,0.0,0.0,0.0,0.0,0.0,0.0,0.0,0.0,0.0,0.0,0.0,0.0,0.0,0.0,0.0,0.0,1.0,1.0,0.0476190485060215,0.8640913963317871,0.924431562423706,0.699999988079071,0.6516742706298828,0.6610406041145325,0.1721641570329666,1.0,1.0,0.6666666865348816,0.5137500166893005,0.0,0.0,1.0,0.1449999958276748,0.1500000059604644,train__core_003__episode_00029,core_003__29,1,0.2901150925843683,0.0014479920378195,4913.760719099984,82644
core_003,30,0,4.768077373504639,0.3333333432674408,0.6666666865348816,0.0699093821588792,0.3333333432674408,1.0,0.095238097012043,0,1.0,4.768077373504639,0.3333333432674408,0.3333333432674408,0.3333333432674408,0.0,0.0,0.0,0.0,0.0,0.0,0.0,0.0,0.0,0.0,0.0,0.0,0.0,0.0,0.0,0.0,0.0,0.0,0.3333333432674408,0.6666666865348816,0.095238097012043,0.9193344116210938,0.6000000238418579,0.8245835900306702,0.6232049465179443,0.6307642459869385,0.1500951945781707,1.0,1.0,0.0,0.4932500123977661,0.0,0.0,1.0,0.1449999958276748,0.1500000059604644,train__core_003__episode_00030,core_003__30,1,0.2695088631740694,0.0022810749635251,4913.760719099984,82644
core_003,30,1,3.11114501953125,0.5,1.0,0.1071416925841867,0.3333333432674408,0.6666666865348816,0.0714285746216774,1,0.6666666865348816,3.11114501953125,0.3333333432674408,0.3333333432674408,0.0,0.0,0.0,0.0,0.0,0.0,0.0,0.0,0.0,0.0,0.0,0.0,0.0,0.0,0.0,0.0,0.0,0.0,0.0,0.5,1.0,0.0714285746216774,0.8604442477226257,0.9193344116210938,0.699999988079071,0.6367407441139221,0.6535738110542297,0.1705272346735,1.0,1.0,0.3333333432674408,0.5137500166893005,0.0,0.0,1.0,0.1449999958276748,0.1500000059604644,train__core_003__episode_00030,core_003__30,1,0.5090401149020498,0.003111775835363,4913.760719099984,82644
core_003,30,2,1.5015225410461426,1.0,1.0,0.2219968959208567,0.3333333432674408,0.3333333432674408,0.0476190485060215,2,0.3333333432674408,1.5015225410461426,0.3333333432674408,0.0,0.0,0.0,0.0,0.0,0.0,0.0,0.0,0.0,0.0,0.0,0.0,0.0,0.0,0.0,0.0,0.0,0.0,0.0,0.0,1.0,1.0,0.0476190485060215,0.6656607389450073,0.8604442477226257,0.3000000119209289,0.6596613526344299,0.6650341153144836,0.1874340921640396,0.0,0.0,0.6666666865348816,0.4860000014305115,0.0,0.0,1.0,0.1449999958276748,0.1500000059604644,train__core_003__episode_00030,core_003__30,0,0.2185499997828932,0.0016229353930998,4913.760719099984,82644
core_003,31,0,4.841625690460205,0.3333333432674408,0.6666666865348816,0.0688474005589136,0.3333333432674408,1.0,0.095238097012043,0,1.0,4.841625690460205,0.3333333432674408,0.3333333432674408,0.3333333432674408,0.0,0.0,0.0,0.0,0.0,0.0,0.0,0.0,0.0,0.0,0.0,0.0,0.0,0.0,0.0,0.0,0.0,0.0,0.3333333432674408,0.6666666865348816,0.095238097012043,0.8424500823020935,0.7583146095275879,0.699999988079071,0.613737940788269,0.6420724391937256,0.1387566477060318,1.0,1.0,0.0,0.5137500166893005,0.0,1.0,1.0,0.1449999958276748,0.1500000059604644,train__core_003__episode_00031,core_003__31,1,0.1892760151441867,0.0073071448219321,4913.760719099984,82644
core_003,31,1,3.1241610050201416,0.5,1.0,0.1066953152324144,0.3333333432674408,0.6666666865348816,0.0714285746216774,1,0.6666666865348816,3.1241610050201416,0.3333333432674408,0.3333333432674408,0.0,0.0,0.0,0.0,0.0,0.0,0.0,0.0,0.0,0.0,0.0,0.0,0.0,0.0,0.0,0.0,0.0,0.0,0.0,0.5,1.0,0.0714285746216774,0.648709774017334,0.8424500823020935,0.3000000119209289,0.6340879201889038,0.652247428894043,0.1588993817567825,0.0,0.0,0.3333333432674408,0.4860000014305115,0.0,0.0,1.0,0.1449999958276748,0.1500000059604644,train__core_003__episode_00031,core_003__31,5,0.4509489140332616,0.0065899772563258,4913.760719099984,82644
core_003,32,0,4.730730056762695,0.3333333432674408,0.6666666865348816,0.0704612901746385,0.3333333432674408,1.0,0.095238097012043,0,1.0,4.730730056762695,0.3333333432674408,0.3333333432674408,0.3333333432674408,0.0,0.0,0.0,0.0,0.0,0.0,0.0,0.0,0.0,0.0,0.0,0.0,0.0,0.0,0.0,0.0,0.0,0.0,0.3333333432674408,0.6666666865348816,0.095238097012043,0.6590539813041687,0.8007086515426636,0.3000000119209289,0.6281248331069946,0.6492658853530884,0.1515830010175705,0.0,0.0,0.0,0.4860000014305115,0.0,1.0,1.0,0.1449999958276748,0.1500000059604644,train__core_003__episode_00032,core_003__32,0,0.1647208062928742,0.0004943832380134,4913.760719099984,82644
core_003,32,1,2.9157190322875977,0.5,1.0,0.1143228615570397,0.3333333432674408,0.6666666865348816,0.0714285746216774,1,0.6666666865348816,2.9157190322875977,0.3333333432674408,0.3333333432674408,0.0,0.0,0.0,0.0,0.0,0.0,0.0,0.0,0.0,0.0,0.0,0.0,0.0,0.0,0.0,0.0,0.0,0.0,0.0,0.5,1.0,0.0714285746216774,0.6930801868438721,0.6590539813041687,0.6063733696937561,0.6794182658195496,0.6519284844398499,0.0714297145605087,1.0,0.0,0.3333333432674408,0.4860000014305115,0.0,0.0,1.0,0.1449999958276748,0.1500000059604644,train__core_003__episode_00032,core_003__32,5,0.4985053585320906,0.0244699415128141,4913.760719099984,82644
core_003,33,0,4.625529766082764,0.3333333432674408,0.6666666865348816,0.0720638197405292,0.3333333432674408,1.0,0.095238097012043,0,1.0,4.625529766082764,0.3333333432674408,0.3333333432674408,0.3333333432674408,0.0,0.0,0.0,0.0,0.0,0.0,0.0,0.0,0.0,0.0,0.0,0.0,0.0,0.0,0.0,0.0,0.0,0.0,0.3333333432674408,0.6666666865348816,0.095238097012043,0.6722865700721741,0.4000000059604645,0.6063733696937561,0.6424105763435364,0.6334245800971985,0.1217657625675201,1.0,0.0,0.0,0.4860000014305115,0.0,0.0,1.0,0.1449999958276748,0.1500000059604644,train__core_003__episode_00033,core_003__33,5,0.1424035789948837,0.0003500351147374,4913.760719099984,82644
core_003,33,1,3.039139986038208,0.5,1.0,0.1096801545169924,0.3333333432674408,0.6666666865348816,0.0714285746216774,1,0.6666666865348816,3.039139986038208,0.3333333432674408,0.3333333432674408,0.0,0.0,0.0,0.0,0.0,0.0,0.0,0.0,0.0,0.0,0.0,0.0,0.0,0.0,0.0,0.0,0.0,0.0,0.0,0.5,1.0,0.0714285746216774,0.679452121257782,0.6722865700721741,0.699999988079071,0.6518267393112183,0.6385879516601562,0.1211619675159454,1.0,0.0,0.3333333432674408,0.4945000112056732,0.0,0.0,1.0,0.1449999958276748,0.1500000059604644,train__core_003__episode_00033,core_003__33,1,0.4458450582310186,0.010830655603717,4913.760719099984,82644
core_003,33,2,1.5264441967010498,1.0,1.0,0.2183724396789876,0.3333333432674408,0.3333333432674408,0.0476190485060215,2,0.3333333432674408,1.5264441967010498,0.3333333432674408,0.0,0.0,0.0,0.0,0.0,0.0,0.0,0.0,0.0,0.0,0.0,0.0,0.0,0.0,0.0,0.0,0.0,0.0,0.0,0.0,1.0,1.0,0.0476190485060215,0.6459671258926392,0.679452121257782,0.631477415561676,0.6488913297653198,0.6427503824234009,0.1202044337987899,1.0,0.0,0.6666666865348816,0.5097500085830688,0.0,0.0,1.0,0.1449999958276748,0.1500000059604644,train__core_003__episode_00033,core_003__33,0,0.2115911093745136,0.0014048014441045,4913.760719099984,82644
core_003,34,0,4.695769309997559,0.3333333432674408,0.6666666865348816,0.0709858856476946,0.3333333432674408,1.0,0.095238097012043,0,1.0,4.695769309997559,0.3333333432674408,0.3333333432674408,0.3333333432674408,0.0,0.0,0.0,0.0,0.0,0.0,0.0,0.0,0.0,0.0,0.0,0.0,0.0,0.0,0.0,0.0,0.0,0.0,0.3333333432674408,0.6666666865348816,0.095238097012043,0.6884926557540894,0.5391086935997009,0.699999988079071,0.632801353931427,0.6290752291679382,0.1267813295125961,1.0,0.0,0.0,0.4945000112056732,0.0,1.0,1.0,0.1449999958276748,0.1500000059604644,train__core_003__episode_00034,core_003__34,5,0.1239856330796138,0.0067247625928301,4913.760719099984,82644
core_003,34,1,3.13866662979126,0.5,1.0,0.1062022134187629,0.3333333432674408,0.6666666865348816,0.0714285746216774,1,0.6666666865348816,3.13866662979126,0.3333333432674408,0.3333333432674408,0.0,0.0,0.0,0.0,0.0,0.0,0.0,0.0,0.0,0.0,0.0,0.0,0.0,0.0,0.0,0.0,0.0,0.0,0.0,0.5,1.0,0.0714285746216774,0.6494749188423157,0.6884926557540894,0.631477415561676,0.6311574578285217,0.6338834166526794,0.1259713619947433,1.0,0.0,0.3333333432674408,0.5097500085830688,0.0,0.0,1.0,0.1449999958276748,0.1500000059604644,train__core_003__episode_00034,core_003__34,0,0.4374776177807583,0.0003943754854466,4913.760719099984,82644
core_003,34,2,1.5629664659500122,1.0,1.0,0.2132696705458949,0.3333333432674408,0.3333333432674408,0.0476190485060215,2,0.3333333432674408,1.5629664659500122,0.3333333432674408,0.0,0.0,0.0,0.0,0.0,0.0,0.0,0.0,0.0,0.0,0.0,0.0,0.0,0.0,0.0,0.0,0.0,0.0,0.0,0.0,1.0,1.0,0.0476190485060215,0.682915210723877,0.6494749188423157,0.6000000238418579,0.6337285041809082,0.6302744746208191,0.1261352151632309,1.0,0.0,0.6666666865348816,0.5109999775886536,0.0,0.0,1.0,0.1449999958276748,0.1500000059604644,train__core_003__episode_00034,core_003__34,0,0.2246470033919728,0.0029498912705483,4913.760719099984,82644
core_003,35,0,5.161895751953125,0.3333333432674408,0.6666666865348816,0.0645757603960359,0.3333333432674408,1.0,0.095238097012043,0,1.0,5.161895751953125,0.3333333432674408,0.3333333432674408,0.3333333432674408,0.0,0.0,0.0,0.0,0.0,0.0,0.0,0.0,0.0,0.0,0.0,0.0,0.0,0.0,0.0,0.0,0.0,0.0,0.3333333432674408,0.6666666865348816,0.095238097012043,0.6001377701759338,0.3000000119209289,0.631477415561676,0.5756585001945496,0.6061339378356934,0.1672886610031128,1.0,0.0,0.0,0.5097500085830688,0.0,0.0,1.0,0.1449999958276748,0.1500000059604644,train__core_003__episode_00035,core_003__35,5,0.176076916143869,0.0272839383419838,4913.760719099984,82644
core_003,35,1,3.4682376384735107,0.5,1.0,0.0961102952028835,0.3333333432674408,0.6666666865348816,0.0714285746216774,1,0.6666666865348816,3.4682376384735107,0.3333333432674408,0.3333333432674408,0.0,0.0,0.0,0.0,0.0,0.0,0.0,0.0,0.0,0.0,0.0,0.0,0.0,0.0,0.0,0.0,0.0,0.0,0.0,0.5,1.0,0.0714285746216774,0.6331939697265625,0.6001377701759338,0.6000000238418579,0.5711813569068909,0.5990009307861328,0.1661503762006759,1.0,0.0,0.3333333432674408,0.5109999775886536,0.0,0.0,1.0,0.1449999958276748,0.1500000059604644,train__core_003__episode_00035,core_003__35,5,0.5000487221736856,0.0010268999780151,4913.760719099984,82644
core_003,35,2,1.7198405265808103,1.0,1.0,0.1938164254857605,0.3333333432674408,0.3333333432674408,0.0476190485060215,2,0.3333333432674408,1.7198405265808103,0.3333333432674408,0.0,0.0,0.0,0.0,0.0,0.0,0.0,0.0,0.0,0.0,0.0,0.0,0.0,0.0,0.0,0.0,0.0,0.0,0.0,0.0,1.0,1.0,0.0476190485060215,0.866905927658081,0.6331939697265625,0.7583146095275879,0.5759233832359314,0.5995641350746155,0.1673743724822998,1.0,1.0,0.6666666865348816,0.5287500023841858,0.0,0.0,1.0,0.1449999958276748,0.1500000059604644,train__core_003__episode_00035,core_003__35,1,0.2919442315492109,0.0022825937731784,4913.760719099984,82644
core_003,36,0,5.47648811340332,0.3333333432674408,0.6666666865348816,0.0608662588806923,0.3333333432674408,1.0,0.095238097012043,0,1.0,5.47648811340332,0.3333333432674408,0.3333333432674408,0.3333333432674408,0.0,0.0,0.0,0.0,0.0,0.0,0.0,0.0,0.0,0.0,0.0,0.0,0.0,0.0,0.0,0.0,0.0,0.0,0.3333333432674408,0.6666666865348816,0.095238097012043,0.5959390997886658,0.4000000059604645,0.6000000238418579,0.5425902605056763,0.5847053527832031,0.1756555289030075,1.0,0.0,0.0,0.5109999775886536,0.0,0.0,1.0,0.1449999958276748,0.1500000059604644,train__core_003__episode_00036,core_003__36,5,0.2659488792067717,0.0417025385328727,4913.760719099984,82644
core_003,36,1,3.654899835586548,0.5,1.0,0.0912017724868639,0.3333333432674408,0.6666666865348816,0.0714285746216774,1,0.6666666865348816,3.654899835586548,0.3333333432674408,0.3333333432674408,0.0,0.0,0.0,0.0,0.0,0.0,0.0,0.0,0.0,0.0,0.0,0.0,0.0,0.0,0.0,0.0,0.0,0.0,0.0,0.5,1.0,0.0714285746216774,0.8261993527412415,0.5959390997886658,0.7583146095275879,0.5420101284980774,0.5826075077056885,0.1754715889692306,1.0,1.0,0.3333333432674408,0.5287500023841858,0.0,0.0,1.0,0.1449999958276748,0.1500000059604644,train__core_003__episode_00036,core_003__36,1,0.5740267272961246,0.0160195190945944,4913.760719099984,82644
core_003,36,2,1.7953273057937622,1.0,1.0,0.1856671717695872,0.3333333432674408,0.3333333432674408,0.0476190485060215,2,0.3333333432674408,1.7953273057937622,0.3333333432674408,0.0,0.0,0.0,0.0,0.0,0.0,0.0,0.0,0.0,0.0,0.0,0.0,0.0,0.0,0.0,0.0,0.0,0.0,0.0,0.0,1.0,1.0,0.0476190485060215,0.8402406573295593,0.8261993527412415,0.8007086515426636,0.5517079830169678,0.5827229619026184,0.1885468810796737,1.0,1.0,0.6666666865348816,0.5015000104904175,0.0,0.0,1.0,0.1449999958276748,0.1500000059604644,train__core_003__episode_00036,core_003__36,1,0.2827295766250984,0.0024903274355924,4913.760719099984,82644
core_003,37,0,5.591088771820068,0.3333333432674408,0.6666666865348816,0.0596186819546652,0.3333333432674408,1.0,0.095238097012043,0,1.0,5.591088771820068,0.3333333432674408,0.3333333432674408,0.3333333432674408,0.0,0.0,0.0,0.0,0.0,0.0,0.0,0.0,0.0,0.0,0.0,0.0,0.0,0.0,0.0,0.0,0.0,0.0,0.3333333432674408,0.6666666865348816,0.095238097012043,0.8088060617446899,0.5221496820449829,0.7583146095275879,0.5314688086509705,0.577336847782135,0.1741264760494232,1.0,1.0,0.0,0.5287500023841858,0.0,1.0,1.0,0.1449999958276748,0.1500000059604644,train__core_003__episode_00037,core_003__37,1,0.2126579485211757,0.0103814308509319,4913.760719099984,82644
core_003,37,1,3.677481889724731,0.5,1.0,0.0906417361833402,0.3333333432674408,0.6666666865348816,0.0714285746216774,1,0.6666666865348816,3.677481889724731,0.3333333432674408,0.3333333432674408,0.0,0.0,0.0,0.0,0.0,0.0,0.0,0.0,0.0,0.0,0.0,0.0,0.0,0.0,0.0,0.0,0.0,0.0,0.0,0.5,1.0,0.0714285746216774,0.8296917080879211,0.8088060617446899,0.8007086515426636,0.5386818647384644,0.5762099027633667,0.184132307767868,1.0,1.0,0.3333333432674408,0.5015000104904175,0.0,0.0,1.0,0.1449999958276748,0.1500000059604644,train__core_003__episode_00037,core_003__37,1,0.4802592820166644,0.0037476031264229,4913.760719099984,82644
core_003,37,2,1.8247157335281368,1.0,1.0,0.182676861465392,0.3333333432674408,0.3333333432674408,0.0476190485060215,2,0.3333333432674408,1.8247157335281368,0.3333333432674408,0.0,0.0,0.0,0.0,0.0,0.0,0.0,0.0,0.0,0.0,0.0,0.0,0.0,0.0,0.0,0.0,0.0,0.0,0.0,0.0,1.0,1.0,0.0476190485060215,0.5328122973442078,0.8296917080879211,0.4000000059604645,0.5428223013877869,0.5854735970497131,0.1902035176753997,0.0,0.0,0.6666666865348816,0.518750011920929,0.0,0.0,1.0,0.1449999958276748,0.1500000059604644,train__core_003__episode_00037,core_003__37,5,0.1999999999999999,0.0210707270177409,4913.760719099984,82644
core_003,38,0,5.680123329162598,0.3333333432674408,0.6666666865348816,0.0586841735558905,0.3333333432674408,1.0,0.095238097012043,0,1.0,5.680123329162598,0.3333333432674408,0.3333333432674408,0.3333333432674408,0.0,0.0,0.0,0.0,0.0,0.0,0.0,0.0,0.0,0.0,0.0,0.0,0.0,0.0,0.0,0.0,0.0,0.0,0.3333333432674408,0.6666666865348816,0.095238097012043,0.8398932814598083,0.699999988079071,0.8007086515426636,0.523138165473938,0.5684380531311035,0.1641855090856552,1.0,1.0,0.0,0.5015000104904175,0.0,0.0,1.0,0.1449999958276748,0.1500000059604644,train__core_003__episode_00038,core_003__38,1,0.150051756210022,0.0024656587737959,4913.760719099984,82644
core_003,38,1,3.746658086776733,0.5,1.0,0.0889681779193812,0.3333333432674408,0.6666666865348816,0.0714285746216774,1,0.6666666865348816,3.746658086776733,0.3333333432674408,0.3333333432674408,0.0,0.0,0.0,0.0,0.0,0.0,0.0,0.0,0.0,0.0,0.0,0.0,0.0,0.0,0.0,0.0,0.0,0.0,0.0,0.5,1.0,0.0714285746216774,0.5385427474975586,0.8398932814598083,0.4000000059604645,0.5287359356880188,0.5784304141998291,0.1739323586225509,0.0,0.0,0.3333333432674408,0.518750011920929,0.0,0.0,1.0,0.1449999958276748,0.1500000059604644,train__core_003__episode_00038,core_003__38,5,0.4174695964165934,0.0408780688409474,4913.760719099984,82644
core_003,38,2,1.805736064910889,1.0,1.0,0.1845969351472694,0.3333333432674408,0.3333333432674408,0.0476190485060215,2,0.3333333432674408,1.805736064910889,0.3333333432674408,0.0,0.0,0.0,0.0,0.0,0.0,0.0,0.0,0.0,0.0,0.0,0.0,0.0,0.0,0.0,0.0,0.0,0.0,0.0,0.0,1.0,1.0,0.0476190485060215,0.5715113282203674,0.5385427474975586,0.5391086935997009,0.5485277771949768,0.5954691767692566,0.1658521145582199,1.0,0.0,0.6666666865348816,0.515250027179718,0.0,0.0,1.0,0.1449999958276748,0.1500000059604644,train__core_003__episode_00038,core_003__38,5,0.1999999999999999,0.0113150667487207,4913.760719099984,82644
core_003,39,0,5.907013416290283,0.3333333432674408,0.6666666865348816,0.0564300975427241,0.3333333432674408,1.0,0.095238097012043,0,1.0,5.907013416290283,0.3333333432674408,0.3333333432674408,0.3333333432674408,0.0,0.0,0.0,0.0,0.0,0.0,0.0,0.0,0.0,0.0,0.0,0.0,0.0,0.0,0.0,0.0,0.0,0.0,0.3333333432674408,0.6666666865348816,0.095238097012043,0.5542212724685669,0.6600514650344849,0.4000000059604645,0.5030442476272583,0.5655845403671265,0.1349982470273971,0.0,0.0,0.0,0.518750011920929,0.0,1.0,1.0,0.1449999958276748,0.1500000059604644,train__core_003__episode_00039,core_003__39,5,0.1054167828382195,0.0577981152009108,4913.760719099984,82644
core_003,39,1,3.772774457931519,0.5,1.0,0.0883523112723244,0.3333333432674408,0.6666666865348816,0.0714285746216774,1,0.6666666865348816,3.772774457931519,0.3333333432674408,0.3333333432674408,0.0,0.0,0.0,0.0,0.0,0.0,0.0,0.0,0.0,0.0,0.0,0.0,0.0,0.0,0.0,0.0,0.0,0.0,0.0,0.5,1.0,0.0714285746216774,0.5524989366531372,0.5542212724685669,0.5391086935997009,0.5250758528709412,0.5837432146072388,0.1288270801305771,1.0,0.0,0.3333333432674408,0.515250027179718,0.0,0.0,1.0,0.1449999958276748,0.1500000059604644,train__core_003__episode_00039,core_003__39,5,0.3934405749404478,0.0254081475216122,4913.760719099984,82644
core_003,39,2,1.8795398473739624,1.0,1.0,0.1773483779730258,0.3333333432674408,0.3333333432674408,0.0476190485060215,2,0.3333333432674408,1.8795398473739624,0.3333333432674408,0.0,0.0,0.0,0.0,0.0,0.0,0.0,0.0,0.0,0.0,0.0,0.0,0.0,0.0,0.0,0.0,0.0,0.0,0.0,0.0,1.0,1.0,0.0476190485060215,0.527287483215332,0.5524989366531372,0.3000000119209289,0.5269887447357178,0.5798950791358948,0.1291203200817108,1.0,0.0,0.6666666865348816,0.5164999961853027,0.0,0.0,1.0,0.1449999958276748,0.1500000059604644,train__core_003__episode_00039,core_003__39,5,0.1824210723604886,0.0121606376972457,4913.760719099984,82644
core_003,40,0,5.58954381942749,0.3333333432674408,0.6666666865348816,0.0596351605848189,0.3333333432674408,1.0,0.095238097012043,0,1.0,5.58954381942749,0.3333333432674408,0.3333333432674408,0.3333333432674408,0.0,0.0,0.0,0.0,0.0,0.0,0.0,0.0,0.0,0.0,0.0,0.0,0.0,0.0,0.0,0.0,0.0,0.0,0.3333333432674408,0.6666666865348816,0.095238097012043,0.5881704688072205,0.6000000238418579,0.5391086935997009,0.531615674495697,0.5870131254196167,0.1312792599201202,1.0,0.0,0.0,0.515250027179718,0.0,1.0,1.0,0.1449999958276748,0.1500000059604644,train__core_003__episode_00040,core_003__40,5,0.0843188315011856,0.048881140275115,4913.760719099984,82644
core_003,40,1,3.677873373031616,0.5,1.0,0.0906320880190279,0.3333333432674408,0.6666666865348816,0.0714285746216774,1,0.6666666865348816,3.677873373031616,0.3333333432674408,0.3333333432674408,0.0,0.0,0.0,0.0,0.0,0.0,0.0,0.0,0.0,0.0,0.0,0.0,0.0,0.0,0.0,0.0,0.0,0.0,0.0,0.5,1.0,0.0714285746216774,0.5466422438621521,0.5881704688072205,0.3000000119209289,0.5386245250701904,0.5857129096984863,0.1327931433916092,1.0,0.0,0.3333333432674408,0.5164999961853027,0.0,0.0,1.0,0.1449999958276748,0.1500000059604644,train__core_003__episode_00040,core_003__40,5,0.387327351979835,0.0259324304094289,4913.760719099984,82644
core_003,40,2,1.7260271310806274,1.0,1.0,0.1931217286594725,0.3333333432674408,0.3333333432674408,0.0476190485060215,2,0.3333333432674408,1.7260271310806274,0.3333333432674408,0.0,0.0,0.0,0.0,0.0,0.0,0.0,0.0,0.0,0.0,0.0,0.0,0.0,0.0,0.0,0.0,0.0,0.0,0.0,0.0,1.0,1.0,0.0476190485060215,0.5422681570053101,0.5466422438621521,0.4000000059604645,0.5738590955734253,0.5747588276863098,0.0909241512417793,1.0,0.0,0.6666666865348816,0.5189999938011169,0.0,0.0,1.0,0.1449999958276748,0.1500000059604644,train__core_003__episode_00040,core_003__40,5,0.1776406972823636,0.0022458094401087,4913.760719099984,82644
core_003,41,0,5.5388360023498535,0.3333333432674408,0.6666666865348816,0.0601811180410512,0.3333333432674408,1.0,0.095238097012043,0,1.0,5.5388360023498535,0.3333333432674408,0.3333333432674408,0.3333333432674408,0.0,0.0,0.0,0.0,0.0,0.0,0.0,0.0,0.0,0.0,0.0,0.0,0.0,0.0,0.0,0.0,0.0,0.0,0.3333333432674408,0.6666666865348816,0.095238097012043,0.5637226104736328,0.5731770992279053,0.3000000119209289,0.5364826321601868,0.5846419930458069,0.1320957988500595,1.0,0.0,0.0,0.5164999961853027,0.0,1.0,1.0,0.1449999958276748,0.1500000059604644,train__core_003__episode_00041,core_003__41,5,0.0627711036736269,0.0288917194460319,4913.760719099984,82644
core_003,41,1,3.4502615928649902,0.5,1.0,0.0966110349304416,0.3333333432674408,0.6666666865348816,0.0714285746216774,1,0.6666666865348816,3.4502615928649902,0.3333333432674408,0.3333333432674408,0.0,0.0,0.0,0.0,0.0,0.0,0.0,0.0,0.0,0.0,0.0,0.0,0.0,0.0,0.0,0.0,0.0,0.0,0.0,0.5,1.0,0.0714285746216774,0.5492722392082214,0.5637226104736328,0.4000000059604645,0.5741572380065918,0.5749078989028931,0.0902594923973083,1.0,0.0,0.3333333432674408,0.5189999938011169,0.0,0.0,1.0,0.1449999958276748,0.1500000059604644,train__core_003__episode_00041,core_003__41,5,0.3902469784425807,0.013533715868387,4913.760719099984,82644
core_003,41,2,1.6633527278900146,1.0,1.0,0.2003984709185998,0.3333333432674408,0.3333333432674408,0.0476190485060215,2,0.3333333432674408,1.6633527278900146,0.3333333432674408,0.0,0.0,0.0,0.0,0.0,0.0,0.0,0.0,0.0,0.0,0.0,0.0,0.0,0.0,0.0,0.0,0.0,0.0,0.0,0.0,1.0,1.0,0.0476190485060215,0.5781441926956177,0.5492722392082214,0.5221496820449829,0.5954818725585938,0.569036066532135,0.058715745806694,1.0,0.0,0.6666666865348816,0.5115000009536743,0.0,0.0,1.0,0.1449999958276748,0.1500000059604644,train__core_003__episode_00041,core_003__41,0,0.1876253175579513,0.0010009124857797,4913.760719099984,82644
core_003,42,0,5.16315221786499,0.3333333432674408,0.6666666865348816,0.0645600457244077,0.3333333432674408,1.0,0.095238097012043,0,1.0,5.16315221786499,0.3333333432674408,0.3333333432674408,0.3333333432674408,0.0,0.0,0.0,0.0,0.0,0.0,0.0,0.0,0.0,0.0,0.0,0.0,0.0,0.0,0.0,0.0,0.0,0.0,0.3333333432674408,0.6666666865348816,0.095238097012043,0.5665667057037354,0.5732505917549133,0.4000000059604645,0.5755184292793274,0.5755884647369385,0.0901636630296707,1.0,0.0,0.0,0.5189999938011169,0.0,1.0,1.0,0.1449999958276748,0.1500000059604644,train__core_003__episode_00042,core_003__42,5,0.1537408256432865,0.0367131064580348,4913.760719099984,82644
core_003,42,1,3.3054358959198,0.5,1.0,0.1008439896471459,0.3333333432674408,0.6666666865348816,0.0714285746216774,1,0.6666666865348816,3.3054358959198,0.3333333432674408,0.3333333432674408,0.0,0.0,0.0,0.0,0.0,0.0,0.0,0.0,0.0,0.0,0.0,0.0,0.0,0.0,0.0,0.0,0.0,0.0,0.0,0.5,1.0,0.0714285746216774,0.6146085262298584,0.5665667057037354,0.5221496820449829,0.5993136763572693,0.5709519386291504,0.0563361495733261,1.0,0.0,0.3333333432674408,0.5115000009536743,0.0,0.0,1.0,0.1449999958276748,0.1500000059604644,train__core_003__episode_00042,core_003__42,1,0.4784930790733406,0.0032636312497856,4913.760719099984,82644
core_003,42,2,1.6170787811279297,1.0,1.0,0.2061330265152185,0.3333333432674408,0.3333333432674408,0.0476190485060215,2,0.3333333432674408,1.6170787811279297,0.3333333432674408,0.0,0.0,0.0,0.0,0.0,0.0,0.0,0.0,0.0,0.0,0.0,0.0,0.0,0.0,0.0,0.0,0.0,0.0,0.0,0.0,1.0,1.0,0.0476190485060215,0.8170602321624756,0.6146085262298584,0.699999988079071,0.6125220656394958,0.5719954371452332,0.046713039278984,1.0,1.0,0.6666666865348816,0.5350000262260437,0.0,0.0,1.0,0.1449999958276748,0.1500000059604644,train__core_003__episode_00042,core_003__42,1,0.2747191607534432,0.0026709129312166,4913.760719099984,82644
core_003,43,0,5.16315221786499,0.3333333432674408,0.6666666865348816,0.0645600457244077,0.3333333432674408,1.0,0.095238097012043,0,1.0,5.16315221786499,0.3333333432674408,0.3333333432674408,0.3333333432674408,0.0,0.0,0.0,0.0,0.0,0.0,0.0,0.0,0.0,0.0,0.0,0.0,0.0,0.0,0.0,0.0,0.0,0.0,0.3333333432674408,0.6666666865348816,0.095238097012043,0.590675413608551,0.4000000059604645,0.5221496820449829,0.5755184292793274,0.5590543150901794,0.0901636630296707,1.0,0.0,0.0,0.5115000009536743,0.0,0.0,1.0,0.1449999958276748,0.1500000059604644,train__core_003__episode_00043,core_003__43,5,0.2393963086519958,0.0348623035378062,4913.760719099984,82644
core_003,43,1,3.3845317363739014,0.5,1.0,0.0984872854596321,0.3333333432674408,0.6666666865348816,0.0714285746216774,1,0.6666666865348816,3.3845317363739014,0.3333333432674408,0.3333333432674408,0.0,0.0,0.0,0.0,0.0,0.0,0.0,0.0,0.0,0.0,0.0,0.0,0.0,0.0,0.0,0.0,0.0,0.0,0.0,0.5,1.0,0.0714285746216774,0.8025289177894592,0.590675413608551,0.699999988079071,0.585307776927948,0.5583882927894592,0.0875190570950508,1.0,1.0,0.3333333432674408,0.5350000262260437,0.0,0.0,1.0,0.1449999958276748,0.1500000059604644,train__core_003__episode_00043,core_003__43,1,0.5624806877345601,0.0048965369971583,4913.760719099984,82644
core_003,43,2,1.6509517431259155,1.0,1.0,0.2019037471297051,0.3333333432674408,0.3333333432674408,0.0476190485060215,2,0.3333333432674408,1.6509517431259155,0.3333333432674408,0.0,0.0,0.0,0.0,0.0,0.0,0.0,0.0,0.0,0.0,0.0,0.0,0.0,0.0,0.0,0.0,0.0,0.0,0.0,0.0,1.0,1.0,0.0476190485060215,0.8522685766220093,0.8025289177894592,0.6600514650344849,0.5999547839164734,0.5615464448928833,0.1109350398182869,1.0,1.0,0.6666666865348816,0.5487499833106995,0.0,0.0,1.0,0.1449999958276748,0.1500000059604644,train__core_003__episode_00043,core_003__43,1,0.2906706528629632,0.0061812533161728,4913.760719099984,82644
core_003,44,0,5.065269470214844,0.3333333432674408,0.6666666865348816,0.0658076229167137,0.3333333432674408,1.0,0.095238097012043,0,1.0,5.065269470214844,0.3333333432674408,0.3333333432674408,0.3333333432674408,0.0,0.0,0.0,0.0,0.0,0.0,0.0,0.0,0.0,0.0,0.0,0.0,0.0,0.0,0.0,0.0,0.0,0.0,0.3333333432674408,0.6666666865348816,0.095238097012043,0.8108673691749573,0.6000000238418579,0.699999988079071,0.5866398811340332,0.5590543150901794,0.0876614600419998,1.0,1.0,0.0,0.5350000262260437,0.0,0.0,1.0,0.1449999958276748,0.1500000059604644,train__core_003__episode_00044,core_003__44,1,0.2103075584799947,0.0038821629877741,4913.760719099984,82644
core_003,44,1,3.288074493408203,0.5,1.0,0.1013764572352888,0.3333333432674408,0.6666666865348816,0.0714285746216774,1,0.6666666865348816,3.288074493408203,0.3333333432674408,0.3333333432674408,0.0,0.0,0.0,0.0,0.0,0.0,0.0,0.0,0.0,0.0,0.0,0.0,0.0,0.0,0.0,0.0,0.0,0.0,0.0,0.5,1.0,0.0714285746216774,0.8534050583839417,0.8108673691749573,0.6600514650344849,0.6024780869483948,0.562808096408844,0.1130507066845893,1.0,1.0,0.3333333432674408,0.5487499833106995,0.0,0.0,1.0,0.1449999958276748,0.1500000059604644,train__core_003__episode_00044,core_003__44,1,0.4865654498649487,0.0080943062853094,4913.760719099984,82644
core_003,44,2,1.5719668865203855,1.0,1.0,0.212048578202107,0.3333333432674408,0.3333333432674408,0.0476190485060215,2,0.3333333432674408,1.5719668865203855,0.3333333432674408,0.0,0.0,0.0,0.0,0.0,0.0,0.0,0.0,0.0,0.0,0.0,0.0,0.0,0.0,0.0,0.0,0.0,0.0,0.0,0.0,1.0,1.0,0.0476190485060215,0.5949963331222534,0.8534050583839417,0.6000000238418579,0.6301000118255615,0.5665721297264099,0.1433138847351074,0.0,0.0,0.6666666865348816,0.5454999804496765,0.0,0.0,1.0,0.1449999958276748,0.1500000059604644,train__core_003__episode_00044,core_003__44,0,0.1935801589229854,0.0014766310841085,4913.760719099984,82644
core_003,45,0,5.005405902862549,0.3333333432674408,0.6666666865348816,0.0665946677924382,0.3333333432674408,1.0,0.095238097012043,0,1.0,5.005405902862549,0.3333333432674408,0.3333333432674408,0.3333333432674408,0.0,0.0,0.0,0.0,0.0,0.0,0.0,0.0,0.0,0.0,0.0,0.0,0.0,0.0,0.0,0.0,0.0,0.0,0.3333333432674408,0.6666666865348816,0.095238097012043,0.864403247833252,0.7491127848625183,0.6600514650344849,0.5936560034751892,0.5583970546722412,0.0978293567895889,1.0,1.0,0.0,0.5487499833106995,0.0,1.0,1.0,0.1449999958276748,0.1500000059604644,train__core_003__episode_00045,core_003__45,1,0.1424241512517338,0.017891246347698,4913.760719099984,82644
core_003,45,1,3.1805341243743896,0.5,1.0,0.1048042027635868,0.3333333432674408,0.6666666865348816,0.0714285746216774,1,0.6666666865348816,3.1805341243743896,0.3333333432674408,0.3333333432674408,0.0,0.0,0.0,0.0,0.0,0.0,0.0,0.0,0.0,0.0,0.0,0.0,0.0,0.0,0.0,0.0,0.0,0.0,0.0,0.5,1.0,0.0714285746216774,0.5911071300506592,0.864403247833252,0.6000000238418579,0.6228491067886353,0.5629466772079468,0.1362372487783432,0.0,0.0,0.3333333432674408,0.5454999804496765,0.0,0.0,1.0,0.1449999958276748,0.1500000059604644,train__core_003__episode_00045,core_003__45,0,0.3857556243499304,0.0001786747872479,4913.760719099984,82644
core_003,45,2,1.5935173034667969,1.0,1.0,0.2091808746238608,0.3333333432674408,0.3333333432674408,0.0476190485060215,2,0.3333333432674408,1.5935173034667969,0.3333333432674408,0.0,0.0,0.0,0.0,0.0,0.0,0.0,0.0,0.0,0.0,0.0,0.0,0.0,0.0,0.0,0.0,0.0,0.0,0.0,0.0,1.0,1.0,0.0476190485060215,0.5949103236198425,0.5911071300506592,0.5731770992279053,0.6215786933898926,0.5765972137451172,0.1364856362342834,1.0,0.0,0.6666666865348816,0.5460000038146973,0.0,0.0,1.0,0.1449999958276748,0.1500000059604644,train__core_003__episode_00045,core_003__45,0,0.193549753681579,0.0014756436664216,4913.760719099984,82644
core_003,46,0,5.2059102058410645,0.3333333432674408,0.6666666865348816,0.0640297911580262,0.3333333432674408,1.0,0.095238097012043,0,1.0,5.2059102058410645,0.3333333432674408,0.3333333432674408,0.3333333432674408,0.0,0.0,0.0,0.0,0.0,0.0,0.0,0.0,0.0,0.0,0.0,0.0,0.0,0.0,0.0,0.0,0.0,0.0,0.3333333432674408,0.6666666865348816,0.095238097012043,0.5540475249290466,0.5,0.6000000238418579,0.570791482925415,0.5369178652763367,0.0983417332172393,0.0,0.0,0.0,0.5454999804496765,0.0,0.0,1.0,0.1449999958276748,0.1500000059604644,train__core_003__episode_00046,core_003__46,5,0.0298013431518258,0.0185669618758668,4913.760719099984,82644
core_003,46,1,3.510986328125,0.5,1.0,0.0949400858092926,0.3333333432674408,0.6666666865348816,0.0714285746216774,1,0.6666666865348816,3.510986328125,0.3333333432674408,0.3333333432674408,0.0,0.0,0.0,0.0,0.0,0.0,0.0,0.0,0.0,0.0,0.0,0.0,0.0,0.0,0.0,0.0,0.0,0.0,0.0,0.5,1.0,0.0714285746216774,0.5540441274642944,0.5540475249290466,0.5731770992279053,0.5642268657684326,0.5479212999343872,0.0977045372128486,1.0,0.0,0.3333333432674408,0.5460000038146973,0.0,0.0,1.0,0.1449999958276748,0.1500000059604644,train__core_003__episode_00046,core_003__46,5,0.3821238291387775,0.0197598840735685,4913.760719099984,82644
core_003,46,2,1.7640386819839478,1.0,1.0,0.18896033668182,0.3333333432674408,0.3333333432674408,0.0476190485060215,2,0.3333333432674408,1.7640386819839478,0.3333333432674408,0.0,0.0,0.0,0.0,0.0,0.0,0.0,0.0,0.0,0.0,0.0,0.0,0.0,0.0,0.0,0.0,0.0,0.0,0.0,0.0,1.0,1.0,0.0476190485060215,0.5513724684715271,0.5540441274642944,0.5732505917549133,0.5614935755729675,0.5489881038665771,0.0976835414767265,1.0,0.0,0.6666666865348816,0.5460000038146973,0.0,0.0,1.0,0.1449999958276748,0.1500000059604644,train__core_003__episode_00046,core_003__46,5,0.1832545836567499,0.0050892850084817,4913.760719099984,82644
core_003,47,0,5.339547634124756,0.3333333432674408,0.6666666865348816,0.0624272627773045,0.3333333432674408,1.0,0.095238097012043,0,1.0,5.339547634124756,0.3333333432674408,0.3333333432674408,0.3333333432674408,0.0,0.0,0.0,0.0,0.0,0.0,0.0,0.0,0.0,0.0,0.0,0.0,0.0,0.0,0.0,0.0,0.0,0.0,0.3333333432674408,0.6666666865348816,0.095238097012043,0.5440252423286438,0.5,0.5731770992279053,0.5565057992935181,0.5440607070922852,0.1003048196434974,1.0,0.0,0.0,0.5460000038146973,0.0,0.0,1.0,0.1449999958276748,0.1500000059604644,train__core_003__episode_00047,core_003__47,5,0.0335280880411569,0.0295380915891671,4913.760719099984,82644
core_003,47,1,3.586538076400757,0.5,1.0,0.0929401378618444,0.3333333432674408,0.6666666865348816,0.0714285746216774,1,0.6666666865348816,3.586538076400757,0.3333333432674408,0.3333333432674408,0.0,0.0,0.0,0.0,0.0,0.0,0.0,0.0,0.0,0.0,0.0,0.0,0.0,0.0,0.0,0.0,0.0,0.0,0.0,0.5,1.0,0.0714285746216774,0.5363558530807495,0.5440252423286438,0.5732505917549133,0.5523412227630615,0.5444118976593018,0.1001312211155891,1.0,0.0,0.3333333432674408,0.5460000038146973,0.0,0.0,1.0,0.1449999958276748,0.1500000059604644,train__core_003__episode_00047,core_003__47,5,0.37842090356871,0.0251259604077423,4913.760719099984,82644
core_003,47,2,1.8105460405349727,1.0,1.0,0.1841065268734888,0.3333333432674408,0.3333333432674408,0.0476190485060215,2,0.3333333432674408,1.8105460405349727,0.3333333432674408,0.0,0.0,0.0,0.0,0.0,0.0,0.0,0.0,0.0,0.0,0.0,0.0,0.0,0.0,0.0,0.0,0.0,0.0,0.0,0.0,1.0,1.0,0.0476190485060215,0.5183199644088745,0.5363558530807495,0.4000000059604645,0.5470705628395081,0.5612944960594177,0.0998625457286834,1.0,0.0,0.6666666865348816,0.5677499771118164,0.0,0.0,1.0,0.1449999958276748,0.1500000059604644,train__core_003__episode_00047,core_003__47,5,0.1804358853142173,0.0135596153979813,4913.760719099984,82644
core_003,48,0,5.303033351898193,0.3333333432674408,0.6666666865348816,0.0628571085920336,0.3333333432674408,1.0,0.095238097012043,0,1.0,5.303033351898193,0.3333333432674408,0.3333333432674408,0.3333333432674408,0.0,0.0,0.0,0.0,0.0,0.0,0.0,0.0,0.0,0.0,0.0,0.0,0.0,0.0,0.0,0.0,0.0,0.0,0.3333333432674408,0.6666666865348816,0.095238097012043,0.5690625905990601,0.6000000238418579,0.5732505917549133,0.5603376030921936,0.5484101176261902,0.1013751402497291,1.0,0.0,0.0,0.5460000038146973,0.0,1.0,1.0,0.1449999958276748,0.1500000059604644,train__core_003__episode_00048,core_003__48,5,0.0603407171998388,0.0291566418589508,4913.760719099984,82644
core_003,48,1,3.5391345024108887,0.5,1.0,0.0941849887424089,0.3333333432674408,0.6666666865348816,0.0714285746216774,1,0.6666666865348816,3.5391345024108887,0.3333333432674408,0.3333333432674408,0.0,0.0,0.0,0.0,0.0,0.0,0.0,0.0,0.0,0.0,0.0,0.0,0.0,0.0,0.0,0.0,0.0,0.0,0.0,0.5,1.0,0.0714285746216774,0.5470904111862183,0.5690625905990601,0.4000000059604645,0.559739351272583,0.5676288604736328,0.1013095006346702,1.0,0.0,0.3333333432674408,0.5677499771118164,0.0,0.0,1.0,0.1449999958276748,0.1500000059604644,train__core_003__episode_00048,core_003__48,5,0.39676781551236,0.0248153899389359,4913.760719099984,82644
core_003,48,2,1.7055402994155884,1.0,1.0,0.1954414934561552,0.3333333432674408,0.3333333432674408,0.0476190485060215,2,0.3333333432674408,1.7055402994155884,0.3333333432674408,0.0,0.0,0.0,0.0,0.0,0.0,0.0,0.0,0.0,0.0,0.0,0.0,0.0,0.0,0.0,0.0,0.0,0.0,0.0,0.0,1.0,1.0,0.0476190485060215,0.5828900337219238,0.5470904111862183,0.6000000238418579,0.5807522535324097,0.5781353116035461,0.078738123178482,1.0,0.0,0.6666666865348816,0.5699999928474426,0.0,0.0,1.0,0.1449999958276748,0.1500000059604644,train__core_003__episode_00048,core_003__48,0,0.1893022979444955,0.0013777652836061,4913.760719099984,82644
core_003,49,0,5.137032508850098,0.3333333432674408,0.6666666865348816,0.064888307148762,0.3333333432674408,1.0,0.095238097012043,0,1.0,5.137032508850098,0.3333333432674408,0.3333333432674408,0.3333333432674408,0.0,0.0,0.0,0.0,0.0,0.0,0.0,0.0,0.0,0.0,0.0,0.0,0.0,0.0,0.0,0.0,0.0,0.0,0.3333333432674408,0.6666666865348816,0.095238097012043,0.5659059286117554,0.699999988079071,0.4000000059604645,0.5784446597099304,0.5769815444946289,0.1127463728189468,1.0,0.0,0.0,0.5677499771118164,0.0,1.0,1.0,0.1449999958276748,0.1500000059604644,train__core_003__episode_00049,core_003__49,5,0.1810648249305731,0.0197226245774656,4913.760719099984,82644
core_003,49,1,3.2898902893066406,0.5,1.0,0.1013205043192161,0.3333333432674408,0.6666666865348816,0.0714285746216774,1,0.6666666865348816,3.2898902893066406,0.3333333432674408,0.3333333432674408,0.0,0.0,0.0,0.0,0.0,0.0,0.0,0.0,0.0,0.0,0.0,0.0,0.0,0.0,0.0,0.0,0.0,0.0,0.0,0.5,1.0,0.0714285746216774,0.6443419456481934,0.5659059286117554,0.6000000238418579,0.6021455526351929,0.5888319611549377,0.0873129069805145,1.0,0.0,0.3333333432674408,0.5699999928474426,0.0,0.0,1.0,0.1449999958276748,0.1500000059604644,train__core_003__episode_00049,core_003__49,0,0.5276834958688031,0.0020845052085222,4913.760719099984,82644
core_003,49,2,1.6278204917907717,1.0,1.0,0.2047727897200381,0.3333333432674408,0.3333333432674408,0.0476190485060215,2,0.3333333432674408,1.6278204917907717,0.3333333432674408,0.0,0.0,0.0,0.0,0.0,0.0,0.0,0.0,0.0,0.0,0.0,0.0,0.0,0.0,0.0,0.0,0.0,0.0,0.0,0.0,1.0,1.0,0.0476190485060215,0.9343982338905334,0.6443419456481934,0.7491127848625183,0.6084800958633423,0.5975599884986877,0.0885275229811668,1.0,1.0,0.6666666865348816,0.5787500143051147,0.0,0.0,1.0,0.1449999958276748,0.1500000059604644,train__core_003__episode_00049,core_003__49,1,0.3166666666666666,0.0031560757805984,4913.760719099984,82644
core_003,50,0,4.888636112213135,0.3333333432674408,0.6666666865348816,0.0681853456907303,0.3333333432674408,1.0,0.095238097012043,0,1.0,4.888636112213135,0.3333333432674408,0.3333333432674408,0.3333333432674408,0.0,0.0,0.0,0.0,0.0,0.0,0.0,0.0,0.0,0.0,0.0,0.0,0.0,0.0,0.0,0.0,0.0,0.0,0.3333333432674408,0.6666666865348816,0.095238097012043,0.6617228388786316,0.6057392358779907,0.6000000238418579,0.6078360080718994,0.591677188873291,0.0860545858740806,1.0,0.0,0.0,0.5699999928474426,0.0,1.0,1.0,0.1449999958276748,0.1500000059604644,train__core_003__episode_00050,core_003__50,0,0.3118412169704594,0.0022843974552851,4913.760719099984,82644
core_003,50,1,3.212489128112793,0.5,1.0,0.1037617031448945,0.3333333432674408,0.6666666865348816,0.0714285746216774,1,0.6666666865348816,3.212489128112793,0.3333333432674408,0.3333333432674408,0.0,0.0,0.0,0.0,0.0,0.0,0.0,0.0,0.0,0.0,0.0,0.0,0.0,0.0,0.0,0.0,0.0,0.0,0.0,0.5,1.0,0.0714285746216774,0.9458745121955872,0.6617228388786316,0.7491127848625183,0.616653561592102,0.6016467213630676,0.0879414454102516,1.0,1.0,0.3333333432674408,0.5787500143051147,0.0,0.0,1.0,0.1449999958276748,0.1500000059604644,train__core_003__episode_00050,core_003__50,1,0.6446827134586283,0.0039564474472185,4913.760719099984,82644
core_003,50,2,1.5362192392349243,1.0,1.0,0.2169829245423649,0.3333333432674408,0.3333333432674408,0.0476190485060215,2,0.3333333432674408,1.5362192392349243,0.3333333432674408,0.0,0.0,0.0,0.0,0.0,0.0,0.0,0.0,0.0,0.0,0.0,0.0,0.0,0.0,0.0,0.0,0.0,0.0,0.0,0.0,1.0,1.0,0.0476190485060215,0.9617072343826294,0.9458745121955872,0.5,0.644762396812439,0.6192091703414917,0.1411413252353668,1.0,1.0,0.6666666865348816,0.5899999737739563,0.0,0.0,1.0,0.1449999958276748,0.1500000059604644,train__core_003__episode_00050,core_003__50,0,0.3231604457412273,0.0064937790745606,4913.760719099984,82644
core_003,51,0,4.776379108428955,0.3333333432674408,0.6666666865348816,0.0697878739732367,0.3333333432674408,1.0,0.095238097012043,0,1.0,4.776379108428955,0.3333333432674408,0.3333333432674408,0.3333333432674408,0.0,0.0,0.0,0.0,0.0,0.0,0.0,0.0,0.0,0.0,0.0,0.0,0.0,0.0,0.0,0.0,0.0,0.0,0.3333333432674408,0.6666666865348816,0.095238097012043,0.9576980471611024,0.699999988079071,0.7491127848625183,0.6221217513084412,0.6043807864189148,0.0916842222213745,1.0,1.0,0.0,0.5787500143051147,0.0,1.0,1.0,0.1449999958276748,0.1500000059604644,train__core_003__episode_00051,core_003__51,1,0.3487232091694988,0.0129178992543976,4913.760719099984,82644
core_003,51,1,3.03870701789856,0.5,1.0,0.1096957822205445,0.3333333432674408,0.6666666865348816,0.0714285746216774,1,0.6666666865348816,3.03870701789856,0.3333333432674408,0.3333333432674408,0.0,0.0,0.0,0.0,0.0,0.0,0.0,0.0,0.0,0.0,0.0,0.0,0.0,0.0,0.0,0.0,0.0,0.0,0.0,0.5,1.0,0.0714285746216774,0.9741283059120178,0.9576980471611024,0.5,0.6519196033477783,0.6227877736091614,0.1459507346153259,1.0,1.0,0.3333333432674408,0.5899999737739563,0.0,0.0,1.0,0.1449999958276748,0.1500000059604644,train__core_003__episode_00051,core_003__51,1,0.564061533106651,0.0145946146743157,4913.760719099984,82644
core_003,52,0,4.735089302062988,0.3333333432674408,0.6666666865348816,0.0703964216941407,0.3333333432674408,1.0,0.095238097012043,0,1.0,4.735089302062988,0.3333333432674408,0.3333333432674408,0.3333333432674408,0.0,0.0,0.0,0.0,0.0,0.0,0.0,0.0,0.0,0.0,0.0,0.0,0.0,0.0,0.0,0.0,0.0,0.0,0.3333333432674408,0.6666666865348816,0.095238097012043,0.9777620434761048,0.7870869636535645,0.5,0.6275466084480286,0.6106013059616089,0.0998017787933349,1.0,1.0,0.0,0.5899999737739563,0.0,1.0,1.0,0.1449999958276748,0.1500000059604644,train__core_003__episode_00052,core_003__52,1,0.2429706879551979,0.026411840980226,4913.760719099984,82644
core_003,52,1,2.847079038619995,0.5,1.0,0.1170790619950651,0.3333333432674408,0.6666666865348816,0.0714285746216774,1,0.6666666865348816,2.847079038619995,0.3333333432674408,0.3333333432674408,0.0,0.0,0.0,0.0,0.0,0.0,0.0,0.0,0.0,0.0,0.0,0.0,0.0,0.0,0.0,0.0,0.0,0.0,0.0,0.5,1.0,0.0714285746216774,0.6430480480194092,0.9777620434761048,0.5,0.6957983374595642,0.6332948803901672,0.1431769132614135,0.0,0.0,0.3333333432674408,0.5565000176429749,0.0,0.0,1.0,0.1449999958276748,0.1500000059604644,train__core_003__episode_00052,core_003__52,1,0.437725304505586,0.0072456478064523,4913.760719099984,82644
core_003,53,0,4.166062355041504,0.3333333432674408,0.6666666865348816,0.080011606850786,0.3333333432674408,1.0,0.095238097012043,0,1.0,4.166062355041504,0.3333333432674408,0.3333333432674408,0.3333333432674408,0.0,0.0,0.0,0.0,0.0,0.0,0.0,0.0,0.0,0.0,0.0,0.0,0.0,0.0,0.0,0.0,0.0,0.0,0.3333333432674408,0.6666666865348816,0.095238097012043,0.6730234622955322,1.100000023841858,0.5,0.7132608890533447,0.6420261859893799,0.1793791949748993,0.0,0.0,0.0,0.5565000176429749,0.0,0.0,1.0,0.1449999958276748,0.1500000059604644,train__core_003__episode_00053,core_003__53,0,0.1624457523801962,0.0017355782278809,4913.760719099984,82644
core_003,53,1,2.6843502521514893,0.5,1.0,0.1241765462611581,0.3333333432674408,0.6666666865348816,0.0714285746216774,1,0.6666666865348816,2.6843502521514893,0.3333333432674408,0.3333333432674408,0.0,0.0,0.0,0.0,0.0,0.0,0.0,0.0,0.0,0.0,0.0,0.0,0.0,0.0,0.0,0.0,0.0,0.0,0.0,0.5,1.0,0.0714285746216774,0.7470018863677979,0.6730234622955322,0.6000000238418579,0.7379785180091858,0.6472421288490295,0.1590599119663238,1.0,0.0,0.3333333432674408,0.5864999890327454,0.0,0.0,1.0,0.1449999958276748,0.1500000059604644,train__core_003__episode_00053,core_003__53,0,0.4912940692350436,0.0028808861893076,4913.760719099984,82644
core_003,54,0,4.006495475769043,0.3333333432674408,0.6666666865348816,0.0831982327905806,0.3333333432674408,1.0,0.095238097012043,0,1.0,4.006495475769043,0.3333333432674408,0.3333333432674408,0.3333333432674408,0.0,0.0,0.0,0.0,0.0,0.0,0.0,0.0,0.0,0.0,0.0,0.0,0.0,0.0,0.0,0.0,0.0,0.0,0.3333333432674408,0.6666666865348816,0.095238097012043,0.7534133791923523,0.698849081993103,0.6000000238418579,0.7416679263114929,0.6490868330001831,0.1578050553798675,1.0,0.0,0.0,0.5864999890327454,0.0,1.0,1.0,0.1449999958276748,0.1500000059604644,train__core_003__episode_00054,core_003__54,0,0.1900041484362732,0.0029532126854117,4913.760719099984,82644
core_003,54,1,2.594334840774536,0.5,1.0,0.1284850891367301,0.3333333432674408,0.6666666865348816,0.0714285746216774,1,0.6666666865348816,2.594334840774536,0.3333333432674408,0.3333333432674408,0.0,0.0,0.0,0.0,0.0,0.0,0.0,0.0,0.0,0.0,0.0,0.0,0.0,0.0,0.0,0.0,0.0,0.0,0.0,0.5,1.0,0.0714285746216774,0.7394065856933594,0.7534133791923523,0.699999988079071,0.7635840773582458,0.6619608402252197,0.1468833237886428,1.0,0.0,0.3333333432674408,0.5665000081062317,0.0,0.0,1.0,0.1449999958276748,0.1500000059604644,train__core_003__episode_00054,core_003__54,0,0.4904460343653852,0.002795205937261,4913.760719099984,82644
core_003,55,0,3.968764543533325,0.3333333432674408,0.6666666865348816,0.08398919603597337,0.3333333432674408,1.0,0.095238097012043,0,1.0,3.968764543533325,0.3333333432674408,0.3333333432674408,0.3333333432674408,0.0,0.0,0.0,0.0,0.0,0.0,0.0,0.0,0.0,0.0,0.0,0.0,0.0,0.0,0.0,0.0,0.0,0.0,0.3333333432674408,0.6666666865348816,0.095238097012043,0.7440902590751648,0.6493571996688843,0.699999988079071,0.7487189173698425,0.6545282602310181,0.1523250788450241,1.0,0.0,0.0,0.5665000081062317,0.0,1.0,1.0,0.14499999582767487,0.15000000596046448,train__core_003__episode_00055,core_003__55,0,0.20608074487043426,0.002848040664479967,4913.760719099984,82644
core_003,55,1,2.6237704753875732,0.5,1.0,0.1270436367793193,0.3333333432674408,0.6666666865348816,0.0714285746216774,1,0.6666666865348816,2.6237704753875732,0.3333333432674408,0.3333333432674408,0.0,0.0,0.0,0.0,0.0,0.0,0.0,0.0,0.0,0.0,0.0,0.0,0.0,0.0,0.0,0.0,0.0,0.0,0.0,0.5,1.0,0.0714285746216774,0.7446070909500122,0.7440902590751648,0.6057392358779907,0.7550175189971924,0.6667311191558838,0.15108686685562134,1.0,0.0,0.3333333432674408,0.5899999737739563,0.0,0.0,1.0,0.14499999582767487,0.15000000596046448,train__core_003__episode_00055,core_003__55,0,0.5098170430934938,0.002853871169429034,4913.760719099984,82644
core_003,56,0,4.015231132507324,0.3333333432674408,0.6666666865348816,0.0830172242311963,0.3333333432674408,1.0,0.095238097012043,0,1.0,4.015231132507324,0.3333333432674408,0.3333333432674408,0.3333333432674408,0.0,0.0,0.0,0.0,0.0,0.0,0.0,0.0,0.0,0.0,0.0,0.0,0.0,0.0,0.0,0.0,0.0,0.0,0.3333333432674408,0.6666666865348816,0.095238097012043,0.747968316078186,0.6393479704856873,0.6057392358779907,0.7400543689727783,0.6592495441436768,0.15651720762252808,1.0,0.0,0.0,0.5899999737739563,0.0,1.0,1.0,0.14499999582767487,0.15000000596046448,train__core_003__episode_00056,core_003__56,0,0.2949644327064775,0.0028917880852052935,4913.760719099984,82644
core_003,56,1,2.6052916049957275,0.5,1.0,0.12794473471923978,0.3333333432674408,0.6666666865348816,0.0714285746216774,1,0.6666666865348816,2.6052916049957275,0.3333333432674408,0.3333333432674408,0.0,0.0,0.0,0.0,0.0,0.0,0.0,0.0,0.0,0.0,0.0,0.0,0.0,0.0,0.0,0.0,0.0,0.0,0.0,0.5,1.0,0.0714285746216774,0.7942754030227661,0.747968316078186,0.699999988079071,0.7603727579116821,0.6841043829917908,0.14668512344360352,1.0,0.0,0.3333333432674408,0.5745000243186951,0.0,0.0,1.0,0.14499999582767487,0.15000000596046448,train__core_003__episode_00056,core_003__56,0,0.5973303850962135,0.004624441961153192,4913.760719099984,82644
core_003,57,0,2.565155029296875,0.3333333432674408,0.6666666865348816,0.12994666578059008,0.3333333432674408,1.0,0.095238097012043,0,1.0,2.565155029296875,0.3333333432674408,0.3333333432674408,0.3333333432674408,0.0,0.0,0.0,0.0,0.0,0.0,0.0,0.0,0.0,0.0,0.0,0.0,0.0,0.0,0.0,0.0,0.0,0.0,0.3333333432674408,0.6666666865348816,0.095238097012043,1.3592041730880737,1.1370035409927368,1.1370035409927368,1.1370035409927368,1.0,2.220446049250313e-16,1.0,0.0,0.0,0.38850000500679016,0.0,0.0,1.0,0.14800000190734863,0.164000004529953,train__core_003__episode_00057,core_003__57,0,0.44999999999999996,0.02316041370691524,4913.760719099984,82644
core_003,58,0,9.721967697143555,0.3333333432674408,0.6666666865348816,0.03428661292151574,0.3333333432674408,1.0,0.095238097012043,0,1.0,9.721967697143555,0.3333333432674408,0.3333333432674408,0.3333333432674408,0.0,0.0,0.0,0.0,0.0,0.0,0.0,0.0,0.0,0.0,0.0,0.0,0.0,0.0,0.0,0.0,0.0,0.0,0.3333333432674408,0.6666666865348816,0.095238097012043,0.4246506690979004,0.30000001192092896,0.30000001192092896,0.30000001192092896,0.30000001192092896,0.0,1.0,0.0,0.0,0.37275001406669617,0.0,0.0,1.0,0.14800000190734863,0.164000004529953,train__core_003__episode_00058,core_003__58,5,-0.01825322820724265,0.011106113016620733,4913.760719099984,82644
core_003,58,1,6.1181535720825195,0.5,1.0,0.054482670194559955,0.3333333432674408,0.6666666865348816,0.0714285746216774,1,0.6666666865348816,6.1181535720825195,0.3333333432674408,0.3333333432674408,0.0,0.0,0.0,0.0,0.0,0.0,0.0,0.0,0.0,0.0,0.0,0.0,0.0,0.0,0.0,0.0,0.0,0.0,0.0,0.5,1.0,0.0714285746216774,0.5004660487174988,0.4246506690979004,0.30000001192092896,0.31780722737312317,0.30890360474586487,0.04361864551901817,1.0,1.0,0.3333333432674408,0.3942500054836273,0.0,0.0,1.0,0.14800000190734863,0.164000004529953,train__core_003__episode_00058,core_003__58,5,0.3423825589859612,0.009919622710107656,4913.760719099984,82644
core_003,58,2,2.806206226348877,1.0,1.0,0.11878433599697946,0.3333333432674408,0.3333333432674408,0.0476190485060215,2,0.3333333432674408,2.806206226348877,0.3333333432674408,0.0,0.0,0.0,0.0,0.0,0.0,0.0,0.0,0.0,0.0,0.0,0.0,0.0,0.0,0.0,0.0,0.0,0.0,0.0,0.0,1.0,1.0,0.0476190485060215,0.4909449815750122,0.5004660487174988,0.30000001192092896,0.346445232629776,0.32322263717651367,0.07618051767349243,1.0,1.0,0.6666666865348816,0.3852500021457672,0.0,0.0,1.0,0.14800000190734863,0.164000004529953,train__core_003__episode_00058,core_003__58,5,0.16872500213740443,0.00864685358830114,4913.760719099984,82644
core_003,59,0,8.876579284667969,0.3333333432674408,0.6666666865348816,0.0375520042775024,0.3333333432674408,1.0,0.095238097012043,0,1.0,8.876579284667969,0.3333333432674408,0.3333333432674408,0.3333333432674408,0.0,0.0,0.0,0.0,0.0,0.0,0.0,0.0,0.0,0.0,0.0,0.0,0.0,0.0,0.0,0.0,0.0,0.0,0.3333333432674408,0.6666666865348816,0.095238097012043,0.506653904914856,0.5,0.30000001192092896,0.3285714387893677,0.3142857253551483,0.06998541951179504,1.0,1.0,0.0,0.3942500054836273,0.0,0.0,1.0,0.14800000190734863,0.164000004529953,train__core_003__episode_00059,core_003__59,5,-0.020668386779703285,0.020164102550915275,4913.760719099984,82644
core_003,59,1,5.429850101470947,0.5,1.0,0.06138905071746654,0.3333333432674408,0.6666666865348816,0.0714285746216774,1,0.6666666865348816,5.429850101470947,0.3333333432674408,0.3333333432674408,0.0,0.0,0.0,0.0,0.0,0.0,0.0,0.0,0.0,0.0,0.0,0.0,0.0,0.0,0.0,0.0,0.0,0.0,0.0,0.5,1.0,0.0714285746216774,0.49835699796676636,0.506653904914856,0.30000001192092896,0.35809341073036194,0.32904669642448425,0.09187096357345581,1.0,1.0,0.3333333432674408,0.3852500021457672,0.0,0.0,1.0,0.14800000190734863,0.164000004529953,train__core_003__episode_00059,core_003__59,5,0.33833559275279335,0.00010525957810492148,4913.760719099984,82644
core_003,59,2,2.515841007232666,1.0,1.0,0.1324938031891353,0.3333333432674408,0.3333333432674408,0.0476190485060215,2,0.3333333432674408,2.515841007232666,0.3333333432674408,0.0,0.0,0.0,0.0,0.0,0.0,0.0,0.0,0.0,0.0,0.0,0.0,0.0,0.0,0.0,0.0,0.0,0.0,0.0,0.0,1.0,1.0,0.0476190485060215,0.3827623128890991,0.49835699796676636,0.30000001192092896,0.38643011450767517,0.34321507811546326,0.09982854127883911,0.0,0.0,0.6666666865348816,0.38199999928474426,0.0,0.0,1.0,0.14800000190734863,0.164000004529953,train__core_003__episode_00059,core_003__59,5,0.17548378464262704,0.024284949691605967,4913.760719099984,82644
core_003,60,0,6.380041122436523,0.3333333432674408,0.6666666865348816,0.052246268773286766,0.3333333432674408,1.0,0.095238097012043,0,1.0,6.380041122436523,0.3333333432674408,0.3333333432674408,0.3333333432674408,0.0,0.0,0.0,0.0,0.0,0.0,0.0,0.0,0.0,0.0,0.0,0.0,0.0,0.0,0.0,0.0,0.0,0.0,0.3333333432674408,0.6666666865348816,0.095238097012043,0.6523929834365845,1.2000000476837158,0.30000001192092896,0.4571428596973419,0.37857142090797424,0.311022013425827,1.0,1.0,0.0,0.3852500021457672,0.0,0.0,1.0,0.14800000190734863,0.164000004529953,train__core_003__episode_00060,core_003__60,0,0.02373496659306204,0.0026687595093931593,4913.760719099984,82644
core_003,60,1,3.831432819366455,0.5,1.0,0.086999657564806,0.3333333432674408,0.6666666865348816,0.0714285746216774,1,0.6666666865348816,3.831432819366455,0.3333333432674408,0.3333333432674408,0.0,0.0,0.0,0.0,0.0,0.0,0.0,0.0,0.0,0.0,0.0,0.0,0.0,0.0,0.0,0.0,0.0,0.0,0.0,0.5,1.0,0.0714285746216774,0.4612424075603485,0.6523929834365845,0.30000001192092896,0.5074847340583801,0.40374234318733215,0.3100302815437317,0.0,0.0,0.3333333432674408,0.38199999928474426,0.0,0.0,1.0,0.14800000190734863,0.164000004529953,train__core_003__episode_00060,core_003__60,5,0.3555340151683687,0.008947342819006221,4913.760719099984,82644
core_003,60,2,1.8325378894805908,1.0,1.0,0.18189710847502302,0.3333333432674408,0.3333333432674408,0.0476190485060215,2,0.3333333432674408,1.8325378894805908,0.3333333432674408,0.0,0.0,0.0,0.0,0.0,0.0,0.0,0.0,0.0,0.0,0.0,0.0,0.0,0.0,0.0,0.0,0.0,0.0,0.0,0.0,1.0,1.0,0.0476190485060215,0.4480060935020447,0.4612424075603485,0.30000001192092896,0.5305193662643433,0.4152596592903137,0.29957249760627747,1.0,0.0,0.6666666865348816,0.39125001430511475,0.0,0.0,1.0,0.14800000190734863,0.164000004529953,train__core_003__episode_00060,core_003__60,5,0.1792962017207517,0.011887740112257572,4913.760719099984,82644
core_003,61,0,5.8331804275512695,0.3333333432674408,0.6666666865348816,0.057144356737713994,0.3333333432674408,1.0,0.095238097012043,0,1.0,5.8331804275512695,0.3333333432674408,0.3333333432674408,0.3333333432674408,0.0,0.0,0.0,0.0,0.0,0.0,0.0,0.0,0.0,0.0,0.0,0.0,0.0,0.0,0.0,0.0,0.0,0.0,0.3333333432674408,0.6666666865348816,0.095238097012043,0.46358662843704224,0.6000000238418579,0.30000001192092896,0.5,0.4000000059604645,0.30705979466438293,0.0,0.0,0.0,0.38199999928474426,0.0,0.0,1.0,0.14800000190734863,0.164000004529953,train__core_003__episode_00061,core_003__61,5,-0.012283970569842873,0.016283142592339955,4913.760719099984,82644
core_003,61,1,3.7151448726654053,0.5,1.0,0.08972283846048057,0.3333333432674408,0.6666666865348816,0.0714285746216774,1,0.6666666865348816,3.7151448726654053,0.3333333432674408,0.3333333432674408,0.0,0.0,0.0,0.0,0.0,0.0,0.0,0.0,0.0,0.0,0.0,0.0,0.0,0.0,0.0,0.0,0.0,0.0,0.0,0.5,1.0,0.0714285746216774,0.4626944661140442,0.46358662843704224,0.30000001192092896,0.5233694911003113,0.4116847515106201,0.2970096170902252,1.0,0.0,0.3333333432674408,0.39125001430511475,0.0,0.0,1.0,0.14800000190734863,0.164000004529953,train__core_003__episode_00061,core_003__61,5,0.34751126606550337,0.003913537368595066,4913.760719099984,82644
core_003,61,2,1.7785879373550415,1.0,1.0,0.18741459798897805,0.3333333432674408,0.3333333432674408,0.0476190485060215,2,0.3333333432674408,1.7785879373550415,0.3333333432674408,0.0,0.0,0.0,0.0,0.0,0.0,0.0,0.0,0.0,0.0,0.0,0.0,0.0,0.0,0.0,0.0,0.0,0.0,0.0,0.0,1.0,1.0,0.0476190485060215,0.45228320360183716,0.4626944661140442,0.30000001192092896,0.5466116070747375,0.42330577969551086,0.28473275899887085,1.0,0.0,0.6666666865348816,0.40525001287460327,0.0,0.0,1.0,0.14800000190734863,0.164000004529953,train__core_003__episode_00061,core_003__61,5,0.17796005895098962,0.011959197236255853,4913.760719099984,82644
core_003,62,0,5.23490571975708,0.3333333432674408,0.6666666865348816,0.06367513783665787,0.3333333432674408,1.0,0.095238097012043,0,1.0,5.23490571975708,0.3333333432674408,0.3333333432674408,0.3333333432674408,0.0,0.0,0.0,0.0,0.0,0.0,0.0,0.0,0.0,0.0,0.0,0.0,0.0,0.0,0.0,0.0,0.0,0.0,0.3333333432674408,0.6666666865348816,0.095238097012043,0.48597046732902527,0.699999988079071,0.30000001192092896,0.5571428537368774,0.4285714328289032,0.30169588327407837,1.0,0.0,0.0,0.39125001430511475,0.0,0.0,1.0,0.14800000190734863,0.164000004529953,train__core_003__episode_00062,core_003__62,5,0.009620814158339847,0.020132693258314766,4913.760719099984,82644
core_003,62,1,3.331094741821289,0.5,1.0,0.10006720585953358,0.3333333432674408,0.6666666865348816,0.0714285746216774,1,0.6666666865348816,3.331094741821289,0.3333333432674408,0.3333333432674408,0.0,0.0,0.0,0.0,0.0,0.0,0.0,0.0,0.0,0.0,0.0,0.0,0.0,0.0,0.0,0.0,0.0,0.0,0.0,0.5,1.0,0.0714285746216774,0.48893216252326965,0.48597046732902527,0.30000001192092896,0.5837100744247437,0.4418550431728363,0.28564342856407166,1.0,0.0,0.3333333432674408,0.40525001287460327,0.0,0.0,1.0,0.14800000190734863,0.164000004529953,train__core_003__episode_00062,core_003__62,5,0.3607883609885035,0.01529840901060503,4913.760719099984,82644
core_003,62,2,1.5919374227523804,1.0,1.0,0.2093884712447579,0.3333333432674408,0.3333333432674408,0.0476190485060215,2,0.3333333432674408,1.5919374227523804,0.3333333432674408,0.0,0.0,0.0,0.0,0.0,0.0,0.0,0.0,0.0,0.0,0.0,0.0,0.0,0.0,0.0,0.0,0.0,0.0,0.0,0.0,1.0,1.0,0.0476190485060215,0.5031790137290955,0.48893216252326965,0.30000001192092896,0.6107003688812256,0.45535019040107727,0.2657972574234009,1.0,0.0,0.6666666865348816,0.39800000190734863,0.0,0.0,1.0,0.14800000190734863,0.164000004529953,train__core_003__episode_00062,core_003__62,5,0.1697140998686673,0.002311631191249802,4913.760719099984,82644
core_003,63,0,4.669898986816406,0.3333333432674408,0.6666666865348816,0.07137913351198266,0.3333333432674408,1.0,0.095238097012043,0,1.0,4.669898986816406,0.3333333432674408,0.3333333432674408,0.3333333432674408,0.0,0.0,0.0,0.0,0.0,0.0,0.0,0.0,0.0,0.0,0.0,0.0,0.0,0.0,0.0,0.0,0.0,0.0,0.3333333432674408,0.6666666865348816,0.095238097012043,0.5639311075210571,0.7718575596809387,0.30000001192092896,0.6245510578155518,0.46227553486824036,0.2891652286052704,1.0,0.0,0.0,0.40525001287460327,0.0,1.0,1.0,0.14800000190734863,0.164000004529953,train__core_003__episode_00063,core_003__63,5,0.0418497438232083,0.000978428734648984,4913.760719099984,82644
core_003,63,1,2.9360170364379883,0.5,1.0,0.11353249628000962,0.3333333432674408,0.6666666865348816,0.0714285746216774,1,0.6666666865348816,2.9360170364379883,0.3333333432674408,0.3333333432674408,0.0,0.0,0.0,0.0,0.0,0.0,0.0,0.0,0.0,0.0,0.0,0.0,0.0,0.0,0.0,0.0,0.0,0.0,0.0,0.5,1.0,0.0714285746216774,0.5433461666107178,0.5639311075210571,0.30000001192092896,0.6622555255889893,0.4811277687549591,0.2601388990879059,1.0,0.0,0.3333333432674408,0.39800000190734863,0.0,0.0,1.0,0.14800000190734863,0.164000004529953,train__core_003__episode_00063,core_003__63,4,0.404373225704898,0.007045438080720723,4913.760719099984,82644
core_003,64,0,4.89377498626709,0.3333333432674408,0.6666666865348816,0.06811374536075744,0.3333333432674408,1.0,0.095238097012043,0,1.0,4.89377498626709,0.3333333432674408,0.3333333432674408,0.3333333432674408,0.0,0.0,0.0,0.0,0.0,0.0,0.0,0.0,0.0,0.0,0.0,0.0,0.0,0.0,0.0,0.0,0.0,0.0,0.3333333432674408,0.6666666865348816,0.095238097012043,0.520967960357666,0.10000000149011612,0.30000001192092896,0.595979630947113,0.447989821434021,0.32720065116882324,1.0,0.0,0.0,0.39800000190734863,0.0,0.0,1.0,0.14800000190734863,0.164000004529953,train__core_003__episode_00064,core_003__64,5,0.034577482122159414,0.0046430960366384,4913.760719099984,82644
core_003,64,1,3.098405599594116,0.5,1.0,0.10758221690249549,0.3333333432674408,0.6666666865348816,0.0714285746216774,1,0.6666666865348816,3.098405599594116,0.3333333432674408,0.3333333432674408,0.0,0.0,0.0,0.0,0.0,0.0,0.0,0.0,0.0,0.0,0.0,0.0,0.0,0.0,0.0,0.0,0.0,0.0,0.0,0.5,1.0,0.0714285746216774,0.5483439564704895,0.520967960357666,0.5,0.627546489238739,0.463773250579834,0.30716896057128906,1.0,0.0,0.3333333432674408,0.3959999978542328,0.0,0.0,1.0,0.14800000190734863,0.164000004529953,train__core_003__episode_00064,core_003__64,0,0.40365932091965506,0.00888566433804705,4913.760719099984,82644
core_003,64,2,1.532339096069336,1.0,1.0,0.21753236220526345,0.3333333432674408,0.3333333432674408,0.0476190485060215,2,0.3333333432674408,1.532339096069336,0.3333333432674408,0.0,0.0,0.0,0.0,0.0,0.0,0.0,0.0,0.0,0.0,0.0,0.0,0.0,0.0,0.0,0.0,0.0,0.0,0.0,0.0,1.0,1.0,0.0476190485060215,0.6654927730560303,0.5483439564704895,1.2000000476837158,0.634452760219574,0.4815120995044708,0.30475762486457825,1.0,1.0,0.6666666865348816,0.41449999809265137,0.0,0.0,1.0,0.14800000190734863,0.164000004529953,train__core_003__episode_00064,core_003__64,0,0.22291699986670424,0.0055851844639909776,4913.760719099984,82644
core_003,65,0,4.548379898071289,0.3333333432674408,0.6666666865348816,0.0732861701830994,0.3333333432674408,1.0,0.095238097012043,0,1.0,4.548379898071289,0.3333333432674408,0.3333333432674408,0.3333333432674408,0.0,0.0,0.0,0.0,0.0,0.0,0.0,0.0,0.0,0.0,0.0,0.0,0.0,0.0,0.0,0.0,0.0,0.0,0.3333333432674408,0.6666666865348816,0.095238097012043,0.5638934969902039,0.6168028116226196,0.5,0.641237199306488,0.4706186056137085,0.3042353093624115,1.0,0.0,0.0,0.3959999978542328,0.0,1.0,1.0,0.14800000190734863,0.164000004529953,train__core_003__episode_00065,core_003__65,0,0.08936524494408243,0.004279015737279651,4913.760719099984,82644
core_003,65,1,2.989696502685547,0.5,1.0,0.1114940406051311,0.3333333432674408,0.6666666865348816,0.0714285746216774,1,0.6666666865348816,2.989696502685547,0.3333333432674408,0.3333333432674408,0.0,0.0,0.0,0.0,0.0,0.0,0.0,0.0,0.0,0.0,0.0,0.0,0.0,0.0,0.0,0.0,0.0,0.0,0.0,0.5,1.0,0.0714285746216774,0.6598469614982605,0.5638934969902039,1.2000000476837158,0.6503648161888123,0.48946812748908997,0.30080005526542664,1.0,1.0,0.3333333432674408,0.41449999809265137,0.0,0.0,1.0,0.14800000190734863,0.164000004529953,train__core_003__episode_00065,core_003__65,0,0.45302494626996903,0.004439671537924905,4913.760719099984,82644
core_003,65,2,1.6960861682891846,1.0,1.0,0.19653090125937936,0.3333333432674408,0.3333333432674408,0.0476190485060215,2,0.3333333432674408,1.6960861682891846,0.3333333432674408,0.0,0.0,0.0,0.0,0.0,0.0,0.0,0.0,0.0,0.0,0.0,0.0,0.0,0.0,0.0,0.0,0.0,0.0,0.0,0.0,1.0,1.0,0.0476190485060215,0.6911128759384155,0.6598469614982605,0.6000000238418579,0.5732001066207886,0.515171468257904,0.2034260332584381,1.0,1.0,0.6666666865348816,0.40700000524520874,0.0,0.0,1.0,0.14800000190734863,0.164000004529953,train__core_003__episode_00065,core_003__65,0,0.2321404841568163,0.008795730857116435,4913.760719099984,82644
core_003,66,0,4.652019023895264,0.3333333432674408,0.6666666865348816,0.07165347810386459,0.3333333432674408,1.0,0.095238097012043,0,1.0,4.652019023895264,0.3333333432674408,0.3333333432674408,0.3333333432674408,0.0,0.0,0.0,0.0,0.0,0.0,0.0,0.0,0.0,0.0,0.0,0.0,0.0,0.0,0.0,0.0,0.0,0.0,0.3333333432674408,0.6666666865348816,0.095238097012043,0.6432284712791443,0.4000000059604645,1.2000000476837158,0.6269514560699463,0.477761447429657,0.31276023387908936,1.0,1.0,0.0,0.41449999809265137,0.0,0.0,1.0,0.14800000190734863,0.164000004529953,train__core_003__episode_00066,core_003__66,0,0.07547366573570247,0.004223581286209199,4913.760719099984,82644
core_003,66,1,3.5519702434539795,0.5,1.0,0.09384463281519592,0.3333333432674408,0.6666666865348816,0.0714285746216774,1,0.6666666865348816,3.5519702434539795,0.3333333432674408,0.3333333432674408,0.0,0.0,0.0,0.0,0.0,0.0,0.0,0.0,0.0,0.0,0.0,0.0,0.0,0.0,0.0,0.0,0.0,0.0,0.0,0.5,1.0,0.0714285746216774,0.6455374956130981,0.6432284712791443,0.6000000238418579,0.5474126935005188,0.5022777915000916,0.21123044192790985,1.0,1.0,0.3333333432674408,0.40700000524520874,0.0,0.0,1.0,0.14800000190734863,0.164000004529953,train__core_003__episode_00066,core_003__66,0,0.41057202090097183,0.007042593807178976,4913.760719099984,82644
core_003,66,2,1.7551274299621582,1.0,1.0,0.1899197389186879,0.3333333432674408,0.3333333432674408,0.0476190485060215,2,0.3333333432674408,1.7551274299621582,0.3333333432674408,0.0,0.0,0.0,0.0,0.0,0.0,0.0,0.0,0.0,0.0,0.0,0.0,0.0,0.0,0.0,0.0,0.0,0.0,0.0,0.0,1.0,1.0,0.0476190485060215,0.5091720819473267,0.6455374956130981,0.699999988079071,0.5539180636405945,0.5269590020179749,0.21343949437141418,0.0,0.0,0.6666666865348816,0.40450000762939453,0.0,0.0,1.0,0.14800000190734863,0.164000004529953,train__core_003__episode_00066,core_003__66,5,0.1948391069825989,0.00026030221172756995,4913.760719099984,82644
core_003,67,0,5.250171184539795,0.3333333432674408,0.6666666865348816,0.06348999519272994,0.3333333432674408,1.0,0.095238097012043,0,1.0,5.250171184539795,0.3333333432674408,0.3333333432674408,0.3333333432674408,0.0,0.0,0.0,0.0,0.0,0.0,0.0,0.0,0.0,0.0,0.0,0.0,0.0,0.0,0.0,0.0,0.0,0.0,0.3333333432674408,0.6666666865348816,0.095238097012043,0.6517455577850342,0.699999988079071,0.6000000238418579,0.5555229187011719,0.5063328742980957,0.215794175863266,1.0,1.0,0.0,0.40700000524520874,0.0,0.0,1.0,0.14800000190734863,0.164000004529953,train__core_003__episode_00067,core_003__67,2,0.057501237501195096,0.0027114124326655664,4913.760719099984,82644
core_003,67,1,3.454150438308716,0.5,1.0,0.09650226567162881,0.3333333432674408,0.6666666865348816,0.0714285746216774,1,0.6666666865348816,3.454150438308716,0.3333333432674408,0.3333333432674408,0.0,0.0,0.0,0.0,0.0,0.0,0.0,0.0,0.0,0.0,0.0,0.0,0.0,0.0,0.0,0.0,0.0,0.0,0.0,0.5,1.0,0.0714285746216774,0.5285531282424927,0.6517455577850342,0.699999988079071,0.5629151463508606,0.5314575433731079,0.21806550025939941,0.0,0.0,0.3333333432674408,0.40450000762939453,0.0,0.0,1.0,0.14800000190734863,0.164000004529953,train__core_003__episode_00067,core_003__67,4,0.3868219481055448,0.0007668062680451504,4913.760719099984,82644
core_003,67,2,1.8056384325027466,1.0,1.0,0.184606916460798,0.3333333432674408,0.3333333432674408,0.0476190485060215,2,0.3333333432674408,1.8056384325027466,0.3333333432674408,0.0,0.0,0.0,0.0,0.0,0.0,0.0,0.0,0.0,0.0,0.0,0.0,0.0,0.0,0.0,0.0,0.0,0.0,0.0,0.0,1.0,1.0,0.0476190485060215,0.5208172798156738,0.5285531282424927,0.7718575596809387,0.538422703742981,0.5477827787399292,0.21080027520656586,1.0,0.0,0.6666666865348816,0.41725000739097595,0.0,0.0,1.0,0.14800000190734863,0.164000004529953,train__core_003__episode_00067,core_003__67,5,0.19999999999999998,0.004240126423125601,4913.760719099984,82644
core_003,68,0,6.208039283752441,0.3333333432674408,0.6666666865348816,0.0536938199053982,0.3333333432674408,1.0,0.095238097012043,0,1.0,6.208039283752441,0.3333333432674408,0.3333333432674408,0.3333333432674408,0.0,0.0,0.0,0.0,0.0,0.0,0.0,0.0,0.0,0.0,0.0,0.0,0.0,0.0,0.0,0.0,0.0,0.0,0.3333333432674408,0.6666666865348816,0.095238097012043,0.48216181993484497,0.0,0.699999988079071,0.4698086380958557,0.48490431904792786,0.2881390452384949,0.0,0.0,0.0,0.40450000762939453,0.0,0.0,1.0,0.14800000190734863,0.164000004529953,train__core_003__episode_00068,core_003__68,5,0.03367930293477381,0.006530808657855963,4913.760719099984,82644
core_003,68,1,4.432283401489258,0.5,1.0,0.07520578290536205,0.3333333432674408,0.6666666865348816,0.0714285746216774,1,0.6666666865348816,4.432283401489258,0.3333333432674408,0.3333333432674408,0.0,0.0,0.0,0.0,0.0,0.0,0.0,0.0,0.0,0.0,0.0,0.0,0.0,0.0,0.0,0.0,0.0,0.0,0.0,0.5,1.0,0.0714285746216774,0.4737650752067566,0.48216181993484497,0.7718575596809387,0.43868887424468994,0.4979158639907837,0.2729610800743103,1.0,0.0,0.3333333432674408,0.41725000739097595,0.0,0.0,1.0,0.14800000190734863,0.164000004529953,train__core_003__episode_00068,core_003__68,5,0.3964239160668809,0.01804333021749055,4913.760719099984,82644
core_003,68,2,2.4543962478637695,1.0,1.0,0.1358107288330333,0.3333333432674408,0.3333333432674408,0.0476190485060215,2,0.3333333432674408,2.4543962478637695,0.3333333432674408,0.0,0.0,0.0,0.0,0.0,0.0,0.0,0.0,0.0,0.0,0.0,0.0,0.0,0.0,0.0,0.0,0.0,0.0,0.0,0.0,1.0,1.0,0.0476190485060215,0.48423731327056885,0.4737650752067566,0.10000000149011612,0.39610424637794495,0.5103276371955872,0.238773375749588,1.0,0.0,0.6666666865348816,0.4235000014305115,0.0,0.0,1.0,0.14800000190734863,0.164000004529953,train__core_003__episode_00068,core_003__68,5,0.19999999999999998,0.015102998231316722,4913.760719099984,82644
core_003,69,0,7.321125507354736,0.3333333432674408,0.6666666865348816,0.045530341329700894,0.3333333432674408,1.0,0.095238097012043,0,1.0,7.321125507354736,0.3333333432674408,0.3333333432674408,0.3333333432674408,0.0,0.0,0.0,0.0,0.0,0.0,0.0,0.0,0.0,0.0,0.0,0.0,0.0,0.0,0.0,0.0,0.0,0.0,0.3333333432674408,0.6666666865348816,0.095238097012043,0.4813339114189148,0.20000000298023224,0.7718575596809387,0.3983800411224365,0.477761447429657,0.2841687500476837,1.0,0.0,0.0,0.41725000739097595,0.0,0.0,1.0,0.14800000190734863,0.164000004529953,train__core_003__episode_00069,core_003__69,5,0.041710486728514296,0.017043357418778077,4913.760719099984,82644
core_003,69,1,5.448362827301025,0.5,1.0,0.06118045986165817,0.3333333432674408,0.6666666865348816,0.0714285746216774,1,0.6666666865348816,5.448362827301025,0.3333333432674408,0.3333333432674408,0.0,0.0,0.0,0.0,0.0,0.0,0.0,0.0,0.0,0.0,0.0,0.0,0.0,0.0,0.0,0.0,0.0,0.0,0.0,0.5,1.0,0.0714285746216774,0.44909700751304626,0.4813339114189148,0.10000000149011612,0.3568766713142395,0.49071386456489563,0.24512425065040588,1.0,0.0,0.3333333432674408,0.4235000014305115,0.0,0.0,1.0,0.14800000190734863,0.164000004529953,train__core_003__episode_00069,core_003__69,5,0.3967583323356372,0.03542969383074013,4913.760719099984,82644
core_003,69,2,2.390171766281128,1.0,1.0,0.13945999528982583,0.3333333432674408,0.3333333432674408,0.0476190485060215,2,0.3333333432674408,2.390171766281128,0.3333333432674408,0.0,0.0,0.0,0.0,0.0,0.0,0.0,0.0,0.0,0.0,0.0,0.0,0.0,0.0,0.0,0.0,0.0,0.0,0.0,0.0,1.0,1.0,0.0476190485060215,0.47891566157341003,0.44909700751304626,0.6168028116226196,0.4067476689815521,0.5013636350631714,0.22223232686519623,1.0,0.0,0.6666666865348816,0.4339999854564667,0.0,0.0,1.0,0.14800000190734863,0.164000004529953,train__core_003__episode_00069,core_003__69,5,0.19678498958866222,0.018647849666216215,4913.760719099984,82644
core_003,70,0,9.20971965789795,0.3333333432674408,0.6666666865348816,0.03619364710863758,0.3333333432674408,1.0,0.095238097012043,0,1.0,9.20971965789795,0.3333333432674408,0.3333333432674408,0.3333333432674408,0.0,0.0,0.0,0.0,0.0,0.0,0.0,0.0,0.0,0.0,0.0,0.0,0.0,0.0,0.0,0.0,0.0,0.0,0.3333333432674408,0.6666666865348816,0.095238097012043,0.4564216434955597,0.20000000298023224,0.10000000149011612,0.31668612360954285,0.4706186056137085,0.24448634684085846,1.0,0.0,0.0,0.4235000014305115,0.0,0.0,1.0,0.14800000190734863,0.164000004529953,train__core_003__episode_00070,core_003__70,5,0.0546392947958049,0.027469192071264442,4913.760719099984,82644
core_003,70,1,5.289377212524414,0.5,1.0,0.06301939337549227,0.3333333432674408,0.6666666865348816,0.0714285746216774,1,0.6666666865348816,5.289377212524414,0.3333333432674408,0.3333333432674408,0.0,0.0,0.0,0.0,0.0,0.0,0.0,0.0,0.0,0.0,0.0,0.0,0.0,0.0,0.0,0.0,0.0,0.0,0.0,0.5,1.0,0.0714285746216774,0.4622005522251129,0.4564216434955597,0.6168028116226196,0.36760348081588745,0.48179158568382263,0.2307875156402588,1.0,0.0,0.3333333432674408,0.4339999854564667,0.0,0.0,1.0,0.14800000190734863,0.164000004529953,train__core_003__episode_00070,core_003__70,5,0.3977809914041185,0.027394623610623392,4913.760719099984,82644
core_003,70,2,2.813741445541382,1.0,1.0,0.11846623071769316,0.3333333432674408,0.3333333432674408,0.0476190485060215,2,0.3333333432674408,2.813741445541382,0.3333333432674408,0.0,0.0,0.0,0.0,0.0,0.0,0.0,0.0,0.0,0.0,0.0,0.0,0.0,0.0,0.0,0.0,0.0,0.0,0.0,0.0,1.0,1.0,0.0476190485060215,0.4794001579284668,0.4622005522251129,0.4000000059604645,0.34551745653152466,0.49337732791900635,0.2125605344772339,1.0,0.0,0.6666666865348816,0.4339999854564667,0.0,0.0,1.0,0.14800000190734863,0.164000004529953,train__core_003__episode_00070,core_003__70,5,0.19802403831687126,0.014842148830826046,4913.760719099984,82644
core_003,71,0,7.796056747436523,0.3333333432674408,0.6666666865348816,0.042756659432609506,0.3333333432674408,1.0,0.095238097012043,0,1.0,7.796056747436523,0.3333333432674408,0.3333333432674408,0.3333333432674408,0.0,0.0,0.0,0.0,0.0,0.0,0.0,0.0,0.0,0.0,0.0,0.0,0.0,0.0,0.0,0.0,0.0,0.0,0.3333333432674408,0.6666666865348816,0.095238097012043,0.48885849118232727,0.5019740462303162,0.6168028116226196,0.37411096692085266,0.48504531383514404,0.23382242023944855,1.0,0.0,0.0,0.4339999854564667,0.0,1.0,1.0,0.14800000190734863,0.164000004529953,train__core_003__episode_00071,core_003__71,5,0.10600544157225253,0.020050038825912636,4913.760719099984,82644
core_003,71,1,5.464339733123779,0.5,1.0,0.06100157741782379,0.3333333432674408,0.6666666865348816,0.0714285746216774,1,0.6666666865348816,5.464339733123779,0.3333333432674408,0.3333333432674408,0.0,0.0,0.0,0.0,0.0,0.0,0.0,0.0,0.0,0.0,0.0,0.0,0.0,0.0,0.0,0.0,0.0,0.0,0.0,0.5,1.0,0.0714285746216774,0.49561381340026855,0.48885849118232727,0.4000000059604645,0.3558332026004791,0.4985352158546448,0.21864505112171173,1.0,0.0,0.3333333432674408,0.4339999854564667,0.0,0.0,1.0,0.14800000190734863,0.164000004529953,train__core_003__episode_00071,core_003__71,5,0.4324344396244002,0.018524528967414855,4913.760719099984,82644
core_003,71,2,2.631169080734253,1.0,1.0,0.12668640176267992,0.3333333432674408,0.3333333432674408,0.0476190485060215,2,0.3333333432674408,2.631169080734253,0.3333333432674408,0.0,0.0,0.0,0.0,0.0,0.0,0.0,0.0,0.0,0.0,0.0,0.0,0.0,0.0,0.0,0.0,0.0,0.0,0.0,0.0,1.0,1.0,0.0476190485060215,0.5945127010345459,0.49561381340026855,0.699999988079071,0.3694923222064972,0.49822190403938293,0.22390097379684448,1.0,1.0,0.6666666865348816,0.4494999945163727,0.0,0.0,1.0,0.14800000190734863,0.164000004529953,train__core_003__episode_00071,core_003__71,0,0.19736350304162775,0.0003801214502564265,4913.760719099984,82644
core_003,72,0,9.271740913391113,0.3333333432674408,0.6666666865348816,0.03595153772966301,0.3333333432674408,1.0,0.095238097012043,0,1.0,9.271740913391113,0.3333333432674408,0.3333333432674408,0.3333333432674408,0.0,0.0,0.0,0.0,0.0,0.0,0.0,0.0,0.0,0.0,0.0,0.0,0.0,0.0,0.0,0.0,0.0,0.0,0.3333333432674408,0.6666666865348816,0.095238097012043,0.5031735897064209,0.20000000298023224,0.4000000059604645,0.3145677149295807,0.47790247201919556,0.21689628064632416,1.0,0.0,0.0,0.4339999854564667,0.0,0.0,1.0,0.14800000190734863,0.164000004529953,train__core_003__episode_00072,core_003__72,5,0.08820898989636886,0.03438197499423262,4913.760719099984,82644
core_003,72,1,5.904504776000977,0.5,1.0,0.05645407293466565,0.3333333432674408,0.6666666865348816,0.0714285746216774,1,0.6666666865348816,5.904504776000977,0.3333333432674408,0.3333333432674408,0.0,0.0,0.0,0.0,0.0,0.0,0.0,0.0,0.0,0.0,0.0,0.0,0.0,0.0,0.0,0.0,0.0,0.0,0.0,0.5,1.0,0.0714285746216774,0.5968874096870422,0.5031735897064209,0.699999988079071,0.32930681109428406,0.47812914848327637,0.22553454339504242,1.0,1.0,0.3333333432674408,0.4494999945163727,0.0,0.0,1.0,0.14800000190734863,0.164000004529953,train__core_003__episode_00072,core_003__72,5,0.40810894312411183,0.004880183546668859,4913.760719099984,82644
core_003,72,2,3.0904946327209473,1.0,1.0,0.10785760303164349,0.3333333432674408,0.3333333432674408,0.0476190485060215,2,0.3333333432674408,3.0904946327209473,0.3333333432674408,0.0,0.0,0.0,0.0,0.0,0.0,0.0,0.0,0.0,0.0,0.0,0.0,0.0,0.0,0.0,0.0,0.0,0.0,0.0,0.0,1.0,1.0,0.0476190485060215,0.5638413429260254,0.5968874096870422,0.0,0.3145764172077179,0.4350496828556061,0.20309315621852875,1.0,1.0,0.6666666865348816,0.41624999046325684,0.0,0.0,1.0,0.14800000190734863,0.164000004529953,train__core_003__episode_00072,core_003__72,0,0.1863215262027426,0.004287957471690862,4913.760719099984,82644
core_003,73,0,8.868967056274414,0.3333333432674408,0.6666666865348816,0.037584235137238645,0.3333333432674408,1.0,0.095238097012043,0,1.0,8.868967056274414,0.3333333432674408,0.3333333432674408,0.3333333432674408,0.0,0.0,0.0,0.0,0.0,0.0,0.0,0.0,0.0,0.0,0.0,0.0,0.0,0.0,0.0,0.0,0.0,0.0,0.3333333432674408,0.6666666865348816,0.095238097012043,0.6015191674232483,0.5,0.699999988079071,0.32885342836380005,0.47790247201919556,0.2251874953508377,1.0,1.0,0.0,0.4494999945163727,0.0,0.0,1.0,0.14800000190734863,0.164000004529953,train__core_003__episode_00073,core_003__73,5,0.06150119573178592,0.015189061389638214,4913.760719099984,82644
core_003,73,1,6.176898956298828,0.5,1.0,0.05396451287705259,0.3333333432674408,0.6666666865348816,0.0714285746216774,1,0.6666666865348816,6.176898956298828,0.3333333432674408,0.3333333432674408,0.0,0.0,0.0,0.0,0.0,0.0,0.0,0.0,0.0,0.0,0.0,0.0,0.0,0.0,0.0,0.0,0.0,0.0,0.0,0.5,1.0,0.0714285746216774,0.5783602595329285,0.6015191674232483,0.0,0.3147847354412079,0.4351538419723511,0.20360226929187775,1.0,1.0,0.3333333432674408,0.41624999046325684,0.0,0.0,1.0,0.14800000190734863,0.164000004529953,train__core_003__episode_00073,core_003__73,0,0.3706340516585009,0.0015410498544681794,4913.760719099984,82644
core_003,73,2,2.4463465213775635,1.0,1.0,0.13625761532742192,0.3333333432674408,0.3333333432674408,0.0476190485060215,2,0.3333333432674408,2.4463465213775635,0.3333333432674408,0.0,0.0,0.0,0.0,0.0,0.0,0.0,0.0,0.0,0.0,0.0,0.0,0.0,0.0,0.0,0.0,0.0,0.0,0.0,0.0,1.0,1.0,0.0476190485060215,0.4170899987220764,0.5783602595329285,0.20000000298023224,0.3974076509475708,0.43360814452171326,0.17434531450271606,0.0,0.0,0.6666666865348816,0.4350000023841858,0.0,0.0,1.0,0.14800000190734863,0.164000004529953,train__core_003__episode_00073,core_003__73,5,0.17908557099999975,0.01833017996116923,4913.760719099984,82644
core_003,74,0,8.160009384155273,0.3333333432674408,0.6666666865348816,0.04084962744218064,0.3333333432674408,1.0,0.095238097012043,0,1.0,8.160009384155273,0.3333333432674408,0.3333333432674408,0.3333333432674408,0.0,0.0,0.0,0.0,0.0,0.0,0.0,0.0,0.0,0.0,0.0,0.0,0.0,0.0,0.0,0.0,0.0,0.0,0.3333333432674408,0.6666666865348816,0.095238097012043,0.6692517399787903,0.8999999761581421,0.0,0.35742485523223877,0.4564738869667053,0.2771565318107605,1.0,1.0,0.0,0.41624999046325684,0.0,0.0,1.0,0.14800000190734863,0.164000004529953,train__core_003__episode_00074,core_003__74,1,0.060094530697658355,0.00048073227180600586,4913.760719099984,82644
core_003,74,1,4.291954040527344,0.5,1.0,0.07766470472887095,0.3333333432674408,0.6666666865348816,0.0714285746216774,1,0.6666666865348816,4.291954040527344,0.3333333432674408,0.3333333432674408,0.0,0.0,0.0,0.0,0.0,0.0,0.0,0.0,0.0,0.0,0.0,0.0,0.0,0.0,0.0,0.0,0.0,0.0,0.0,0.5,1.0,0.0714285746216774,0.46083205938339233,0.6692517399787903,0.20000000298023224,0.4530322551727295,0.4614204466342926,0.251625657081604,0.0,0.0,0.3333333432674408,0.4350000023841858,0.0,0.0,1.0,0.14800000190734863,0.164000004529953,train__core_003__episode_00074,core_003__74,5,0.3853435221424224,0.016255130276984664,4913.760719099984,82644
core_003,74,2,1.9828853607177734,1.0,1.0,0.1681052015769481,0.3333333432674408,0.3333333432674408,0.0476190485060215,2,0.3333333432674408,1.9828853607177734,0.3333333432674408,0.0,0.0,0.0,0.0,0.0,0.0,0.0,0.0,0.0,0.0,0.0,0.0,0.0,0.0,0.0,0.0,0.0,0.0,0.0,0.0,1.0,1.0,0.0476190485060215,0.4417959451675415,0.46083205938339233,0.20000000298023224,0.4902939796447754,0.44433701038360596,0.2297591120004654,1.0,0.0,0.6666666865348816,0.4507499933242798,0.0,0.0,1.0,0.14800000190734863,0.164000004529953,train__core_003__episode_00074,core_003__74,5,0.17987386569252675,0.009169857735259024,4913.760719099984,82644
core_003,75,0,5.668039798736572,0.3333333432674408,0.6666666865348816,0.0588092806514418,0.3333333432674408,1.0,0.095238097012043,0,1.0,5.668039798736572,0.3333333432674408,0.3333333432674408,0.3333333432674408,0.0,0.0,0.0,0.0,0.0,0.0,0.0,0.0,0.0,0.0,0.0,0.0,0.0,0.0,0.0,0.0,0.0,0.0,0.3333333432674408,0.6666666865348816,0.095238097012043,0.49565252661705017,1.100000023841858,0.20000000298023224,0.5145677328109741,0.4921881854534149,0.3356269896030426,0.0,0.0,0.0,0.4350000023841858,0.0,1.0,1.0,0.14800000190734863,0.164000004529953,train__core_003__episode_00075,core_003__75,5,0.03984596177614477,0.036433215886317094,4913.760719099984,82644
core_003,75,1,3.4920623302459717,0.5,1.0,0.09545458005726996,0.3333333432674408,0.6666666865348816,0.0714285746216774,1,0.6666666865348816,3.4920623302459717,0.3333333432674408,0.3333333432674408,0.0,0.0,0.0,0.0,0.0,0.0,0.0,0.0,0.0,0.0,0.0,0.0,0.0,0.0,0.0,0.0,0.0,0.0,0.0,0.5,1.0,0.0714285746216774,0.4735531806945801,0.49565252661705017,0.20000000298023224,0.5568037629127502,0.47759193181991577,0.3110893666744232,1.0,0.0,0.3333333432674408,0.4507499933242798,0.0,0.0,1.0,0.14800000190734863,0.164000004529953,train__core_003__episode_00075,core_003__75,5,0.3800859283558854,0.021172084702271554,4913.760719099984,82644
core_003,75,2,1.6315233707427979,1.0,1.0,0.20430804072128075,0.3333333432674408,0.3333333432674408,0.0476190485060215,2,0.3333333432674408,1.6315233707427979,0.3333333432674408,0.0,0.0,0.0,0.0,0.0,0.0,0.0,0.0,0.0,0.0,0.0,0.0,0.0,0.0,0.0,0.0,0.0,0.0,0.0,0.0,1.0,1.0,0.0476190485060215,0.5010061264038086,0.4735531806945801,0.5019740462303162,0.5958828330039978,0.45628446340560913,0.2793788015842438,1.0,0.0,0.6666666865348816,0.45225000381469727,0.0,0.0,1.0,0.14800000190734863,0.164000004529953,train__core_003__episode_00075,core_003__75,5,0.16760408557543935,0.00031858555514119313,4913.760719099984,82644
core_003,76,0,5.668039798736572,0.3333333432674408,0.6666666865348816,0.0588092806514418,0.3333333432674408,1.0,0.095238097012043,0,1.0,5.668039798736572,0.3333333432674408,0.3333333432674408,0.3333333432674408,0.0,0.0,0.0,0.0,0.0,0.0,0.0,0.0,0.0,0.0,0.0,0.0,0.0,0.0,0.0,0.0,0.0,0.0,0.3333333432674408,0.6666666865348816,0.095238097012043,0.45838984847068787,0.20000000298023224,0.20000000298023224,0.5145677328109741,0.4564738869667053,0.3356269896030426,1.0,0.0,0.0,0.4507499933242798,0.0,0.0,1.0,0.14800000190734863,0.164000004529953,train__core_003__episode_00076,core_003__76,5,0.003282385751307043,0.019402715997882625,4913.760719099984,82644
core_003,76,1,3.5257699489593506,0.5,1.0,0.09454200021354935,0.3333333432674408,0.6666666865348816,0.0714285746216774,1,0.6666666865348816,3.5257699489593506,0.3333333432674408,0.3333333432674408,0.0,0.0,0.0,0.0,0.0,0.0,0.0,0.0,0.0,0.0,0.0,0.0,0.0,0.0,0.0,0.0,0.0,0.0,0.0,0.5,1.0,0.0714285746216774,0.4682323634624481,0.45838984847068787,0.5019740462303162,0.5514805316925049,0.43408334255218506,0.3124062418937683,1.0,0.0,0.3333333432674408,0.45225000381469727,0.0,0.0,1.0,0.14800000190734863,0.164000004529953,train__core_003__episode_00076,core_003__76,5,0.3614023694146411,0.00513280634356672,4913.760719099984,82644
core_003,76,2,1.778429388999939,1.0,1.0,0.18743130614529685,0.3333333432674408,0.3333333432674408,0.0476190485060215,2,0.3333333432674408,1.778429388999939,0.3333333432674408,0.0,0.0,0.0,0.0,0.0,0.0,0.0,0.0,0.0,0.0,0.0,0.0,0.0,0.0,0.0,0.0,0.0,0.0,0.0,0.0,1.0,1.0,0.0476190485060215,0.460529625415802,0.4682323634624481,0.20000000298023224,0.546660304069519,0.46038565039634705,0.31339165568351746,1.0,0.0,0.6666666865348816,0.445250004529953,0.0,0.0,1.0,0.14800000190734863,0.164000004529953,train__core_003__episode_00076,core_003__76,5,0.189003531760324,0.013509469137643476,4913.760719099984,82644
core_003,77,0,5.369876861572266,0.3333333432674408,0.6666666865348816,0.062074671702963956,0.3333333432674408,1.0,0.095238097012043,0,1.0,5.369876861572266,0.3333333432674408,0.3333333432674408,0.3333333432674408,0.0,0.0,0.0,0.0,0.0,0.0,0.0,0.0,0.0,0.0,0.0,0.0,0.0,0.0,0.0,0.0,0.0,0.0,0.3333333432674408,0.6666666865348816,0.095238097012043,0.4742872714996338,0.4000000059604645,0.5019740462303162,0.5431391596794128,0.42991262674331665,0.3155441880226135,1.0,0.0,0.0,0.45225000381469727,0.0,0.0,1.0,0.14800000190734863,0.164000004529953,train__core_003__episode_00077,core_003__77,5,0.006088829299316367,0.01378793649489915,4913.760719099984,82644
core_003,77,1,3.6061787605285645,0.5,1.0,0.09243394889791418,0.3333333432674408,0.6666666865348816,0.0714285746216774,1,0.6666666865348816,3.6061787605285645,0.3333333432674408,0.3333333432674408,0.0,0.0,0.0,0.0,0.0,0.0,0.0,0.0,0.0,0.0,0.0,0.0,0.0,0.0,0.0,0.0,0.0,0.0,0.0,0.5,1.0,0.0714285746216774,0.4601365923881531,0.4742872714996338,0.20000000298023224,0.5391839146614075,0.45664742588996887,0.31620821356773376,1.0,0.0,0.3333333432674408,0.445250004529953,0.0,0.0,1.0,0.14800000190734863,0.164000004529953,train__core_003__episode_00077,core_003__77,5,0.3625382124825496,0.016147929171873687,4913.760719099984,82644
core_003,77,2,1.686827540397644,1.0,1.0,0.19760961644535546,0.3333333432674408,0.3333333432674408,0.0476190485060215,2,0.3333333432674408,1.686827540397644,0.3333333432674408,0.0,0.0,0.0,0.0,0.0,0.0,0.0,0.0,0.0,0.0,0.0,0.0,0.0,0.0,0.0,0.0,0.0,0.0,0.0,0.0,1.0,1.0,0.0476190485060215,0.505726158618927,0.4601365923881531,0.5,0.5763462781906128,0.44545698165893555,0.2882084846496582,1.0,0.0,0.6666666865348816,0.45774999260902405,0.0,0.0,1.0,0.14800000190734863,0.164000004529953,train__core_003__episode_00077,core_003__77,5,0.17502898506152256,0.0029844572929648427,4913.760719099984,82644
core_003,78,0,4.7479376792907715,0.3333333432674408,0.6666666865348816,0.07020592218835375,0.3333333432674408,1.0,0.095238097012043,0,1.0,4.7479376792907715,0.3333333432674408,0.3333333432674408,0.3333333432674408,0.0,0.0,0.0,0.0,0.0,0.0,0.0,0.0,0.0,0.0,0.0,0.0,0.0,0.0,0.0,0.0,0.0,0.0,0.3333333432674408,0.6666666865348816,0.095238097012043,0.5343371629714966,1.0,0.20000000298023224,0.6142857074737549,0.49419835209846497,0.35225221514701843,1.0,0.0,0.0,0.445250004529953,0.0,0.0,1.0,0.14800000190734863,0.164000004529953,train__core_003__episode_00078,core_003__78,5,0.10160723423584772,0.009232901463389648,4913.760719099984,82644
core_003,78,1,2.936936616897583,0.5,1.0,0.11349694826562368,0.3333333432674408,0.6666666865348816,0.0714285746216774,1,0.6666666865348816,2.936936616897583,0.3333333432674408,0.3333333432674408,0.0,0.0,0.0,0.0,0.0,0.0,0.0,0.0,0.0,0.0,0.0,0.0,0.0,0.0,0.0,0.0,0.0,0.0,0.0,0.5,1.0,0.0714285746216774,0.5721985697746277,0.5343371629714966,0.5,0.6620481610298157,0.4883079528808594,0.3133600950241089,1.0,0.0,0.3333333432674408,0.45774999260902405,0.0,0.0,1.0,0.14800000190734863,0.164000004529953,train__core_003__episode_00078,core_003__78,4,0.44335191252513095,0.004329500738547765,4913.760719099984,82644
core_003,79,0,4.083226680755615,0.3333333432674408,0.6666666865348816,0.08163478771297515,0.3333333432674408,1.0,0.095238097012043,0,1.0,4.083226680755615,0.3333333432674408,0.3333333432674408,0.3333333432674408,0.0,0.0,0.0,0.0,0.0,0.0,0.0,0.0,0.0,0.0,0.0,0.0,0.0,0.0,0.0,0.0,0.0,0.0,0.3333333432674408,0.6666666865348816,0.095238097012043,0.6021226644515991,0.8999999761581421,0.5,0.7142857313156128,0.5144267082214355,0.31815797090530396,1.0,0.0,0.0,0.45774999260902405,0.0,0.0,1.0,0.14800000190734863,0.164000004529953,train__core_003__episode_00079,core_003__79,0,0.19475636760972437,0.004501577081220565,4913.760719099984,82644
core_003,79,1,2.6676652431488037,0.5,1.0,0.12495321297284949,0.3333333432674408,0.6666666865348816,0.0714285746216774,1,0.6666666865348816,2.6676652431488037,0.3333333432674408,0.3333333432674408,0.0,0.0,0.0,0.0,0.0,0.0,0.0,0.0,0.0,0.0,0.0,0.0,0.0,0.0,0.0,0.0,0.0,0.0,0.0,0.5,1.0,0.0714285746216774,0.824233889579773,0.6021226644515991,0.8999999761581421,0.728874683380127,0.5288640260696411,0.31024041771888733,1.0,1.0,0.3333333432674408,0.4580000042915344,0.0,0.0,1.0,0.14800000190734863,0.164000004529953,train__core_003__episode_00079,core_003__79,0,0.5446532081480189,0.0016974645167036062,4913.760719099984,82644
core_005,1,0,1.7136812210083008,0.3333333432674408,0.6666666865348816,0.19451303963715794,0.3333333432674408,1.0,0.095238097012043,0,1.0,1.7136812210083008,0.3333333432674408,0.3333333432674408,0.3333333432674408,0.0,0.0,0.0,0.0,0.0,0.0,0.0,0.0,0.0,0.0,0.0,0.0,0.0,0.0,0.0,0.0,0.0,0.0,0.3333333432674408,0.6666666865348816,0.095238097012043,1.014119029045105,0.8669900894165039,0.8669900894165039,0.8669900894165039,0.8669900894165039,1.1102230246251565e-16,1.0,0.0,0.0,0.37275001406669617,0.0,1.0,1.0,0.14499999582767487,0.15000000596046448,train__core_005__episode_00001,core_005__1,0,0.44999999999999984,0.035297796050126784,4913.760719099984,82644
core_005,2,0,1.8902807235717773,0.3333333432674408,0.6666666865348816,0.17634065623733983,0.3333333432674408,1.0,0.095238097012043,0,1.0,1.8902807235717773,0.3333333432674408,0.3333333432674408,0.3333333432674408,0.0,0.0,0.0,0.0,0.0,0.0,0.0,0.0,0.0,0.0,0.0,0.0,0.0,0.0,0.0,0.0,0.0,0.0,0.3333333432674408,0.6666666865348816,0.095238097012043,1.1202094554901123,0.30000001192092896,0.8669900894165039,0.7859914898872375,0.8264907598495483,0.1984051913022995,1.0,1.0,0.0,0.3942500054836273,0.0,0.0,1.0,0.14499999582767487,0.15000000596046448,train__core_005__episode_00002,core_005__2,0,0.44999999999999984,0.03973953099643346,4913.760719099984,82644
core_005,3,0,2.0195088386535645,0.3333333432674408,0.6666666865348816,0.16505663995493028,0.3333333432674408,1.0,0.095238097012043,0,1.0,2.0195088386535645,0.3333333432674408,0.3333333432674408,0.3333333432674408,0.0,0.0,0.0,0.0,0.0,0.0,0.0,0.0,0.0,0.0,0.0,0.0,0.0,0.0,0.0,0.0,0.0,0.0,0.3333333432674408,0.6666666865348816,0.095238097012043,1.023308277130127,0.5149214267730713,0.8669900894165039,0.7356959581375122,0.8013430237770081,0.21539434790611267,1.0,1.0,0.0,0.3852500021457672,0.0,1.0,1.0,0.14499999582767487,0.15000000596046448,train__core_005__episode_00003,core_005__3,0,0.44999999999999984,0.036246729197698446,4913.760719099984,82644
core_005,4,0,2.1744656562805176,0.3333333432674408,0.6666666865348816,0.15329437018454295,0.3333333432674408,1.0,0.095238097012043,0,1.0,2.1744656562805176,0.3333333432674408,0.3333333432674408,0.3333333432674408,0.0,0.0,0.0,0.0,0.0,0.0,0.0,0.0,0.0,0.0,0.0,0.0,0.0,0.0,0.0,0.0,0.0,0.0,0.3333333432674408,0.6666666865348816,0.095238097012043,0.8473653793334961,0.5,0.8669900894165039,0.6832687854766846,0.7751294374465942,0.22162944078445435,0.0,0.0,0.0,0.38199999928474426,0.0,0.0,1.0,0.14499999582767487,0.15000000596046448,train__core_005__episode_00004,core_005__4,0,0.4499999999999999,0.02949505955501497,4913.760719099984,82644
core_005,5,0,2.386766195297241,0.3333333432674408,0.6666666865348816,0.139658984580988,0.3333333432674408,1.0,0.095238097012043,0,1.0,2.386766195297241,0.3333333432674408,0.3333333432674408,0.3333333432674408,0.0,0.0,0.0,0.0,0.0,0.0,0.0,0.0,0.0,0.0,0.0,0.0,0.0,0.0,0.0,0.0,0.0,0.0,0.3333333432674408,0.6666666865348816,0.095238097012043,0.8219150304794312,0.4415574073791504,0.8669900894165039,0.6224927306175232,0.7447413802146912,0.2212471216917038,1.0,0.0,0.0,0.39125001430511475,0.0,1.0,1.0,0.14499999582767487,0.15000000596046448,train__core_005__episode_00005,core_005__5,0,0.4499999999999999,0.028677585718432486,4913.760719099984,82644
core_005,6,0,2.8181350231170654,0.3333333432674408,0.6666666865348816,0.11828153744697069,0.3333333432674408,1.0,0.095238097012043,0,1.0,2.8181350231170654,0.3333333432674408,0.3333333432674408,0.3333333432674408,0.0,0.0,0.0,0.0,0.0,0.0,0.0,0.0,0.0,0.0,0.0,0.0,0.0,0.0,0.0,0.0,0.0,0.0,0.3333333432674408,0.6666666865348816,0.095238097012043,0.7050905823707581,0.20000000298023224,0.8669900894165039,0.5272084474563599,0.6970992684364319,0.23839329183101654,1.0,0.0,0.0,0.40525001287460327,0.0,0.0,1.0,0.14499999582767487,0.15000000596046448,train__core_005__episode_00006,core_005__6,0,0.4499999999999999,0.024680826106975084,4913.760719099984,82644
core_005,6,1,1.548671007156372,0.3655983507633209,1.0,0.12403934926997472,0.19209614396095276,0.5254294872283936,0.07782865315675735,1,0.5254294872283936,1.548671007156372,0.19209614396095276,0.3333333432674408,0.0,0.0,0.0,0.0,0.0,0.0,0.0,0.0,0.0,0.0,0.0,0.0,0.0,0.0,0.0,0.0,0.0,0.0,0.0,0.3655983507633209,1.0,0.07782865315675735,0.7164438962936401,0.7050905823707581,0.8669900894165039,0.5040799379348755,0.6855350136756897,0.2105318158864975,1.0,0.0,0.3333333432674408,0.39800000190734863,0.0,0.0,1.0,0.14499999582767487,0.15000000596046448,train__core_005__episode_00006,core_005__6,0,0.5254294758870104,0.02501134447350295,4913.760719099984,82644
core_005,7,0,3.037916421890259,0.3333333432674408,0.6666666865348816,0.10972432976284233,0.3333333432674408,1.0,0.095238097012043,0,1.0,3.037916421890259,0.3333333432674408,0.3333333432674408,0.3333333432674408,0.0,0.0,0.0,0.0,0.0,0.0,0.0,0.0,0.0,0.0,0.0,0.0,0.0,0.0,0.0,0.0,0.0,0.0,0.3333333432674408,0.6666666865348816,0.095238097012043,0.7330811023712158,0.6000000238418579,0.8669900894165039,0.4890669882297516,0.6780285239219666,0.1990991085767746,1.0,0.0,0.0,0.39800000190734863,0.0,1.0,1.0,0.14499999582767487,0.15000000596046448,train__core_005__episode_00007,core_005__7,0,0.44999999999999984,0.02557996933833462,4913.760719099984,82644
core_005,7,1,1.6016258001327515,0.34200581908226013,1.0,0.10817555190533434,0.1732567548751831,0.5065900683403015,0.07895210385322571,1,0.5065900683403015,1.6016258001327515,0.1732567548751831,0.3333333432674408,0.0,0.0,0.0,0.0,0.0,0.0,0.0,0.0,0.0,0.0,0.0,0.0,0.0,0.0,0.0,0.0,0.0,0.0,0.0,0.34200581908226013,1.0,0.07895210385322571,0.6985813975334167,0.7330811023712158,0.30000001192092896,0.46993714570999146,0.6684635877609253,0.1654597818851471,1.0,0.0,0.3333333432674408,0.3959999978542328,0.0,0.0,1.0,0.14499999582767487,0.15000000596046448,train__core_005__episode_00007,core_005__7,0,0.5065900841003222,0.024214106581472716,4913.760719099984,82644
core_005,8,0,3.640920400619507,0.3333333432674408,0.6666666865348816,0.09155194472549406,0.3333333432674408,1.0,0.095238097012043,0,1.0,3.640920400619507,0.3333333432674408,0.3333333432674408,0.3333333432674408,0.0,0.0,0.0,0.0,0.0,0.0,0.0,0.0,0.0,0.0,0.0,0.0,0.0,0.0,0.0,0.0,0.0,0.0,0.3333333432674408,0.6666666865348816,0.095238097012043,0.6579239964485168,0.30000001192092896,0.30000001192092896,0.4080684185028076,0.6375292539596558,0.13335144519805908,1.0,0.0,0.0,0.3959999978542328,0.0,0.0,1.0,0.14499999582767487,0.15000000596046448,train__core_005__episode_00008,core_005__8,0,0.44999999999999996,0.022828988699805652,4913.760719099984,82644
core_005,8,1,1.802743673324585,0.401744544506073,1.0,0.1241675489055719,0.22384226322174072,0.5571755766868591,0.07610740512609482,1,0.5571755766868591,1.802743673324585,0.22384226322174072,0.3333333432674408,0.0,0.0,0.0,0.0,0.0,0.0,0.0,0.0,0.0,0.0,0.0,0.0,0.0,0.0,0.0,0.0,0.0,0.0,0.0,0.401744544506073,1.0,0.07610740512609482,0.8492287993431091,0.6579239964485168,0.5149214267730713,0.4592004120349884,0.6225959658622742,0.14972637593746185,1.0,1.0,0.3333333432674408,0.41449999809265137,0.0,0.0,1.0,0.14499999582767487,0.15000000596046448,train__core_005__episode_00008,core_005__8,0,0.5571755909217726,0.02785877954608862,4913.760719099984,82644
core_005,9,0,3.476217031478882,0.3333333432674408,0.6666666865348816,0.09588968129692158,0.3333333432674408,1.0,0.095238097012043,0,1.0,3.476217031478882,0.3333333432674408,0.3333333432674408,0.3333333432674408,0.0,0.0,0.0,0.0,0.0,0.0,0.0,0.0,0.0,0.0,0.0,0.0,0.0,0.0,0.0,0.0,0.0,0.0,0.3333333432674408,0.6666666865348816,0.095238097012043,0.7885283827781677,0.43534019589424133,0.5149214267730713,0.4274027347564697,0.6066970825195312,0.12588346004486084,1.0,1.0,0.0,0.41449999809265137,0.0,1.0,1.0,0.14499999582767487,0.15000000596046448,train__core_005__episode_00009,core_005__9,0,0.44999999999999996,0.027984914047604226,4913.760719099984,82644
core_005,10,0,3.615078926086426,0.3333333432674408,0.6666666865348816,0.0922063805750148,0.3333333432674408,1.0,0.095238097012043,0,1.0,3.615078926086426,0.3333333432674408,0.3333333432674408,0.3333333432674408,0.0,0.0,0.0,0.0,0.0,0.0,0.0,0.0,0.0,0.0,0.0,0.0,0.0,0.0,0.0,0.0,0.0,0.0,0.3333333432674408,0.6666666865348816,0.095238097012043,0.7682268619537354,0.4000000059604645,0.5,0.41098538041114807,0.573340654373169,0.1207897812128067,1.0,1.0,0.0,0.40700000524520874,0.0,0.0,1.0,0.14499999582767487,0.15000000596046448,train__core_005__episode_00010,core_005__10,0,0.4499999999999999,0.026877537694083797,4913.760719099984,82644
core_005,10,1,1.5969555377960205,0.3097756803035736,1.0,0.09367915452954913,0.14960144460201263,0.48293477296829224,0.08048687130212784,1,0.48293477296829224,1.5969555377960205,0.14960144460201263,0.3333333432674408,0.0,0.0,0.0,0.0,0.0,0.0,0.0,0.0,0.0,0.0,0.0,0.0,0.0,0.0,0.0,0.0,0.0,0.0,0.0,0.3097756803035736,1.0,0.08048687130212784,0.5598970055580139,0.7682268619537354,0.4415574073791504,0.4493035078048706,0.5662861466407776,0.17384357750415802,0.0,0.0,0.3333333432674408,0.40450000762939453,0.0,0.0,1.0,0.14499999582767487,0.15000000596046448,train__core_005__episode_00010,core_005__10,0,0.48293477905831794,0.01981036232528466,4913.760719099984,82644
core_005,11,0,3.4936411380767822,0.3333333432674408,0.6666666865348816,0.0954114432746054,0.3333333432674408,1.0,0.095238097012043,0,1.0,3.4936411380767822,0.3333333432674408,0.3333333432674408,0.3333333432674408,0.0,0.0,0.0,0.0,0.0,0.0,0.0,0.0,0.0,0.0,0.0,0.0,0.0,0.0,0.0,0.0,0.0,0.0,0.3333333432674408,0.6666666865348816,0.095238097012043,0.5168155431747437,0.6000000238418579,0.4415574073791504,0.42527109384536743,0.5542699694633484,0.13549146056175232,0.0,0.0,0.0,0.40450000762939453,0.0,0.0,1.0,0.14499999582767487,0.15000000596046448,train__core_005__episode_00011,core_005__11,0,0.4499999999999999,0.018333798411761804,4913.760719099984,82644
core_005,11,1,2.222200870513916,0.4888705313205719,1.0,0.1434690908919246,0.318817138671875,0.6521504521369934,0.07195854932069778,1,0.6521504521369934,2.222200870513916,0.318817138671875,0.3333333432674408,0.0,0.0,0.0,0.0,0.0,0.0,0.0,0.0,0.0,0.0,0.0,0.0,0.0,0.0,0.0,0.0,0.0,0.0,0.0,0.4888705313205719,1.0,0.07195854932069778,0.5113453269004822,0.5168155431747437,0.20000000298023224,0.43602225184440613,0.5292574763298035,0.13928982615470886,1.0,0.0,0.3333333432674408,0.41725000739097595,0.0,0.0,1.0,0.14499999582767487,0.15000000596046448,train__core_005__episode_00011,core_005__11,0,0.6521504748225355,0.017902994978699738,4913.760719099984,82644
core_005,12,0,3.2145652770996094,0.3333333432674408,0.6666666865348816,0.10369468793870501,0.3333333432674408,1.0,0.095238097012043,0,1.0,3.2145652770996094,0.3333333432674408,0.3333333432674408,0.3333333432674408,0.0,0.0,0.0,0.0,0.0,0.0,0.0,0.0,0.0,0.0,0.0,0.0,0.0,0.0,0.0,0.0,0.0,0.0,0.3333333432674408,0.6666666865348816,0.095238097012043,0.5396080017089844,0.699999988079071,0.20000000298023224,0.46219146251678467,0.5423420667648315,0.16655093431472778,1.0,0.0,0.0,0.41725000739097595,0.0,0.0,1.0,0.14499999582767487,0.15000000596046448,train__core_005__episode_00012,core_005__12,0,0.44999999999999984,0.019114980985919072,4913.760719099984,82644
core_005,12,1,1.8526020050048828,0.4765574038028717,1.0,0.16381089538009486,0.30347639322280884,0.6368097066879272,0.0725448876619339,1,0.6368097066879272,1.8526020050048828,0.30347639322280884,0.3333333432674408,0.0,0.0,0.0,0.0,0.0,0.0,0.0,0.0,0.0,0.0,0.0,0.0,0.0,0.0,0.0,0.0,0.0,0.0,0.0,0.4765574038028717,1.0,0.0725448876619339,0.5091702342033386,0.5396080017089844,0.6000000238418579,0.510706901550293,0.5189576745033264,0.12814457714557648,1.0,0.0,0.3333333432674408,0.4235000014305115,0.0,0.0,1.0,0.14499999582767487,0.15000000596046448,train__core_005__episode_00012,core_005__12,0,0.6368097190836379,0.018194880600836405,4913.760719099984,82644
core_005,13,0,2.9417853355407715,0.3333333432674408,0.6666666865348816,0.11330987996993534,0.3333333432674408,1.0,0.095238097012043,0,1.0,2.9417853355407715,0.3333333432674408,0.3333333432674408,0.3333333432674408,0.0,0.0,0.0,0.0,0.0,0.0,0.0,0.0,0.0,0.0,0.0,0.0,0.0,0.0,0.0,0.0,0.0,0.0,0.3333333432674408,0.6666666865348816,0.095238097012043,0.5201898813247681,0.5,0.6000000238418579,0.5050485730171204,0.5161285400390625,0.12761688232421875,1.0,0.0,0.0,0.4235000014305115,0.0,1.0,1.0,0.14499999582767487,0.15000000596046448,train__core_005__episode_00013,core_005__13,0,0.4499999999999999,0.018573465354337182,4913.760719099984,82644
core_005,13,1,1.9559612274169922,0.4870842695236206,1.0,0.16183653778643708,0.3165459930896759,0.6498793363571167,0.07204360514879227,1,0.6498793363571167,1.9559612274169922,0.3165459930896759,0.3333333432674408,0.0,0.0,0.0,0.0,0.0,0.0,0.0,0.0,0.0,0.0,0.0,0.0,0.0,0.0,0.0,0.0,0.0,0.0,0.0,0.4870842695236206,1.0,0.07204360514879227,0.4795116186141968,0.5201898813247681,0.30000001192092896,0.49364715814590454,0.49135708808898926,0.12206907570362091,1.0,0.0,0.3333333432674408,0.4339999854564667,0.0,0.0,1.0,0.14499999582767487,0.15000000596046448,train__core_005__episode_00013,core_005__13,0,0.649879326444665,0.017306046771835115,4913.760719099984,82644
core_005,14,0,2.9417853355407715,0.3333333432674408,0.6666666865348816,0.11330987996993534,0.3333333432674408,1.0,0.095238097012043,0,1.0,2.9417853355407715,0.3333333432674408,0.3333333432674408,0.3333333432674408,0.0,0.0,0.0,0.0,0.0,0.0,0.0,0.0,0.0,0.0,0.0,0.0,0.0,0.0,0.0,0.0,0.0,0.0,0.3333333432674408,0.6666666865348816,0.095238097012043,0.4804297685623169,0.6000000238418579,0.30000001192092896,0.5050485730171204,0.49705779552459717,0.12761688232421875,1.0,0.0,0.0,0.4339999854564667,0.0,1.0,1.0,0.14499999582767487,0.15000000596046448,train__core_005__episode_00014,core_005__14,0,0.43952757782719465,0.006865248911019861,4913.760719099984,82644
core_005,14,1,1.8659590482711792,0.5,1.0,0.17863915265250643,0.3333333432674408,0.6666666865348816,0.0714285746216774,1,0.6666666865348816,1.8659590482711792,0.3333333432674408,0.3333333432674408,0.0,0.0,0.0,0.0,0.0,0.0,0.0,0.0,0.0,0.0,0.0,0.0,0.0,0.0,0.0,0.0,0.0,0.0,0.0,0.5,1.0,0.0714285746216774,0.5273381471633911,0.4804297685623169,0.43534019589424133,0.5308243036270142,0.4694463312625885,0.09849795699119568,1.0,0.0,0.3333333432674408,0.4339999854564667,0.0,0.0,1.0,0.14499999582767487,0.15000000596046448,train__core_005__episode_00014,core_005__14,0,0.6666666666666667,0.018591225493617802,4913.760719099984,82644
core_005,15,0,2.642773389816284,0.3333333432674408,0.6666666865348816,0.126130126991559,0.3333333432674408,1.0,0.095238097012043,0,1.0,2.642773389816284,0.3333333432674408,0.3333333432674408,0.3333333432674408,0.0,0.0,0.0,0.0,0.0,0.0,0.0,0.0,0.0,0.0,0.0,0.0,0.0,0.0,0.0,0.0,0.0,0.0,0.3333333432674408,0.6666666865348816,0.095238097012043,0.5655996203422546,0.699999988079071,0.43534019589424133,0.5621914863586426,0.4851299226284027,0.1115516871213913,1.0,0.0,0.0,0.4339999854564667,0.0,1.0,1.0,0.14499999582767487,0.15000000596046448,train__core_005__episode_00015,core_005__15,0,0.44999999999999984,0.019900004135306182,4913.760719099984,82644
core_005,15,1,1.584271788597107,0.46177157759666443,1.0,0.1805134713862136,0.2859824001789093,0.6193157434463501,0.0732489749789238,1,0.6193157434463501,1.584271788597107,0.2859824001789093,0.3333333432674408,0.0,0.0,0.0,0.0,0.0,0.0,0.0,0.0,0.0,0.0,0.0,0.0,0.0,0.0,0.0,0.0,0.0,0.0,0.0,0.46177157759666443,1.0,0.0732489749789238,0.7191784977912903,0.5655996203422546,0.4000000059604645,0.58079993724823,0.5041013360023499,0.09899703413248062,1.0,1.0,0.3333333432674408,0.4494999945163727,0.0,0.0,1.0,0.14499999582767487,0.15000000596046448,train__core_005__episode_00015,core_005__15,0,0.6193157261660656,0.025756105260378637,4913.760719099984,82644
core_005,16,0,2.6667211055755615,0.3333333432674408,0.6666666865348816,0.12499745195345317,0.3333333432674408,1.0,0.095238097012043,0,1.0,2.6667211055755615,0.3333333432674408,0.3333333432674408,0.3333333432674408,0.0,0.0,0.0,0.0,0.0,0.0,0.0,0.0,0.0,0.0,0.0,0.0,0.0,0.0,0.0,0.0,0.0,0.0,0.3333333432674408,0.6666666865348816,0.095238097012043,0.6915457248687744,0.4000000059604645,0.4000000059604645,0.5571428537368774,0.4922727942466736,0.11780301481485367,1.0,1.0,0.0,0.4494999945163727,0.0,0.0,1.0,0.14499999582767487,0.15000000596046448,train__core_005__episode_00016,core_005__16,0,0.44999999999999996,0.024801206075153237,4913.760719099984,82644
core_005,17,0,2.5366370677948,0.3333333432674408,0.6666666865348816,0.13140758191207103,0.3333333432674408,1.0,0.095238097012043,0,1.0,2.5366370677948,0.3333333432674408,0.3333333432674408,0.3333333432674408,0.0,0.0,0.0,0.0,0.0,0.0,0.0,0.0,0.0,0.0,0.0,0.0,0.0,0.0,0.0,0.0,0.0,0.0,0.3333333432674408,0.6666666865348816,0.095238097012043,0.7174444794654846,0.6000000238418579,0.6000000238418579,0.5857142806053162,0.4983498156070709,0.0989743322134018,1.0,1.0,0.0,0.41624999046325684,0.0,0.0,1.0,0.14499999582767487,0.15000000596046448,train__core_005__episode_00017,core_005__17,0,0.4499999999999999,0.025696184202688932,4913.760719099984,82644
core_005,18,0,2.476240873336792,0.3333333432674408,0.6666666865348816,0.13461264889722396,0.3333333432674408,1.0,0.095238097012043,0,1.0,2.476240873336792,0.3333333432674408,0.3333333432674408,0.3333333432674408,0.0,0.0,0.0,0.0,0.0,0.0,0.0,0.0,0.0,0.0,0.0,0.0,0.0,0.0,0.0,0.0,0.0,0.0,0.3333333432674408,0.6666666865348816,0.095238097012043,0.5814242362976074,0.699999988079071,0.699999988079071,0.6000000238418579,0.5126355290412903,0.10690449923276901,0.0,0.0,0.0,0.4350000023841858,0.0,0.0,1.0,0.14499999582767487,0.15000000596046448,train__core_005__episode_00018,core_005__18,0,0.44999999999999996,0.020548180466642085,4913.760719099984,82644
core_005,18,1,1.5509885549545288,0.4523531496524811,1.0,0.17751994810399338,0.27533140778541565,0.6086647510528564,0.07369747012853622,1,0.6086647510528564,1.5509885549545288,0.27533140778541565,0.3333333432674408,0.0,0.0,0.0,0.0,0.0,0.0,0.0,0.0,0.0,0.0,0.0,0.0,0.0,0.0,0.0,0.0,0.0,0.0,0.0,0.4523531496524811,1.0,0.07369747012853622,0.5370191931724548,0.5814242362976074,0.5,0.583060622215271,0.5226260423660278,0.09880460798740387,1.0,0.0,0.3333333432674408,0.4507499933242798,0.0,0.0,1.0,0.14499999582767487,0.15000000596046448,train__core_005__episode_00018,core_005__18,0,0.6086647451860829,0.0190262539413375,4913.760719099984,82644
core_005,19,0,2.5232343673706055,0.3333333432674408,0.6666666865348816,0.13210558146241425,0.3333333432674408,1.0,0.095238097012043,0,1.0,2.5232343673706055,0.3333333432674408,0.3333333432674408,0.3333333432674408,0.0,0.0,0.0,0.0,0.0,0.0,0.0,0.0,0.0,0.0,0.0,0.0,0.0,0.0,0.0,0.0,0.0,0.0,0.3333333432674408,0.6666666865348816,0.095238097012043,0.5413818359375,0.6217778921127319,0.5,0.5888254046440125,0.525508463382721,0.0997140035033226,1.0,0.0,0.0,0.4507499933242798,0.0,1.0,1.0,0.14499999582767487,0.15000000596046448,train__core_005__episode_00019,core_005__19,0,0.44999999999999984,0.019175776623903573,4913.760719099984,82644
core_005,19,1,1.587865948677063,0.47557419538497925,1.0,0.1903702781947577,0.3022824823856354,0.6356158256530762,0.07259170711040497,1,0.6356158256530762,1.587865948677063,0.3022824823856354,0.3333333432674408,0.0,0.0,0.0,0.0,0.0,0.0,0.0,0.0,0.0,0.0,0.0,0.0,0.0,0.0,0.0,0.0,0.0,0.0,0.0,0.47557419538497925,1.0,0.07259170711040497,0.5648495554924011,0.5413818359375,0.6000000238418579,0.5947371125221252,0.5498928427696228,0.09540625661611557,1.0,0.0,0.3333333432674408,0.45225000381469727,0.0,0.0,1.0,0.14499999582767487,0.15000000596046448,train__core_005__episode_00019,core_005__19,0,0.6356158227229605,0.01998010466759137,4913.760719099984,82644
core_005,20,0,2.4634673595428467,0.3333333432674408,0.6666666865348816,0.1353106392809274,0.3333333432674408,1.0,0.095238097012043,0,1.0,2.4634673595428467,0.3333333432674408,0.3333333432674408,0.3333333432674408,0.0,0.0,0.0,0.0,0.0,0.0,0.0,0.0,0.0,0.0,0.0,0.0,0.0,0.0,0.0,0.0,0.0,0.0,0.3333333432674408,0.6666666865348816,0.095238097012043,0.5972970724105835,0.6000000238418579,0.6000000238418579,0.6031111478805542,0.5540798902511597,0.09289512038230896,1.0,0.0,0.0,0.45225000381469727,0.0,0.0,1.0,0.14499999582767487,0.15000000596046448,train__core_005__episode_00020,core_005__20,0,0.44999999999999996,0.02109220240163412,4913.760719099984,82644
core_005,21,0,2.451171398162842,0.3333333432674408,0.6666666865348816,0.13598940633742498,0.3333333432674408,1.0,0.095238097012043,0,1.0,2.451171398162842,0.3333333432674408,0.3333333432674408,0.3333333432674408,0.0,0.0,0.0,0.0,0.0,0.0,0.0,0.0,0.0,0.0,0.0,0.0,0.0,0.0,0.0,0.0,0.0,0.0,0.3333333432674408,0.6666666865348816,0.095238097012043,0.6162223815917969,0.6211780309677124,0.699999988079071,0.6061365604400635,0.5555925965309143,0.09308919310569763,1.0,0.0,0.0,0.445250004529953,0.0,1.0,1.0,0.14499999582767487,0.15000000596046448,train__core_005__episode_00021,core_005__21,0,0.4499999999999999,0.02174084320799119,4913.760719099984,82644
core_005,22,0,2.451171398162842,0.3333333432674408,0.6666666865348816,0.13598940633742498,0.3333333432674408,1.0,0.095238097012043,0,1.0,2.451171398162842,0.3333333432674408,0.3333333432674408,0.3333333432674408,0.0,0.0,0.0,0.0,0.0,0.0,0.0,0.0,0.0,0.0,0.0,0.0,0.0,0.0,0.0,0.0,0.0,0.0,0.3333333432674408,0.6666666865348816,0.095238097012043,0.6469960808753967,0.699999988079071,0.4000000059604645,0.6061365604400635,0.584164023399353,0.09308919310569763,1.0,0.0,0.0,0.45774999260902405,0.0,1.0,1.0,0.14499999582767487,0.15000000596046448,train__core_005__episode_00022,core_005__22,0,0.4499999999999999,0.022684265300861817,4913.760719099984,82644
core_005,23,0,2.327572822570801,0.3333333432674408,0.6666666865348816,0.1432107043161273,0.3333333432674408,1.0,0.095238097012043,0,1.0,2.327572822570801,0.3333333432674408,0.3333333432674408,0.3333333432674408,0.0,0.0,0.0,0.0,0.0,0.0,0.0,0.0,0.0,0.0,0.0,0.0,0.0,0.0,0.0,0.0,0.0,0.0,0.3333333432674408,0.6666666865348816,0.095238097012043,0.9085960388183594,0.6253088712692261,0.6000000238418579,0.6383235454559326,0.597733199596405,0.04014699533581734,1.0,1.0,0.0,0.4580000042915344,0.0,1.0,1.0,0.14499999582767487,0.15000000596046448,train__core_005__episode_00023,core_005__23,0,0.44999999999999996,0.03230176592581213,4913.760719099984,82644
core_005,24,0,2.2161831855773926,0.3333333432674408,0.6666666865348816,0.15040875024985623,0.3333333432674408,1.0,0.095238097012043,0,1.0,2.2161831855773926,0.3333333432674408,0.3333333432674408,0.3333333432674408,0.0,0.0,0.0,0.0,0.0,0.0,0.0,0.0,0.0,0.0,0.0,0.0,0.0,0.0,0.0,0.0,0.0,0.0,0.3333333432674408,0.6666666865348816,0.095238097012043,0.9209195375442505,0.8245835900306702,0.699999988079071,0.6704069375991821,0.6280605792999268,0.07299822568893433,1.0,1.0,0.0,0.4882499873638153,0.0,1.0,1.0,0.14499999582767487,0.15000000596046448,train__core_005__episode_00024,core_005__24,0,0.44999999999999996,0.03263936115510002,4913.760719099984,82644
core_005,25,0,2.2161831855773926,0.3333333432674408,0.6666666865348816,0.15040875024985623,0.3333333432674408,1.0,0.095238097012043,0,1.0,2.2161831855773926,0.3333333432674408,0.3333333432674408,0.3333333432674408,0.0,0.0,0.0,0.0,0.0,0.0,0.0,0.0,0.0,0.0,0.0,0.0,0.0,0.0,0.0,0.0,0.0,0.0,0.3333333432674408,0.6666666865348816,0.095238097012043,0.6499579548835754,0.699999988079071,0.6217778921127319,0.6704069375991821,0.63520348072052,0.07299822568893433,0.0,0.0,0.0,0.4442499876022339,0.0,0.0,1.0,0.14499999582767487,0.15000000596046448,train__core_005__episode_00025,core_005__25,0,0.44999999999999996,0.022821895981032125,4913.760719099984,82644
core_005,26,0,2.379328489303589,0.3333333432674408,0.6666666865348816,0.14009555417251568,0.3333333432674408,1.0,0.095238097012043,0,1.0,2.379328489303589,0.3333333432674408,0.3333333432674408,0.3333333432674408,0.0,0.0,0.0,0.0,0.0,0.0,0.0,0.0,0.0,0.0,0.0,0.0,0.0,0.0,0.0,0.0,0.0,0.0,0.3333333432674408,0.6666666865348816,0.095238097012043,0.6412853598594666,0.30000001192092896,0.6000000238418579,0.6244386434555054,0.6066320538520813,0.14992670714855194,1.0,0.0,0.0,0.4662500023841858,0.0,0.0,1.0,0.14499999582767487,0.15000000596046448,train__core_005__episode_00026,core_005__26,0,0.4499999999999999,0.02259984490631234,4913.760719099984,82644
core_005,27,0,2.375864267349243,0.3333333432674408,0.6666666865348816,0.14029982598262716,0.3333333432674408,1.0,0.095238097012043,0,1.0,2.375864267349243,0.3333333432674408,0.3333333432674408,0.3333333432674408,0.0,0.0,0.0,0.0,0.0,0.0,0.0,0.0,0.0,0.0,0.0,0.0,0.0,0.0,0.0,0.0,0.0,0.0,0.3333333432674408,0.6666666865348816,0.095238097012043,0.6366980671882629,0.6063733696937561,0.6211780309677124,0.6253491044044495,0.6142300963401794,0.1497948169708252,1.0,0.0,0.0,0.4632500112056732,0.0,1.0,1.0,0.14499999582767487,0.15000000596046448,train__core_005__episode_00027,core_005__27,0,0.44999999999999996,0.022368033273573174,4913.760719099984,82644
core_005,28,0,2.3338401317596436,0.3333333432674408,0.6666666865348816,0.14282612537651315,0.3333333432674408,1.0,0.095238097012043,0,1.0,2.3338401317596436,0.3333333432674408,0.3333333432674408,0.3333333432674408,0.0,0.0,0.0,0.0,0.0,0.0,0.0,0.0,0.0,0.0,0.0,0.0,0.0,0.0,0.0,0.0,0.0,0.0,0.3333333432674408,0.6666666865348816,0.095238097012043,0.6511365175247192,0.699999988079071,0.699999988079071,0.6366094350814819,0.6213729977607727,0.15200433135032654,1.0,0.0,0.0,0.4964999854564667,0.0,0.0,1.0,0.14499999582767487,0.15000000596046448,train__core_005__episode_00028,core_005__28,0,0.4499999999999999,0.022862235160232003,4913.760719099984,82644
core_005,29,0,2.3702871799468994,0.3333333432674408,0.6666666865348816,0.14062993973367746,0.3333333432674408,1.0,0.095238097012043,0,1.0,2.3702871799468994,0.3333333432674408,0.3333333432674408,0.3333333432674408,0.0,0.0,0.0,0.0,0.0,0.0,0.0,0.0,0.0,0.0,0.0,0.0,0.0,0.0,0.0,0.0,0.0,0.0,0.3333333432674408,0.6666666865348816,0.095238097012043,0.6945541501045227,0.631477415561676,0.6253088712692261,0.62682044506073,0.6164785027503967,0.1497972011566162,1.0,0.0,0.0,0.4860000014305115,0.0,1.0,1.0,0.14499999582767487,0.15000000596046448,train__core_005__episode_00029,core_005__29,0,0.44999999999999996,0.02423397338498484,4913.760719099984,82644
core_005,30,0,2.3840386867523193,0.3333333432674408,0.6666666865348816,0.13981876431775841,0.3333333432674408,1.0,0.095238097012043,0,1.0,2.3840386867523193,0.3333333432674408,0.3333333432674408,0.3333333432674408,0.0,0.0,0.0,0.0,0.0,0.0,0.0,0.0,0.0,0.0,0.0,0.0,0.0,0.0,0.0,0.0,0.0,0.0,0.3333333432674408,0.6666666865348816,0.095238097012043,0.9138191938400269,0.6000000238418579,0.8245835900306702,0.6232049465179443,0.6307642459869385,0.15009519457817078,1.0,1.0,0.0,0.4932500123977661,0.0,0.0,1.0,0.14499999582767487,0.15000000596046448,train__core_005__episode_00030,core_005__30,0,0.44999999999999996,0.03239432354569194,4913.760719099984,82644
core_005,31,0,2.4208128452301025,0.3333333432674408,0.6666666865348816,0.13769480111782736,0.3333333432674408,1.0,0.095238097012043,0,1.0,2.4208128452301025,0.3333333432674408,0.3333333432674408,0.3333333432674408,0.0,0.0,0.0,0.0,0.0,0.0,0.0,0.0,0.0,0.0,0.0,0.0,0.0,0.0,0.0,0.0,0.0,0.0,0.3333333432674408,0.6666666865348816,0.095238097012043,0.8355595469474792,0.7583146095275879,0.699999988079071,0.613737940788269,0.6420724391937256,0.1387566477060318,1.0,1.0,0.0,0.5137500166893005,0.0,1.0,1.0,0.14499999582767487,0.15000000596046448,train__core_005__episode_00031,core_005__31,0,0.4499999999999999,0.029693516728329594,4913.760719099984,82644
core_005,32,0,2.3653650283813477,0.3333333432674408,0.6666666865348816,0.14092258034927718,0.3333333432674408,1.0,0.095238097012043,0,1.0,2.3653650283813477,0.3333333432674408,0.3333333432674408,0.3333333432674408,0.0,0.0,0.0,0.0,0.0,0.0,0.0,0.0,0.0,0.0,0.0,0.0,0.0,0.0,0.0,0.0,0.0,0.0,0.3333333432674408,0.6666666865348816,0.095238097012043,0.6345716714859009,0.8007086515426636,0.30000001192092896,0.6281248331069946,0.6492658853530884,0.1515830010175705,0.0,0.0,0.0,0.4860000014305115,0.0,1.0,1.0,0.14499999582767487,0.15000000596046448,train__core_005__episode_00032,core_005__32,0,0.4499999999999999,0.02229525103561064,4913.760719099984,82644
core_005,33,0,2.312764883041382,0.3333333432674408,0.6666666865348816,0.14412763948105853,0.3333333432674408,1.0,0.095238097012043,0,1.0,2.312764883041382,0.3333333432674408,0.3333333432674408,0.3333333432674408,0.0,0.0,0.0,0.0,0.0,0.0,0.0,0.0,0.0,0.0,0.0,0.0,0.0,0.0,0.0,0.0,0.0,0.0,0.3333333432674408,0.6666666865348816,0.095238097012043,0.6589775085449219,0.4000000059604645,0.6063733696937561,0.6424105763435364,0.6334245800971985,0.12176576256752014,1.0,0.0,0.0,0.4860000014305115,0.0,0.0,1.0,0.14499999582767487,0.15000000596046448,train__core_005__episode_00033,core_005__33,0,0.44999999999999984,0.02338361114450349,4913.760719099984,82644
core_005,34,0,2.3478846549987793,0.3333333432674408,0.6666666865348816,0.14197177129538935,0.3333333432674408,1.0,0.095238097012043,0,1.0,2.3478846549987793,0.3333333432674408,0.3333333432674408,0.3333333432674408,0.0,0.0,0.0,0.0,0.0,0.0,0.0,0.0,0.0,0.0,0.0,0.0,0.0,0.0,0.0,0.0,0.0,0.0,0.3333333432674408,0.6666666865348816,0.095238097012043,0.6721872091293335,0.5391086935997009,0.699999988079071,0.632801353931427,0.6290752291679382,0.12678132951259613,1.0,0.0,0.0,0.4945000112056732,0.0,1.0,1.0,0.14499999582767487,0.15000000596046448,train__core_005__episode_00034,core_005__34,0,0.44999999999999984,0.023837770906138922,4913.760719099984,82644
core_005,35,0,2.5809478759765625,0.3333333432674408,0.6666666865348816,0.1291515207920719,0.3333333432674408,1.0,0.095238097012043,0,1.0,2.5809478759765625,0.3333333432674408,0.3333333432674408,0.3333333432674408,0.0,0.0,0.0,0.0,0.0,0.0,0.0,0.0,0.0,0.0,0.0,0.0,0.0,0.0,0.0,0.0,0.0,0.0,0.3333333432674408,0.6666666865348816,0.095238097012043,0.5869870781898499,0.30000001192092896,0.631477415561676,0.5756585001945496,0.6061339378356934,0.1672886610031128,1.0,0.0,0.0,0.5097500085830688,0.0,0.0,1.0,0.14499999582767487,0.15000000596046448,train__core_005__episode_00035,core_005__35,0,0.4499999999999999,0.020738840922702118,4913.760719099984,82644
core_005,35,1,1.578698754310608,0.448963463306427,1.0,0.17203234744774348,0.2715872526168823,0.6049205660820007,0.07385887950658798,1,0.6049205660820007,1.578698754310608,0.2715872526168823,0.3333333432674408,0.0,0.0,0.0,0.0,0.0,0.0,0.0,0.0,0.0,0.0,0.0,0.0,0.0,0.0,0.0,0.0,0.0,0.0,0.0,0.448963463306427,1.0,0.07385887950658798,0.6272645592689514,0.5869870781898499,0.6000000238418579,0.5693027377128601,0.5980616211891174,0.16588649153709412,1.0,0.0,0.3333333432674408,0.5109999775886536,0.0,0.0,1.0,0.14499999582767487,0.15000000596046448,train__core_005__episode_00035,core_005__35,0,0.6049205814243156,0.02200932673298228,4913.760719099984,82644
core_005,36,0,2.73824405670166,0.3333333432674408,0.6666666865348816,0.12173251776138465,0.3333333432674408,1.0,0.095238097012043,0,1.0,2.73824405670166,0.3333333432674408,0.3333333432674408,0.3333333432674408,0.0,0.0,0.0,0.0,0.0,0.0,0.0,0.0,0.0,0.0,0.0,0.0,0.0,0.0,0.0,0.0,0.0,0.0,0.3333333432674408,0.6666666865348816,0.095238097012043,0.5773192644119263,0.4000000059604645,0.6000000238418579,0.5425902605056763,0.5847053527832031,0.1756555289030075,1.0,0.0,0.0,0.5109999775886536,0.0,0.0,1.0,0.14499999582767487,0.15000000596046448,train__core_005__episode_00036,core_005__36,0,0.44999999999999996,0.020300889272587497,4913.760719099984,82644
core_005,36,1,1.6842960119247437,0.45482784509658813,1.0,0.1651101228765242,0.2780943214893341,0.6114276647567749,0.07357962429523468,1,0.6114276647567749,1.6842960119247437,0.2780943214893341,0.3333333432674408,0.0,0.0,0.0,0.0,0.0,0.0,0.0,0.0,0.0,0.0,0.0,0.0,0.0,0.0,0.0,0.0,0.0,0.0,0.0,0.45482784509658813,1.0,0.07357962429523468,0.8135234117507935,0.5773192644119263,0.7583146095275879,0.539350152015686,0.5812775492668152,0.17477364838123322,1.0,1.0,0.3333333432674408,0.5287500023841858,0.0,0.0,1.0,0.14499999582767487,0.15000000596046448,train__core_005__episode_00036,core_005__36,0,0.6114276450879534,0.02901636177311029,4913.760719099984,82644
core_005,37,0,2.795544385910034,0.3333333432674408,0.6666666865348816,0.11923736390933057,0.3333333432674408,1.0,0.095238097012043,0,1.0,2.795544385910034,0.3333333432674408,0.3333333432674408,0.3333333432674408,0.0,0.0,0.0,0.0,0.0,0.0,0.0,0.0,0.0,0.0,0.0,0.0,0.0,0.0,0.0,0.0,0.0,0.0,0.3333333432674408,0.6666666865348816,0.095238097012043,0.789465069770813,0.5221496820449829,0.7583146095275879,0.5314688086509705,0.577336847782135,0.17412647604942322,1.0,1.0,0.0,0.5287500023841858,0.0,1.0,1.0,0.14499999582767487,0.15000000596046448,train__core_005__episode_00037,core_005__37,0,0.4499999999999999,0.028184981969056888,4913.760719099984,82644
core_005,38,0,2.840061664581299,0.3333333432674408,0.6666666865348816,0.11736834711178114,0.3333333432674408,1.0,0.095238097012043,0,1.0,2.840061664581299,0.3333333432674408,0.3333333432674408,0.3333333432674408,0.0,0.0,0.0,0.0,0.0,0.0,0.0,0.0,0.0,0.0,0.0,0.0,0.0,0.0,0.0,0.0,0.0,0.0,0.3333333432674408,0.6666666865348816,0.095238097012043,0.8151305317878723,0.699999988079071,0.8007086515426636,0.523138165473938,0.5684380531311035,0.1641855090856552,1.0,1.0,0.0,0.5015000104904175,0.0,0.0,1.0,0.14499999582767487,0.15000000596046448,train__core_005__episode_00038,core_005__38,0,0.44999999999999984,0.029071898201830426,4913.760719099984,82644
core_005,39,0,2.9535067081451416,0.3333333432674408,0.6666666865348816,0.11286019508544827,0.3333333432674408,1.0,0.095238097012043,0,1.0,2.9535067081451416,0.3333333432674408,0.3333333432674408,0.3333333432674408,0.0,0.0,0.0,0.0,0.0,0.0,0.0,0.0,0.0,0.0,0.0,0.0,0.0,0.0,0.0,0.0,0.0,0.0,0.3333333432674408,0.6666666865348816,0.095238097012043,0.5176663398742676,0.6600514650344849,0.4000000059604645,0.5030442476272583,0.5655845403671265,0.13499824702739716,0.0,0.0,0.0,0.518750011920929,0.0,1.0,1.0,0.14499999582767487,0.15000000596046448,train__core_005__episode_00039,core_005__39,0,0.4499999999999999,0.018362957270268765,4913.760719099984,82644
core_005,39,1,1.8622127771377563,0.48842132091522217,1.0,0.1708958937220179,0.3182445168495178,0.6515778303146362,0.07197993993759155,1,0.6515778303146362,1.8622127771377563,0.3182445168495178,0.3333333432674408,0.0,0.0,0.0,0.0,0.0,0.0,0.0,0.0,0.0,0.0,0.0,0.0,0.0,0.0,0.0,0.0,0.0,0.0,0.0,0.48842132091522217,1.0,0.07197993993759155,0.5384067296981812,0.5176663398742676,0.5391086935997009,0.5198537111282349,0.581132173538208,0.12827953696250916,1.0,0.0,0.3333333432674408,0.515250027179718,0.0,0.0,1.0,0.14499999582767487,0.15000000596046448,train__core_005__episode_00039,core_005__39,0,0.6515778571774673,0.019073808373561096,4913.760719099984,82644
core_005,40,0,2.794771909713745,0.3333333432674408,0.6666666865348816,0.11927032116963796,0.3333333432674408,1.0,0.095238097012043,0,1.0,2.794771909713745,0.3333333432674408,0.3333333432674408,0.3333333432674408,0.0,0.0,0.0,0.0,0.0,0.0,0.0,0.0,0.0,0.0,0.0,0.0,0.0,0.0,0.0,0.0,0.0,0.0,0.3333333432674408,0.6666666865348816,0.095238097012043,0.5681580901145935,0.6000000238418579,0.5391086935997009,0.531615674495697,0.5870131254196167,0.13127925992012024,1.0,0.0,0.0,0.515250027179718,0.0,1.0,1.0,0.14499999582767487,0.15000000596046448,train__core_005__episode_00040,core_005__40,0,0.4499999999999999,0.020093499989937424,4913.760719099984,82644
core_005,40,1,1.712664008140564,0.46027082204818726,1.0,0.16597555681416137,0.2842603623867035,0.6175937056541443,0.0733204334974289,1,0.6175937056541443,1.712664008140564,0.2842603623867035,0.3333333432674408,0.0,0.0,0.0,0.0,0.0,0.0,0.0,0.0,0.0,0.0,0.0,0.0,0.0,0.0,0.0,0.0,0.0,0.0,0.0,0.46027082204818726,1.0,0.0733204334974289,0.5341152548789978,0.5681580901145935,0.30000001192092896,0.5357655882835388,0.5842834711074829,0.13190816342830658,1.0,0.0,0.3333333432674408,0.5164999961853027,0.0,0.0,1.0,0.14499999582767487,0.15000000596046448,train__core_005__episode_00040,core_005__40,0,0.6175936977294675,0.018926724868107647,4913.760719099984,82644
core_005,41,0,2.7694180011749268,0.3333333432674408,0.6666666865348816,0.12036223608210245,0.3333333432674408,1.0,0.095238097012043,0,1.0,2.7694180011749268,0.3333333432674408,0.3333333432674408,0.3333333432674408,0.0,0.0,0.0,0.0,0.0,0.0,0.0,0.0,0.0,0.0,0.0,0.0,0.0,0.0,0.0,0.0,0.0,0.0,0.3333333432674408,0.6666666865348816,0.095238097012043,0.5351732969284058,0.5731770992279053,0.30000001192092896,0.5364826321601868,0.5846419930458069,0.1320957988500595,1.0,0.0,0.0,0.5164999961853027,0.0,1.0,1.0,0.14499999582767487,0.15000000596046448,train__core_005__episode_00041,core_005__41,0,0.44999999999999984,0.01896298635794491,4913.760719099984,82644
core_005,41,1,1.6674385070800781,0.47899943590164185,1.0,0.1837916322072984,0.30646124482154846,0.6397945880889893,0.07242859899997711,1,0.6397945880889893,1.6674385070800781,0.30646124482154846,0.3333333432674408,0.0,0.0,0.0,0.0,0.0,0.0,0.0,0.0,0.0,0.0,0.0,0.0,0.0,0.0,0.0,0.0,0.0,0.0,0.0,0.47899943590164185,1.0,0.07242859899997711,0.5422681570053101,0.5351732969284058,0.4000000059604645,0.5700787901878357,0.5728686451911926,0.09127812087535858,1.0,0.0,0.3333333432674408,0.5189999938011169,0.0,0.0,1.0,0.14499999582767487,0.15000000596046448,train__core_005__episode_00041,core_005__41,0,0.6397945686418751,0.019206155450892215,4913.760719099984,82644
core_005,42,0,2.581576108932495,0.3333333432674408,0.6666666865348816,0.1291200914488154,0.3333333432674408,1.0,0.095238097012043,0,1.0,2.581576108932495,0.3333333432674408,0.3333333432674408,0.3333333432674408,0.0,0.0,0.0,0.0,0.0,0.0,0.0,0.0,0.0,0.0,0.0,0.0,0.0,0.0,0.0,0.0,0.0,0.0,0.3333333432674408,0.6666666865348816,0.095238097012043,0.5433318018913269,0.5732505917549133,0.4000000059604645,0.5755184292793274,0.5755884647369385,0.09016366302967072,1.0,0.0,0.0,0.5189999938011169,0.0,1.0,1.0,0.14499999582767487,0.15000000596046448,train__core_005__episode_00042,core_005__42,0,0.44999999999999996,0.01924260964882113,4913.760719099984,82644
core_005,42,1,1.5812444686889648,0.47448909282684326,1.0,0.19033743603197723,0.30097001791000366,0.6343033909797668,0.07264337688684464,1,0.6343033909797668,1.5812444686889648,0.30097001791000366,0.3333333432674408,0.0,0.0,0.0,0.0,0.0,0.0,0.0,0.0,0.0,0.0,0.0,0.0,0.0,0.0,0.0,0.0,0.0,0.0,0.0,0.47448909282684326,1.0,0.07264337688684464,0.607309103012085,0.5433318018913269,0.5221496820449829,0.5959943532943726,0.5692923069000244,0.05879846587777138,1.0,0.0,0.3333333432674408,0.5115000009536743,0.0,0.0,1.0,0.14499999582767487,0.15000000596046448,train__core_005__episode_00042,core_005__42,0,0.6343033649896903,0.021326725648098344,4913.760719099984,82644
core_005,43,0,2.581576108932495,0.3333333432674408,0.6666666865348816,0.1291200914488154,0.3333333432674408,1.0,0.095238097012043,0,1.0,2.581576108932495,0.3333333432674408,0.3333333432674408,0.3333333432674408,0.0,0.0,0.0,0.0,0.0,0.0,0.0,0.0,0.0,0.0,0.0,0.0,0.0,0.0,0.0,0.0,0.0,0.0,0.3333333432674408,0.6666666865348816,0.095238097012043,0.5761927366256714,0.4000000059604645,0.5221496820449829,0.5755184292793274,0.5590543150901794,0.09016366302967072,1.0,0.0,0.0,0.5115000009536743,0.0,0.0,1.0,0.14499999582767487,0.15000000596046448,train__core_005__episode_00043,core_005__43,0,0.4499999999999999,0.02026235508348989,4913.760719099984,82644
core_005,43,1,1.5594843626022339,0.45550304651260376,1.0,0.17881072042806004,0.27885252237319946,0.6121858954429626,0.07354747503995895,1,0.6121858954429626,1.5594843626022339,0.27885252237319946,0.3333333432674408,0.0,0.0,0.0,0.0,0.0,0.0,0.0,0.0,0.0,0.0,0.0,0.0,0.0,0.0,0.0,0.0,0.0,0.0,0.0,0.45550304651260376,1.0,0.07354747503995895,0.8041650652885437,0.5761927366256714,0.699999988079071,0.5832388401031494,0.5573537945747375,0.08753889054059982,1.0,1.0,0.3333333432674408,0.5350000262260437,0.0,0.0,1.0,0.14499999582767487,0.15000000596046448,train__core_005__episode_00043,core_005__43,0,0.6121858692764129,0.028692968281225917,4913.760719099984,82644
core_005,44,0,2.532634735107422,0.3333333432674408,0.6666666865348816,0.13161524583342749,0.3333333432674408,1.0,0.095238097012043,0,1.0,2.532634735107422,0.3333333432674408,0.3333333432674408,0.3333333432674408,0.0,0.0,0.0,0.0,0.0,0.0,0.0,0.0,0.0,0.0,0.0,0.0,0.0,0.0,0.0,0.0,0.0,0.0,0.3333333432674408,0.6666666865348816,0.095238097012043,0.8056638240814209,0.6000000238418579,0.699999988079071,0.5866398811340332,0.5590543150901794,0.08766146004199982,1.0,1.0,0.0,0.5350000262260437,0.0,0.0,1.0,0.14499999582767487,0.15000000596046448,train__core_005__episode_00044,core_005__44,0,0.44999999999999996,0.028744759633904826,4913.760719099984,82644
core_005,45,0,2.5027029514312744,0.3333333432674408,0.6666666865348816,0.13318933558487647,0.3333333432674408,1.0,0.095238097012043,0,1.0,2.5027029514312744,0.3333333432674408,0.3333333432674408,0.3333333432674408,0.0,0.0,0.0,0.0,0.0,0.0,0.0,0.0,0.0,0.0,0.0,0.0,0.0,0.0,0.0,0.0,0.0,0.0,0.3333333432674408,0.6666666865348816,0.095238097012043,0.8574305772781372,0.7491127848625183,0.6600514650344849,0.5936560034751892,0.5583970546722412,0.09782935678958893,1.0,1.0,0.0,0.5487499833106995,0.0,1.0,1.0,0.14499999582767487,0.15000000596046448,train__core_005__episode_00045,core_005__45,0,0.44999999999999984,0.030913168877078512,4913.760719099984,82644
core_005,46,0,2.6029551029205322,0.3333333432674408,0.6666666865348816,0.1280595823160525,0.3333333432674408,1.0,0.095238097012043,0,1.0,2.6029551029205322,0.3333333432674408,0.3333333432674408,0.3333333432674408,0.0,0.0,0.0,0.0,0.0,0.0,0.0,0.0,0.0,0.0,0.0,0.0,0.0,0.0,0.0,0.0,0.0,0.0,0.3333333432674408,0.6666666865348816,0.095238097012043,0.5467073917388916,0.5,0.6000000238418579,0.570791482925415,0.5369178652763367,0.09834173321723938,0.0,0.0,0.0,0.5454999804496765,0.0,0.0,1.0,0.14499999582767487,0.15000000596046448,train__core_005__episode_00046,core_005__46,0,0.44999999999999984,0.019226103371550896,4913.760719099984,82644
core_005,46,1,1.667388916015625,0.4726000130176544,1.0,0.1791411919521112,0.2986980378627777,0.6320313811302185,0.0727333351969719,1,0.6320313811302185,1.667388916015625,0.2986980378627777,0.3333333432674408,0.0,0.0,0.0,0.0,0.0,0.0,0.0,0.0,0.0,0.0,0.0,0.0,0.0,0.0,0.0,0.0,0.0,0.0,0.0,0.4726000130176544,1.0,0.0727333351969719,0.5538590550422668,0.5467073917388916,0.5731770992279053,0.5631782412528992,0.5473969578742981,0.09784743934869766,1.0,0.0,0.3333333432674408,0.5460000038146973,0.0,0.0,1.0,0.14499999582767487,0.15000000596046448,train__core_005__episode_00046,core_005__46,0,0.6320313712669755,0.019470605241574956,4913.760719099984,82644
core_005,47,0,2.669773817062378,0.3333333432674408,0.6666666865348816,0.12485452555460905,0.3333333432674408,1.0,0.095238097012043,0,1.0,2.669773817062378,0.3333333432674408,0.3333333432674408,0.3333333432674408,0.0,0.0,0.0,0.0,0.0,0.0,0.0,0.0,0.0,0.0,0.0,0.0,0.0,0.0,0.0,0.0,0.0,0.0,0.3333333432674408,0.6666666865348816,0.095238097012043,0.531389057636261,0.5,0.5731770992279053,0.5565057992935181,0.5440607070922852,0.10030481964349747,1.0,0.0,0.0,0.5460000038146973,0.0,0.0,1.0,0.14499999582767487,0.15000000596046448,train__core_005__episode_00047,core_005__47,0,0.44999999999999984,0.018702395260551397,4913.760719099984,82644
core_005,47,1,1.7335022687911987,0.4810653030872345,1.0,0.1782566288289702,0.30900827050209045,0.6423416137695312,0.07233022153377533,1,0.6423416137695312,1.7335022687911987,0.30900827050209045,0.3333333432674408,0.0,0.0,0.0,0.0,0.0,0.0,0.0,0.0,0.0,0.0,0.0,0.0,0.0,0.0,0.0,0.0,0.0,0.0,0.0,0.4810653030872345,1.0,0.07233022153377533,0.5289384126663208,0.531389057636261,0.5732505917549133,0.550536036491394,0.543509304523468,0.10037846118211746,1.0,0.0,0.3333333432674408,0.5460000038146973,0.0,0.0,1.0,0.14499999582767487,0.15000000596046448,train__core_005__episode_00047,core_005__47,0,0.6423415907694956,0.018618612913074428,4913.760719099984,82644
core_005,48,0,2.6515166759490967,0.3333333432674408,0.6666666865348816,0.12571421718406725,0.3333333432674408,1.0,0.095238097012043,0,1.0,2.6515166759490967,0.3333333432674408,0.3333333432674408,0.3333333432674408,0.0,0.0,0.0,0.0,0.0,0.0,0.0,0.0,0.0,0.0,0.0,0.0,0.0,0.0,0.0,0.0,0.0,0.0,0.3333333432674408,0.6666666865348816,0.095238097012043,0.5616515874862671,0.6000000238418579,0.5732505917549133,0.5603376030921936,0.5484101176261902,0.10137514024972916,1.0,0.0,0.0,0.5460000038146973,0.0,1.0,1.0,0.14499999582767487,0.15000000596046448,train__core_005__episode_00048,core_005__48,0,0.4499999999999999,0.01973701910381448,4913.760719099984,82644
core_005,48,1,1.654063105583191,0.4640710651874542,1.0,0.17450341747886008,0.2886396646499634,0.6219729781150818,0.07313947379589081,1,0.6219729781150818,1.654063105583191,0.2886396646499634,0.3333333432674408,0.0,0.0,0.0,0.0,0.0,0.0,0.0,0.0,0.0,0.0,0.0,0.0,0.0,0.0,0.0,0.0,0.0,0.0,0.0,0.4640710651874542,1.0,0.07313947379589081,0.5386931300163269,0.5616515874862671,0.4000000059604645,0.5586806535720825,0.5670995116233826,0.10124523937702179,1.0,0.0,0.3333333432674408,0.5677499771118164,0.0,0.0,1.0,0.14499999582767487,0.15000000596046448,train__core_005__episode_00048,core_005__48,0,0.6219729947853212,0.019052142223218382,4913.760719099984,82644
core_005,49,0,2.568516254425049,0.3333333432674408,0.6666666865348816,0.12977661429752407,0.3333333432674408,1.0,0.095238097012043,0,1.0,2.568516254425049,0.3333333432674408,0.3333333432674408,0.3333333432674408,0.0,0.0,0.0,0.0,0.0,0.0,0.0,0.0,0.0,0.0,0.0,0.0,0.0,0.0,0.0,0.0,0.0,0.0,0.3333333432674408,0.6666666865348816,0.095238097012043,0.5399362444877625,0.699999988079071,0.4000000059604645,0.5784446597099304,0.5769815444946289,0.11274637281894684,1.0,0.0,0.0,0.5677499771118164,0.0,1.0,1.0,0.14499999582767487,0.15000000596046448,train__core_005__episode_00049,core_005__49,0,0.4499999999999999,0.019094721693846073,4913.760719099984,82644
core_005,49,1,1.5804681777954102,0.4763757586479187,1.0,0.19187698485012136,0.30325546860694885,0.6365888118743896,0.07255353778600693,1,0.6365888118743896,1.5804681777954102,0.30325546860694885,0.3333333432674408,0.0,0.0,0.0,0.0,0.0,0.0,0.0,0.0,0.0,0.0,0.0,0.0,0.0,0.0,0.0,0.0,0.0,0.0,0.0,0.4763757586479187,1.0,0.07255353778600693,0.6407080888748169,0.5399362444877625,0.6000000238418579,0.5984355807304382,0.5869770050048828,0.08930297940969467,1.0,0.0,0.3333333432674408,0.5699999928474426,0.0,0.0,1.0,0.14499999582767487,0.15000000596046448,train__core_005__episode_00049,core_005__49,0,0.6365887964914216,0.022435673028248004,4913.760719099984,82644
core_005,50,0,2.4443180561065674,0.3333333432674408,0.6666666865348816,0.13637069138146077,0.3333333432674408,1.0,0.095238097012043,0,1.0,2.4443180561065674,0.3333333432674408,0.3333333432674408,0.3333333432674408,0.0,0.0,0.0,0.0,0.0,0.0,0.0,0.0,0.0,0.0,0.0,0.0,0.0,0.0,0.0,0.0,0.0,0.0,0.3333333432674408,0.6666666865348816,0.095238097012043,0.6538741588592529,0.6057392358779907,0.6000000238418579,0.6078360080718994,0.591677188873291,0.08605458587408066,1.0,0.0,0.0,0.5699999928474426,0.0,1.0,1.0,0.14499999582767487,0.15000000596046448,train__core_005__episode_00050,core_005__50,0,0.4499999999999999,0.022885764046066293,4913.760719099984,82644
core_005,51,0,2.3881895542144775,0.3333333432674408,0.6666666865348816,0.13957574794647348,0.3333333432674408,1.0,0.095238097012043,0,1.0,2.3881895542144775,0.3333333432674408,0.3333333432674408,0.3333333432674408,0.0,0.0,0.0,0.0,0.0,0.0,0.0,0.0,0.0,0.0,0.0,0.0,0.0,0.0,0.0,0.0,0.0,0.0,0.3333333432674408,0.6666666865348816,0.095238097012043,0.9487067461013794,0.699999988079071,0.7491127848625183,0.6221217513084412,0.6043807864189148,0.09168422222137451,1.0,1.0,0.0,0.5787500143051147,0.0,1.0,1.0,0.14499999582767487,0.15000000596046448,train__core_005__episode_00051,core_005__51,0,0.44999999999999996,0.0339170996096016,4913.760719099984,82644
core_005,52,0,2.367544651031494,0.3333333432674408,0.6666666865348816,0.14079284338828152,0.3333333432674408,1.0,0.095238097012043,0,1.0,2.367544651031494,0.3333333432674408,0.3333333432674408,0.3333333432674408,0.0,0.0,0.0,0.0,0.0,0.0,0.0,0.0,0.0,0.0,0.0,0.0,0.0,0.0,0.0,0.0,0.0,0.0,0.3333333432674408,0.6666666865348816,0.095238097012043,0.9469084143638611,0.7870869636535645,0.5,0.6275466084480286,0.6106013059616089,0.09980177879333496,1.0,1.0,0.0,0.5899999737739563,0.0,1.0,1.0,0.14499999582767487,0.15000000596046448,train__core_005__episode_00052,core_005__52,0,0.44999999999999996,0.03376498047775406,4913.760719099984,82644
core_005,53,0,2.083031177520752,0.3333333432674408,0.6666666865348816,0.16002321370157216,0.3333333432674408,1.0,0.095238097012043,0,1.0,2.083031177520752,0.3333333432674408,0.3333333432674408,0.3333333432674408,0.0,0.0,0.0,0.0,0.0,0.0,0.0,0.0,0.0,0.0,0.0,0.0,0.0,0.0,0.0,0.0,0.0,0.0,0.3333333432674408,0.6666666865348816,0.095238097012043,0.6489167809486389,1.100000023841858,0.5,0.7132608890533447,0.6420261859893799,0.1793791949748993,0.0,0.0,0.0,0.5565000176429749,0.0,0.0,1.0,0.14499999582767487,0.15000000596046448,train__core_005__episode_00053,core_005__53,0,0.44999999999999984,0.02273028235150487,4913.760719099984,82644
core_005,54,0,2.0032477378845215,0.3333333432674408,0.6666666865348816,0.1663964655811612,0.3333333432674408,1.0,0.095238097012043,0,1.0,2.0032477378845215,0.3333333432674408,0.3333333432674408,0.3333333432674408,0.0,0.0,0.0,0.0,0.0,0.0,0.0,0.0,0.0,0.0,0.0,0.0,0.0,0.0,0.0,0.0,0.0,0.0,0.3333333432674408,0.6666666865348816,0.095238097012043,0.7483155727386475,0.698849081993103,0.6000000238418579,0.7416679263114929,0.6490868330001831,0.15780505537986755,1.0,0.0,0.0,0.5864999890327454,0.0,1.0,1.0,0.14499999582767487,0.15000000596046448,train__core_005__episode_00054,core_005__54,0,0.44999999999999996,0.026152772336400676,4913.760719099984,82644
core_005,55,0,1.9843822717666626,0.3333333432674408,0.6666666865348816,0.16797839207194673,0.3333333432674408,1.0,0.095238097012043,0,1.0,1.9843822717666626,0.3333333432674408,0.3333333432674408,0.3333333432674408,0.0,0.0,0.0,0.0,0.0,0.0,0.0,0.0,0.0,0.0,0.0,0.0,0.0,0.0,0.0,0.0,0.0,0.0,0.3333333432674408,0.6666666865348816,0.095238097012043,0.7387917041778564,0.6493571996688843,0.699999988079071,0.7487189173698425,0.6545282602310181,0.1523250788450241,1.0,0.0,0.0,0.5665000081062317,0.0,1.0,1.0,0.14499999582767487,0.15000000596046448,train__core_005__episode_00055,core_005__55,0,0.44999999999999984,0.025826981798598436,4913.760719099984,82644
core_005,56,0,2.007615566253662,0.3333333432674408,0.6666666865348816,0.1660344484623926,0.3333333432674408,1.0,0.095238097012043,0,1.0,2.007615566253662,0.3333333432674408,0.3333333432674408,0.3333333432674408,0.0,0.0,0.0,0.0,0.0,0.0,0.0,0.0,0.0,0.0,0.0,0.0,0.0,0.0,0.0,0.0,0.0,0.0,0.3333333432674408,0.6666666865348816,0.095238097012043,0.7444019913673401,0.6393479704856873,0.6057392358779907,0.7400543689727783,0.6592495441436768,0.15651720762252808,1.0,0.0,0.0,0.5899999737739563,0.0,1.0,1.0,0.14499999582767487,0.15000000596046448,train__core_005__episode_00056,core_005__56,0,0.44999999999999996,0.02601889744341468,4913.760719099984,82644
core_005,58,0,4.860983848571777,0.3333333432674408,0.6666666865348816,0.06857322584303148,0.3333333432674408,1.0,0.095238097012043,0,1.0,4.860983848571777,0.3333333432674408,0.3333333432674408,0.3333333432674408,0.0,0.0,0.0,0.0,0.0,0.0,0.0,0.0,0.0,0.0,0.0,0.0,0.0,0.0,0.0,0.0,0.0,0.0,0.3333333432674408,0.6666666865348816,0.095238097012043,0.4079940617084503,0.30000001192092896,0.30000001192092896,0.30000001192092896,0.30000001192092896,0.0,1.0,0.0,0.0,0.37275001406669617,0.0,0.0,1.0,0.14800000190734863,0.164000004529953,train__core_005__episode_00058,core_005__58,0,0.39376342006562687,0.013894594173401165,4913.760719099984,82644
core_005,58,1,3.082153797149658,0.5,1.0,0.10814948416127183,0.3333333432674408,0.6666666865348816,0.0714285746216774,1,0.6666666865348816,3.082153797149658,0.3333333432674408,0.3333333432674408,0.0,0.0,0.0,0.0,0.0,0.0,0.0,0.0,0.0,0.0,0.0,0.0,0.0,0.0,0.0,0.0,0.0,0.0,0.0,0.5,1.0,0.0714285746216774,0.4866636395454407,0.4079940617084503,0.30000001192092896,0.3154277205467224,0.3077138662338257,0.037790052592754364,1.0,1.0,0.3333333432674408,0.3942500054836273,0.0,0.0,1.0,0.14800000190734863,0.164000004529953,train__core_005__episode_00058,core_005__58,0,0.6666666666666667,0.017462940195781984,4913.760719099984,82644
core_005,59,0,4.438289642333984,0.3333333432674408,0.6666666865348816,0.0751040085550048,0.3333333432674408,1.0,0.095238097012043,0,1.0,4.438289642333984,0.3333333432674408,0.3333333432674408,0.3333333432674408,0.0,0.0,0.0,0.0,0.0,0.0,0.0,0.0,0.0,0.0,0.0,0.0,0.0,0.0,0.0,0.0,0.0,0.0,0.3333333432674408,0.6666666865348816,0.095238097012043,0.4866636395454407,0.5,0.30000001192092896,0.3285714387893677,0.3142857253551483,0.06998541951179504,1.0,1.0,0.0,0.3942500054836273,0.0,0.0,1.0,0.14800000190734863,0.164000004529953,train__core_005__episode_00059,core_005__59,0,0.45,0.017462940195781984,4913.760719099984,82644
core_005,59,1,2.735159158706665,0.4997091293334961,1.0,0.12172809154461756,0.33294570446014404,0.6662790775299072,0.07144242525100708,1,0.6662790775299072,2.735159158706665,0.33294570446014404,0.3333333432674408,0.0,0.0,0.0,0.0,0.0,0.0,0.0,0.0,0.0,0.0,0.0,0.0,0.0,0.0,0.0,0.0,0.0,0.0,0.0,0.4997091293334961,1.0,0.07144242525100708,0.4938631057739258,0.4866636395454407,0.30000001192092896,0.3552376627922058,0.3276188373565674,0.08741111308336258,1.0,1.0,0.3333333432674408,0.3852500021457672,0.0,0.0,1.0,0.14800000190734863,0.164000004529953,train__core_005__episode_00059,core_005__59,0,0.6662790517437256,0.017333919968747002,4913.760719099984,82644
core_005,60,0,3.1900205612182617,0.3333333432674408,0.6666666865348816,0.10449253754657353,0.3333333432674408,1.0,0.095238097012043,0,1.0,3.1900205612182617,0.3333333432674408,0.3333333432674408,0.3333333432674408,0.0,0.0,0.0,0.0,0.0,0.0,0.0,0.0,0.0,0.0,0.0,0.0,0.0,0.0,0.0,0.0,0.0,0.0,0.3333333432674408,0.6666666865348816,0.095238097012043,0.6219320297241211,1.2000000476837158,0.30000001192092896,0.4571428596973419,0.37857142090797424,0.311022013425827,1.0,1.0,0.0,0.3852500021457672,0.0,0.0,1.0,0.14800000190734863,0.164000004529953,train__core_005__episode_00060,core_005__60,0,0.45,0.021862132816587332,4913.760719099984,82644
core_005,60,1,1.6623096466064453,0.41879504919052124,1.0,0.14449041390188966,0.24018780887126923,0.5735211372375488,0.07529547810554504,1,0.5735211372375488,1.6623096466064453,0.24018780887126923,0.3333333432674408,0.0,0.0,0.0,0.0,0.0,0.0,0.0,0.0,0.0,0.0,0.0,0.0,0.0,0.0,0.0,0.0,0.0,0.0,0.0,0.41879504919052124,1.0,0.07529547810554504,0.44013047218322754,0.6219320297241211,0.30000001192092896,0.5031331777572632,0.4015665650367737,0.3081740438938141,0.0,0.0,0.3333333432674408,0.38199999928474426,0.0,0.0,1.0,0.14800000190734863,0.164000004529953,train__core_005__episode_00060,core_005__60,0,0.5735211402650338,0.015331302393899238,4913.760719099984,82644
core_005,61,0,2.9165902137756348,0.3333333432674408,0.6666666865348816,0.11428871347542799,0.3333333432674408,1.0,0.095238097012043,0,1.0,2.9165902137756348,0.3333333432674408,0.3333333432674408,0.3333333432674408,0.0,0.0,0.0,0.0,0.0,0.0,0.0,0.0,0.0,0.0,0.0,0.0,0.0,0.0,0.0,0.0,0.0,0.0,0.3333333432674408,0.6666666865348816,0.095238097012043,0.4365167021751404,0.6000000238418579,0.30000001192092896,0.5,0.4000000059604645,0.30705979466438293,0.0,0.0,0.0,0.38199999928474426,0.0,0.0,1.0,0.14800000190734863,0.164000004529953,train__core_005__episode_00061,core_005__61,0,0.38223286302646503,0.006662105878141311,4913.760719099984,82644
core_005,61,1,1.871399998664856,0.5,1.0,0.17811977316728458,0.3333333432674408,0.6666666865348816,0.0714285746216774,1,0.6666666865348816,1.871399998664856,0.3333333432674408,0.3333333432674408,0.0,0.0,0.0,0.0,0.0,0.0,0.0,0.0,0.0,0.0,0.0,0.0,0.0,0.0,0.0,0.0,0.0,0.0,0.0,0.5,1.0,0.0714285746216774,0.4415615200996399,0.4365167021751404,0.30000001192092896,0.5195024013519287,0.40975120663642883,0.2979376018047333,1.0,0.0,0.3333333432674408,0.39125001430511475,0.0,0.0,1.0,0.14800000190734863,0.164000004529953,train__core_005__episode_00061,core_005__61,0,0.6345992831500058,0.010320460661491504,4913.760719099984,82644
core_005,62,0,2.61745285987854,0.3333333432674408,0.6666666865348816,0.12735027567331575,0.3333333432674408,1.0,0.095238097012043,0,1.0,2.61745285987854,0.3333333432674408,0.3333333432674408,0.3333333432674408,0.0,0.0,0.0,0.0,0.0,0.0,0.0,0.0,0.0,0.0,0.0,0.0,0.0,0.0,0.0,0.0,0.0,0.0,0.3333333432674408,0.6666666865348816,0.095238097012043,0.45721927285194397,0.699999988079071,0.30000001192092896,0.5571428537368774,0.4285714328289032,0.30169588327407837,1.0,0.0,0.0,0.39125001430511475,0.0,0.0,1.0,0.14800000190734863,0.164000004529953,train__core_005__episode_00062,core_005__62,0,0.41944445490276905,0.01266035478544203,4913.760719099984,82644
core_005,62,1,1.6773501634597778,0.5,1.0,0.19872615183695005,0.3333333432674408,0.6666666865348816,0.0714285746216774,1,0.6666666865348816,1.6773501634597778,0.3333333432674408,0.3333333432674408,0.0,0.0,0.0,0.0,0.0,0.0,0.0,0.0,0.0,0.0,0.0,0.0,0.0,0.0,0.0,0.0,0.0,0.0,0.0,0.5,1.0,0.0714285746216774,0.47254034876823425,0.45721927285194397,0.30000001192092896,0.5796027779579163,0.4398013651371002,0.28722167015075684,1.0,0.0,0.3333333432674408,0.40525001287460327,0.0,0.0,1.0,0.14800000190734863,0.164000004529953,train__core_005__episode_00062,core_005__62,0,0.6569046259929898,0.01315395109746298,4913.760719099984,82644
core_005,63,0,2.334949493408203,0.3333333432674408,0.6666666865348816,0.14275826702396532,0.3333333432674408,1.0,0.095238097012043,0,1.0,2.334949493408203,0.3333333432674408,0.3333333432674408,0.3333333432674408,0.0,0.0,0.0,0.0,0.0,0.0,0.0,0.0,0.0,0.0,0.0,0.0,0.0,0.0,0.0,0.0,0.0,0.0,0.3333333432674408,0.6666666865348816,0.095238097012043,0.5169601440429688,0.7718575596809387,0.30000001192092896,0.6245510578155518,0.46227553486824036,0.2891652286052704,1.0,0.0,0.0,0.40525001287460327,0.0,1.0,1.0,0.14800000190734863,0.164000004529953,train__core_005__episode_00063,core_005__63,0,0.45,0.017881800678544224,4913.760719099984,82644
core_005,64,0,2.446887493133545,0.3333333432674408,0.6666666865348816,0.13622749072151488,0.3333333432674408,1.0,0.095238097012043,0,1.0,2.446887493133545,0.3333333432674408,0.3333333432674408,0.3333333432674408,0.0,0.0,0.0,0.0,0.0,0.0,0.0,0.0,0.0,0.0,0.0,0.0,0.0,0.0,0.0,0.0,0.0,0.0,0.3333333432674408,0.6666666865348816,0.095238097012043,0.50003582239151,0.10000000149011612,0.30000001192092896,0.595979630947113,0.447989821434021,0.32720065116882324,1.0,0.0,0.0,0.39800000190734863,0.0,0.0,1.0,0.14800000190734863,0.164000004529953,train__core_005__episode_00064,core_005__64,0,0.44999999999999996,0.017299772292310278,4913.760719099984,82644
core_005,64,1,1.5343043804168701,0.49272772669792175,1.0,0.21102460569676282,0.323775976896286,0.6571093201637268,0.07177487015724182,1,0.6571093201637268,1.5343043804168701,0.323775976896286,0.3333333432674408,0.0,0.0,0.0,0.0,0.0,0.0,0.0,0.0,0.0,0.0,0.0,0.0,0.0,0.0,0.0,0.0,0.0,0.0,0.0,0.49272772669792175,1.0,0.07177487015724182,0.5430465936660767,0.50003582239151,0.5,0.6245561838150024,0.4622780978679657,0.30829179286956787,1.0,0.0,0.3333333432674408,0.3959999978542328,0.0,0.0,1.0,0.14800000190734863,0.164000004529953,train__core_005__episode_00064,core_005__64,0,0.6571093206191605,0.018548460931020694,4913.760719099984,82644
core_005,65,0,2.2741899490356445,0.3333333432674408,0.6666666865348816,0.1465723403661988,0.3333333432674408,1.0,0.095238097012043,0,1.0,2.2741899490356445,0.3333333432674408,0.3333333432674408,0.3333333432674408,0.0,0.0,0.0,0.0,0.0,0.0,0.0,0.0,0.0,0.0,0.0,0.0,0.0,0.0,0.0,0.0,0.0,0.0,0.3333333432674408,0.6666666865348816,0.095238097012043,0.5431711077690125,0.6168028116226196,0.5,0.641237199306488,0.4706186056137085,0.3042353093624115,1.0,0.0,0.0,0.3959999978542328,0.0,1.0,1.0,0.14800000190734863,0.164000004529953,train__core_005__episode_00065,core_005__65,0,0.44999999999999996,0.018552725379042456,4913.760719099984,82644
core_005,66,0,2.326009511947632,0.3333333432674408,0.6666666865348816,0.14330695620772918,0.3333333432674408,1.0,0.095238097012043,0,1.0,2.326009511947632,0.3333333432674408,0.3333333432674408,0.3333333432674408,0.0,0.0,0.0,0.0,0.0,0.0,0.0,0.0,0.0,0.0,0.0,0.0,0.0,0.0,0.0,0.0,0.0,0.0,0.3333333432674408,0.6666666865348816,0.095238097012043,0.6516544222831726,0.4000000059604645,1.2000000476837158,0.6269514560699463,0.477761447429657,0.31276023387908936,1.0,1.0,0.0,0.41449999809265137,0.0,0.0,1.0,0.14800000190734863,0.164000004529953,train__core_005__episode_00066,core_005__66,0,0.44999999999999996,0.02292054050550907,4913.760719099984,82644
core_005,67,0,2.6250855922698975,0.3333333432674408,0.6666666865348816,0.12697999038545987,0.3333333432674408,1.0,0.095238097012043,0,1.0,2.6250855922698975,0.3333333432674408,0.3333333432674408,0.3333333432674408,0.0,0.0,0.0,0.0,0.0,0.0,0.0,0.0,0.0,0.0,0.0,0.0,0.0,0.0,0.0,0.0,0.0,0.0,0.3333333432674408,0.6666666865348816,0.095238097012043,0.6432103514671326,0.699999988079071,0.6000000238418579,0.5555229187011719,0.5063328742980957,0.215794175863266,1.0,1.0,0.0,0.40700000524520874,0.0,0.0,1.0,0.14800000190734863,0.164000004529953,train__core_005__episode_00067,core_005__67,0,0.44999999999999996,0.02235008081912243,4913.760719099984,82644
core_005,68,0,3.1040196418762207,0.3333333432674408,0.6666666865348816,0.1073876398107964,0.3333333432674408,1.0,0.095238097012043,0,1.0,3.1040196418762207,0.3333333432674408,0.3333333432674408,0.3333333432674408,0.0,0.0,0.0,0.0,0.0,0.0,0.0,0.0,0.0,0.0,0.0,0.0,0.0,0.0,0.0,0.0,0.0,0.0,0.3333333432674408,0.6666666865348816,0.095238097012043,0.47357410192489624,0.0,0.699999988079071,0.4698086380958557,0.48490431904792786,0.2881390452384949,0.0,0.0,0.0,0.40450000762939453,0.0,0.0,1.0,0.14800000190734863,0.164000004529953,train__core_005__episode_00068,core_005__68,0,0.4277590564303777,0.011697241363129218,4913.760719099984,82644
core_005,68,1,2.2223567962646484,0.5,1.0,0.1499909212722771,0.3333333432674408,0.6666666865348816,0.0714285746216774,1,0.6666666865348816,2.2223567962646484,0.3333333432674408,0.3333333432674408,0.0,0.0,0.0,0.0,0.0,0.0,0.0,0.0,0.0,0.0,0.0,0.0,0.0,0.0,0.0,0.0,0.0,0.0,0.0,0.5,1.0,0.0714285746216774,0.4677332639694214,0.47357410192489624,0.7718575596809387,0.43746206164360046,0.49730247259140015,0.27278217673301697,1.0,0.0,0.3333333432674408,0.41725000739097595,0.0,0.0,1.0,0.14800000190734863,0.164000004529953,train__core_005__episode_00068,core_005__68,0,0.6534434372212864,0.011514974075360507,4913.760719099984,82644
core_005,69,0,3.660562753677368,0.3333333432674408,0.6666666865348816,0.09106068265940179,0.3333333432674408,1.0,0.095238097012043,0,1.0,3.660562753677368,0.3333333432674408,0.3333333432674408,0.3333333432674408,0.0,0.0,0.0,0.0,0.0,0.0,0.0,0.0,0.0,0.0,0.0,0.0,0.0,0.0,0.0,0.0,0.0,0.0,0.3333333432674408,0.6666666865348816,0.095238097012043,0.471004456281662,0.20000000298023224,0.7718575596809387,0.3983800411224365,0.477761447429657,0.2841687500476837,1.0,0.0,0.0,0.41725000739097595,0.0,0.0,1.0,0.14800000190734863,0.164000004529953,train__core_005__episode_00069,core_005__69,0,0.4013437658204408,0.011617053070707872,4913.760719099984,82644
core_005,69,1,2.73549222946167,0.5,1.0,0.12185497720570714,0.3333333432674408,0.6666666865348816,0.0714285746216774,1,0.6666666865348816,2.73549222946167,0.3333333432674408,0.3333333432674408,0.0,0.0,0.0,0.0,0.0,0.0,0.0,0.0,0.0,0.0,0.0,0.0,0.0,0.0,0.0,0.0,0.0,0.0,0.0,0.5,1.0,0.0714285746216774,0.4336160123348236,0.471004456281662,0.10000000149011612,0.35540103912353516,0.48997604846954346,0.24440060555934906,1.0,0.0,0.3333333432674408,0.4235000014305115,0.0,0.0,1.0,0.14800000190734863,0.164000004529953,train__core_005__episode_00069,core_005__69,0,0.6288783584430061,0.010450322078912166,4913.760719099984,82644
core_005,70,0,4.604859828948975,0.3333333432674408,0.6666666865348816,0.07238729421727516,0.3333333432674408,1.0,0.095238097012043,0,1.0,4.604859828948975,0.3333333432674408,0.3333333432674408,0.3333333432674408,0.0,0.0,0.0,0.0,0.0,0.0,0.0,0.0,0.0,0.0,0.0,0.0,0.0,0.0,0.0,0.0,0.0,0.0,0.3333333432674408,0.6666666865348816,0.095238097012043,0.434944748878479,0.20000000298023224,0.10000000149011612,0.31668612360954285,0.4706186056137085,0.24448634684085846,1.0,0.0,0.0,0.4235000014305115,0.0,0.0,1.0,0.14800000190734863,0.164000004529953,train__core_005__episode_00070,core_005__70,0,0.39165258143369847,0.01791632265049753,4913.760719099984,82644
core_005,70,1,2.666947841644287,0.5,1.0,0.12498682503739052,0.3333333432674408,0.6666666865348816,0.0714285746216774,1,0.6666666865348816,2.666947841644287,0.3333333432674408,0.3333333432674408,0.0,0.0,0.0,0.0,0.0,0.0,0.0,0.0,0.0,0.0,0.0,0.0,0.0,0.0,0.0,0.0,0.0,0.0,0.0,0.5,1.0,0.0714285746216774,0.45621606707572937,0.434944748878479,0.6168028116226196,0.3645353615283966,0.480257511138916,0.2297266721725464,1.0,0.0,0.3333333432674408,0.4339999854564667,0.0,0.0,1.0,0.14800000190734863,0.164000004529953,train__core_005__episode_00070,core_005__70,0,0.6451508316941332,0.011155572051457785,4913.760719099984,82644
core_005,71,0,3.8980283737182617,0.3333333432674408,0.6666666865348816,0.08551331886521901,0.3333333432674408,1.0,0.095238097012043,0,1.0,3.8980283737182617,0.3333333432674408,0.3333333432674408,0.3333333432674408,0.0,0.0,0.0,0.0,0.0,0.0,0.0,0.0,0.0,0.0,0.0,0.0,0.0,0.0,0.0,0.0,0.0,0.0,0.3333333432674408,0.6666666865348816,0.095238097012043,0.47847655415534973,0.5019740462303162,0.6168028116226196,0.37411096692085266,0.48504531383514404,0.23382242023944855,1.0,0.0,0.0,0.4339999854564667,0.0,1.0,1.0,0.14800000190734863,0.164000004529953,train__core_005__episode_00071,core_005__71,0,0.4396892850637578,0.011850225627871525,4913.760719099984,82644
core_005,71,1,2.743605375289917,0.5,1.0,0.12149463850362133,0.3333333432674408,0.6666666865348816,0.0714285746216774,1,0.6666666865348816,2.743605375289917,0.3333333432674408,0.3333333432674408,0.0,0.0,0.0,0.0,0.0,0.0,0.0,0.0,0.0,0.0,0.0,0.0,0.0,0.0,0.0,0.0,0.0,0.0,0.0,0.5,1.0,0.0714285746216774,0.4794001579284668,0.47847655415534973,0.4000000059604645,0.35435009002685547,0.49779364466667175,0.21777112782001495,1.0,0.0,0.3333333432674408,0.4339999854564667,0.0,0.0,1.0,0.14800000190734863,0.164000004529953,train__core_005__episode_00071,core_005__71,0,0.6618438077153219,0.011879046639430069,4913.760719099984,82644
core_005,72,0,4.635870456695557,0.3333333432674408,0.6666666865348816,0.07190307545932602,0.3333333432674408,1.0,0.095238097012043,0,1.0,4.635870456695557,0.3333333432674408,0.3333333432674408,0.3333333432674408,0.0,0.0,0.0,0.0,0.0,0.0,0.0,0.0,0.0,0.0,0.0,0.0,0.0,0.0,0.0,0.0,0.0,0.0,0.3333333432674408,0.6666666865348816,0.095238097012043,0.48077133297920227,0.20000000298023224,0.4000000059604645,0.3145677149295807,0.47790247201919556,0.21689628064632416,1.0,0.0,0.0,0.4339999854564667,0.0,0.0,1.0,0.14800000190734863,0.164000004529953,train__core_005__episode_00072,core_005__72,0,0.44616441976130955,0.019583482380589434,4913.760719099984,82644
core_005,72,1,2.98122501373291,0.5,1.0,0.11181086356512919,0.3333333432674408,0.6666666865348816,0.0714285746216774,1,0.6666666865348816,2.98122501373291,0.3333333432674408,0.3333333432674408,0.0,0.0,0.0,0.0,0.0,0.0,0.0,0.0,0.0,0.0,0.0,0.0,0.0,0.0,0.0,0.0,0.0,0.0,0.0,0.5,1.0,0.0714285746216774,0.5805626511573792,0.48077133297920227,0.699999988079071,0.3261064887046814,0.47652897238731384,0.22319144010543823,1.0,1.0,0.3333333432674408,0.4494999945163727,0.0,0.0,1.0,0.14800000190734863,0.164000004529953,train__core_005__episode_00072,core_005__72,0,0.6666666666666667,0.02029845525740681,4913.760719099984,82644
core_005,73,0,4.434483528137207,0.3333333432674408,0.6666666865348816,0.07516847027447729,0.3333333432674408,1.0,0.095238097012043,0,1.0,4.434483528137207,0.3333333432674408,0.3333333432674408,0.3333333432674408,0.0,0.0,0.0,0.0,0.0,0.0,0.0,0.0,0.0,0.0,0.0,0.0,0.0,0.0,0.0,0.0,0.0,0.0,0.3333333432674408,0.6666666865348816,0.095238097012043,0.590305507183075,0.5,0.699999988079071,0.32885342836380005,0.47790247201919556,0.2251874953508377,1.0,1.0,0.0,0.4494999945163727,0.0,0.0,1.0,0.14800000190734863,0.164000004529953,train__core_005__episode_00073,core_005__73,0,0.45,0.020634928065134006,4913.760719099984,82644
core_005,73,1,2.7715113162994385,0.4399721324443817,1.0,0.09448821336134758,0.2618751525878906,0.595208466053009,0.0742870420217514,1,0.595208466053009,2.7715113162994385,0.2618751525878906,0.3333333432674408,0.0,0.0,0.0,0.0,0.0,0.0,0.0,0.0,0.0,0.0,0.0,0.0,0.0,0.0,0.0,0.0,0.0,0.0,0.0,0.4399721324443817,1.0,0.0742870420217514,0.5638413429260254,0.590305507183075,0.0,0.3131828010082245,0.434352844953537,0.20137183368206024,1.0,1.0,0.3333333432674408,0.41624999046325684,0.0,0.0,1.0,0.14800000190734863,0.164000004529953,train__core_005__episode_00073,core_005__73,0,0.5952084801334817,0.019870023539771853,4913.760719099984,82644
core_005,74,0,4.080004692077637,0.3333333432674408,0.6666666865348816,0.08169925488436128,0.3333333432674408,1.0,0.095238097012043,0,1.0,4.080004692077637,0.3333333432674408,0.3333333432674408,0.3333333432674408,0.0,0.0,0.0,0.0,0.0,0.0,0.0,0.0,0.0,0.0,0.0,0.0,0.0,0.0,0.0,0.0,0.0,0.0,0.3333333432674408,0.6666666865348816,0.095238097012043,0.6388279795646667,0.8999999761581421,0.0,0.35742485523223877,0.4564738869667053,0.2771565318107605,1.0,1.0,0.0,0.41624999046325684,0.0,0.0,1.0,0.14800000190734863,0.164000004529953,train__core_005__episode_00074,core_005__74,0,0.45,0.022891585293043526,4913.760719099984,82644
core_005,74,1,1.826371192932129,0.4068116247653961,1.0,0.12516717565084443,0.22860172390937805,0.5619350671768188,0.07586611062288284,1,0.5619350671768188,1.826371192932129,0.22860172390937805,0.3333333432674408,0.0,0.0,0.0,0.0,0.0,0.0,0.0,0.0,0.0,0.0,0.0,0.0,0.0,0.0,0.0,0.0,0.0,0.0,0.0,0.4068116247653961,1.0,0.07586611062288284,0.44712895154953003,0.6388279795646667,0.20000000298023224,0.44868600368499756,0.45924732089042664,0.24809135496616364,0.0,0.0,0.3333333432674408,0.4350000023841858,0.0,0.0,1.0,0.14800000190734863,0.164000004529953,train__core_005__episode_00074,core_005__74,0,0.5619350518045023,0.01555346328747298,4913.760719099984,82644
core_005,75,0,2.834019899368286,0.3333333432674408,0.6666666865348816,0.1176185613028836,0.3333333432674408,1.0,0.095238097012043,0,1.0,2.834019899368286,0.3333333432674408,0.3333333432674408,0.3333333432674408,0.0,0.0,0.0,0.0,0.0,0.0,0.0,0.0,0.0,0.0,0.0,0.0,0.0,0.0,0.0,0.0,0.0,0.0,0.3333333432674408,0.6666666865348816,0.095238097012043,0.47102612257003784,1.100000023841858,0.20000000298023224,0.5145677328109741,0.4921881854534149,0.3356269896030426,0.0,0.0,0.0,0.4350000023841858,0.0,1.0,1.0,0.14800000190734863,0.164000004529953,train__core_005__episode_00075,core_005__75,0,0.42141037052462427,0.012017973335386956,4913.760719099984,82644
core_005,75,1,1.7571332454681396,0.5,1.0,0.18970294035876223,0.3333333432674408,0.6666666865348816,0.0714285746216774,1,0.6666666865348816,1.7571332454681396,0.3333333432674408,0.3333333432674408,0.0,0.0,0.0,0.0,0.0,0.0,0.0,0.0,0.0,0.0,0.0,0.0,0.0,0.0,0.0,0.0,0.0,0.0,0.0,0.5,1.0,0.0714285746216774,0.4614638686180115,0.47102612257003784,0.20000000298023224,0.5532857179641724,0.47583290934562683,0.31189921498298645,1.0,0.0,0.3333333432674408,0.4507499933242798,0.0,0.0,1.0,0.14800000190734863,0.164000004529953,train__core_005__episode_00075,core_005__75,0,0.648929358145804,0.01131933361586046,4913.760719099984,82644
core_005,76,0,2.834019899368286,0.3333333432674408,0.6666666865348816,0.1176185613028836,0.3333333432674408,1.0,0.095238097012043,0,1.0,2.834019899368286,0.3333333432674408,0.3333333432674408,0.3333333432674408,0.0,0.0,0.0,0.0,0.0,0.0,0.0,0.0,0.0,0.0,0.0,0.0,0.0,0.0,0.0,0.0,0.0,0.0,0.3333333432674408,0.6666666865348816,0.095238097012043,0.44048449397087097,0.20000000298023224,0.20000000298023224,0.5145677328109741,0.4564738869667053,0.3356269896030426,1.0,0.0,0.0,0.4507499933242798,0.0,0.0,1.0,0.14800000190734863,0.164000004529953,train__core_005__episode_00076,core_005__76,0,0.39562018372674496,0.010664657926842236,4913.760719099984,82644
core_005,76,1,1.7710998058319092,0.5,1.0,0.1882069786072105,0.3333333432674408,0.6666666865348816,0.0714285746216774,1,0.6666666865348816,1.7710998058319092,0.3333333432674408,0.3333333432674408,0.0,0.0,0.0,0.0,0.0,0.0,0.0,0.0,0.0,0.0,0.0,0.0,0.0,0.0,0.0,0.0,0.0,0.0,0.0,0.5,1.0,0.0714285746216774,0.4561867415904999,0.44048449397087097,0.5019740462303162,0.5489226579666138,0.4328043758869171,0.3132301867008209,1.0,0.0,0.3333333432674408,0.45225000381469727,0.0,0.0,1.0,0.14800000190734863,0.164000004529953,train__core_005__episode_00076,core_005__76,0,0.6451297144653906,0.011154656829489906,4913.760719099984,82644
core_005,77,0,2.684938430786133,0.3333333432674408,0.6666666865348816,0.12414934340592791,0.3333333432674408,1.0,0.095238097012043,0,1.0,2.684938430786133,0.3333333432674408,0.3333333432674408,0.3333333432674408,0.0,0.0,0.0,0.0,0.0,0.0,0.0,0.0,0.0,0.0,0.0,0.0,0.0,0.0,0.0,0.0,0.0,0.0,0.3333333432674408,0.6666666865348816,0.095238097012043,0.4561867415904999,0.4000000059604645,0.5019740462303162,0.5431391596794128,0.42991262674331665,0.3155441880226135,1.0,0.0,0.0,0.45225000381469727,0.0,0.0,1.0,0.14800000190734863,0.164000004529953,train__core_005__episode_00077,core_005__77,0,0.40114480839224276,0.01115465682948985,4913.760719099984,82644
core_005,77,1,1.8117783069610596,0.5,1.0,0.18398130830175852,0.3333333432674408,0.6666666865348816,0.0714285746216774,1,0.6666666865348816,1.8117783069610596,0.3333333432674408,0.3333333432674408,0.0,0.0,0.0,0.0,0.0,0.0,0.0,0.0,0.0,0.0,0.0,0.0,0.0,0.0,0.0,0.0,0.0,0.0,0.0,0.5,1.0,0.0714285746216774,0.4481573700904846,0.4561867415904999,0.20000000298023224,0.5365980863571167,0.4553545415401459,0.3168017864227295,1.0,0.0,0.3333333432674408,0.445250004529953,0.0,0.0,1.0,0.14800000190734863,0.164000004529953,train__core_005__episode_00077,core_005__77,0,0.6393484272601855,0.010904095493187271,4913.760719099984,82644
core_005,78,0,2.3739688396453857,0.3333333432674408,0.6666666865348816,0.1404118443767075,0.3333333432674408,1.0,0.095238097012043,0,1.0,2.3739688396453857,0.3333333432674408,0.3333333432674408,0.3333333432674408,0.0,0.0,0.0,0.0,0.0,0.0,0.0,0.0,0.0,0.0,0.0,0.0,0.0,0.0,0.0,0.0,0.0,0.0,0.3333333432674408,0.6666666865348816,0.095238097012043,0.5214846134185791,1.0,0.20000000298023224,0.6142857074737549,0.49419835209846497,0.35225221514701843,1.0,0.0,0.0,0.445250004529953,0.0,0.0,1.0,0.14800000190734863,0.164000004529953,train__core_005__episode_00078,core_005__78,0,0.44999999999999996,0.018114321362182717,4913.760719099984,82644
core_005,79,0,2.0416133403778076,0.3333333432674408,0.6666666865348816,0.1632695754259503,0.3333333432674408,1.0,0.095238097012043,0,1.0,2.0416133403778076,0.3333333432674408,0.3333333432674408,0.3333333432674408,0.0,0.0,0.0,0.0,0.0,0.0,0.0,0.0,0.0,0.0,0.0,0.0,0.0,0.0,0.0,0.0,0.0,0.0,0.3333333432674408,0.6666666865348816,0.095238097012043,0.5887022614479065,0.8999999761581421,0.5,0.7142857313156128,0.5144267082214355,0.31815797090530396,1.0,0.0,0.0,0.45774999260902405,0.0,0.0,1.0,0.14800000190734863,0.164000004529953,train__core_005__episode_00079,core_005__79,0,0.4499999999999999,0.02042934203191854,4913.760719099984,82644
core_006,0,0,2.613438844680786,0.3333333432674408,0.6666666865348816,0.12754587464171377,0.3333333432674408,1.0,0.095238097012043,0,1.0,2.613438844680786,0.3333333432674408,0.3333333432674408,0.3333333432674408,0.0,0.0,0.0,0.0,0.0,0.0,0.0,0.0,0.0,0.0,0.0,0.0,0.0,0.0,0.0,0.0,0.0,0.0,0.3333333432674408,0.6666666865348816,0.095238097012043,1.3869582414627075,1.1370035409927368,1.1370035409927368,1.1370035409927368,1.0,2.220446049250313e-16,1.0,0.0,0.0,0.38850000500679016,0.0,0.0,1.0,0.14499999582767487,0.15000000596046448,train__core_006__episode_00000,core_006__0,0,0.4499999999999999,0.024145159620750534,4913.760719099984,82644
core_006,1,0,3.4273624420166016,0.3333333432674408,0.6666666865348816,0.09725651981857897,0.3333333432674408,1.0,0.095238097012043,0,1.0,3.4273624420166016,0.3333333432674408,0.3333333432674408,0.3333333432674408,0.0,0.0,0.0,0.0,0.0,0.0,0.0,0.0,0.0,0.0,0.0,0.0,0.0,0.0,0.0,0.0,0.0,0.0,0.3333333432674408,0.6666666865348816,0.095238097012043,1.0598617792129517,0.8669900894165039,0.8669900894165039,0.8669900894165039,0.8669900894165039,1.1102230246251565e-16,1.0,0.0,0.0,0.37275001406669617,0.0,1.0,1.0,0.14499999582767487,0.15000000596046448,train__core_006__episode_00001,core_006__1,0,0.4499999999999999,0.018542187894383833,4913.760719099984,82644
core_006,1,1,2.1369874477386475,0.4818570017814636,1.0,0.14505920056230076,0.30998969078063965,0.6433230638504028,0.0722925215959549,1,0.6433230638504028,2.1369874477386475,0.30998969078063965,0.3333333432674408,0.0,0.0,0.0,0.0,0.0,0.0,0.0,0.0,0.0,0.0,0.0,0.0,0.0,0.0,0.0,0.0,0.0,0.0,0.0,0.4818570017814636,1.0,0.0722925215959549,1.264108657836914,1.0598617792129517,0.8669900894165039,0.8945431709289551,0.8807666301727295,0.06749102473258972,1.0,1.0,0.3333333432674408,0.3942500054836273,0.0,0.0,1.0,0.14499999582767487,0.15000000596046448,train__core_006__episode_00001,core_006__1,0,0.6433230372034546,0.022441975651084967,4913.760719099984,82644
core_006,2,0,3.7805614471435547,0.3333333432674408,0.6666666865348816,0.08817032811866991,0.3333333432674408,1.0,0.095238097012043,0,1.0,3.7805614471435547,0.3333333432674408,0.3333333432674408,0.3333333432674408,0.0,0.0,0.0,0.0,0.0,0.0,0.0,0.0,0.0,0.0,0.0,0.0,0.0,0.0,0.0,0.0,0.0,0.0,0.3333333432674408,0.6666666865348816,0.095238097012043,1.1279211044311523,0.30000001192092896,0.8669900894165039,0.7859914898872375,0.8264907598495483,0.1984051913022995,1.0,1.0,0.0,0.3942500054836273,0.0,0.0,1.0,0.14499999582767487,0.15000000596046448,train__core_006__episode_00002,core_006__2,0,0.44999999999999984,0.020118468618581686,4913.760719099984,82644
core_006,2,1,2.239331007003784,0.4627286195755005,1.0,0.12820149939818587,0.2870855927467346,0.620418906211853,0.07320339977741241,1,0.620418906211853,2.239331007003784,0.2870855927467346,0.3333333432674408,0.0,0.0,0.0,0.0,0.0,0.0,0.0,0.0,0.0,0.0,0.0,0.0,0.0,0.0,0.0,0.0,0.0,0.0,0.0,0.4627286195755005,1.0,0.07320339977741241,1.1545393466949463,1.1279211044311523,0.8669900894165039,0.8232673406600952,0.8451287150382996,0.23181919753551483,1.0,1.0,0.3333333432674408,0.3852500021457672,0.0,0.0,1.0,0.14499999582767487,0.15000000596046448,train__core_006__episode_00002,core_006__2,0,0.6204189275629487,0.021117483583129926,4913.760719099984,82644
core_006,3,0,4.039017677307129,0.3333333432674408,0.6666666865348816,0.08252831997746514,0.3333333432674408,1.0,0.095238097012043,0,1.0,4.039017677307129,0.3333333432674408,0.3333333432674408,0.3333333432674408,0.0,0.0,0.0,0.0,0.0,0.0,0.0,0.0,0.0,0.0,0.0,0.0,0.0,0.0,0.0,0.0,0.0,0.0,0.3333333432674408,0.6666666865348816,0.095238097012043,1.0306674242019653,0.5149214267730713,0.8669900894165039,0.7356959581375122,0.8013430237770081,0.21539434790611267,1.0,1.0,0.0,0.3852500021457672,0.0,1.0,1.0,0.14499999582767487,0.15000000596046448,train__core_006__episode_00003,core_006__3,0,0.44999999999999984,0.01892794257873276,4913.760719099984,82644
core_006,3,1,2.5568132400512695,0.48965102434158325,1.0,0.1250832591076582,0.319814532995224,0.6531478762626648,0.07192137837409973,1,0.6531478762626648,2.5568132400512695,0.319814532995224,0.3333333432674408,0.0,0.0,0.0,0.0,0.0,0.0,0.0,0.0,0.0,0.0,0.0,0.0,0.0,0.0,0.0,0.0,0.0,0.0,0.0,0.48965102434158325,1.0,0.07192137837409973,1.0423709154129028,1.0306674242019653,0.8669900894165039,0.7590784430503845,0.8130342364311218,0.23625224828720093,0.0,0.0,0.3333333432674408,0.38199999928474426,0.0,0.0,1.0,0.14499999582767487,0.15000000596046448,train__core_006__episode_00003,core_006__3,0,0.6531478597985416,0.018654966071537382,4913.760719099984,82644
core_006,4,0,4.348931312561035,0.3333333432674408,0.6666666865348816,0.07664718509227147,0.3333333432674408,1.0,0.095238097012043,0,1.0,4.348931312561035,0.3333333432674408,0.3333333432674408,0.3333333432674408,0.0,0.0,0.0,0.0,0.0,0.0,0.0,0.0,0.0,0.0,0.0,0.0,0.0,0.0,0.0,0.0,0.0,0.0,0.3333333432674408,0.6666666865348816,0.095238097012043,0.927830696105957,0.5,0.8669900894165039,0.6832687854766846,0.7751294374465942,0.22162944078445435,0.0,0.0,0.0,0.38199999928474426,0.0,0.0,1.0,0.14499999582767487,0.15000000596046448,train__core_006__episode_00004,core_006__4,1,0.4153807757169167,0.01094978036738109,4913.760719099984,82644
core_006,4,1,2.862870454788208,0.5,1.0,0.11643326113828661,0.3333333432674408,0.6666666865348816,0.0714285746216774,1,0.6666666865348816,2.862870454788208,0.3333333432674408,0.3333333432674408,0.0,0.0,0.0,0.0,0.0,0.0,0.0,0.0,0.0,0.0,0.0,0.0,0.0,0.0,0.0,0.0,0.0,0.0,0.0,0.5,1.0,0.0714285746216774,0.9700168967247009,0.927830696105957,0.8669900894165039,0.691960334777832,0.779475212097168,0.22970959544181824,1.0,0.0,0.3333333432674408,0.39125001430511475,0.0,0.0,1.0,0.14499999582767487,0.15000000596046448,train__core_006__episode_00004,core_006__4,1,0.6432410951423275,0.01467876211645347,4913.760719099984,82644
core_006,5,0,4.773532390594482,0.3333333432674408,0.6666666865348816,0.069829492290494,0.3333333432674408,1.0,0.095238097012043,0,1.0,4.773532390594482,0.3333333432674408,0.3333333432674408,0.3333333432674408,0.0,0.0,0.0,0.0,0.0,0.0,0.0,0.0,0.0,0.0,0.0,0.0,0.0,0.0,0.0,0.0,0.0,0.0,0.3333333432674408,0.6666666865348816,0.095238097012043,0.9012718200683594,0.4415574073791504,0.8669900894165039,0.6224927306175232,0.7447413802146912,0.2212471216917038,1.0,0.0,0.0,0.39125001430511475,0.0,1.0,1.0,0.14499999582767487,0.15000000596046448,train__core_006__episode_00005,core_006__5,1,0.36465454292071564,0.015800491359002855,4913.760719099984,82644
core_006,5,1,3.1575136184692383,0.5,1.0,0.10556829947388817,0.3333333432674408,0.6666666865348816,0.0714285746216774,1,0.6666666865348816,3.1575136184692383,0.3333333432674408,0.3333333432674408,0.0,0.0,0.0,0.0,0.0,0.0,0.0,0.0,0.0,0.0,0.0,0.0,0.0,0.0,0.0,0.0,0.0,0.0,0.0,0.5,1.0,0.0714285746216774,0.9161247611045837,0.9012718200683594,0.8669900894165039,0.6273901462554932,0.7471901178359985,0.22691187262535095,1.0,0.0,0.3333333432674408,0.40525001287460327,0.0,0.0,1.0,0.14499999582767487,0.15000000596046448,train__core_006__episode_00005,core_006__5,1,0.597048939942676,0.014826583417970718,4913.760719099984,82644
core_006,5,2,1.5612890720367432,1.0,1.0,0.21349879995803633,0.3333333432674408,0.3333333432674408,0.0476190485060215,2,0.3333333432674408,1.5612890720367432,0.3333333432674408,0.0,0.0,0.0,0.0,0.0,0.0,0.0,0.0,0.0,0.0,0.0,0.0,0.0,0.0,0.0,0.0,0.0,0.0,0.0,0.0,1.0,1.0,0.0476190485060215,0.8258914947509766,0.9161247611045837,0.8669900894165039,0.6344093680381775,0.7506996989250183,0.2348366230726242,1.0,0.0,0.6666666865348816,0.39800000190734863,0.0,0.0,1.0,0.14499999582767487,0.15000000596046448,train__core_006__episode_00005,core_006__5,0,0.27516885087634235,0.003699252441887624,4913.760719099984,82644
core_006,6,0,5.636270046234131,0.3333333432674408,0.6666666865348816,0.059140768723485344,0.3333333432674408,1.0,0.095238097012043,0,1.0,5.636270046234131,0.3333333432674408,0.3333333432674408,0.3333333432674408,0.0,0.0,0.0,0.0,0.0,0.0,0.0,0.0,0.0,0.0,0.0,0.0,0.0,0.0,0.0,0.0,0.0,0.0,0.3333333432674408,0.6666666865348816,0.095238097012043,0.7793588638305664,0.20000000298023224,0.8669900894165039,0.5272084474563599,0.6970992684364319,0.23839329183101654,1.0,0.0,0.0,0.40525001287460327,0.0,0.0,1.0,0.14499999582767487,0.15000000596046448,train__core_006__episode_00006,core_006__6,5,0.28000698941563035,0.015140968777739128,4913.760719099984,82644
core_006,6,1,3.848906993865967,0.5,1.0,0.08660467602846127,0.3333333432674408,0.6666666865348816,0.0714285746216774,1,0.6666666865348816,3.848906993865967,0.3333333432674408,0.3333333432674408,0.0,0.0,0.0,0.0,0.0,0.0,0.0,0.0,0.0,0.0,0.0,0.0,0.0,0.0,0.0,0.0,0.0,0.0,0.0,0.5,1.0,0.0714285746216774,0.8057202100753784,0.7793588638305664,0.8669900894165039,0.5146896839141846,0.6908398866653442,0.22195583581924438,1.0,0.0,0.3333333432674408,0.39800000190734863,0.0,0.0,1.0,0.14499999582767487,0.15000000596046448,train__core_006__episode_00006,core_006__6,4,0.5359933980916347,0.02678104270450299,4913.760719099984,82644
core_006,6,2,1.9577471017837524,1.0,1.0,0.17026373986902213,0.3333333432674408,0.3333333432674408,0.0476190485060215,2,0.3333333432674408,1.9577471017837524,0.3333333432674408,0.0,0.0,0.0,0.0,0.0,0.0,0.0,0.0,0.0,0.0,0.0,0.0,0.0,0.0,0.0,0.0,0.0,0.0,0.0,0.0,1.0,1.0,0.0476190485060215,0.6678517460823059,0.8057202100753784,0.30000001192092896,0.505936861038208,0.686463475227356,0.2087026983499527,1.0,0.0,0.6666666865348816,0.3959999978542328,0.0,0.0,1.0,0.14499999582767487,0.15000000596046448,train__core_006__episode_00006,core_006__6,4,0.2333333333333333,0.014009128718512676,4913.760719099984,82644
core_006,7,0,6.075832843780518,0.3333333432674408,0.6666666865348816,0.05486216488142116,0.3333333432674408,1.0,0.095238097012043,0,1.0,6.075832843780518,0.3333333432674408,0.3333333432674408,0.3333333432674408,0.0,0.0,0.0,0.0,0.0,0.0,0.0,0.0,0.0,0.0,0.0,0.0,0.0,0.0,0.0,0.0,0.0,0.0,0.3333333432674408,0.6666666865348816,0.095238097012043,0.8085685968399048,0.6000000238418579,0.8669900894165039,0.4890669882297516,0.6780285239219666,0.1990991085767746,1.0,0.0,0.0,0.39800000190734863,0.0,1.0,1.0,0.14499999582767487,0.15000000596046448,train__core_006__episode_00007,core_006__7,5,0.2774902573092807,0.011204640424434975,4913.760719099984,82644
core_006,7,1,4.120877742767334,0.5,1.0,0.08088891835058279,0.3333333432674408,0.6666666865348816,0.0714285746216774,1,0.6666666865348816,4.120877742767334,0.3333333432674408,0.3333333432674408,0.0,0.0,0.0,0.0,0.0,0.0,0.0,0.0,0.0,0.0,0.0,0.0,0.0,0.0,0.0,0.0,0.0,0.0,0.0,0.5,1.0,0.0714285746216774,0.7109586596488953,0.8085685968399048,0.30000001192092896,0.48072105646133423,0.6738555431365967,0.18371212482452393,1.0,0.0,0.3333333432674408,0.3959999978542328,0.0,0.0,1.0,0.14499999582767487,0.15000000596046448,train__core_006__episode_00007,core_006__7,4,0.5314977220990665,0.013562979940782705,4913.760719099984,82644
core_006,7,2,1.8361926078796387,1.0,1.0,0.18153506437015926,0.3333333432674408,0.3333333432674408,0.0476190485060215,2,0.3333333432674408,1.8361926078796387,0.3333333432674408,0.0,0.0,0.0,0.0,0.0,0.0,0.0,0.0,0.0,0.0,0.0,0.0,0.0,0.0,0.0,0.0,0.0,0.0,0.0,0.0,1.0,1.0,0.0476190485060215,0.8491243124008179,0.7109586596488953,0.5149214267730713,0.5394294261932373,0.6627104878425598,0.18223750591278076,1.0,1.0,0.6666666865348816,0.41449999809265137,0.0,0.0,1.0,0.14499999582767487,0.15000000596046448,train__core_006__episode_00007,core_006__7,0,0.28337834483551544,0.00016003648503387646,4913.760719099984,82644
core_006,8,0,7.281840801239014,0.3333333432674408,0.6666666865348816,0.04577597236274703,0.3333333432674408,1.0,0.095238097012043,0,1.0,7.281840801239014,0.3333333432674408,0.3333333432674408,0.3333333432674408,0.0,0.0,0.0,0.0,0.0,0.0,0.0,0.0,0.0,0.0,0.0,0.0,0.0,0.0,0.0,0.0,0.0,0.0,0.3333333432674408,0.6666666865348816,0.095238097012043,0.6686966419219971,0.30000001192092896,0.30000001192092896,0.4080684185028076,0.6375292539596558,0.13335144519805908,1.0,0.0,0.0,0.3959999978542328,0.0,0.0,1.0,0.14499999582767487,0.15000000596046448,train__core_006__episode_00008,core_006__8,5,0.2554764002957014,0.017958885897638555,4913.760719099984,82644
core_006,8,1,4.299595355987549,0.5,1.0,0.0775266776682243,0.3333333432674408,0.6666666865348816,0.0714285746216774,1,0.6666666865348816,4.299595355987549,0.3333333432674408,0.3333333432674408,0.0,0.0,0.0,0.0,0.0,0.0,0.0,0.0,0.0,0.0,0.0,0.0,0.0,0.0,0.0,0.0,0.0,0.0,0.0,0.5,1.0,0.0714285746216774,0.8632818460464478,0.6686966419219971,0.5149214267730713,0.4607393741607666,0.6233654022216797,0.15180201828479767,1.0,1.0,0.3333333432674408,0.41449999809265137,0.0,0.0,1.0,0.14499999582767487,0.15000000596046448,train__core_006__episode_00008,core_006__8,1,0.567894744875484,0.0037554431139682487,4913.760719099984,82644
core_006,8,2,1.9402281045913696,1.0,1.0,0.17180111064190773,0.3333333432674408,0.3333333432674408,0.0476190485060215,2,0.3333333432674408,1.9402281045913696,0.3333333432674408,0.0,0.0,0.0,0.0,0.0,0.0,0.0,0.0,0.0,0.0,0.0,0.0,0.0,0.0,0.0,0.0,0.0,0.0,0.0,0.0,1.0,1.0,0.0476190485060215,0.8275595307350159,0.8632818460464478,0.5,0.5105051398277283,0.6231005787849426,0.2080780416727066,1.0,1.0,0.6666666865348816,0.40700000524520874,0.0,0.0,1.0,0.14499999582767487,0.15000000596046448,train__core_006__episode_00008,core_006__8,0,0.27575827120402047,0.0041703957697981076,4913.760719099984,82644
core_006,9,0,6.952434062957764,0.3333333432674408,0.6666666865348816,0.04794484064846079,0.3333333432674408,1.0,0.095238097012043,0,1.0,6.952434062957764,0.3333333432674408,0.3333333432674408,0.3333333432674408,0.0,0.0,0.0,0.0,0.0,0.0,0.0,0.0,0.0,0.0,0.0,0.0,0.0,0.0,0.0,0.0,0.0,0.0,0.3333333432674408,0.6666666865348816,0.095238097012043,0.8231891989707947,0.43534019589424133,0.5149214267730713,0.4274027347564697,0.6066970825195312,0.12588346004486084,1.0,1.0,0.0,0.41449999809265137,0.0,1.0,1.0,0.14499999582767487,0.15000000596046448,train__core_006__episode_00009,core_006__9,1,0.2272336961038652,0.0010865771912061395,4913.760719099984,82644
core_006,9,1,4.201995372772217,0.5,1.0,0.07932739417738294,0.3333333432674408,0.6666666865348816,0.0714285746216774,1,0.6666666865348816,4.201995372772217,0.3333333432674408,0.3333333432674408,0.0,0.0,0.0,0.0,0.0,0.0,0.0,0.0,0.0,0.0,0.0,0.0,0.0,0.0,0.0,0.0,0.0,0.0,0.0,0.5,1.0,0.0714285746216774,0.8694415092468262,0.8231891989707947,0.5,0.47144097089767456,0.6035684943199158,0.18759316205978394,1.0,1.0,0.3333333432674408,0.40700000524520874,0.0,0.0,1.0,0.14499999582767487,0.15000000596046448,train__core_006__episode_00009,core_006__9,0,0.5019331574683293,0.0028319339536519994,4913.760719099984,82644
core_006,9,2,1.8894729614257812,1.0,1.0,0.17641604303027977,0.3333333432674408,0.3333333432674408,0.0476190485060215,2,0.3333333432674408,1.8894729614257812,0.3333333432674408,0.0,0.0,0.0,0.0,0.0,0.0,0.0,0.0,0.0,0.0,0.0,0.0,0.0,0.0,0.0,0.0,0.0,0.0,0.0,0.0,1.0,1.0,0.0476190485060215,0.5670904517173767,0.8694415092468262,0.4415574073791504,0.5242183208465576,0.6037435531616211,0.23434680700302124,0.0,0.0,0.6666666865348816,0.40450000762939453,0.0,0.0,1.0,0.14499999582767487,0.15000000596046448,train__core_006__episode_00009,core_006__9,4,0.2113755576940207,0.01137555769402071,4913.760719099984,82644
core_006,10,0,7.230157852172852,0.3333333432674408,0.6666666865348816,0.0461031902875074,0.3333333432674408,1.0,0.095238097012043,0,1.0,7.230157852172852,0.3333333432674408,0.3333333432674408,0.3333333432674408,0.0,0.0,0.0,0.0,0.0,0.0,0.0,0.0,0.0,0.0,0.0,0.0,0.0,0.0,0.0,0.0,0.0,0.0,0.3333333432674408,0.6666666865348816,0.095238097012043,0.7818741202354431,0.4000000059604645,0.5,0.41098538041114807,0.573340654373169,0.1207897812128067,1.0,1.0,0.0,0.40700000524520874,0.0,0.0,1.0,0.14499999582767487,0.15000000596046448,train__core_006__episode_00010,core_006__10,0,0.14034786169470906,0.0017008032458690758,4913.760719099984,82644
core_006,10,1,4.389981269836426,0.5,1.0,0.07593047049147457,0.3333333432674408,0.6666666865348816,0.0714285746216774,1,0.6666666865348816,4.389981269836426,0.3333333432674408,0.3333333432674408,0.0,0.0,0.0,0.0,0.0,0.0,0.0,0.0,0.0,0.0,0.0,0.0,0.0,0.0,0.0,0.0,0.0,0.0,0.0,0.5,1.0,0.0714285746216774,0.5821049809455872,0.7818741202354431,0.4415574073791504,0.45125311613082886,0.5672609806060791,0.17744843661785126,0.0,0.0,0.3333333432674408,0.40450000762939453,0.0,0.0,1.0,0.14499999582767487,0.15000000596046448,train__core_006__episode_00010,core_006__10,5,0.4307329178569873,0.007511930037298886,4913.760719099984,82644
core_006,10,2,2.1014864444732666,1.0,1.0,0.15861788884914274,0.3333333432674408,0.3333333432674408,0.0476190485060215,2,0.3333333432674408,2.1014864444732666,0.3333333432674408,0.0,0.0,0.0,0.0,0.0,0.0,0.0,0.0,0.0,0.0,0.0,0.0,0.0,0.0,0.0,0.0,0.0,0.0,0.0,0.0,1.0,1.0,0.0476190485060215,0.5417740345001221,0.5821049809455872,0.20000000298023224,0.47133132815361023,0.5469120144844055,0.1830776035785675,1.0,0.0,0.6666666865348816,0.41725000739097595,0.0,0.0,1.0,0.14499999582767487,0.15000000596046448,train__core_006__episode_00010,core_006__10,4,0.2108319573078462,0.010831957307846224,4913.760719099984,82644
core_006,11,0,6.9872822761535645,0.3333333432674408,0.6666666865348816,0.0477057216373027,0.3333333432674408,1.0,0.095238097012043,0,1.0,6.9872822761535645,0.3333333432674408,0.3333333432674408,0.3333333432674408,0.0,0.0,0.0,0.0,0.0,0.0,0.0,0.0,0.0,0.0,0.0,0.0,0.0,0.0,0.0,0.0,0.0,0.0,0.3333333432674408,0.6666666865348816,0.095238097012043,0.5354124903678894,0.6000000238418579,0.4415574073791504,0.42527109384536743,0.5542699694633484,0.13549146056175232,0.0,0.0,0.0,0.40450000762939453,0.0,0.0,1.0,0.14499999582767487,0.15000000596046448,train__core_006__episode_00011,core_006__11,5,0.08994509715768487,0.024898050404002003,4913.760719099984,82644
core_006,11,1,4.515814304351807,0.5,1.0,0.07381467013517665,0.3333333432674408,0.6666666865348816,0.0714285746216774,1,0.6666666865348816,4.515814304351807,0.3333333432674408,0.3333333432674408,0.0,0.0,0.0,0.0,0.0,0.0,0.0,0.0,0.0,0.0,0.0,0.0,0.0,0.0,0.0,0.0,0.0,0.0,0.0,0.5,1.0,0.0714285746216774,0.5247160792350769,0.5354124903678894,0.20000000298023224,0.43867895007133484,0.5305858254432678,0.14097265899181366,1.0,0.0,0.3333333432674408,0.41725000739097595,0.0,0.0,1.0,0.14499999582767487,0.15000000596046448,train__core_006__episode_00011,core_006__11,4,0.39921381447602455,0.004975176145520899,4913.760719099984,82644
core_006,11,2,2.041978597640991,1.0,1.0,0.16324037071325148,0.3333333432674408,0.3333333432674408,0.0476190485060215,2,0.3333333432674408,2.041978597640991,0.3333333432674408,0.0,0.0,0.0,0.0,0.0,0.0,0.0,0.0,0.0,0.0,0.0,0.0,0.0,0.0,0.0,0.0,0.0,0.0,0.0,0.0,1.0,1.0,0.0476190485060215,0.4940032660961151,0.5247160792350769,0.6000000238418579,0.4850669801235199,0.5061376690864563,0.10315373539924622,1.0,0.0,0.6666666865348816,0.4235000014305115,0.0,0.0,1.0,0.14499999582767487,0.15000000596046448,train__core_006__episode_00011,core_006__11,4,0.19165331076731584,0.000352347916730833,4913.760719099984,82644
core_006,12,0,6.429130554199219,0.3333333432674408,0.6666666865348816,0.051847343969352505,0.3333333432674408,1.0,0.095238097012043,0,1.0,6.429130554199219,0.3333333432674408,0.3333333432674408,0.3333333432674408,0.0,0.0,0.0,0.0,0.0,0.0,0.0,0.0,0.0,0.0,0.0,0.0,0.0,0.0,0.0,0.0,0.0,0.0,0.3333333432674408,0.6666666865348816,0.095238097012043,0.5687506794929504,0.699999988079071,0.20000000298023224,0.46219146251678467,0.5423420667648315,0.16655093431472778,1.0,0.0,0.0,0.41725000739097595,0.0,0.0,1.0,0.14499999582767487,0.15000000596046448,train__core_006__episode_00012,core_006__12,5,0.06747430733380838,0.012727078302581046,4913.760719099984,82644
core_006,12,1,3.8475582599639893,0.5,1.0,0.08663503467535813,0.3333333432674408,0.6666666865348816,0.0714285746216774,1,0.6666666865348816,3.8475582599639893,0.3333333432674408,0.3333333432674408,0.0,0.0,0.0,0.0,0.0,0.0,0.0,0.0,0.0,0.0,0.0,0.0,0.0,0.0,0.0,0.0,0.0,0.0,0.0,0.5,1.0,0.0714285746216774,0.5130274295806885,0.5687506794929504,0.6000000238418579,0.5148701071739197,0.5210392475128174,0.12948231399059296,1.0,0.0,0.3333333432674408,0.4235000014305115,0.0,0.0,1.0,0.14499999582767487,0.15000000596046448,train__core_006__episode_00012,core_006__12,4,0.39458621137147054,0.007761928592632028,4913.760719099984,82644
core_006,12,2,1.9713510274887085,1.0,1.0,0.16908878156117738,0.3333333432674408,0.3333333432674408,0.0476190485060215,2,0.3333333432674408,1.9713510274887085,0.3333333432674408,0.0,0.0,0.0,0.0,0.0,0.0,0.0,0.0,0.0,0.0,0.0,0.0,0.0,0.0,0.0,0.0,0.0,0.0,0.0,0.0,1.0,1.0,0.0476190485060215,0.47441422939300537,0.5130274295806885,0.30000001192092896,0.5024454593658447,0.49575623869895935,0.12480578571557999,1.0,0.0,0.6666666865348816,0.4339999854564667,0.0,0.0,1.0,0.14499999582767487,0.15000000596046448,train__core_006__episode_00012,core_006__12,5,0.19859893531413272,0.004069627602850984,4913.760719099984,82644
core_006,13,0,5.883570671081543,0.3333333432674408,0.6666666865348816,0.05665493998496767,0.3333333432674408,1.0,0.095238097012043,0,1.0,5.883570671081543,0.3333333432674408,0.3333333432674408,0.3333333432674408,0.0,0.0,0.0,0.0,0.0,0.0,0.0,0.0,0.0,0.0,0.0,0.0,0.0,0.0,0.0,0.0,0.0,0.0,0.3333333432674408,0.6666666865348816,0.095238097012043,0.5288429260253906,0.5,0.6000000238418579,0.5050485730171204,0.5161285400390625,0.12761688232421875,1.0,0.0,0.0,0.4235000014305115,0.0,1.0,1.0,0.14499999582767487,0.15000000596046448,train__core_006__episode_00013,core_006__13,4,0.043966610127718325,0.0001332187385171546,4913.760719099984,82644
core_006,13,1,4.002949237823486,0.5,1.0,0.0832719386291002,0.3333333432674408,0.6666666865348816,0.0714285746216774,1,0.6666666865348816,4.002949237823486,0.3333333432674408,0.3333333432674408,0.0,0.0,0.0,0.0,0.0,0.0,0.0,0.0,0.0,0.0,0.0,0.0,0.0,0.0,0.0,0.0,0.0,0.0,0.0,0.5,1.0,0.0714285746216774,0.48898714780807495,0.5288429260253906,0.30000001192092896,0.49488329887390137,0.49197515845298767,0.12237503379583359,1.0,0.0,0.3333333432674408,0.4339999854564667,0.0,0.0,1.0,0.14499999582767487,0.15000000596046448,train__core_006__episode_00013,core_006__13,5,0.3837983145824844,0.0033125217851208144,4913.760719099984,82644
core_006,13,2,1.8979336023330688,1.0,1.0,0.17562961257321374,0.3333333432674408,0.3333333432674408,0.0476190485060215,2,0.3333333432674408,1.8979336023330688,0.3333333432674408,0.0,0.0,0.0,0.0,0.0,0.0,0.0,0.0,0.0,0.0,0.0,0.0,0.0,0.0,0.0,0.0,0.0,0.0,0.0,0.0,1.0,1.0,0.0476190485060215,0.5173338055610657,0.48898714780807495,0.43534019589424133,0.5218814611434937,0.46497493982315063,0.09394717216491699,1.0,0.0,0.6666666865348816,0.4339999854564667,0.0,0.0,1.0,0.14499999582767487,0.15000000596046448,train__core_006__episode_00013,core_006__13,4,0.1900288012945673,0.010925183938676836,4913.760719099984,82644
core_006,14,0,5.883570671081543,0.3333333432674408,0.6666666865348816,0.05665493998496767,0.3333333432674408,1.0,0.095238097012043,0,1.0,5.883570671081543,0.3333333432674408,0.3333333432674408,0.3333333432674408,0.0,0.0,0.0,0.0,0.0,0.0,0.0,0.0,0.0,0.0,0.0,0.0,0.0,0.0,0.0,0.0,0.0,0.0,0.3333333432674408,0.6666666865348816,0.095238097012043,0.5055047273635864,0.6000000238418579,0.30000001192092896,0.5050485730171204,0.49705779552459717,0.12761688232421875,1.0,0.0,0.0,0.4339999854564667,0.0,1.0,1.0,0.14499999582767487,0.15000000596046448,train__core_006__episode_00014,core_006__14,5,0.1146807238975274,0.017461474776898328,4913.760719099984,82644
core_006,14,1,3.7069029808044434,0.5,1.0,0.0899223273426766,0.3333333432674408,0.6666666865348816,0.0714285746216774,1,0.6666666865348816,3.7069029808044434,0.3333333432674408,0.3333333432674408,0.0,0.0,0.0,0.0,0.0,0.0,0.0,0.0,0.0,0.0,0.0,0.0,0.0,0.0,0.0,0.0,0.0,0.0,0.0,0.5,1.0,0.0714285746216774,0.5373648405075073,0.5055047273635864,0.43534019589424133,0.5344064235687256,0.4712374210357666,0.09704533219337463,1.0,0.0,0.3333333432674408,0.4339999854564667,0.0,0.0,1.0,0.14499999582767487,0.15000000596046448,train__core_006__episode_00014,core_006__14,4,0.4377705320548285,0.009229572838720279,4913.760719099984,82644
core_006,14,2,1.804244041442871,1.0,1.0,0.18474958797750607,0.3333333432674408,0.3333333432674408,0.0476190485060215,2,0.3333333432674408,1.804244041442871,0.3333333432674408,0.0,0.0,0.0,0.0,0.0,0.0,0.0,0.0,0.0,0.0,0.0,0.0,0.0,0.0,0.0,0.0,0.0,0.0,0.0,0.0,1.0,1.0,0.0476190485060215,0.6936399936676025,0.5373648405075073,0.4000000059604645,0.5489813685417175,0.48819205164909363,0.08834365755319595,1.0,1.0,0.6666666865348816,0.4494999945163727,0.0,0.0,1.0,0.14499999582767487,0.15000000596046448,train__core_006__episode_00014,core_006__14,1,0.23206910990635918,0.0036324086505431785,4913.760719099984,82644
core_006,15,0,5.285546779632568,0.3333333432674408,0.6666666865348816,0.0630650634957795,0.3333333432674408,1.0,0.095238097012043,0,1.0,5.285546779632568,0.3333333432674408,0.3333333432674408,0.3333333432674408,0.0,0.0,0.0,0.0,0.0,0.0,0.0,0.0,0.0,0.0,0.0,0.0,0.0,0.0,0.0,0.0,0.0,0.0,0.3333333432674408,0.6666666865348816,0.095238097012043,0.5882139205932617,0.699999988079071,0.43534019589424133,0.5621914863586426,0.4851299226284027,0.1115516871213913,1.0,0.0,0.0,0.4339999854564667,0.0,1.0,1.0,0.14499999582767487,0.15000000596046448,train__core_006__episode_00015,core_006__15,4,0.18612655977884512,0.012843429296389097,4913.760719099984,82644
core_006,15,1,3.3919334411621094,0.5,1.0,0.09827237151010769,0.3333333432674408,0.6666666865348816,0.0714285746216774,1,0.6666666865348816,3.3919334411621094,0.3333333432674408,0.3333333432674408,0.0,0.0,0.0,0.0,0.0,0.0,0.0,0.0,0.0,0.0,0.0,0.0,0.0,0.0,0.0,0.0,0.0,0.0,0.0,0.5,1.0,0.0714285746216774,0.7256051898002625,0.5882139205932617,0.4000000059604645,0.5840305685997009,0.5057166218757629,0.09881711006164551,1.0,1.0,0.3333333432674408,0.4494999945163727,0.0,0.0,1.0,0.14499999582767487,0.15000000596046448,train__core_006__episode_00015,core_006__15,1,0.5125812131400362,0.004491632974565007,4913.760719099984,82644
core_006,15,2,1.5708560943603516,1.0,1.0,0.21219852312644416,0.3333333432674408,0.3333333432674408,0.0476190485060215,2,0.3333333432674408,1.5708560943603516,0.3333333432674408,0.0,0.0,0.0,0.0,0.0,0.0,0.0,0.0,0.0,0.0,0.0,0.0,0.0,0.0,0.0,0.0,0.0,0.0,0.0,0.0,1.0,1.0,0.0476190485060215,0.7986515760421753,0.7256051898002625,0.6000000238418579,0.6305455565452576,0.520765483379364,0.07500889897346497,1.0,1.0,0.6666666865348816,0.41624999046325684,0.0,0.0,1.0,0.14499999582767487,0.15000000596046448,train__core_006__episode_00015,core_006__15,1,0.26835772580711814,0.002814324072544394,4913.760719099984,82644
core_006,16,0,5.333442211151123,0.3333333432674408,0.6666666865348816,0.062498725976726587,0.3333333432674408,1.0,0.095238097012043,0,1.0,5.333442211151123,0.3333333432674408,0.3333333432674408,0.3333333432674408,0.0,0.0,0.0,0.0,0.0,0.0,0.0,0.0,0.0,0.0,0.0,0.0,0.0,0.0,0.0,0.0,0.0,0.0,0.3333333432674408,0.6666666865348816,0.095238097012043,0.7102543711662292,0.4000000059604645,0.4000000059604645,0.5571428537368774,0.4922727942466736,0.11780301481485367,1.0,1.0,0.0,0.4494999945163727,0.0,0.0,1.0,0.14499999582767487,0.15000000596046448,train__core_006__episode_00016,core_006__16,1,0.1567103333707673,0.0163782717058705,4913.760719099984,82644
core_006,16,1,3.2936131954193115,0.5,1.0,0.10120597759659022,0.3333333432674408,0.6666666865348816,0.0714285746216774,1,0.6666666865348816,3.2936131954193115,0.3333333432674408,0.3333333432674408,0.0,0.0,0.0,0.0,0.0,0.0,0.0,0.0,0.0,0.0,0.0,0.0,0.0,0.0,0.0,0.0,0.0,0.0,0.0,0.5,1.0,0.0714285746216774,0.7378072738647461,0.7102543711662292,0.6000000238418579,0.6014649271965027,0.5062251687049866,0.10832557082176208,1.0,1.0,0.3333333432674408,0.41624999046325684,0.0,0.0,1.0,0.14499999582767487,0.15000000596046448,train__core_006__episode_00016,core_006__16,1,0.4560245459079164,0.004404410002820325,4913.760719099984,82644
core_006,16,2,1.5946128368377686,1.0,1.0,0.20903716285669988,0.3333333432674408,0.3333333432674408,0.0476190485060215,2,0.3333333432674408,1.5946128368377686,0.3333333432674408,0.0,0.0,0.0,0.0,0.0,0.0,0.0,0.0,0.0,0.0,0.0,0.0,0.0,0.0,0.0,0.0,0.0,0.0,0.0,0.0,1.0,1.0,0.0476190485060215,0.5977911353111267,0.7378072738647461,0.699999988079071,0.6211516857147217,0.5232113599777222,0.11833072453737259,0.0,0.0,0.6666666865348816,0.4350000023841858,0.0,0.0,1.0,0.14499999582767487,0.15000000596046448,train__core_006__episode_00016,core_006__16,4,0.20757656528436946,0.013008847239037724,4913.760719099984,82644
core_006,17,0,5.0732741355896,0.3333333432674408,0.6666666865348816,0.06570379095603551,0.3333333432674408,1.0,0.095238097012043,0,1.0,5.0732741355896,0.3333333432674408,0.3333333432674408,0.3333333432674408,0.0,0.0,0.0,0.0,0.0,0.0,0.0,0.0,0.0,0.0,0.0,0.0,0.0,0.0,0.0,0.0,0.0,0.0,0.3333333432674408,0.6666666865348816,0.095238097012043,0.7212145328521729,0.6000000238418579,0.6000000238418579,0.5857142806053162,0.4983498156070709,0.0989743322134018,1.0,1.0,0.0,0.41624999046325684,0.0,0.0,1.0,0.14499999582767487,0.15000000596046448,train__core_006__episode_00017,core_006__17,1,0.10034610978139952,0.01121238143012443,4913.760719099984,82644
core_006,17,1,3.2850615978240967,0.5,1.0,0.10146943469438396,0.3333333432674408,0.6666666865348816,0.0714285746216774,1,0.6666666865348816,3.2850615978240967,0.3333333432674408,0.3333333432674408,0.0,0.0,0.0,0.0,0.0,0.0,0.0,0.0,0.0,0.0,0.0,0.0,0.0,0.0,0.0,0.0,0.0,0.0,0.0,0.5,1.0,0.0714285746216774,0.5822783708572388,0.7212145328521729,0.699999988079071,0.6030306220054626,0.514150857925415,0.10995367169380188,0.0,0.0,0.3333333432674408,0.4350000023841858,0.0,0.0,1.0,0.14499999582767487,0.15000000596046448,train__core_006__episode_00017,core_006__17,4,0.40095333374322284,0.006202637229754782,4913.760719099984,82644
core_006,17,2,1.6896519660949707,1.0,1.0,0.19727929180458517,0.3333333432674408,0.3333333432674408,0.0476190485060215,2,0.3333333432674408,1.6896519660949707,0.3333333432674408,0.0,0.0,0.0,0.0,0.0,0.0,0.0,0.0,0.0,0.0,0.0,0.0,0.0,0.0,0.0,0.0,0.0,0.0,0.0,0.0,1.0,1.0,0.0476190485060215,0.5370191931724548,0.5822783708572388,0.5,0.5862132906913757,0.5242023468017578,0.10259247571229935,1.0,0.0,0.6666666865348816,0.4507499933242798,0.0,0.0,1.0,0.14499999582767487,0.15000000596046448,train__core_006__episode_00017,core_006__17,4,0.1973443577863355,0.012095384723176478,4913.760719099984,82644
core_006,18,0,4.952481746673584,0.3333333432674408,0.6666666865348816,0.06730632444861198,0.3333333432674408,1.0,0.095238097012043,0,1.0,4.952481746673584,0.3333333432674408,0.3333333432674408,0.3333333432674408,0.0,0.0,0.0,0.0,0.0,0.0,0.0,0.0,0.0,0.0,0.0,0.0,0.0,0.0,0.0,0.0,0.0,0.0,0.3333333432674408,0.6666666865348816,0.095238097012043,0.5862739682197571,0.699999988079071,0.699999988079071,0.6000000238418579,0.5126355290412903,0.10690449923276901,0.0,0.0,0.0,0.4350000023841858,0.0,0.0,1.0,0.14499999582767487,0.15000000596046448,train__core_006__episode_00018,core_006__18,4,0.0549677436062419,0.005990135322451323,4913.760719099984,82644
core_006,18,1,3.3935437202453613,0.5,1.0,0.0982257400365362,0.3333333432674408,0.6666666865348816,0.0714285746216774,1,0.6666666865348816,3.3935437202453613,0.3333333432674408,0.3333333432674408,0.0,0.0,0.0,0.0,0.0,0.0,0.0,0.0,0.0,0.0,0.0,0.0,0.0,0.0,0.0,0.0,0.0,0.0,0.0,0.5,1.0,0.0714285746216774,0.541666567325592,0.5862739682197571,0.5,0.5837534070014954,0.5229724645614624,0.09880770742893219,1.0,0.0,0.3333333432674408,0.4507499933242798,0.0,0.0,1.0,0.14499999582767487,0.15000000596046448,train__core_006__episode_00018,core_006__18,4,0.4011081806219705,0.0087731856982326,4913.760719099984,82644
core_006,18,2,1.67964506149292,1.0,1.0,0.19845463241571046,0.3333333432674408,0.3333333432674408,0.0476190485060215,2,0.3333333432674408,1.67964506149292,0.3333333432674408,0.0,0.0,0.0,0.0,0.0,0.0,0.0,0.0,0.0,0.0,0.0,0.0,0.0,0.0,0.0,0.0,0.0,0.0,0.0,0.0,1.0,1.0,0.0476190485060215,0.5648495554924011,0.541666567325592,0.6000000238418579,0.589705765247345,0.5473771691322327,0.09475487470626831,1.0,0.0,0.6666666865348816,0.45225000381469727,0.0,0.0,1.0,0.14499999582767487,0.15000000596046448,train__core_006__episode_00018,core_006__18,4,0.19898367620921714,0.0013312329424741698,4913.760719099984,82644
core_006,19,0,5.046468734741211,0.3333333432674408,0.6666666865348816,0.06605279073120712,0.3333333432674408,1.0,0.095238097012043,0,1.0,5.046468734741211,0.3333333432674408,0.3333333432674408,0.3333333432674408,0.0,0.0,0.0,0.0,0.0,0.0,0.0,0.0,0.0,0.0,0.0,0.0,0.0,0.0,0.0,0.0,0.0,0.0,0.3333333432674408,0.6666666865348816,0.095238097012043,0.5620388388633728,0.6217778921127319,0.5,0.5888254046440125,0.525508463382721,0.0997140035033226,1.0,0.0,0.0,0.4507499933242798,0.0,1.0,1.0,0.14499999582767487,0.15000000596046448,train__core_006__episode_00019,core_006__19,4,0.06228399641783461,0.005806411021761715,4913.760719099984,82644
core_006,19,1,3.3144257068634033,0.5,1.0,0.10057046763099414,0.3333333432674408,0.6666666865348816,0.0714285746216774,1,0.6666666865348816,3.3144257068634033,0.3333333432674408,0.3333333432674408,0.0,0.0,0.0,0.0,0.0,0.0,0.0,0.0,0.0,0.0,0.0,0.0,0.0,0.0,0.0,0.0,0.0,0.0,0.0,0.5,1.0,0.0714285746216774,0.589912474155426,0.5620388388633728,0.6000000238418579,0.5976880788803101,0.5513683557510376,0.09401968866586685,1.0,0.0,0.3333333432674408,0.45225000381469727,0.0,0.0,1.0,0.14499999582767487,0.15000000596046448,train__core_006__episode_00019,core_006__19,4,0.4039626609603637,0.0054740164142966785,4913.760719099984,82644
core_006,19,2,1.6612181663513184,1.0,1.0,0.20065597043136757,0.3333333432674408,0.3333333432674408,0.0476190485060215,2,0.3333333432674408,1.6612181663513184,0.3333333432674408,0.0,0.0,0.0,0.0,0.0,0.0,0.0,0.0,0.0,0.0,0.0,0.0,0.0,0.0,0.0,0.0,0.0,0.0,0.0,0.0,1.0,1.0,0.0476190485060215,0.6057513952255249,0.589912474155426,0.699999988079071,0.5962470173835754,0.5506477952003479,0.09405051171779633,1.0,0.0,0.6666666865348816,0.445250004529953,0.0,0.0,1.0,0.14499999582767487,0.15000000596046448,train__core_006__episode_00019,core_006__19,4,0.20298920668011863,0.005608660593192816,4913.760719099984,82644
core_006,20,0,4.926934719085693,0.3333333432674408,0.6666666865348816,0.0676553196404637,0.3333333432674408,1.0,0.095238097012043,0,1.0,4.926934719085693,0.3333333432674408,0.3333333432674408,0.3333333432674408,0.0,0.0,0.0,0.0,0.0,0.0,0.0,0.0,0.0,0.0,0.0,0.0,0.0,0.0,0.0,0.0,0.0,0.0,0.3333333432674408,0.6666666865348816,0.095238097012043,0.6008033752441406,0.6000000238418579,0.6000000238418579,0.6031111478805542,0.5540798902511597,0.09289512038230896,1.0,0.0,0.0,0.45225000381469727,0.0,0.0,1.0,0.14499999582767487,0.15000000596046448,train__core_006__episode_00020,core_006__20,4,0.07647078287663395,0.0061040474584924675,4913.760719099984,82644
core_006,20,1,3.2839982509613037,0.5,1.0,0.10150229013364008,0.3333333432674408,0.6666666865348816,0.0714285746216774,1,0.6666666865348816,3.2839982509613037,0.3333333432674408,0.3333333432674408,0.0,0.0,0.0,0.0,0.0,0.0,0.0,0.0,0.0,0.0,0.0,0.0,0.0,0.0,0.0,0.0,0.0,0.0,0.0,0.5,1.0,0.0714285746216774,0.6052227020263672,0.6008033752441406,0.699999988079071,0.6032258868217468,0.5541372299194336,0.09289170056581497,1.0,0.0,0.3333333432674408,0.445250004529953,0.0,0.0,1.0,0.14499999582767487,0.15000000596046448,train__core_006__episode_00020,core_006__20,4,0.42185642485397246,0.0014607143319534388,4913.760719099984,82644
core_006,20,2,1.6797006130218506,1.0,1.0,0.19844806906854692,0.3333333432674408,0.3333333432674408,0.0476190485060215,2,0.3333333432674408,1.6797006130218506,0.3333333432674408,0.0,0.0,0.0,0.0,0.0,0.0,0.0,0.0,0.0,0.0,0.0,0.0,0.0,0.0,0.0,0.0,0.0,0.0,0.0,0.0,1.0,1.0,0.0476190485060215,0.5947577953338623,0.6052227020263672,0.4000000059604645,0.5896862745285034,0.575938880443573,0.08431030064821243,1.0,0.0,0.6666666865348816,0.45774999260902405,0.0,0.0,1.0,0.14499999582767487,0.15000000596046448,train__core_006__episode_00020,core_006__20,4,0.2065013375572151,0.006501337557215103,4913.760719099984,82644
core_006,21,0,4.902342796325684,0.3333333432674408,0.6666666865348816,0.06799470316871249,0.3333333432674408,1.0,0.095238097012043,0,1.0,4.902342796325684,0.3333333432674408,0.3333333432674408,0.3333333432674408,0.0,0.0,0.0,0.0,0.0,0.0,0.0,0.0,0.0,0.0,0.0,0.0,0.0,0.0,0.0,0.0,0.0,0.0,0.3333333432674408,0.6666666865348816,0.095238097012043,0.6197702288627625,0.6211780309677124,0.699999988079071,0.6061365604400635,0.5555925965309143,0.09308919310569763,1.0,0.0,0.0,0.445250004529953,0.0,1.0,1.0,0.14499999582767487,0.15000000596046448,train__core_006__episode_00021,core_006__21,4,0.18454285711237217,0.003424803144835592,4913.760719099984,82644
core_006,21,1,3.3312182426452637,0.5,1.0,0.100063495990808,0.3333333432674408,0.6666666865348816,0.0714285746216774,1,0.6666666865348816,3.3312182426452637,0.3333333432674408,0.3333333432674408,0.0,0.0,0.0,0.0,0.0,0.0,0.0,0.0,0.0,0.0,0.0,0.0,0.0,0.0,0.0,0.0,0.0,0.0,0.0,0.5,1.0,0.0714285746216774,0.5993907451629639,0.6197702288627625,0.4000000059604645,0.5946751832962036,0.5784333348274231,0.08545272052288055,1.0,0.0,0.3333333432674408,0.45774999260902405,0.0,0.0,1.0,0.14499999582767487,0.15000000596046448,train__core_006__episode_00021,core_006__21,4,0.5124947226778799,0.0019482833488593254,4913.760719099984,82644
core_006,21,2,1.5894747972488403,1.0,1.0,0.20971288367981325,0.3333333432674408,0.3333333432674408,0.0476190485060215,2,0.3333333432674408,1.5894747972488403,0.3333333432674408,0.0,0.0,0.0,0.0,0.0,0.0,0.0,0.0,0.0,0.0,0.0,0.0,0.0,0.0,0.0,0.0,0.0,0.0,0.0,0.0,1.0,1.0,0.0476190485060215,0.8812637329101562,0.5993907451629639,0.6000000238418579,0.6231595277786255,0.5901511907577515,0.032862186431884766,1.0,1.0,0.6666666865348816,0.4580000042915344,0.0,0.0,1.0,0.14499999582767487,0.15000000596046448,train__core_006__episode_00021,core_006__21,1,0.2969058272981856,0.0021707403760800603,4913.760719099984,82644
core_006,22,0,4.902342796325684,0.3333333432674408,0.6666666865348816,0.06799470316871249,0.3333333432674408,1.0,0.095238097012043,0,1.0,4.902342796325684,0.3333333432674408,0.3333333432674408,0.3333333432674408,0.0,0.0,0.0,0.0,0.0,0.0,0.0,0.0,0.0,0.0,0.0,0.0,0.0,0.0,0.0,0.0,0.0,0.0,0.3333333432674408,0.6666666865348816,0.095238097012043,0.6705199480056763,0.699999988079071,0.4000000059604645,0.6061365604400635,0.584164023399353,0.09308919310569763,1.0,0.0,0.0,0.45774999260902405,0.0,1.0,1.0,0.14499999582767487,0.15000000596046448,train__core_006__episode_00022,core_006__22,4,0.2934652224434439,0.0025578439215933058,4913.760719099984,82644
core_006,22,1,3.0723438262939453,0.5,1.0,0.10849480465522261,0.3333333432674408,0.6666666865348816,0.0714285746216774,1,0.6666666865348816,3.0723438262939453,0.3333333432674408,0.3333333432674408,0.0,0.0,0.0,0.0,0.0,0.0,0.0,0.0,0.0,0.0,0.0,0.0,0.0,0.0,0.0,0.0,0.0,0.0,0.0,0.5,1.0,0.0714285746216774,0.9038549065589905,0.6705199480056763,0.6000000238418579,0.6447822451591492,0.6009625792503357,0.041157688945531845,1.0,1.0,0.3333333432674408,0.4580000042915344,0.0,0.0,1.0,0.14499999582767487,0.15000000596046448,train__core_006__episode_00022,core_006__22,1,0.6173666765017767,0.00255236823286642,4913.760719099984,82644
core_006,23,0,4.655145645141602,0.3333333432674408,0.6666666865348816,0.07160535215806366,0.3333333432674408,1.0,0.095238097012043,0,1.0,4.655145645141602,0.3333333432674408,0.3333333432674408,0.3333333432674408,0.0,0.0,0.0,0.0,0.0,0.0,0.0,0.0,0.0,0.0,0.0,0.0,0.0,0.0,0.0,0.0,0.0,0.0,0.3333333432674408,0.6666666865348816,0.095238097012043,0.9127857089042664,0.6253088712692261,0.6000000238418579,0.6383235454559326,0.597733199596405,0.04014699533581734,1.0,1.0,0.0,0.4580000042915344,0.0,1.0,1.0,0.14499999582767487,0.15000000596046448,train__core_006__episode_00023,core_006__23,1,0.32093993593882764,0.013370929696926326,4913.760719099984,82644
core_006,23,1,2.900398015975952,0.5,1.0,0.11492675882116055,0.3333333432674408,0.6666666865348816,0.0714285746216774,1,0.6666666865348816,2.900398015975952,0.3333333432674408,0.3333333432674408,0.0,0.0,0.0,0.0,0.0,0.0,0.0,0.0,0.0,0.0,0.0,0.0,0.0,0.0,0.0,0.0,0.0,0.0,0.0,0.5,1.0,0.0714285746216774,0.9197868704795837,0.9127857089042664,0.699999988079071,0.6830072402954102,0.6343607306480408,0.10083001852035522,1.0,1.0,0.3333333432674408,0.4882499873638153,0.0,0.0,1.0,0.14499999582767487,0.15000000596046448,train__core_006__episode_00023,core_006__23,1,0.5516953712214677,0.0127102302197033,4913.760719099984,82644
core_006,24,0,4.432366371154785,0.3333333432674408,0.6666666865348816,0.07520437512492811,0.3333333432674408,1.0,0.095238097012043,0,1.0,4.432366371154785,0.3333333432674408,0.3333333432674408,0.3333333432674408,0.0,0.0,0.0,0.0,0.0,0.0,0.0,0.0,0.0,0.0,0.0,0.0,0.0,0.0,0.0,0.0,0.0,0.0,0.3333333432674408,0.6666666865348816,0.095238097012043,0.9268103837966919,0.8245835900306702,0.699999988079071,0.6704069375991821,0.6280605792999268,0.07299822568893433,1.0,1.0,0.0,0.4882499873638153,0.0,1.0,1.0,0.14499999582767487,0.15000000596046448,train__core_006__episode_00024,core_006__24,1,0.23943739291754126,0.009323650723897459,4913.760719099984,82644
core_006,24,1,2.818681240081787,0.5,1.0,0.11825861630872768,0.3333333432674408,0.6666666865348816,0.0714285746216774,1,0.6666666865348816,2.818681240081787,0.3333333432674408,0.3333333432674408,0.0,0.0,0.0,0.0,0.0,0.0,0.0,0.0,0.0,0.0,0.0,0.0,0.0,0.0,0.0,0.0,0.0,0.0,0.0,0.5,1.0,0.0714285746216774,0.6822441220283508,0.9268103837966919,0.6217778921127319,0.7028083801269531,0.6514042019844055,0.1163855642080307,0.0,0.0,0.3333333432674408,0.4442499876022339,0.0,0.0,1.0,0.14499999582767487,0.15000000596046448,train__core_006__episode_00024,core_006__24,4,0.46928437143981194,0.015190165030037783,4913.760719099984,82644
core_006,25,0,4.432366371154785,0.3333333432674408,0.6666666865348816,0.07520437512492811,0.3333333432674408,1.0,0.095238097012043,0,1.0,4.432366371154785,0.3333333432674408,0.3333333432674408,0.3333333432674408,0.0,0.0,0.0,0.0,0.0,0.0,0.0,0.0,0.0,0.0,0.0,0.0,0.0,0.0,0.0,0.0,0.0,0.0,0.3333333432674408,0.6666666865348816,0.095238097012043,0.6550179123878479,0.699999988079071,0.6217778921127319,0.6704069375991821,0.63520348072052,0.07299822568893433,0.0,0.0,0.0,0.4442499876022339,0.0,0.0,1.0,0.14499999582767487,0.15000000596046448,train__core_006__episode_00025,core_006__25,4,0.11994231617362736,0.017190932752054744,4913.760719099984,82644
core_006,25,1,2.9341282844543457,0.5,1.0,0.11360557922211986,0.3333333432674408,0.6666666865348816,0.0714285746216774,1,0.6666666865348816,2.9341282844543457,0.3333333432674408,0.3333333432674408,0.0,0.0,0.0,0.0,0.0,0.0,0.0,0.0,0.0,0.0,0.0,0.0,0.0,0.0,0.0,0.0,0.0,0.0,0.0,0.5,1.0,0.0714285746216774,0.6521573066711426,0.6550179123878479,0.6000000238418579,0.6751554608345032,0.6319904327392578,0.07072621583938599,1.0,0.0,0.3333333432674408,0.4662500023841858,0.0,0.0,1.0,0.14499999582767487,0.15000000596046448,train__core_006__episode_00025,core_006__25,0,0.43093888895306387,0.00042237986471993505,4913.760719099984,82644
core_006,26,0,4.758656978607178,0.3333333432674408,0.6666666865348816,0.07004777708625784,0.3333333432674408,1.0,0.095238097012043,0,1.0,4.758656978607178,0.3333333432674408,0.3333333432674408,0.3333333432674408,0.0,0.0,0.0,0.0,0.0,0.0,0.0,0.0,0.0,0.0,0.0,0.0,0.0,0.0,0.0,0.0,0.0,0.0,0.3333333432674408,0.6666666865348816,0.095238097012043,0.6448882222175598,0.30000001192092896,0.6000000238418579,0.6244386434555054,0.6066320538520813,0.14992670714855194,1.0,0.0,0.0,0.4662500023841858,0.0,0.0,1.0,0.14499999582767487,0.15000000596046448,train__core_006__episode_00026,core_006__26,1,0.08139822502048644,0.0004045209607810851,4913.760719099984,82644
core_006,26,1,3.1401901245117188,0.5,1.0,0.10615068835020688,0.3333333432674408,0.6666666865348816,0.0714285746216774,1,0.6666666865348816,3.1401901245117188,0.3333333432674408,0.3333333432674408,0.0,0.0,0.0,0.0,0.0,0.0,0.0,0.0,0.0,0.0,0.0,0.0,0.0,0.0,0.0,0.0,0.0,0.0,0.0,0.5,1.0,0.0714285746216774,0.631180465221405,0.6448882222175598,0.6211780309677124,0.6308512687683105,0.6169812083244324,0.14970408380031586,1.0,0.0,0.3333333432674408,0.4632500112056732,0.0,0.0,1.0,0.14499999582767487,0.15000000596046448,train__core_006__episode_00026,core_006__26,0,0.4197838466093437,0.00020337603407016847,4913.760719099984,82644
core_006,26,2,1.5665466785430908,1.0,1.0,0.21278226039037995,0.3333333432674408,0.3333333432674408,0.0476190485060215,2,0.3333333432674408,1.5665466785430908,0.3333333432674408,0.0,0.0,0.0,0.0,0.0,0.0,0.0,0.0,0.0,0.0,0.0,0.0,0.0,0.0,0.0,0.0,0.0,0.0,0.0,0.0,1.0,1.0,0.0476190485060215,0.6511365175247192,0.631180465221405,0.699999988079071,0.632280170917511,0.6192083358764648,0.1496526598930359,1.0,0.0,0.6666666865348816,0.4964999854564667,0.0,0.0,1.0,0.14499999582767487,0.15000000596046448,train__core_006__episode_00026,core_006__26,0,0.21341774422548176,0.0014620592898287321,4913.760719099984,82644
core_006,27,0,4.751728534698486,0.3333333432674408,0.6666666865348816,0.07014991299131358,0.3333333432674408,1.0,0.095238097012043,0,1.0,4.751728534698486,0.3333333432674408,0.3333333432674408,0.3333333432674408,0.0,0.0,0.0,0.0,0.0,0.0,0.0,0.0,0.0,0.0,0.0,0.0,0.0,0.0,0.0,0.0,0.0,0.0,0.3333333432674408,0.6666666865348816,0.095238097012043,0.6414146423339844,0.6063733696937561,0.6211780309677124,0.6253491044044495,0.6142300963401794,0.1497948169708252,1.0,0.0,0.0,0.4632500112056732,0.0,1.0,1.0,0.14499999582767487,0.15000000596046448,train__core_006__episode_00027,core_006__27,1,0.0994742257590597,0.001923255457242562,4913.760719099984,82644
core_006,27,1,3.1532416343688965,0.5,1.0,0.10571132247978059,0.3333333432674408,0.6666666865348816,0.0714285746216774,1,0.6666666865348816,3.1532416343688965,0.3333333432674408,0.3333333432674408,0.0,0.0,0.0,0.0,0.0,0.0,0.0,0.0,0.0,0.0,0.0,0.0,0.0,0.0,0.0,0.0,0.0,0.0,0.0,0.5,1.0,0.0714285746216774,0.6466611623764038,0.6414146423339844,0.699999988079071,0.6282400488853455,0.6171883344650269,0.14988167583942413,1.0,0.0,0.3333333432674408,0.4964999854564667,0.0,0.0,1.0,0.14499999582767487,0.15000000596046448,train__core_006__episode_00027,core_006__27,0,0.43756851744036807,0.00036499872933848376,4913.760719099984,82644
core_006,27,2,1.5959782600402832,1.0,1.0,0.2088583232073771,0.3333333432674408,0.3333333432674408,0.0476190485060215,2,0.3333333432674408,1.5959782600402832,0.3333333432674408,0.0,0.0,0.0,0.0,0.0,0.0,0.0,0.0,0.0,0.0,0.0,0.0,0.0,0.0,0.0,0.0,0.0,0.0,0.0,0.0,1.0,1.0,0.0476190485060215,0.6859862208366394,0.6466611623764038,0.6253088712692261,0.6206202507019043,0.6133784055709839,0.14737465977668762,1.0,0.0,0.6666666865348816,0.4860000014305115,0.0,0.0,1.0,0.14499999582767487,0.15000000596046448,train__core_006__episode_00027,core_006__27,0,0.22573218021394287,0.0029859800280996607,4913.760719099984,82644
core_006,28,0,4.667680263519287,0.3333333432674408,0.6666666865348816,0.07141306268825658,0.3333333432674408,1.0,0.095238097012043,0,1.0,4.667680263519287,0.3333333432674408,0.3333333432674408,0.3333333432674408,0.0,0.0,0.0,0.0,0.0,0.0,0.0,0.0,0.0,0.0,0.0,0.0,0.0,0.0,0.0,0.0,0.0,0.0,0.3333333432674408,0.6666666865348816,0.095238097012043,0.6573347449302673,0.699999988079071,0.699999988079071,0.6366094350814819,0.6213729977607727,0.15200433135032654,1.0,0.0,0.0,0.4964999854564667,0.0,0.0,1.0,0.14499999582767487,0.15000000596046448,train__core_006__episode_00028,core_006__28,1,0.20512462983506977,0.0012596136142165315,4913.760719099984,82644
core_006,28,1,3.1418678760528564,0.5,1.0,0.10609400408212234,0.3333333432674408,0.6666666865348816,0.0714285746216774,1,0.6666666865348816,3.1418678760528564,0.3333333432674408,0.3333333432674408,0.0,0.0,0.0,0.0,0.0,0.0,0.0,0.0,0.0,0.0,0.0,0.0,0.0,0.0,0.0,0.0,0.0,0.0,0.0,0.5,1.0,0.0714285746216774,0.6888415217399597,0.6573347449302673,0.6253088712692261,0.63051438331604,0.6183254718780518,0.15018481016159058,1.0,0.0,0.3333333432674408,0.4860000014305115,0.0,0.0,1.0,0.14499999582767487,0.15000000596046448,train__core_006__episode_00028,core_006__28,0,0.5382570721801888,0.0019473298178661613,4913.760719099984,82644
core_006,28,2,1.548641562461853,1.0,1.0,0.21524241073418282,0.3333333432674408,0.3333333432674408,0.0476190485060215,2,0.3333333432674408,1.548641562461853,0.3333333432674408,0.0,0.0,0.0,0.0,0.0,0.0,0.0,0.0,0.0,0.0,0.0,0.0,0.0,0.0,0.0,0.0,0.0,0.0,0.0,0.0,1.0,1.0,0.0476190485060215,0.9261034727096558,0.6888415217399597,0.8245835900306702,0.6395904421806335,0.6389570236206055,0.1515098661184311,1.0,1.0,0.6666666865348816,0.4932500123977661,0.0,0.0,1.0,0.14499999582767487,0.15000000596046448,train__core_006__episode_00028,core_006__28,1,0.3115159577891278,0.0009363982982008023,4913.760719099984,82644
core_006,29,0,4.740574359893799,0.3333333432674408,0.6666666865348816,0.07031496986683873,0.3333333432674408,1.0,0.095238097012043,0,1.0,4.740574359893799,0.3333333432674408,0.3333333432674408,0.3333333432674408,0.0,0.0,0.0,0.0,0.0,0.0,0.0,0.0,0.0,0.0,0.0,0.0,0.0,0.0,0.0,0.0,0.0,0.0,0.3333333432674408,0.6666666865348816,0.095238097012043,0.6994374990463257,0.631477415561676,0.6253088712692261,0.62682044506073,0.6164785027503967,0.1497972011566162,1.0,0.0,0.0,0.4860000014305115,0.0,1.0,1.0,0.14499999582767487,0.15000000596046448,train__core_006__episode_00029,core_006__29,0,0.2829083551013955,0.0020651197272406052,4913.760719099984,82644
core_006,29,1,3.107877016067505,0.5,1.0,0.10725435451407213,0.3333333432674408,0.6666666865348816,0.0714285746216774,1,0.6666666865348816,3.107877016067505,0.3333333432674408,0.3333333432674408,0.0,0.0,0.0,0.0,0.0,0.0,0.0,0.0,0.0,0.0,0.0,0.0,0.0,0.0,0.0,0.0,0.0,0.0,0.0,0.5,1.0,0.0714285746216774,0.924431562423706,0.6994374990463257,0.8245835900306702,0.6374102830886841,0.6378669142723083,0.15192119777202606,1.0,1.0,0.3333333432674408,0.4932500123977661,0.0,0.0,1.0,0.14499999582767487,0.15000000596046448,train__core_006__episode_00029,core_006__29,1,0.602423054803132,0.0023191768001100677,4913.760719099984,82644
core_006,29,2,1.519925594329834,1.0,1.0,0.2193089875655487,0.3333333432674408,0.3333333432674408,0.0476190485060215,2,0.3333333432674408,1.519925594329834,0.3333333432674408,0.0,0.0,0.0,0.0,0.0,0.0,0.0,0.0,0.0,0.0,0.0,0.0,0.0,0.0,0.0,0.0,0.0,0.0,0.0,0.0,1.0,1.0,0.0476190485060215,0.8640913963317871,0.924431562423706,0.699999988079071,0.6516742706298828,0.6610406041145325,0.1721641570329666,1.0,1.0,0.6666666865348816,0.5137500166893005,0.0,0.0,1.0,0.14499999582767487,0.15000000596046448,train__core_006__episode_00029,core_006__29,1,0.2901150925843683,0.0014479920378195899,4913.760719099984,82644
core_006,30,0,4.768077373504639,0.3333333432674408,0.6666666865348816,0.06990938215887921,0.3333333432674408,1.0,0.095238097012043,0,1.0,4.768077373504639,0.3333333432674408,0.3333333432674408,0.3333333432674408,0.0,0.0,0.0,0.0,0.0,0.0,0.0,0.0,0.0,0.0,0.0,0.0,0.0,0.0,0.0,0.0,0.0,0.0,0.3333333432674408,0.6666666865348816,0.095238097012043,0.9193344116210938,0.6000000238418579,0.8245835900306702,0.6232049465179443,0.6307642459869385,0.15009519457817078,1.0,1.0,0.0,0.4932500123977661,0.0,0.0,1.0,0.14499999582767487,0.15000000596046448,train__core_006__episode_00030,core_006__30,1,0.2695088631740694,0.0022810749635251426,4913.760719099984,82644
core_006,30,1,3.11114501953125,0.5,1.0,0.10714169258418672,0.3333333432674408,0.6666666865348816,0.0714285746216774,1,0.6666666865348816,3.11114501953125,0.3333333432674408,0.3333333432674408,0.0,0.0,0.0,0.0,0.0,0.0,0.0,0.0,0.0,0.0,0.0,0.0,0.0,0.0,0.0,0.0,0.0,0.0,0.0,0.5,1.0,0.0714285746216774,0.8604442477226257,0.9193344116210938,0.699999988079071,0.6367407441139221,0.6535738110542297,0.17052723467350006,1.0,1.0,0.3333333432674408,0.5137500166893005,0.0,0.0,1.0,0.14499999582767487,0.15000000596046448,train__core_006__episode_00030,core_006__30,1,0.5090401149020498,0.00311177583536304,4913.760719099984,82644
core_006,30,2,1.5015225410461426,1.0,1.0,0.2219968959208567,0.3333333432674408,0.3333333432674408,0.0476190485060215,2,0.3333333432674408,1.5015225410461426,0.3333333432674408,0.0,0.0,0.0,0.0,0.0,0.0,0.0,0.0,0.0,0.0,0.0,0.0,0.0,0.0,0.0,0.0,0.0,0.0,0.0,0.0,1.0,1.0,0.0476190485060215,0.6656607389450073,0.8604442477226257,0.30000001192092896,0.6596613526344299,0.6650341153144836,0.1874340921640396,0.0,0.0,0.6666666865348816,0.4860000014305115,0.0,0.0,1.0,0.14499999582767487,0.15000000596046448,train__core_006__episode_00030,core_006__30,0,0.21854999978289327,0.0016229353930998225,4913.760719099984,82644
core_006,31,0,4.841625690460205,0.3333333432674408,0.6666666865348816,0.06884740055891368,0.3333333432674408,1.0,0.095238097012043,0,1.0,4.841625690460205,0.3333333432674408,0.3333333432674408,0.3333333432674408,0.0,0.0,0.0,0.0,0.0,0.0,0.0,0.0,0.0,0.0,0.0,0.0,0.0,0.0,0.0,0.0,0.0,0.0,0.3333333432674408,0.6666666865348816,0.095238097012043,0.8424500823020935,0.7583146095275879,0.699999988079071,0.613737940788269,0.6420724391937256,0.1387566477060318,1.0,1.0,0.0,0.5137500166893005,0.0,1.0,1.0,0.14499999582767487,0.15000000596046448,train__core_006__episode_00031,core_006__31,1,0.1892760151441867,0.007307144821932149,4913.760719099984,82644
core_006,31,1,3.1241610050201416,0.5,1.0,0.10669531523241446,0.3333333432674408,0.6666666865348816,0.0714285746216774,1,0.6666666865348816,3.1241610050201416,0.3333333432674408,0.3333333432674408,0.0,0.0,0.0,0.0,0.0,0.0,0.0,0.0,0.0,0.0,0.0,0.0,0.0,0.0,0.0,0.0,0.0,0.0,0.0,0.5,1.0,0.0714285746216774,0.648709774017334,0.8424500823020935,0.30000001192092896,0.6340879201889038,0.652247428894043,0.15889938175678253,0.0,0.0,0.3333333432674408,0.4860000014305115,0.0,0.0,1.0,0.14499999582767487,0.15000000596046448,train__core_006__episode_00031,core_006__31,5,0.4509489140332616,0.006589977256325874,4913.760719099984,82644
core_006,32,0,4.730730056762695,0.3333333432674408,0.6666666865348816,0.07046129017463859,0.3333333432674408,1.0,0.095238097012043,0,1.0,4.730730056762695,0.3333333432674408,0.3333333432674408,0.3333333432674408,0.0,0.0,0.0,0.0,0.0,0.0,0.0,0.0,0.0,0.0,0.0,0.0,0.0,0.0,0.0,0.0,0.0,0.0,0.3333333432674408,0.6666666865348816,0.095238097012043,0.6590539813041687,0.8007086515426636,0.30000001192092896,0.6281248331069946,0.6492658853530884,0.1515830010175705,0.0,0.0,0.0,0.4860000014305115,0.0,1.0,1.0,0.14499999582767487,0.15000000596046448,train__core_006__episode_00032,core_006__32,0,0.16472080629287422,0.0004943832380134294,4913.760719099984,82644
core_006,32,1,2.9157190322875977,0.5,1.0,0.1143228615570397,0.3333333432674408,0.6666666865348816,0.0714285746216774,1,0.6666666865348816,2.9157190322875977,0.3333333432674408,0.3333333432674408,0.0,0.0,0.0,0.0,0.0,0.0,0.0,0.0,0.0,0.0,0.0,0.0,0.0,0.0,0.0,0.0,0.0,0.0,0.0,0.5,1.0,0.0714285746216774,0.6930801868438721,0.6590539813041687,0.6063733696937561,0.6794182658195496,0.6519284844398499,0.07142971456050873,1.0,0.0,0.3333333432674408,0.4860000014305115,0.0,0.0,1.0,0.14499999582767487,0.15000000596046448,train__core_006__episode_00032,core_006__32,5,0.49850535853209066,0.02446994151281412,4913.760719099984,82644
core_006,33,0,4.625529766082764,0.3333333432674408,0.6666666865348816,0.07206381974052926,0.3333333432674408,1.0,0.095238097012043,0,1.0,4.625529766082764,0.3333333432674408,0.3333333432674408,0.3333333432674408,0.0,0.0,0.0,0.0,0.0,0.0,0.0,0.0,0.0,0.0,0.0,0.0,0.0,0.0,0.0,0.0,0.0,0.0,0.3333333432674408,0.6666666865348816,0.095238097012043,0.6722865700721741,0.4000000059604645,0.6063733696937561,0.6424105763435364,0.6334245800971985,0.12176576256752014,1.0,0.0,0.0,0.4860000014305115,0.0,0.0,1.0,0.14499999582767487,0.15000000596046448,train__core_006__episode_00033,core_006__33,5,0.1424035789948837,0.0003500351147374958,4913.760719099984,82644
core_006,33,1,3.039139986038208,0.5,1.0,0.10968015451699241,0.3333333432674408,0.6666666865348816,0.0714285746216774,1,0.6666666865348816,3.039139986038208,0.3333333432674408,0.3333333432674408,0.0,0.0,0.0,0.0,0.0,0.0,0.0,0.0,0.0,0.0,0.0,0.0,0.0,0.0,0.0,0.0,0.0,0.0,0.0,0.5,1.0,0.0714285746216774,0.679452121257782,0.6722865700721741,0.699999988079071,0.6518267393112183,0.6385879516601562,0.12116196751594543,1.0,0.0,0.3333333432674408,0.4945000112056732,0.0,0.0,1.0,0.14499999582767487,0.15000000596046448,train__core_006__episode_00033,core_006__33,1,0.4458450582310186,0.010830655603717099,4913.760719099984,82644
core_006,33,2,1.5264441967010498,1.0,1.0,0.21837243967898767,0.3333333432674408,0.3333333432674408,0.0476190485060215,2,0.3333333432674408,1.5264441967010498,0.3333333432674408,0.0,0.0,0.0,0.0,0.0,0.0,0.0,0.0,0.0,0.0,0.0,0.0,0.0,0.0,0.0,0.0,0.0,0.0,0.0,0.0,1.0,1.0,0.0476190485060215,0.6459671258926392,0.679452121257782,0.631477415561676,0.6488913297653198,0.6427503824234009,0.12020443379878998,1.0,0.0,0.6666666865348816,0.5097500085830688,0.0,0.0,1.0,0.14499999582767487,0.15000000596046448,train__core_006__episode_00033,core_006__33,0,0.2115911093745136,0.0014048014441045142,4913.760719099984,82644
core_006,34,0,4.695769309997559,0.3333333432674408,0.6666666865348816,0.07098588564769467,0.3333333432674408,1.0,0.095238097012043,0,1.0,4.695769309997559,0.3333333432674408,0.3333333432674408,0.3333333432674408,0.0,0.0,0.0,0.0,0.0,0.0,0.0,0.0,0.0,0.0,0.0,0.0,0.0,0.0,0.0,0.0,0.0,0.0,0.3333333432674408,0.6666666865348816,0.095238097012043,0.6884926557540894,0.5391086935997009,0.699999988079071,0.632801353931427,0.6290752291679382,0.12678132951259613,1.0,0.0,0.0,0.4945000112056732,0.0,1.0,1.0,0.14499999582767487,0.15000000596046448,train__core_006__episode_00034,core_006__34,5,0.12398563307961388,0.006724762592830197,4913.760719099984,82644
core_006,34,1,3.1386666297912598,0.5,1.0,0.10620221341876294,0.3333333432674408,0.6666666865348816,0.0714285746216774,1,0.6666666865348816,3.1386666297912598,0.3333333432674408,0.3333333432674408,0.0,0.0,0.0,0.0,0.0,0.0,0.0,0.0,0.0,0.0,0.0,0.0,0.0,0.0,0.0,0.0,0.0,0.0,0.0,0.5,1.0,0.0714285746216774,0.6494749188423157,0.6884926557540894,0.631477415561676,0.6311574578285217,0.6338834166526794,0.12597136199474335,1.0,0.0,0.3333333432674408,0.5097500085830688,0.0,0.0,1.0,0.14499999582767487,0.15000000596046448,train__core_006__episode_00034,core_006__34,0,0.4374776177807583,0.0003943754854466297,4913.760719099984,82644
core_006,34,2,1.5629664659500122,1.0,1.0,0.21326967054589493,0.3333333432674408,0.3333333432674408,0.0476190485060215,2,0.3333333432674408,1.5629664659500122,0.3333333432674408,0.0,0.0,0.0,0.0,0.0,0.0,0.0,0.0,0.0,0.0,0.0,0.0,0.0,0.0,0.0,0.0,0.0,0.0,0.0,0.0,1.0,1.0,0.0476190485060215,0.682915210723877,0.6494749188423157,0.6000000238418579,0.6337285041809082,0.6302744746208191,0.1261352151632309,1.0,0.0,0.6666666865348816,0.5109999775886536,0.0,0.0,1.0,0.14499999582767487,0.15000000596046448,train__core_006__episode_00034,core_006__34,0,0.2246470033919728,0.002949891270548316,4913.760719099984,82644
core_006,35,0,5.161895751953125,0.3333333432674408,0.6666666865348816,0.06457576039603595,0.3333333432674408,1.0,0.095238097012043,0,1.0,5.161895751953125,0.3333333432674408,0.3333333432674408,0.3333333432674408,0.0,0.0,0.0,0.0,0.0,0.0,0.0,0.0,0.0,0.0,0.0,0.0,0.0,0.0,0.0,0.0,0.0,0.0,0.3333333432674408,0.6666666865348816,0.095238097012043,0.6001377701759338,0.30000001192092896,0.631477415561676,0.5756585001945496,0.6061339378356934,0.1672886610031128,1.0,0.0,0.0,0.5097500085830688,0.0,0.0,1.0,0.14499999582767487,0.15000000596046448,train__core_006__episode_00035,core_006__35,5,0.17607691614386903,0.027283938341983893,4913.760719099984,82644
core_006,35,1,3.4682376384735107,0.5,1.0,0.09611029520288354,0.3333333432674408,0.6666666865348816,0.0714285746216774,1,0.6666666865348816,3.4682376384735107,0.3333333432674408,0.3333333432674408,0.0,0.0,0.0,0.0,0.0,0.0,0.0,0.0,0.0,0.0,0.0,0.0,0.0,0.0,0.0,0.0,0.0,0.0,0.0,0.5,1.0,0.0714285746216774,0.6331939697265625,0.6001377701759338,0.6000000238418579,0.5711813569068909,0.5990009307861328,0.16615037620067596,1.0,0.0,0.3333333432674408,0.5109999775886536,0.0,0.0,1.0,0.14499999582767487,0.15000000596046448,train__core_006__episode_00035,core_006__35,5,0.5000487221736856,0.0010268999780151944,4913.760719099984,82644
core_006,35,2,1.7198405265808105,1.0,1.0,0.19381642548576053,0.3333333432674408,0.3333333432674408,0.0476190485060215,2,0.3333333432674408,1.7198405265808105,0.3333333432674408,0.0,0.0,0.0,0.0,0.0,0.0,0.0,0.0,0.0,0.0,0.0,0.0,0.0,0.0,0.0,0.0,0.0,0.0,0.0,0.0,1.0,1.0,0.0476190485060215,0.866905927658081,0.6331939697265625,0.7583146095275879,0.5759233832359314,0.5995641350746155,0.1673743724822998,1.0,1.0,0.6666666865348816,0.5287500023841858,0.0,0.0,1.0,0.14499999582767487,0.15000000596046448,train__core_006__episode_00035,core_006__35,1,0.29194423154921095,0.0022825937731784096,4913.760719099984,82644
core_006,36,0,5.47648811340332,0.3333333432674408,0.6666666865348816,0.060866258880692324,0.3333333432674408,1.0,0.095238097012043,0,1.0,5.47648811340332,0.3333333432674408,0.3333333432674408,0.3333333432674408,0.0,0.0,0.0,0.0,0.0,0.0,0.0,0.0,0.0,0.0,0.0,0.0,0.0,0.0,0.0,0.0,0.0,0.0,0.3333333432674408,0.6666666865348816,0.095238097012043,0.5959390997886658,0.4000000059604645,0.6000000238418579,0.5425902605056763,0.5847053527832031,0.1756555289030075,1.0,0.0,0.0,0.5109999775886536,0.0,0.0,1.0,0.14499999582767487,0.15000000596046448,train__core_006__episode_00036,core_006__36,5,0.26594887920677174,0.04170253853287276,4913.760719099984,82644
core_006,36,1,3.654899835586548,0.5,1.0,0.09120177248686395,0.3333333432674408,0.6666666865348816,0.0714285746216774,1,0.6666666865348816,3.654899835586548,0.3333333432674408,0.3333333432674408,0.0,0.0,0.0,0.0,0.0,0.0,0.0,0.0,0.0,0.0,0.0,0.0,0.0,0.0,0.0,0.0,0.0,0.0,0.0,0.5,1.0,0.0714285746216774,0.8261993527412415,0.5959390997886658,0.7583146095275879,0.5420101284980774,0.5826075077056885,0.17547158896923065,1.0,1.0,0.3333333432674408,0.5287500023841858,0.0,0.0,1.0,0.14499999582767487,0.15000000596046448,train__core_006__episode_00036,core_006__36,1,0.5740267272961246,0.016019519094594425,4913.760719099984,82644
core_006,36,2,1.7953273057937622,1.0,1.0,0.18566717176958727,0.3333333432674408,0.3333333432674408,0.0476190485060215,2,0.3333333432674408,1.7953273057937622,0.3333333432674408,0.0,0.0,0.0,0.0,0.0,0.0,0.0,0.0,0.0,0.0,0.0,0.0,0.0,0.0,0.0,0.0,0.0,0.0,0.0,0.0,1.0,1.0,0.0476190485060215,0.8402406573295593,0.8261993527412415,0.8007086515426636,0.5517079830169678,0.5827229619026184,0.18854688107967377,1.0,1.0,0.6666666865348816,0.5015000104904175,0.0,0.0,1.0,0.14499999582767487,0.15000000596046448,train__core_006__episode_00036,core_006__36,1,0.2827295766250984,0.00249032743559241,4913.760719099984,82644
core_006,37,0,5.591088771820068,0.3333333432674408,0.6666666865348816,0.059618681954665284,0.3333333432674408,1.0,0.095238097012043,0,1.0,5.591088771820068,0.3333333432674408,0.3333333432674408,0.3333333432674408,0.0,0.0,0.0,0.0,0.0,0.0,0.0,0.0,0.0,0.0,0.0,0.0,0.0,0.0,0.0,0.0,0.0,0.0,0.3333333432674408,0.6666666865348816,0.095238097012043,0.8088060617446899,0.5221496820449829,0.7583146095275879,0.5314688086509705,0.577336847782135,0.17412647604942322,1.0,1.0,0.0,0.5287500023841858,0.0,1.0,1.0,0.14499999582767487,0.15000000596046448,train__core_006__episode_00037,core_006__37,1,0.21265794852117573,0.010381430850931933,4913.760719099984,82644
core_006,37,1,3.6774818897247314,0.5,1.0,0.09064173618334029,0.3333333432674408,0.6666666865348816,0.0714285746216774,1,0.6666666865348816,3.6774818897247314,0.3333333432674408,0.3333333432674408,0.0,0.0,0.0,0.0,0.0,0.0,0.0,0.0,0.0,0.0,0.0,0.0,0.0,0.0,0.0,0.0,0.0,0.0,0.0,0.5,1.0,0.0714285746216774,0.8296917080879211,0.8088060617446899,0.8007086515426636,0.5386818647384644,0.5762099027633667,0.18413230776786804,1.0,1.0,0.3333333432674408,0.5015000104904175,0.0,0.0,1.0,0.14499999582767487,0.15000000596046448,train__core_006__episode_00037,core_006__37,1,0.48025928201666446,0.0037476031264229714,4913.760719099984,82644
core_006,37,2,1.8247157335281372,1.0,1.0,0.18267686146539208,0.3333333432674408,0.3333333432674408,0.0476190485060215,2,0.3333333432674408,1.8247157335281372,0.3333333432674408,0.0,0.0,0.0,0.0,0.0,0.0,0.0,0.0,0.0,0.0,0.0,0.0,0.0,0.0,0.0,0.0,0.0,0.0,0.0,0.0,1.0,1.0,0.0476190485060215,0.5328122973442078,0.8296917080879211,0.4000000059604645,0.5428223013877869,0.5854735970497131,0.19020351767539978,0.0,0.0,0.6666666865348816,0.518750011920929,0.0,0.0,1.0,0.14499999582767487,0.15000000596046448,train__core_006__episode_00037,core_006__37,5,0.19999999999999998,0.021070727017740987,4913.760719099984,82644
core_006,38,0,5.680123329162598,0.3333333432674408,0.6666666865348816,0.05868417355589057,0.3333333432674408,1.0,0.095238097012043,0,1.0,5.680123329162598,0.3333333432674408,0.3333333432674408,0.3333333432674408,0.0,0.0,0.0,0.0,0.0,0.0,0.0,0.0,0.0,0.0,0.0,0.0,0.0,0.0,0.0,0.0,0.0,0.0,0.3333333432674408,0.6666666865348816,0.095238097012043,0.8398932814598083,0.699999988079071,0.8007086515426636,0.523138165473938,0.5684380531311035,0.1641855090856552,1.0,1.0,0.0,0.5015000104904175,0.0,0.0,1.0,0.14499999582767487,0.15000000596046448,train__core_006__episode_00038,core_006__38,1,0.15005175621002206,0.002465658773795981,4913.760719099984,82644
core_006,38,1,3.7466580867767334,0.5,1.0,0.0889681779193812,0.3333333432674408,0.6666666865348816,0.0714285746216774,1,0.6666666865348816,3.7466580867767334,0.3333333432674408,0.3333333432674408,0.0,0.0,0.0,0.0,0.0,0.0,0.0,0.0,0.0,0.0,0.0,0.0,0.0,0.0,0.0,0.0,0.0,0.0,0.0,0.5,1.0,0.0714285746216774,0.5385427474975586,0.8398932814598083,0.4000000059604645,0.5287359356880188,0.5784304141998291,0.17393235862255096,0.0,0.0,0.3333333432674408,0.518750011920929,0.0,0.0,1.0,0.14499999582767487,0.15000000596046448,train__core_006__episode_00038,core_006__38,5,0.4174695964165934,0.04087806884094747,4913.760719099984,82644
core_006,38,2,1.8057360649108887,1.0,1.0,0.1845969351472694,0.3333333432674408,0.3333333432674408,0.0476190485060215,2,0.3333333432674408,1.8057360649108887,0.3333333432674408,0.0,0.0,0.0,0.0,0.0,0.0,0.0,0.0,0.0,0.0,0.0,0.0,0.0,0.0,0.0,0.0,0.0,0.0,0.0,0.0,1.0,1.0,0.0476190485060215,0.5715113282203674,0.5385427474975586,0.5391086935997009,0.5485277771949768,0.5954691767692566,0.1658521145582199,1.0,0.0,0.6666666865348816,0.515250027179718,0.0,0.0,1.0,0.14499999582767487,0.15000000596046448,train__core_006__episode_00038,core_006__38,5,0.19999999999999998,0.011315066748720737,4913.760719099984,82644
core_006,39,0,5.907013416290283,0.3333333432674408,0.6666666865348816,0.056430097542724135,0.3333333432674408,1.0,0.095238097012043,0,1.0,5.907013416290283,0.3333333432674408,0.3333333432674408,0.3333333432674408,0.0,0.0,0.0,0.0,0.0,0.0,0.0,0.0,0.0,0.0,0.0,0.0,0.0,0.0,0.0,0.0,0.0,0.0,0.3333333432674408,0.6666666865348816,0.095238097012043,0.5542212724685669,0.6600514650344849,0.4000000059604645,0.5030442476272583,0.5655845403671265,0.13499824702739716,0.0,0.0,0.0,0.518750011920929,0.0,1.0,1.0,0.14499999582767487,0.15000000596046448,train__core_006__episode_00039,core_006__39,5,0.10541678283821956,0.057798115200910855,4913.760719099984,82644
core_006,39,1,3.7727744579315186,0.5,1.0,0.08835231127232449,0.3333333432674408,0.6666666865348816,0.0714285746216774,1,0.6666666865348816,3.7727744579315186,0.3333333432674408,0.3333333432674408,0.0,0.0,0.0,0.0,0.0,0.0,0.0,0.0,0.0,0.0,0.0,0.0,0.0,0.0,0.0,0.0,0.0,0.0,0.0,0.5,1.0,0.0714285746216774,0.5524989366531372,0.5542212724685669,0.5391086935997009,0.5250758528709412,0.5837432146072388,0.1288270801305771,1.0,0.0,0.3333333432674408,0.515250027179718,0.0,0.0,1.0,0.14499999582767487,0.15000000596046448,train__core_006__episode_00039,core_006__39,5,0.3934405749404478,0.025408147521612245,4913.760719099984,82644
core_006,39,2,1.8795398473739624,1.0,1.0,0.17734837797302586,0.3333333432674408,0.3333333432674408,0.0476190485060215,2,0.3333333432674408,1.8795398473739624,0.3333333432674408,0.0,0.0,0.0,0.0,0.0,0.0,0.0,0.0,0.0,0.0,0.0,0.0,0.0,0.0,0.0,0.0,0.0,0.0,0.0,0.0,1.0,1.0,0.0476190485060215,0.527287483215332,0.5524989366531372,0.30000001192092896,0.5269887447357178,0.5798950791358948,0.12912032008171082,1.0,0.0,0.6666666865348816,0.5164999961853027,0.0,0.0,1.0,0.14499999582767487,0.15000000596046448,train__core_006__episode_00039,core_006__39,5,0.18242107236048863,0.012160637697245763,4913.760719099984,82644
core_006,40,0,5.58954381942749,0.3333333432674408,0.6666666865348816,0.05963516058481898,0.3333333432674408,1.0,0.095238097012043,0,1.0,5.58954381942749,0.3333333432674408,0.3333333432674408,0.3333333432674408,0.0,0.0,0.0,0.0,0.0,0.0,0.0,0.0,0.0,0.0,0.0,0.0,0.0,0.0,0.0,0.0,0.0,0.0,0.3333333432674408,0.6666666865348816,0.095238097012043,0.5881704688072205,0.6000000238418579,0.5391086935997009,0.531615674495697,0.5870131254196167,0.13127925992012024,1.0,0.0,0.0,0.515250027179718,0.0,1.0,1.0,0.14499999582767487,0.15000000596046448,train__core_006__episode_00040,core_006__40,5,0.08431883150118566,0.04888114027511509,4913.760719099984,82644
core_006,40,1,3.677873373031616,0.5,1.0,0.09063208801902799,0.3333333432674408,0.6666666865348816,0.0714285746216774,1,0.6666666865348816,3.677873373031616,0.3333333432674408,0.3333333432674408,0.0,0.0,0.0,0.0,0.0,0.0,0.0,0.0,0.0,0.0,0.0,0.0,0.0,0.0,0.0,0.0,0.0,0.0,0.0,0.5,1.0,0.0714285746216774,0.5466422438621521,0.5881704688072205,0.30000001192092896,0.5386245250701904,0.5857129096984863,0.1327931433916092,1.0,0.0,0.3333333432674408,0.5164999961853027,0.0,0.0,1.0,0.14499999582767487,0.15000000596046448,train__core_006__episode_00040,core_006__40,5,0.387327351979835,0.025932430409428997,4913.760719099984,82644
core_006,40,2,1.7260271310806274,1.0,1.0,0.19312172865947255,0.3333333432674408,0.3333333432674408,0.0476190485060215,2,0.3333333432674408,1.7260271310806274,0.3333333432674408,0.0,0.0,0.0,0.0,0.0,0.0,0.0,0.0,0.0,0.0,0.0,0.0,0.0,0.0,0.0,0.0,0.0,0.0,0.0,0.0,1.0,1.0,0.0476190485060215,0.5422681570053101,0.5466422438621521,0.4000000059604645,0.5738590955734253,0.5747588276863098,0.09092415124177933,1.0,0.0,0.6666666865348816,0.5189999938011169,0.0,0.0,1.0,0.14499999582767487,0.15000000596046448,train__core_006__episode_00040,core_006__40,5,0.1776406972823636,0.002245809440108798,4913.760719099984,82644
core_006,41,0,5.5388360023498535,0.3333333432674408,0.6666666865348816,0.060181118041051224,0.3333333432674408,1.0,0.095238097012043,0,1.0,5.5388360023498535,0.3333333432674408,0.3333333432674408,0.3333333432674408,0.0,0.0,0.0,0.0,0.0,0.0,0.0,0.0,0.0,0.0,0.0,0.0,0.0,0.0,0.0,0.0,0.0,0.0,0.3333333432674408,0.6666666865348816,0.095238097012043,0.5637226104736328,0.5731770992279053,0.30000001192092896,0.5364826321601868,0.5846419930458069,0.1320957988500595,1.0,0.0,0.0,0.5164999961853027,0.0,1.0,1.0,0.14499999582767487,0.15000000596046448,train__core_006__episode_00041,core_006__41,5,0.06277110367362698,0.02889171944603197,4913.760719099984,82644
core_006,41,1,3.4502615928649902,0.5,1.0,0.09661103493044164,0.3333333432674408,0.6666666865348816,0.0714285746216774,1,0.6666666865348816,3.4502615928649902,0.3333333432674408,0.3333333432674408,0.0,0.0,0.0,0.0,0.0,0.0,0.0,0.0,0.0,0.0,0.0,0.0,0.0,0.0,0.0,0.0,0.0,0.0,0.0,0.5,1.0,0.0714285746216774,0.5492722392082214,0.5637226104736328,0.4000000059604645,0.5741572380065918,0.5749078989028931,0.09025949239730835,1.0,0.0,0.3333333432674408,0.5189999938011169,0.0,0.0,1.0,0.14499999582767487,0.15000000596046448,train__core_006__episode_00041,core_006__41,5,0.3902469784425807,0.01353371586838703,4913.760719099984,82644
core_006,41,2,1.6633527278900146,1.0,1.0,0.20039847091859983,0.3333333432674408,0.3333333432674408,0.0476190485060215,2,0.3333333432674408,1.6633527278900146,0.3333333432674408,0.0,0.0,0.0,0.0,0.0,0.0,0.0,0.0,0.0,0.0,0.0,0.0,0.0,0.0,0.0,0.0,0.0,0.0,0.0,0.0,1.0,1.0,0.0476190485060215,0.5781441926956177,0.5492722392082214,0.5221496820449829,0.5954818725585938,0.569036066532135,0.05871574580669403,1.0,0.0,0.6666666865348816,0.5115000009536743,0.0,0.0,1.0,0.14499999582767487,0.15000000596046448,train__core_006__episode_00041,core_006__41,0,0.18762531755795137,0.0010009124857797147,4913.760719099984,82644
core_006,42,0,5.16315221786499,0.3333333432674408,0.6666666865348816,0.0645600457244077,0.3333333432674408,1.0,0.095238097012043,0,1.0,5.16315221786499,0.3333333432674408,0.3333333432674408,0.3333333432674408,0.0,0.0,0.0,0.0,0.0,0.0,0.0,0.0,0.0,0.0,0.0,0.0,0.0,0.0,0.0,0.0,0.0,0.0,0.3333333432674408,0.6666666865348816,0.095238097012043,0.5665667057037354,0.5732505917549133,0.4000000059604645,0.5755184292793274,0.5755884647369385,0.09016366302967072,1.0,0.0,0.0,0.5189999938011169,0.0,1.0,1.0,0.14499999582767487,0.15000000596046448,train__core_006__episode_00042,core_006__42,5,0.15374082564328656,0.03671310645803483,4913.760719099984,82644
core_006,42,1,3.3054358959198,0.5,1.0,0.10084398964714592,0.3333333432674408,0.6666666865348816,0.0714285746216774,1,0.6666666865348816,3.3054358959198,0.3333333432674408,0.3333333432674408,0.0,0.0,0.0,0.0,0.0,0.0,0.0,0.0,0.0,0.0,0.0,0.0,0.0,0.0,0.0,0.0,0.0,0.0,0.0,0.5,1.0,0.0714285746216774,0.6146085262298584,0.5665667057037354,0.5221496820449829,0.5993136763572693,0.5709519386291504,0.05633614957332611,1.0,0.0,0.3333333432674408,0.5115000009536743,0.0,0.0,1.0,0.14499999582767487,0.15000000596046448,train__core_006__episode_00042,core_006__42,1,0.4784930790733406,0.003263631249785681,4913.760719099984,82644
core_006,42,2,1.6170787811279297,1.0,1.0,0.20613302651521853,0.3333333432674408,0.3333333432674408,0.0476190485060215,2,0.3333333432674408,1.6170787811279297,0.3333333432674408,0.0,0.0,0.0,0.0,0.0,0.0,0.0,0.0,0.0,0.0,0.0,0.0,0.0,0.0,0.0,0.0,0.0,0.0,0.0,0.0,1.0,1.0,0.0476190485060215,0.8170602321624756,0.6146085262298584,0.699999988079071,0.6125220656394958,0.5719954371452332,0.04671303927898407,1.0,1.0,0.6666666865348816,0.5350000262260437,0.0,0.0,1.0,0.14499999582767487,0.15000000596046448,train__core_006__episode_00042,core_006__42,1,0.27471916075344327,0.0026709129312166846,4913.760719099984,82644
core_006,43,0,5.16315221786499,0.3333333432674408,0.6666666865348816,0.0645600457244077,0.3333333432674408,1.0,0.095238097012043,0,1.0,5.16315221786499,0.3333333432674408,0.3333333432674408,0.3333333432674408,0.0,0.0,0.0,0.0,0.0,0.0,0.0,0.0,0.0,0.0,0.0,0.0,0.0,0.0,0.0,0.0,0.0,0.0,0.3333333432674408,0.6666666865348816,0.095238097012043,0.590675413608551,0.4000000059604645,0.5221496820449829,0.5755184292793274,0.5590543150901794,0.09016366302967072,1.0,0.0,0.0,0.5115000009536743,0.0,0.0,1.0,0.14499999582767487,0.15000000596046448,train__core_006__episode_00043,core_006__43,5,0.23939630865199585,0.03486230353780628,4913.760719099984,82644
core_006,43,1,3.3845317363739014,0.5,1.0,0.09848728545963212,0.3333333432674408,0.6666666865348816,0.0714285746216774,1,0.6666666865348816,3.3845317363739014,0.3333333432674408,0.3333333432674408,0.0,0.0,0.0,0.0,0.0,0.0,0.0,0.0,0.0,0.0,0.0,0.0,0.0,0.0,0.0,0.0,0.0,0.0,0.0,0.5,1.0,0.0714285746216774,0.8025289177894592,0.590675413608551,0.699999988079071,0.585307776927948,0.5583882927894592,0.08751905709505081,1.0,1.0,0.3333333432674408,0.5350000262260437,0.0,0.0,1.0,0.14499999582767487,0.15000000596046448,train__core_006__episode_00043,core_006__43,1,0.5624806877345601,0.004896536997158307,4913.760719099984,82644
core_006,43,2,1.6509517431259155,1.0,1.0,0.20190374712970516,0.3333333432674408,0.3333333432674408,0.0476190485060215,2,0.3333333432674408,1.6509517431259155,0.3333333432674408,0.0,0.0,0.0,0.0,0.0,0.0,0.0,0.0,0.0,0.0,0.0,0.0,0.0,0.0,0.0,0.0,0.0,0.0,0.0,0.0,1.0,1.0,0.0476190485060215,0.8522685766220093,0.8025289177894592,0.6600514650344849,0.5999547839164734,0.5615464448928833,0.1109350398182869,1.0,1.0,0.6666666865348816,0.5487499833106995,0.0,0.0,1.0,0.14499999582767487,0.15000000596046448,train__core_006__episode_00043,core_006__43,1,0.29067065286296323,0.006181253316172863,4913.760719099984,82644
core_006,44,0,5.065269470214844,0.3333333432674408,0.6666666865348816,0.06580762291671374,0.3333333432674408,1.0,0.095238097012043,0,1.0,5.065269470214844,0.3333333432674408,0.3333333432674408,0.3333333432674408,0.0,0.0,0.0,0.0,0.0,0.0,0.0,0.0,0.0,0.0,0.0,0.0,0.0,0.0,0.0,0.0,0.0,0.0,0.3333333432674408,0.6666666865348816,0.095238097012043,0.8108673691749573,0.6000000238418579,0.699999988079071,0.5866398811340332,0.5590543150901794,0.08766146004199982,1.0,1.0,0.0,0.5350000262260437,0.0,0.0,1.0,0.14499999582767487,0.15000000596046448,train__core_006__episode_00044,core_006__44,1,0.21030755847999472,0.003882162987774107,4913.760719099984,82644
core_006,44,1,3.288074493408203,0.5,1.0,0.10137645723528886,0.3333333432674408,0.6666666865348816,0.0714285746216774,1,0.6666666865348816,3.288074493408203,0.3333333432674408,0.3333333432674408,0.0,0.0,0.0,0.0,0.0,0.0,0.0,0.0,0.0,0.0,0.0,0.0,0.0,0.0,0.0,0.0,0.0,0.0,0.0,0.5,1.0,0.0714285746216774,0.8534050583839417,0.8108673691749573,0.6600514650344849,0.6024780869483948,0.562808096408844,0.11305070668458939,1.0,1.0,0.3333333432674408,0.5487499833106995,0.0,0.0,1.0,0.14499999582767487,0.15000000596046448,train__core_006__episode_00044,core_006__44,1,0.48656544986494876,0.008094306285309494,4913.760719099984,82644
core_006,44,2,1.5719668865203857,1.0,1.0,0.21204857820210707,0.3333333432674408,0.3333333432674408,0.0476190485060215,2,0.3333333432674408,1.5719668865203857,0.3333333432674408,0.0,0.0,0.0,0.0,0.0,0.0,0.0,0.0,0.0,0.0,0.0,0.0,0.0,0.0,0.0,0.0,0.0,0.0,0.0,0.0,1.0,1.0,0.0476190485060215,0.5949963331222534,0.8534050583839417,0.6000000238418579,0.6301000118255615,0.5665721297264099,0.14331388473510742,0.0,0.0,0.6666666865348816,0.5454999804496765,0.0,0.0,1.0,0.14499999582767487,0.15000000596046448,train__core_006__episode_00044,core_006__44,0,0.19358015892298544,0.001476631084108504,4913.760719099984,82644
core_006,45,0,5.005405902862549,0.3333333432674408,0.6666666865348816,0.06659466779243824,0.3333333432674408,1.0,0.095238097012043,0,1.0,5.005405902862549,0.3333333432674408,0.3333333432674408,0.3333333432674408,0.0,0.0,0.0,0.0,0.0,0.0,0.0,0.0,0.0,0.0,0.0,0.0,0.0,0.0,0.0,0.0,0.0,0.0,0.3333333432674408,0.6666666865348816,0.095238097012043,0.864403247833252,0.7491127848625183,0.6600514650344849,0.5936560034751892,0.5583970546722412,0.09782935678958893,1.0,1.0,0.0,0.5487499833106995,0.0,1.0,1.0,0.14499999582767487,0.15000000596046448,train__core_006__episode_00045,core_006__45,1,0.14242415125173385,0.017891246347698037,4913.760719099984,82644
core_006,45,1,3.1805341243743896,0.5,1.0,0.10480420276358689,0.3333333432674408,0.6666666865348816,0.0714285746216774,1,0.6666666865348816,3.1805341243743896,0.3333333432674408,0.3333333432674408,0.0,0.0,0.0,0.0,0.0,0.0,0.0,0.0,0.0,0.0,0.0,0.0,0.0,0.0,0.0,0.0,0.0,0.0,0.0,0.5,1.0,0.0714285746216774,0.5911071300506592,0.864403247833252,0.6000000238418579,0.6228491067886353,0.5629466772079468,0.1362372487783432,0.0,0.0,0.3333333432674408,0.5454999804496765,0.0,0.0,1.0,0.14499999582767487,0.15000000596046448,train__core_006__episode_00045,core_006__45,0,0.3857556243499304,0.0001786747872479788,4913.760719099984,82644
core_006,45,2,1.5935173034667969,1.0,1.0,0.2091808746238608,0.3333333432674408,0.3333333432674408,0.0476190485060215,2,0.3333333432674408,1.5935173034667969,0.3333333432674408,0.0,0.0,0.0,0.0,0.0,0.0,0.0,0.0,0.0,0.0,0.0,0.0,0.0,0.0,0.0,0.0,0.0,0.0,0.0,0.0,1.0,1.0,0.0476190485060215,0.5949103236198425,0.5911071300506592,0.5731770992279053,0.6215786933898926,0.5765972137451172,0.13648563623428345,1.0,0.0,0.6666666865348816,0.5460000038146973,0.0,0.0,1.0,0.14499999582767487,0.15000000596046448,train__core_006__episode_00045,core_006__45,0,0.19354975368157903,0.0014756436664216666,4913.760719099984,82644
core_006,46,0,5.2059102058410645,0.3333333432674408,0.6666666865348816,0.06402979115802625,0.3333333432674408,1.0,0.095238097012043,0,1.0,5.2059102058410645,0.3333333432674408,0.3333333432674408,0.3333333432674408,0.0,0.0,0.0,0.0,0.0,0.0,0.0,0.0,0.0,0.0,0.0,0.0,0.0,0.0,0.0,0.0,0.0,0.0,0.3333333432674408,0.6666666865348816,0.095238097012043,0.5540475249290466,0.5,0.6000000238418579,0.570791482925415,0.5369178652763367,0.09834173321723938,0.0,0.0,0.0,0.5454999804496765,0.0,0.0,1.0,0.14499999582767487,0.15000000596046448,train__core_006__episode_00046,core_006__46,5,0.029801343151825893,0.018566961875866844,4913.760719099984,82644
core_006,46,1,3.510986328125,0.5,1.0,0.09494008580929264,0.3333333432674408,0.6666666865348816,0.0714285746216774,1,0.6666666865348816,3.510986328125,0.3333333432674408,0.3333333432674408,0.0,0.0,0.0,0.0,0.0,0.0,0.0,0.0,0.0,0.0,0.0,0.0,0.0,0.0,0.0,0.0,0.0,0.0,0.0,0.5,1.0,0.0714285746216774,0.5540441274642944,0.5540475249290466,0.5731770992279053,0.5642268657684326,0.5479212999343872,0.09770453721284866,1.0,0.0,0.3333333432674408,0.5460000038146973,0.0,0.0,1.0,0.14499999582767487,0.15000000596046448,train__core_006__episode_00046,core_006__46,5,0.38212382913877757,0.019759884073568545,4913.760719099984,82644
core_006,46,2,1.7640386819839478,1.0,1.0,0.18896033668182002,0.3333333432674408,0.3333333432674408,0.0476190485060215,2,0.3333333432674408,1.7640386819839478,0.3333333432674408,0.0,0.0,0.0,0.0,0.0,0.0,0.0,0.0,0.0,0.0,0.0,0.0,0.0,0.0,0.0,0.0,0.0,0.0,0.0,0.0,1.0,1.0,0.0476190485060215,0.5513724684715271,0.5540441274642944,0.5732505917549133,0.5614935755729675,0.5489881038665771,0.09768354147672653,1.0,0.0,0.6666666865348816,0.5460000038146973,0.0,0.0,1.0,0.14499999582767487,0.15000000596046448,train__core_006__episode_00046,core_006__46,5,0.18325458365674996,0.00508928500848177,4913.760719099984,82644
core_006,47,0,5.339547634124756,0.3333333432674408,0.6666666865348816,0.062427262777304524,0.3333333432674408,1.0,0.095238097012043,0,1.0,5.339547634124756,0.3333333432674408,0.3333333432674408,0.3333333432674408,0.0,0.0,0.0,0.0,0.0,0.0,0.0,0.0,0.0,0.0,0.0,0.0,0.0,0.0,0.0,0.0,0.0,0.0,0.3333333432674408,0.6666666865348816,0.095238097012043,0.5440252423286438,0.5,0.5731770992279053,0.5565057992935181,0.5440607070922852,0.10030481964349747,1.0,0.0,0.0,0.5460000038146973,0.0,0.0,1.0,0.14499999582767487,0.15000000596046448,train__core_006__episode_00047,core_006__47,5,0.03352808804115698,0.029538091589167176,4913.760719099984,82644
core_006,47,1,3.586538076400757,0.5,1.0,0.09294013786184446,0.3333333432674408,0.6666666865348816,0.0714285746216774,1,0.6666666865348816,3.586538076400757,0.3333333432674408,0.3333333432674408,0.0,0.0,0.0,0.0,0.0,0.0,0.0,0.0,0.0,0.0,0.0,0.0,0.0,0.0,0.0,0.0,0.0,0.0,0.0,0.5,1.0,0.0714285746216774,0.5363558530807495,0.5440252423286438,0.5732505917549133,0.5523412227630615,0.5444118976593018,0.10013122111558914,1.0,0.0,0.3333333432674408,0.5460000038146973,0.0,0.0,1.0,0.14499999582767487,0.15000000596046448,train__core_006__episode_00047,core_006__47,5,0.37842090356871005,0.025125960407742398,4913.760719099984,82644
core_006,47,2,1.8105460405349731,1.0,1.0,0.1841065268734888,0.3333333432674408,0.3333333432674408,0.0476190485060215,2,0.3333333432674408,1.8105460405349731,0.3333333432674408,0.0,0.0,0.0,0.0,0.0,0.0,0.0,0.0,0.0,0.0,0.0,0.0,0.0,0.0,0.0,0.0,0.0,0.0,0.0,0.0,1.0,1.0,0.0476190485060215,0.5183199644088745,0.5363558530807495,0.4000000059604645,0.5470705628395081,0.5612944960594177,0.09986254572868347,1.0,0.0,0.6666666865348816,0.5677499771118164,0.0,0.0,1.0,0.14499999582767487,0.15000000596046448,train__core_006__episode_00047,core_006__47,5,0.18043588531421734,0.013559615397981395,4913.760719099984,82644
core_006,48,0,5.303033351898193,0.3333333432674408,0.6666666865348816,0.06285710859203363,0.3333333432674408,1.0,0.095238097012043,0,1.0,5.303033351898193,0.3333333432674408,0.3333333432674408,0.3333333432674408,0.0,0.0,0.0,0.0,0.0,0.0,0.0,0.0,0.0,0.0,0.0,0.0,0.0,0.0,0.0,0.0,0.0,0.0,0.3333333432674408,0.6666666865348816,0.095238097012043,0.5690625905990601,0.6000000238418579,0.5732505917549133,0.5603376030921936,0.5484101176261902,0.10137514024972916,1.0,0.0,0.0,0.5460000038146973,0.0,1.0,1.0,0.14499999582767487,0.15000000596046448,train__core_006__episode_00048,core_006__48,5,0.060340717199838856,0.02915664185895081,4913.760719099984,82644
core_006,48,1,3.5391345024108887,0.5,1.0,0.09418498874240899,0.3333333432674408,0.6666666865348816,0.0714285746216774,1,0.6666666865348816,3.5391345024108887,0.3333333432674408,0.3333333432674408,0.0,0.0,0.0,0.0,0.0,0.0,0.0,0.0,0.0,0.0,0.0,0.0,0.0,0.0,0.0,0.0,0.0,0.0,0.0,0.5,1.0,0.0714285746216774,0.5470904111862183,0.5690625905990601,0.4000000059604645,0.559739351272583,0.5676288604736328,0.10130950063467026,1.0,0.0,0.3333333432674408,0.5677499771118164,0.0,0.0,1.0,0.14499999582767487,0.15000000596046448,train__core_006__episode_00048,core_006__48,5,0.39676781551236007,0.02481538993893595,4913.760719099984,82644
core_006,48,2,1.7055402994155884,1.0,1.0,0.19544149345615525,0.3333333432674408,0.3333333432674408,0.0476190485060215,2,0.3333333432674408,1.7055402994155884,0.3333333432674408,0.0,0.0,0.0,0.0,0.0,0.0,0.0,0.0,0.0,0.0,0.0,0.0,0.0,0.0,0.0,0.0,0.0,0.0,0.0,0.0,1.0,1.0,0.0476190485060215,0.5828900337219238,0.5470904111862183,0.6000000238418579,0.5807522535324097,0.5781353116035461,0.07873812317848206,1.0,0.0,0.6666666865348816,0.5699999928474426,0.0,0.0,1.0,0.14499999582767487,0.15000000596046448,train__core_006__episode_00048,core_006__48,0,0.1893022979444955,0.0013777652836061693,4913.760719099984,82644
core_006,49,0,5.137032508850098,0.3333333432674408,0.6666666865348816,0.06488830714876204,0.3333333432674408,1.0,0.095238097012043,0,1.0,5.137032508850098,0.3333333432674408,0.3333333432674408,0.3333333432674408,0.0,0.0,0.0,0.0,0.0,0.0,0.0,0.0,0.0,0.0,0.0,0.0,0.0,0.0,0.0,0.0,0.0,0.0,0.3333333432674408,0.6666666865348816,0.095238097012043,0.5659059286117554,0.699999988079071,0.4000000059604645,0.5784446597099304,0.5769815444946289,0.11274637281894684,1.0,0.0,0.0,0.5677499771118164,0.0,1.0,1.0,0.14499999582767487,0.15000000596046448,train__core_006__episode_00049,core_006__49,5,0.1810648249305731,0.01972262457746568,4913.760719099984,82644
core_006,49,1,3.2898902893066406,0.5,1.0,0.10132050431921616,0.3333333432674408,0.6666666865348816,0.0714285746216774,1,0.6666666865348816,3.2898902893066406,0.3333333432674408,0.3333333432674408,0.0,0.0,0.0,0.0,0.0,0.0,0.0,0.0,0.0,0.0,0.0,0.0,0.0,0.0,0.0,0.0,0.0,0.0,0.0,0.5,1.0,0.0714285746216774,0.6443419456481934,0.5659059286117554,0.6000000238418579,0.6021455526351929,0.5888319611549377,0.08731290698051453,1.0,0.0,0.3333333432674408,0.5699999928474426,0.0,0.0,1.0,0.14499999582767487,0.15000000596046448,train__core_006__episode_00049,core_006__49,0,0.5276834958688031,0.0020845052085222138,4913.760719099984,82644
core_006,49,2,1.6278204917907715,1.0,1.0,0.20477278972003818,0.3333333432674408,0.3333333432674408,0.0476190485060215,2,0.3333333432674408,1.6278204917907715,0.3333333432674408,0.0,0.0,0.0,0.0,0.0,0.0,0.0,0.0,0.0,0.0,0.0,0.0,0.0,0.0,0.0,0.0,0.0,0.0,0.0,0.0,1.0,1.0,0.0476190485060215,0.9343982338905334,0.6443419456481934,0.7491127848625183,0.6084800958633423,0.5975599884986877,0.08852752298116684,1.0,1.0,0.6666666865348816,0.5787500143051147,0.0,0.0,1.0,0.14499999582767487,0.15000000596046448,train__core_006__episode_00049,core_006__49,1,0.31666666666666665,0.003156075780598455,4913.760719099984,82644
core_006,50,0,4.888636112213135,0.3333333432674408,0.6666666865348816,0.06818534569073038,0.3333333432674408,1.0,0.095238097012043,0,1.0,4.888636112213135,0.3333333432674408,0.3333333432674408,0.3333333432674408,0.0,0.0,0.0,0.0,0.0,0.0,0.0,0.0,0.0,0.0,0.0,0.0,0.0,0.0,0.0,0.0,0.0,0.0,0.3333333432674408,0.6666666865348816,0.095238097012043,0.6617228388786316,0.6057392358779907,0.6000000238418579,0.6078360080718994,0.591677188873291,0.08605458587408066,1.0,0.0,0.0,0.5699999928474426,0.0,1.0,1.0,0.14499999582767487,0.15000000596046448,train__core_006__episode_00050,core_006__50,0,0.31184121697045947,0.002284397455285192,4913.760719099984,82644
core_006,50,1,3.212489128112793,0.5,1.0,0.10376170314489457,0.3333333432674408,0.6666666865348816,0.0714285746216774,1,0.6666666865348816,3.212489128112793,0.3333333432674408,0.3333333432674408,0.0,0.0,0.0,0.0,0.0,0.0,0.0,0.0,0.0,0.0,0.0,0.0,0.0,0.0,0.0,0.0,0.0,0.0,0.0,0.5,1.0,0.0714285746216774,0.9458745121955872,0.6617228388786316,0.7491127848625183,0.616653561592102,0.6016467213630676,0.08794144541025162,1.0,1.0,0.3333333432674408,0.5787500143051147,0.0,0.0,1.0,0.14499999582767487,0.15000000596046448,train__core_006__episode_00050,core_006__50,1,0.6446827134586283,0.0039564474472185696,4913.760719099984,82644
core_006,50,2,1.5362192392349243,1.0,1.0,0.2169829245423649,0.3333333432674408,0.3333333432674408,0.0476190485060215,2,0.3333333432674408,1.5362192392349243,0.3333333432674408,0.0,0.0,0.0,0.0,0.0,0.0,0.0,0.0,0.0,0.0,0.0,0.0,0.0,0.0,0.0,0.0,0.0,0.0,0.0,0.0,1.0,1.0,0.0476190485060215,0.9617072343826294,0.9458745121955872,0.5,0.644762396812439,0.6192091703414917,0.14114132523536682,1.0,1.0,0.6666666865348816,0.5899999737739563,0.0,0.0,1.0,0.14499999582767487,0.15000000596046448,train__core_006__episode_00050,core_006__50,0,0.3231604457412273,0.006493779074560668,4913.760719099984,82644
core_006,51,0,4.776379108428955,0.3333333432674408,0.6666666865348816,0.06978787397323674,0.3333333432674408,1.0,0.095238097012043,0,1.0,4.776379108428955,0.3333333432674408,0.3333333432674408,0.3333333432674408,0.0,0.0,0.0,0.0,0.0,0.0,0.0,0.0,0.0,0.0,0.0,0.0,0.0,0.0,0.0,0.0,0.0,0.0,0.3333333432674408,0.6666666865348816,0.095238097012043,0.9576980471611023,0.699999988079071,0.7491127848625183,0.6221217513084412,0.6043807864189148,0.09168422222137451,1.0,1.0,0.0,0.5787500143051147,0.0,1.0,1.0,0.14499999582767487,0.15000000596046448,train__core_006__episode_00051,core_006__51,1,0.34872320916949884,0.012917899254397625,4913.760719099984,82644
core_006,51,1,3.0387070178985596,0.5,1.0,0.10969578222054456,0.3333333432674408,0.6666666865348816,0.0714285746216774,1,0.6666666865348816,3.0387070178985596,0.3333333432674408,0.3333333432674408,0.0,0.0,0.0,0.0,0.0,0.0,0.0,0.0,0.0,0.0,0.0,0.0,0.0,0.0,0.0,0.0,0.0,0.0,0.0,0.5,1.0,0.0714285746216774,0.9741283059120178,0.9576980471611023,0.5,0.6519196033477783,0.6227877736091614,0.14595073461532593,1.0,1.0,0.3333333432674408,0.5899999737739563,0.0,0.0,1.0,0.14499999582767487,0.15000000596046448,train__core_006__episode_00051,core_006__51,1,0.564061533106651,0.014594614674315776,4913.760719099984,82644
core_006,52,0,4.735089302062988,0.3333333432674408,0.6666666865348816,0.07039642169414076,0.3333333432674408,1.0,0.095238097012043,0,1.0,4.735089302062988,0.3333333432674408,0.3333333432674408,0.3333333432674408,0.0,0.0,0.0,0.0,0.0,0.0,0.0,0.0,0.0,0.0,0.0,0.0,0.0,0.0,0.0,0.0,0.0,0.0,0.3333333432674408,0.6666666865348816,0.095238097012043,0.9777620434761047,0.7870869636535645,0.5,0.6275466084480286,0.6106013059616089,0.09980177879333496,1.0,1.0,0.0,0.5899999737739563,0.0,1.0,1.0,0.14499999582767487,0.15000000596046448,train__core_006__episode_00052,core_006__52,1,0.24297068795519797,0.026411840980226003,4913.760719099984,82644
core_006,52,1,2.847079038619995,0.5,1.0,0.11707906199506511,0.3333333432674408,0.6666666865348816,0.0714285746216774,1,0.6666666865348816,2.847079038619995,0.3333333432674408,0.3333333432674408,0.0,0.0,0.0,0.0,0.0,0.0,0.0,0.0,0.0,0.0,0.0,0.0,0.0,0.0,0.0,0.0,0.0,0.0,0.0,0.5,1.0,0.0714285746216774,0.6430480480194092,0.9777620434761047,0.5,0.6957983374595642,0.6332948803901672,0.14317691326141357,0.0,0.0,0.3333333432674408,0.5565000176429749,0.0,0.0,1.0,0.14499999582767487,0.15000000596046448,train__core_006__episode_00052,core_006__52,1,0.437725304505586,0.0072456478064523155,4913.760719099984,82644
core_006,53,0,4.166062355041504,0.3333333432674408,0.6666666865348816,0.08001160685078608,0.3333333432674408,1.0,0.095238097012043,0,1.0,4.166062355041504,0.3333333432674408,0.3333333432674408,0.3333333432674408,0.0,0.0,0.0,0.0,0.0,0.0,0.0,0.0,0.0,0.0,0.0,0.0,0.0,0.0,0.0,0.0,0.0,0.0,0.3333333432674408,0.6666666865348816,0.095238097012043,0.6730234622955322,1.100000023841858,0.5,0.7132608890533447,0.6420261859893799,0.1793791949748993,0.0,0.0,0.0,0.5565000176429749,0.0,0.0,1.0,0.14499999582767487,0.15000000596046448,train__core_006__episode_00053,core_006__53,0,0.1624457523801962,0.0017355782278809517,4913.760719099984,82644
core_006,53,1,2.6843502521514893,0.5,1.0,0.1241765462611581,0.3333333432674408,0.6666666865348816,0.0714285746216774,1,0.6666666865348816,2.6843502521514893,0.3333333432674408,0.3333333432674408,0.0,0.0,0.0,0.0,0.0,0.0,0.0,0.0,0.0,0.0,0.0,0.0,0.0,0.0,0.0,0.0,0.0,0.0,0.0,0.5,1.0,0.0714285746216774,0.7470018863677979,0.6730234622955322,0.6000000238418579,0.7379785180091858,0.6472421288490295,0.15905991196632385,1.0,0.0,0.3333333432674408,0.5864999890327454,0.0,0.0,1.0,0.14499999582767487,0.15000000596046448,train__core_006__episode_00053,core_006__53,0,0.4912940692350436,0.002880886189307652,4913.760719099984,82644
core_006,54,0,4.006495475769043,0.3333333432674408,0.6666666865348816,0.0831982327905806,0.3333333432674408,1.0,0.095238097012043,0,1.0,4.006495475769043,0.3333333432674408,0.3333333432674408,0.3333333432674408,0.0,0.0,0.0,0.0,0.0,0.0,0.0,0.0,0.0,0.0,0.0,0.0,0.0,0.0,0.0,0.0,0.0,0.0,0.3333333432674408,0.6666666865348816,0.095238097012043,0.7534133791923523,0.698849081993103,0.6000000238418579,0.7416679263114929,0.6490868330001831,0.15780505537986755,1.0,0.0,0.0,0.5864999890327454,0.0,1.0,1.0,0.14499999582767487,0.15000000596046448,train__core_006__episode_00054,core_006__54,0,0.19000414843627325,0.0029532126854117102,4913.760719099984,82644
core_006,54,1,2.594334840774536,0.5,1.0,0.12848508913673012,0.3333333432674408,0.6666666865348816,0.0714285746216774,1,0.6666666865348816,2.594334840774536,0.3333333432674408,0.3333333432674408,0.0,0.0,0.0,0.0,0.0,0.0,0.0,0.0,0.0,0.0,0.0,0.0,0.0,0.0,0.0,0.0,0.0,0.0,0.0,0.5,1.0,0.0714285746216774,0.7394065856933594,0.7534133791923523,0.699999988079071,0.7635840773582458,0.6619608402252197,0.14688332378864288,1.0,0.0,0.3333333432674408,0.5665000081062317,0.0,0.0,1.0,0.14499999582767487,0.15000000596046448,train__core_006__episode_00054,core_006__54,0,0.49044603436538525,0.0027952059372610694,4913.760719099984,82644
core_006,55,0,3.968764543533325,0.3333333432674408,0.6666666865348816,0.08398919603597337,0.3333333432674408,1.0,0.095238097012043,0,1.0,3.968764543533325,0.3333333432674408,0.3333333432674408,0.3333333432674408,0.0,0.0,0.0,0.0,0.0,0.0,0.0,0.0,0.0,0.0,0.0,0.0,0.0,0.0,0.0,0.0,0.0,0.0,0.3333333432674408,0.6666666865348816,0.095238097012043,0.7440902590751648,0.6493571996688843,0.699999988079071,0.7487189173698425,0.6545282602310181,0.1523250788450241,1.0,0.0,0.0,0.5665000081062317,0.0,1.0,1.0,0.14499999582767487,0.15000000596046448,train__core_006__episode_00055,core_006__55,0,0.20608074487043426,0.002848040664479967,4913.760719099984,82644
core_006,55,1,2.6237704753875732,0.5,1.0,0.1270436367793193,0.3333333432674408,0.6666666865348816,0.0714285746216774,1,0.6666666865348816,2.6237704753875732,0.3333333432674408,0.3333333432674408,0.0,0.0,0.0,0.0,0.0,0.0,0.0,0.0,0.0,0.0,0.0,0.0,0.0,0.0,0.0,0.0,0.0,0.0,0.0,0.5,1.0,0.0714285746216774,0.7446070909500122,0.7440902590751648,0.6057392358779907,0.7550175189971924,0.6667311191558838,0.15108686685562134,1.0,0.0,0.3333333432674408,0.5899999737739563,0.0,0.0,1.0,0.14499999582767487,0.15000000596046448,train__core_006__episode_00055,core_006__55,0,0.5098170430934938,0.002853871169429034,4913.760719099984,82644
core_006,56,0,4.015231132507324,0.3333333432674408,0.6666666865348816,0.0830172242311963,0.3333333432674408,1.0,0.095238097012043,0,1.0,4.015231132507324,0.3333333432674408,0.3333333432674408,0.3333333432674408,0.0,0.0,0.0,0.0,0.0,0.0,0.0,0.0,0.0,0.0,0.0,0.0,0.0,0.0,0.0,0.0,0.0,0.0,0.3333333432674408,0.6666666865348816,0.095238097012043,0.747968316078186,0.6393479704856873,0.6057392358779907,0.7400543689727783,0.6592495441436768,0.15651720762252808,1.0,0.0,0.0,0.5899999737739563,0.0,1.0,1.0,0.14499999582767487,0.15000000596046448,train__core_006__episode_00056,core_006__56,0,0.2949644327064775,0.0028917880852052935,4913.760719099984,82644
core_006,56,1,2.6052916049957275,0.5,1.0,0.12794473471923978,0.3333333432674408,0.6666666865348816,0.0714285746216774,1,0.6666666865348816,2.6052916049957275,0.3333333432674408,0.3333333432674408,0.0,0.0,0.0,0.0,0.0,0.0,0.0,0.0,0.0,0.0,0.0,0.0,0.0,0.0,0.0,0.0,0.0,0.0,0.0,0.5,1.0,0.0714285746216774,0.7942754030227661,0.747968316078186,0.699999988079071,0.7603727579116821,0.6841043829917908,0.14668512344360352,1.0,0.0,0.3333333432674408,0.5745000243186951,0.0,0.0,1.0,0.14499999582767487,0.15000000596046448,train__core_006__episode_00056,core_006__56,0,0.5973303850962135,0.004624441961153192,4913.760719099984,82644
core_006,57,0,2.565155029296875,0.3333333432674408,0.6666666865348816,0.12994666578059008,0.3333333432674408,1.0,0.095238097012043,0,1.0,2.565155029296875,0.3333333432674408,0.3333333432674408,0.3333333432674408,0.0,0.0,0.0,0.0,0.0,0.0,0.0,0.0,0.0,0.0,0.0,0.0,0.0,0.0,0.0,0.0,0.0,0.0,0.3333333432674408,0.6666666865348816,0.095238097012043,1.3592041730880737,1.1370035409927368,1.1370035409927368,1.1370035409927368,1.0,2.220446049250313e-16,1.0,0.0,0.0,0.38850000500679016,0.0,0.0,1.0,0.14800000190734863,0.164000004529953,train__core_006__episode_00057,core_006__57,0,0.44999999999999996,0.02316041370691524,4913.760719099984,82644
core_006,58,0,9.721967697143555,0.3333333432674408,0.6666666865348816,0.03428661292151574,0.3333333432674408,1.0,0.095238097012043,0,1.0,9.721967697143555,0.3333333432674408,0.3333333432674408,0.3333333432674408,0.0,0.0,0.0,0.0,0.0,0.0,0.0,0.0,0.0,0.0,0.0,0.0,0.0,0.0,0.0,0.0,0.0,0.0,0.3333333432674408,0.6666666865348816,0.095238097012043,0.4246506690979004,0.30000001192092896,0.30000001192092896,0.30000001192092896,0.30000001192092896,0.0,1.0,0.0,0.0,0.37275001406669617,0.0,0.0,1.0,0.14800000190734863,0.164000004529953,train__core_006__episode_00058,core_006__58,5,-0.01825322820724265,0.011106113016620733,4913.760719099984,82644
core_006,58,1,6.1181535720825195,0.5,1.0,0.054482670194559955,0.3333333432674408,0.6666666865348816,0.0714285746216774,1,0.6666666865348816,6.1181535720825195,0.3333333432674408,0.3333333432674408,0.0,0.0,0.0,0.0,0.0,0.0,0.0,0.0,0.0,0.0,0.0,0.0,0.0,0.0,0.0,0.0,0.0,0.0,0.0,0.5,1.0,0.0714285746216774,0.5004660487174988,0.4246506690979004,0.30000001192092896,0.31780722737312317,0.30890360474586487,0.04361864551901817,1.0,1.0,0.3333333432674408,0.3942500054836273,0.0,0.0,1.0,0.14800000190734863,0.164000004529953,train__core_006__episode_00058,core_006__58,5,0.3423825589859612,0.009919622710107656,4913.760719099984,82644
core_006,58,2,2.806206226348877,1.0,1.0,0.11878433599697946,0.3333333432674408,0.3333333432674408,0.0476190485060215,2,0.3333333432674408,2.806206226348877,0.3333333432674408,0.0,0.0,0.0,0.0,0.0,0.0,0.0,0.0,0.0,0.0,0.0,0.0,0.0,0.0,0.0,0.0,0.0,0.0,0.0,0.0,1.0,1.0,0.0476190485060215,0.4909449815750122,0.5004660487174988,0.30000001192092896,0.346445232629776,0.32322263717651367,0.07618051767349243,1.0,1.0,0.6666666865348816,0.3852500021457672,0.0,0.0,1.0,0.14800000190734863,0.164000004529953,train__core_006__episode_00058,core_006__58,5,0.16872500213740443,0.00864685358830114,4913.760719099984,82644
core_006,59,0,8.876579284667969,0.3333333432674408,0.6666666865348816,0.0375520042775024,0.3333333432674408,1.0,0.095238097012043,0,1.0,8.876579284667969,0.3333333432674408,0.3333333432674408,0.3333333432674408,0.0,0.0,0.0,0.0,0.0,0.0,0.0,0.0,0.0,0.0,0.0,0.0,0.0,0.0,0.0,0.0,0.0,0.0,0.3333333432674408,0.6666666865348816,0.095238097012043,0.506653904914856,0.5,0.30000001192092896,0.3285714387893677,0.3142857253551483,0.06998541951179504,1.0,1.0,0.0,0.3942500054836273,0.0,0.0,1.0,0.14800000190734863,0.164000004529953,train__core_006__episode_00059,core_006__59,5,-0.020668386779703285,0.020164102550915275,4913.760719099984,82644
core_006,59,1,5.429850101470947,0.5,1.0,0.06138905071746654,0.3333333432674408,0.6666666865348816,0.0714285746216774,1,0.6666666865348816,5.429850101470947,0.3333333432674408,0.3333333432674408,0.0,0.0,0.0,0.0,0.0,0.0,0.0,0.0,0.0,0.0,0.0,0.0,0.0,0.0,0.0,0.0,0.0,0.0,0.0,0.5,1.0,0.0714285746216774,0.49835699796676636,0.506653904914856,0.30000001192092896,0.35809341073036194,0.32904669642448425,0.09187096357345581,1.0,1.0,0.3333333432674408,0.3852500021457672,0.0,0.0,1.0,0.14800000190734863,0.164000004529953,train__core_006__episode_00059,core_006__59,5,0.33833559275279335,0.00010525957810492148,4913.760719099984,82644
core_006,59,2,2.515841007232666,1.0,1.0,0.1324938031891353,0.3333333432674408,0.3333333432674408,0.0476190485060215,2,0.3333333432674408,2.515841007232666,0.3333333432674408,0.0,0.0,0.0,0.0,0.0,0.0,0.0,0.0,0.0,0.0,0.0,0.0,0.0,0.0,0.0,0.0,0.0,0.0,0.0,0.0,1.0,1.0,0.0476190485060215,0.3827623128890991,0.49835699796676636,0.30000001192092896,0.38643011450767517,0.34321507811546326,0.09982854127883911,0.0,0.0,0.6666666865348816,0.38199999928474426,0.0,0.0,1.0,0.14800000190734863,0.164000004529953,train__core_006__episode_00059,core_006__59,5,0.17548378464262704,0.024284949691605967,4913.760719099984,82644
core_006,60,0,6.380041122436523,0.3333333432674408,0.6666666865348816,0.052246268773286766,0.3333333432674408,1.0,0.095238097012043,0,1.0,6.380041122436523,0.3333333432674408,0.3333333432674408,0.3333333432674408,0.0,0.0,0.0,0.0,0.0,0.0,0.0,0.0,0.0,0.0,0.0,0.0,0.0,0.0,0.0,0.0,0.0,0.0,0.3333333432674408,0.6666666865348816,0.095238097012043,0.6523929834365845,1.2000000476837158,0.30000001192092896,0.4571428596973419,0.37857142090797424,0.311022013425827,1.0,1.0,0.0,0.3852500021457672,0.0,0.0,1.0,0.14800000190734863,0.164000004529953,train__core_006__episode_00060,core_006__60,0,0.02373496659306204,0.0026687595093931593,4913.760719099984,82644
core_006,60,1,3.831432819366455,0.5,1.0,0.086999657564806,0.3333333432674408,0.6666666865348816,0.0714285746216774,1,0.6666666865348816,3.831432819366455,0.3333333432674408,0.3333333432674408,0.0,0.0,0.0,0.0,0.0,0.0,0.0,0.0,0.0,0.0,0.0,0.0,0.0,0.0,0.0,0.0,0.0,0.0,0.0,0.5,1.0,0.0714285746216774,0.4612424075603485,0.6523929834365845,0.30000001192092896,0.5074847340583801,0.40374234318733215,0.3100302815437317,0.0,0.0,0.3333333432674408,0.38199999928474426,0.0,0.0,1.0,0.14800000190734863,0.164000004529953,train__core_006__episode_00060,core_006__60,5,0.3555340151683687,0.008947342819006221,4913.760719099984,82644
core_006,60,2,1.8325378894805908,1.0,1.0,0.18189710847502302,0.3333333432674408,0.3333333432674408,0.0476190485060215,2,0.3333333432674408,1.8325378894805908,0.3333333432674408,0.0,0.0,0.0,0.0,0.0,0.0,0.0,0.0,0.0,0.0,0.0,0.0,0.0,0.0,0.0,0.0,0.0,0.0,0.0,0.0,1.0,1.0,0.0476190485060215,0.4480060935020447,0.4612424075603485,0.30000001192092896,0.5305193662643433,0.4152596592903137,0.29957249760627747,1.0,0.0,0.6666666865348816,0.39125001430511475,0.0,0.0,1.0,0.14800000190734863,0.164000004529953,train__core_006__episode_00060,core_006__60,5,0.1792962017207517,0.011887740112257572,4913.760719099984,82644
core_006,61,0,5.8331804275512695,0.3333333432674408,0.6666666865348816,0.057144356737713994,0.3333333432674408,1.0,0.095238097012043,0,1.0,5.8331804275512695,0.3333333432674408,0.3333333432674408,0.3333333432674408,0.0,0.0,0.0,0.0,0.0,0.0,0.0,0.0,0.0,0.0,0.0,0.0,0.0,0.0,0.0,0.0,0.0,0.0,0.3333333432674408,0.6666666865348816,0.095238097012043,0.46358662843704224,0.6000000238418579,0.30000001192092896,0.5,0.4000000059604645,0.30705979466438293,0.0,0.0,0.0,0.38199999928474426,0.0,0.0,1.0,0.14800000190734863,0.164000004529953,train__core_006__episode_00061,core_006__61,5,-0.012283970569842873,0.016283142592339955,4913.760719099984,82644
core_006,61,1,3.7151448726654053,0.5,1.0,0.08972283846048057,0.3333333432674408,0.6666666865348816,0.0714285746216774,1,0.6666666865348816,3.7151448726654053,0.3333333432674408,0.3333333432674408,0.0,0.0,0.0,0.0,0.0,0.0,0.0,0.0,0.0,0.0,0.0,0.0,0.0,0.0,0.0,0.0,0.0,0.0,0.0,0.5,1.0,0.0714285746216774,0.4626944661140442,0.46358662843704224,0.30000001192092896,0.5233694911003113,0.4116847515106201,0.2970096170902252,1.0,0.0,0.3333333432674408,0.39125001430511475,0.0,0.0,1.0,0.14800000190734863,0.164000004529953,train__core_006__episode_00061,core_006__61,5,0.34751126606550337,0.003913537368595066,4913.760719099984,82644
core_006,61,2,1.7785879373550415,1.0,1.0,0.18741459798897805,0.3333333432674408,0.3333333432674408,0.0476190485060215,2,0.3333333432674408,1.7785879373550415,0.3333333432674408,0.0,0.0,0.0,0.0,0.0,0.0,0.0,0.0,0.0,0.0,0.0,0.0,0.0,0.0,0.0,0.0,0.0,0.0,0.0,0.0,1.0,1.0,0.0476190485060215,0.45228320360183716,0.4626944661140442,0.30000001192092896,0.5466116070747375,0.42330577969551086,0.28473275899887085,1.0,0.0,0.6666666865348816,0.40525001287460327,0.0,0.0,1.0,0.14800000190734863,0.164000004529953,train__core_006__episode_00061,core_006__61,5,0.17796005895098962,0.011959197236255853,4913.760719099984,82644
core_006,62,0,5.23490571975708,0.3333333432674408,0.6666666865348816,0.06367513783665787,0.3333333432674408,1.0,0.095238097012043,0,1.0,5.23490571975708,0.3333333432674408,0.3333333432674408,0.3333333432674408,0.0,0.0,0.0,0.0,0.0,0.0,0.0,0.0,0.0,0.0,0.0,0.0,0.0,0.0,0.0,0.0,0.0,0.0,0.3333333432674408,0.6666666865348816,0.095238097012043,0.48597046732902527,0.699999988079071,0.30000001192092896,0.5571428537368774,0.4285714328289032,0.30169588327407837,1.0,0.0,0.0,0.39125001430511475,0.0,0.0,1.0,0.14800000190734863,0.164000004529953,train__core_006__episode_00062,core_006__62,5,0.009620814158339847,0.020132693258314766,4913.760719099984,82644
core_006,62,1,3.331094741821289,0.5,1.0,0.10006720585953358,0.3333333432674408,0.6666666865348816,0.0714285746216774,1,0.6666666865348816,3.331094741821289,0.3333333432674408,0.3333333432674408,0.0,0.0,0.0,0.0,0.0,0.0,0.0,0.0,0.0,0.0,0.0,0.0,0.0,0.0,0.0,0.0,0.0,0.0,0.0,0.5,1.0,0.0714285746216774,0.48893216252326965,0.48597046732902527,0.30000001192092896,0.5837100744247437,0.4418550431728363,0.28564342856407166,1.0,0.0,0.3333333432674408,0.40525001287460327,0.0,0.0,1.0,0.14800000190734863,0.164000004529953,train__core_006__episode_00062,core_006__62,5,0.3607883609885035,0.01529840901060503,4913.760719099984,82644
core_006,62,2,1.5919374227523804,1.0,1.0,0.2093884712447579,0.3333333432674408,0.3333333432674408,0.0476190485060215,2,0.3333333432674408,1.5919374227523804,0.3333333432674408,0.0,0.0,0.0,0.0,0.0,0.0,0.0,0.0,0.0,0.0,0.0,0.0,0.0,0.0,0.0,0.0,0.0,0.0,0.0,0.0,1.0,1.0,0.0476190485060215,0.5031790137290955,0.48893216252326965,0.30000001192092896,0.6107003688812256,0.45535019040107727,0.2657972574234009,1.0,0.0,0.6666666865348816,0.39800000190734863,0.0,0.0,1.0,0.14800000190734863,0.164000004529953,train__core_006__episode_00062,core_006__62,5,0.1697140998686673,0.002311631191249802,4913.760719099984,82644
core_006,63,0,4.669898986816406,0.3333333432674408,0.6666666865348816,0.07137913351198266,0.3333333432674408,1.0,0.095238097012043,0,1.0,4.669898986816406,0.3333333432674408,0.3333333432674408,0.3333333432674408,0.0,0.0,0.0,0.0,0.0,0.0,0.0,0.0,0.0,0.0,0.0,0.0,0.0,0.0,0.0,0.0,0.0,0.0,0.3333333432674408,0.6666666865348816,0.095238097012043,0.5639311075210571,0.7718575596809387,0.30000001192092896,0.6245510578155518,0.46227553486824036,0.2891652286052704,1.0,0.0,0.0,0.40525001287460327,0.0,1.0,1.0,0.14800000190734863,0.164000004529953,train__core_006__episode_00063,core_006__63,5,0.0418497438232083,0.000978428734648984,4913.760719099984,82644
core_006,63,1,2.9360170364379883,0.5,1.0,0.11353249628000962,0.3333333432674408,0.6666666865348816,0.0714285746216774,1,0.6666666865348816,2.9360170364379883,0.3333333432674408,0.3333333432674408,0.0,0.0,0.0,0.0,0.0,0.0,0.0,0.0,0.0,0.0,0.0,0.0,0.0,0.0,0.0,0.0,0.0,0.0,0.0,0.5,1.0,0.0714285746216774,0.5433461666107178,0.5639311075210571,0.30000001192092896,0.6622555255889893,0.4811277687549591,0.2601388990879059,1.0,0.0,0.3333333432674408,0.39800000190734863,0.0,0.0,1.0,0.14800000190734863,0.164000004529953,train__core_006__episode_00063,core_006__63,4,0.404373225704898,0.007045438080720723,4913.760719099984,82644
core_006,64,0,4.89377498626709,0.3333333432674408,0.6666666865348816,0.06811374536075744,0.3333333432674408,1.0,0.095238097012043,0,1.0,4.89377498626709,0.3333333432674408,0.3333333432674408,0.3333333432674408,0.0,0.0,0.0,0.0,0.0,0.0,0.0,0.0,0.0,0.0,0.0,0.0,0.0,0.0,0.0,0.0,0.0,0.0,0.3333333432674408,0.6666666865348816,0.095238097012043,0.520967960357666,0.10000000149011612,0.30000001192092896,0.595979630947113,0.447989821434021,0.32720065116882324,1.0,0.0,0.0,0.39800000190734863,0.0,0.0,1.0,0.14800000190734863,0.164000004529953,train__core_006__episode_00064,core_006__64,5,0.034577482122159414,0.0046430960366384,4913.760719099984,82644
core_006,64,1,3.098405599594116,0.5,1.0,0.10758221690249549,0.3333333432674408,0.6666666865348816,0.0714285746216774,1,0.6666666865348816,3.098405599594116,0.3333333432674408,0.3333333432674408,0.0,0.0,0.0,0.0,0.0,0.0,0.0,0.0,0.0,0.0,0.0,0.0,0.0,0.0,0.0,0.0,0.0,0.0,0.0,0.5,1.0,0.0714285746216774,0.5483439564704895,0.520967960357666,0.5,0.627546489238739,0.463773250579834,0.30716896057128906,1.0,0.0,0.3333333432674408,0.3959999978542328,0.0,0.0,1.0,0.14800000190734863,0.164000004529953,train__core_006__episode_00064,core_006__64,0,0.40365932091965506,0.00888566433804705,4913.760719099984,82644
core_006,64,2,1.532339096069336,1.0,1.0,0.21753236220526345,0.3333333432674408,0.3333333432674408,0.0476190485060215,2,0.3333333432674408,1.532339096069336,0.3333333432674408,0.0,0.0,0.0,0.0,0.0,0.0,0.0,0.0,0.0,0.0,0.0,0.0,0.0,0.0,0.0,0.0,0.0,0.0,0.0,0.0,1.0,1.0,0.0476190485060215,0.6654927730560303,0.5483439564704895,1.2000000476837158,0.634452760219574,0.4815120995044708,0.30475762486457825,1.0,1.0,0.6666666865348816,0.41449999809265137,0.0,0.0,1.0,0.14800000190734863,0.164000004529953,train__core_006__episode_00064,core_006__64,0,0.22291699986670424,0.0055851844639909776,4913.760719099984,82644
core_006,65,0,4.548379898071289,0.3333333432674408,0.6666666865348816,0.0732861701830994,0.3333333432674408,1.0,0.095238097012043,0,1.0,4.548379898071289,0.3333333432674408,0.3333333432674408,0.3333333432674408,0.0,0.0,0.0,0.0,0.0,0.0,0.0,0.0,0.0,0.0,0.0,0.0,0.0,0.0,0.0,0.0,0.0,0.0,0.3333333432674408,0.6666666865348816,0.095238097012043,0.5638934969902039,0.6168028116226196,0.5,0.641237199306488,0.4706186056137085,0.3042353093624115,1.0,0.0,0.0,0.3959999978542328,0.0,1.0,1.0,0.14800000190734863,0.164000004529953,train__core_006__episode_00065,core_006__65,0,0.08936524494408243,0.004279015737279651,4913.760719099984,82644
core_006,65,1,2.989696502685547,0.5,1.0,0.1114940406051311,0.3333333432674408,0.6666666865348816,0.0714285746216774,1,0.6666666865348816,2.989696502685547,0.3333333432674408,0.3333333432674408,0.0,0.0,0.0,0.0,0.0,0.0,0.0,0.0,0.0,0.0,0.0,0.0,0.0,0.0,0.0,0.0,0.0,0.0,0.0,0.5,1.0,0.0714285746216774,0.6598469614982605,0.5638934969902039,1.2000000476837158,0.6503648161888123,0.48946812748908997,0.30080005526542664,1.0,1.0,0.3333333432674408,0.41449999809265137,0.0,0.0,1.0,0.14800000190734863,0.164000004529953,train__core_006__episode_00065,core_006__65,0,0.45302494626996903,0.004439671537924905,4913.760719099984,82644
core_006,65,2,1.6960861682891846,1.0,1.0,0.19653090125937936,0.3333333432674408,0.3333333432674408,0.0476190485060215,2,0.3333333432674408,1.6960861682891846,0.3333333432674408,0.0,0.0,0.0,0.0,0.0,0.0,0.0,0.0,0.0,0.0,0.0,0.0,0.0,0.0,0.0,0.0,0.0,0.0,0.0,0.0,1.0,1.0,0.0476190485060215,0.6911128759384155,0.6598469614982605,0.6000000238418579,0.5732001066207886,0.515171468257904,0.2034260332584381,1.0,1.0,0.6666666865348816,0.40700000524520874,0.0,0.0,1.0,0.14800000190734863,0.164000004529953,train__core_006__episode_00065,core_006__65,0,0.2321404841568163,0.008795730857116435,4913.760719099984,82644
core_006,66,0,4.652019023895264,0.3333333432674408,0.6666666865348816,0.07165347810386459,0.3333333432674408,1.0,0.095238097012043,0,1.0,4.652019023895264,0.3333333432674408,0.3333333432674408,0.3333333432674408,0.0,0.0,0.0,0.0,0.0,0.0,0.0,0.0,0.0,0.0,0.0,0.0,0.0,0.0,0.0,0.0,0.0,0.0,0.3333333432674408,0.6666666865348816,0.095238097012043,0.6432284712791443,0.4000000059604645,1.2000000476837158,0.6269514560699463,0.477761447429657,0.31276023387908936,1.0,1.0,0.0,0.41449999809265137,0.0,0.0,1.0,0.14800000190734863,0.164000004529953,train__core_006__episode_00066,core_006__66,0,0.07547366573570247,0.004223581286209199,4913.760719099984,82644
core_006,66,1,3.5519702434539795,0.5,1.0,0.09384463281519592,0.3333333432674408,0.6666666865348816,0.0714285746216774,1,0.6666666865348816,3.5519702434539795,0.3333333432674408,0.3333333432674408,0.0,0.0,0.0,0.0,0.0,0.0,0.0,0.0,0.0,0.0,0.0,0.0,0.0,0.0,0.0,0.0,0.0,0.0,0.0,0.5,1.0,0.0714285746216774,0.6455374956130981,0.6432284712791443,0.6000000238418579,0.5474126935005188,0.5022777915000916,0.21123044192790985,1.0,1.0,0.3333333432674408,0.40700000524520874,0.0,0.0,1.0,0.14800000190734863,0.164000004529953,train__core_006__episode_00066,core_006__66,0,0.41057202090097183,0.007042593807178976,4913.760719099984,82644
core_006,66,2,1.7551274299621582,1.0,1.0,0.1899197389186879,0.3333333432674408,0.3333333432674408,0.0476190485060215,2,0.3333333432674408,1.7551274299621582,0.3333333432674408,0.0,0.0,0.0,0.0,0.0,0.0,0.0,0.0,0.0,0.0,0.0,0.0,0.0,0.0,0.0,0.0,0.0,0.0,0.0,0.0,1.0,1.0,0.0476190485060215,0.5091720819473267,0.6455374956130981,0.699999988079071,0.5539180636405945,0.5269590020179749,0.21343949437141418,0.0,0.0,0.6666666865348816,0.40450000762939453,0.0,0.0,1.0,0.14800000190734863,0.164000004529953,train__core_006__episode_00066,core_006__66,5,0.1948391069825989,0.00026030221172756995,4913.760719099984,82644
core_006,67,0,5.250171184539795,0.3333333432674408,0.6666666865348816,0.06348999519272994,0.3333333432674408,1.0,0.095238097012043,0,1.0,5.250171184539795,0.3333333432674408,0.3333333432674408,0.3333333432674408,0.0,0.0,0.0,0.0,0.0,0.0,0.0,0.0,0.0,0.0,0.0,0.0,0.0,0.0,0.0,0.0,0.0,0.0,0.3333333432674408,0.6666666865348816,0.095238097012043,0.6517455577850342,0.699999988079071,0.6000000238418579,0.5555229187011719,0.5063328742980957,0.215794175863266,1.0,1.0,0.0,0.40700000524520874,0.0,0.0,1.0,0.14800000190734863,0.164000004529953,train__core_006__episode_00067,core_006__67,2,0.057501237501195096,0.0027114124326655664,4913.760719099984,82644
core_006,67,1,3.454150438308716,0.5,1.0,0.09650226567162881,0.3333333432674408,0.6666666865348816,0.0714285746216774,1,0.6666666865348816,3.454150438308716,0.3333333432674408,0.3333333432674408,0.0,0.0,0.0,0.0,0.0,0.0,0.0,0.0,0.0,0.0,0.0,0.0,0.0,0.0,0.0,0.0,0.0,0.0,0.0,0.5,1.0,0.0714285746216774,0.5285531282424927,0.6517455577850342,0.699999988079071,0.5629151463508606,0.5314575433731079,0.21806550025939941,0.0,0.0,0.3333333432674408,0.40450000762939453,0.0,0.0,1.0,0.14800000190734863,0.164000004529953,train__core_006__episode_00067,core_006__67,4,0.3868219481055448,0.0007668062680451504,4913.760719099984,82644
core_006,67,2,1.8056384325027466,1.0,1.0,0.184606916460798,0.3333333432674408,0.3333333432674408,0.0476190485060215,2,0.3333333432674408,1.8056384325027466,0.3333333432674408,0.0,0.0,0.0,0.0,0.0,0.0,0.0,0.0,0.0,0.0,0.0,0.0,0.0,0.0,0.0,0.0,0.0,0.0,0.0,0.0,1.0,1.0,0.0476190485060215,0.5208172798156738,0.5285531282424927,0.7718575596809387,0.538422703742981,0.5477827787399292,0.21080027520656586,1.0,0.0,0.6666666865348816,0.41725000739097595,0.0,0.0,1.0,0.14800000190734863,0.164000004529953,train__core_006__episode_00067,core_006__67,5,0.19999999999999998,0.004240126423125601,4913.760719099984,82644
core_006,68,0,6.208039283752441,0.3333333432674408,0.6666666865348816,0.0536938199053982,0.3333333432674408,1.0,0.095238097012043,0,1.0,6.208039283752441,0.3333333432674408,0.3333333432674408,0.3333333432674408,0.0,0.0,0.0,0.0,0.0,0.0,0.0,0.0,0.0,0.0,0.0,0.0,0.0,0.0,0.0,0.0,0.0,0.0,0.3333333432674408,0.6666666865348816,0.095238097012043,0.48216181993484497,0.0,0.699999988079071,0.4698086380958557,0.48490431904792786,0.2881390452384949,0.0,0.0,0.0,0.40450000762939453,0.0,0.0,1.0,0.14800000190734863,0.164000004529953,train__core_006__episode_00068,core_006__68,5,0.03367930293477381,0.006530808657855963,4913.760719099984,82644
core_006,68,1,4.432283401489258,0.5,1.0,0.07520578290536205,0.3333333432674408,0.6666666865348816,0.0714285746216774,1,0.6666666865348816,4.432283401489258,0.3333333432674408,0.3333333432674408,0.0,0.0,0.0,0.0,0.0,0.0,0.0,0.0,0.0,0.0,0.0,0.0,0.0,0.0,0.0,0.0,0.0,0.0,0.0,0.5,1.0,0.0714285746216774,0.4737650752067566,0.48216181993484497,0.7718575596809387,0.43868887424468994,0.4979158639907837,0.2729610800743103,1.0,0.0,0.3333333432674408,0.41725000739097595,0.0,0.0,1.0,0.14800000190734863,0.164000004529953,train__core_006__episode_00068,core_006__68,5,0.3964239160668809,0.01804333021749055,4913.760719099984,82644
core_006,68,2,2.4543962478637695,1.0,1.0,0.1358107288330333,0.3333333432674408,0.3333333432674408,0.0476190485060215,2,0.3333333432674408,2.4543962478637695,0.3333333432674408,0.0,0.0,0.0,0.0,0.0,0.0,0.0,0.0,0.0,0.0,0.0,0.0,0.0,0.0,0.0,0.0,0.0,0.0,0.0,0.0,1.0,1.0,0.0476190485060215,0.48423731327056885,0.4737650752067566,0.10000000149011612,0.39610424637794495,0.5103276371955872,0.238773375749588,1.0,0.0,0.6666666865348816,0.4235000014305115,0.0,0.0,1.0,0.14800000190734863,0.164000004529953,train__core_006__episode_00068,core_006__68,5,0.19999999999999998,0.015102998231316722,4913.760719099984,82644
core_006,69,0,7.321125507354736,0.3333333432674408,0.6666666865348816,0.045530341329700894,0.3333333432674408,1.0,0.095238097012043,0,1.0,7.321125507354736,0.3333333432674408,0.3333333432674408,0.3333333432674408,0.0,0.0,0.0,0.0,0.0,0.0,0.0,0.0,0.0,0.0,0.0,0.0,0.0,0.0,0.0,0.0,0.0,0.0,0.3333333432674408,0.6666666865348816,0.095238097012043,0.4813339114189148,0.20000000298023224,0.7718575596809387,0.3983800411224365,0.477761447429657,0.2841687500476837,1.0,0.0,0.0,0.41725000739097595,0.0,0.0,1.0,0.14800000190734863,0.164000004529953,train__core_006__episode_00069,core_006__69,5,0.041710486728514296,0.017043357418778077,4913.760719099984,82644
core_006,69,1,5.448362827301025,0.5,1.0,0.06118045986165817,0.3333333432674408,0.6666666865348816,0.0714285746216774,1,0.6666666865348816,5.448362827301025,0.3333333432674408,0.3333333432674408,0.0,0.0,0.0,0.0,0.0,0.0,0.0,0.0,0.0,0.0,0.0,0.0,0.0,0.0,0.0,0.0,0.0,0.0,0.0,0.5,1.0,0.0714285746216774,0.44909700751304626,0.4813339114189148,0.10000000149011612,0.3568766713142395,0.49071386456489563,0.24512425065040588,1.0,0.0,0.3333333432674408,0.4235000014305115,0.0,0.0,1.0,0.14800000190734863,0.164000004529953,train__core_006__episode_00069,core_006__69,5,0.3967583323356372,0.03542969383074013,4913.760719099984,82644
core_006,69,2,2.390171766281128,1.0,1.0,0.13945999528982583,0.3333333432674408,0.3333333432674408,0.0476190485060215,2,0.3333333432674408,2.390171766281128,0.3333333432674408,0.0,0.0,0.0,0.0,0.0,0.0,0.0,0.0,0.0,0.0,0.0,0.0,0.0,0.0,0.0,0.0,0.0,0.0,0.0,0.0,1.0,1.0,0.0476190485060215,0.47891566157341003,0.44909700751304626,0.6168028116226196,0.4067476689815521,0.5013636350631714,0.22223232686519623,1.0,0.0,0.6666666865348816,0.4339999854564667,0.0,0.0,1.0,0.14800000190734863,0.164000004529953,train__core_006__episode_00069,core_006__69,5,0.19678498958866222,0.018647849666216215,4913.760719099984,82644
core_006,70,0,9.20971965789795,0.3333333432674408,0.6666666865348816,0.03619364710863758,0.3333333432674408,1.0,0.095238097012043,0,1.0,9.20971965789795,0.3333333432674408,0.3333333432674408,0.3333333432674408,0.0,0.0,0.0,0.0,0.0,0.0,0.0,0.0,0.0,0.0,0.0,0.0,0.0,0.0,0.0,0.0,0.0,0.0,0.3333333432674408,0.6666666865348816,0.095238097012043,0.4564216434955597,0.20000000298023224,0.10000000149011612,0.31668612360954285,0.4706186056137085,0.24448634684085846,1.0,0.0,0.0,0.4235000014305115,0.0,0.0,1.0,0.14800000190734863,0.164000004529953,train__core_006__episode_00070,core_006__70,5,0.0546392947958049,0.027469192071264442,4913.760719099984,82644
core_006,70,1,5.289377212524414,0.5,1.0,0.06301939337549227,0.3333333432674408,0.6666666865348816,0.0714285746216774,1,0.6666666865348816,5.289377212524414,0.3333333432674408,0.3333333432674408,0.0,0.0,0.0,0.0,0.0,0.0,0.0,0.0,0.0,0.0,0.0,0.0,0.0,0.0,0.0,0.0,0.0,0.0,0.0,0.5,1.0,0.0714285746216774,0.4622005522251129,0.4564216434955597,0.6168028116226196,0.36760348081588745,0.48179158568382263,0.2307875156402588,1.0,0.0,0.3333333432674408,0.4339999854564667,0.0,0.0,1.0,0.14800000190734863,0.164000004529953,train__core_006__episode_00070,core_006__70,5,0.3977809914041185,0.027394623610623392,4913.760719099984,82644
core_006,70,2,2.813741445541382,1.0,1.0,0.11846623071769316,0.3333333432674408,0.3333333432674408,0.0476190485060215,2,0.3333333432674408,2.813741445541382,0.3333333432674408,0.0,0.0,0.0,0.0,0.0,0.0,0.0,0.0,0.0,0.0,0.0,0.0,0.0,0.0,0.0,0.0,0.0,0.0,0.0,0.0,1.0,1.0,0.0476190485060215,0.4794001579284668,0.4622005522251129,0.4000000059604645,0.34551745653152466,0.49337732791900635,0.2125605344772339,1.0,0.0,0.6666666865348816,0.4339999854564667,0.0,0.0,1.0,0.14800000190734863,0.164000004529953,train__core_006__episode_00070,core_006__70,5,0.19802403831687126,0.014842148830826046,4913.760719099984,82644
core_006,71,0,7.796056747436523,0.3333333432674408,0.6666666865348816,0.042756659432609506,0.3333333432674408,1.0,0.095238097012043,0,1.0,7.796056747436523,0.3333333432674408,0.3333333432674408,0.3333333432674408,0.0,0.0,0.0,0.0,0.0,0.0,0.0,0.0,0.0,0.0,0.0,0.0,0.0,0.0,0.0,0.0,0.0,0.0,0.3333333432674408,0.6666666865348816,0.095238097012043,0.48885849118232727,0.5019740462303162,0.6168028116226196,0.37411096692085266,0.48504531383514404,0.23382242023944855,1.0,0.0,0.0,0.4339999854564667,0.0,1.0,1.0,0.14800000190734863,0.164000004529953,train__core_006__episode_00071,core_006__71,5,0.10600544157225253,0.020050038825912636,4913.760719099984,82644
core_006,71,1,5.464339733123779,0.5,1.0,0.06100157741782379,0.3333333432674408,0.6666666865348816,0.0714285746216774,1,0.6666666865348816,5.464339733123779,0.3333333432674408,0.3333333432674408,0.0,0.0,0.0,0.0,0.0,0.0,0.0,0.0,0.0,0.0,0.0,0.0,0.0,0.0,0.0,0.0,0.0,0.0,0.0,0.5,1.0,0.0714285746216774,0.49561381340026855,0.48885849118232727,0.4000000059604645,0.3558332026004791,0.4985352158546448,0.21864505112171173,1.0,0.0,0.3333333432674408,0.4339999854564667,0.0,0.0,1.0,0.14800000190734863,0.164000004529953,train__core_006__episode_00071,core_006__71,5,0.4324344396244002,0.018524528967414855,4913.760719099984,82644
core_006,71,2,2.631169080734253,1.0,1.0,0.12668640176267992,0.3333333432674408,0.3333333432674408,0.0476190485060215,2,0.3333333432674408,2.631169080734253,0.3333333432674408,0.0,0.0,0.0,0.0,0.0,0.0,0.0,0.0,0.0,0.0,0.0,0.0,0.0,0.0,0.0,0.0,0.0,0.0,0.0,0.0,1.0,1.0,0.0476190485060215,0.5945127010345459,0.49561381340026855,0.699999988079071,0.3694923222064972,0.49822190403938293,0.22390097379684448,1.0,1.0,0.6666666865348816,0.4494999945163727,0.0,0.0,1.0,0.14800000190734863,0.164000004529953,train__core_006__episode_00071,core_006__71,0,0.19736350304162775,0.0003801214502564265,4913.760719099984,82644
core_006,72,0,9.271740913391113,0.3333333432674408,0.6666666865348816,0.03595153772966301,0.3333333432674408,1.0,0.095238097012043,0,1.0,9.271740913391113,0.3333333432674408,0.3333333432674408,0.3333333432674408,0.0,0.0,0.0,0.0,0.0,0.0,0.0,0.0,0.0,0.0,0.0,0.0,0.0,0.0,0.0,0.0,0.0,0.0,0.3333333432674408,0.6666666865348816,0.095238097012043,0.5031735897064209,0.20000000298023224,0.4000000059604645,0.3145677149295807,0.47790247201919556,0.21689628064632416,1.0,0.0,0.0,0.4339999854564667,0.0,0.0,1.0,0.14800000190734863,0.164000004529953,train__core_006__episode_00072,core_006__72,5,0.08820898989636886,0.03438197499423262,4913.760719099984,82644
core_006,72,1,5.904504776000977,0.5,1.0,0.05645407293466565,0.3333333432674408,0.6666666865348816,0.0714285746216774,1,0.6666666865348816,5.904504776000977,0.3333333432674408,0.3333333432674408,0.0,0.0,0.0,0.0,0.0,0.0,0.0,0.0,0.0,0.0,0.0,0.0,0.0,0.0,0.0,0.0,0.0,0.0,0.0,0.5,1.0,0.0714285746216774,0.5968874096870422,0.5031735897064209,0.699999988079071,0.32930681109428406,0.47812914848327637,0.22553454339504242,1.0,1.0,0.3333333432674408,0.4494999945163727,0.0,0.0,1.0,0.14800000190734863,0.164000004529953,train__core_006__episode_00072,core_006__72,5,0.40810894312411183,0.004880183546668859,4913.760719099984,82644
core_006,72,2,3.0904946327209473,1.0,1.0,0.10785760303164349,0.3333333432674408,0.3333333432674408,0.0476190485060215,2,0.3333333432674408,3.0904946327209473,0.3333333432674408,0.0,0.0,0.0,0.0,0.0,0.0,0.0,0.0,0.0,0.0,0.0,0.0,0.0,0.0,0.0,0.0,0.0,0.0,0.0,0.0,1.0,1.0,0.0476190485060215,0.5638413429260254,0.5968874096870422,0.0,0.3145764172077179,0.4350496828556061,0.20309315621852875,1.0,1.0,0.6666666865348816,0.41624999046325684,0.0,0.0,1.0,0.14800000190734863,0.164000004529953,train__core_006__episode_00072,core_006__72,0,0.1863215262027426,0.004287957471690862,4913.760719099984,82644
core_006,73,0,8.868967056274414,0.3333333432674408,0.6666666865348816,0.037584235137238645,0.3333333432674408,1.0,0.095238097012043,0,1.0,8.868967056274414,0.3333333432674408,0.3333333432674408,0.3333333432674408,0.0,0.0,0.0,0.0,0.0,0.0,0.0,0.0,0.0,0.0,0.0,0.0,0.0,0.0,0.0,0.0,0.0,0.0,0.3333333432674408,0.6666666865348816,0.095238097012043,0.6015191674232483,0.5,0.699999988079071,0.32885342836380005,0.47790247201919556,0.2251874953508377,1.0,1.0,0.0,0.4494999945163727,0.0,0.0,1.0,0.14800000190734863,0.164000004529953,train__core_006__episode_00073,core_006__73,5,0.06150119573178592,0.015189061389638214,4913.760719099984,82644
core_006,73,1,6.176898956298828,0.5,1.0,0.05396451287705259,0.3333333432674408,0.6666666865348816,0.0714285746216774,1,0.6666666865348816,6.176898956298828,0.3333333432674408,0.3333333432674408,0.0,0.0,0.0,0.0,0.0,0.0,0.0,0.0,0.0,0.0,0.0,0.0,0.0,0.0,0.0,0.0,0.0,0.0,0.0,0.5,1.0,0.0714285746216774,0.5783602595329285,0.6015191674232483,0.0,0.3147847354412079,0.4351538419723511,0.20360226929187775,1.0,1.0,0.3333333432674408,0.41624999046325684,0.0,0.0,1.0,0.14800000190734863,0.164000004529953,train__core_006__episode_00073,core_006__73,0,0.3706340516585009,0.0015410498544681794,4913.760719099984,82644
core_006,73,2,2.4463465213775635,1.0,1.0,0.13625761532742192,0.3333333432674408,0.3333333432674408,0.0476190485060215,2,0.3333333432674408,2.4463465213775635,0.3333333432674408,0.0,0.0,0.0,0.0,0.0,0.0,0.0,0.0,0.0,0.0,0.0,0.0,0.0,0.0,0.0,0.0,0.0,0.0,0.0,0.0,1.0,1.0,0.0476190485060215,0.4170899987220764,0.5783602595329285,0.20000000298023224,0.3974076509475708,0.43360814452171326,0.17434531450271606,0.0,0.0,0.6666666865348816,0.4350000023841858,0.0,0.0,1.0,0.14800000190734863,0.164000004529953,train__core_006__episode_00073,core_006__73,5,0.17908557099999975,0.01833017996116923,4913.760719099984,82644
core_006,74,0,8.160009384155273,0.3333333432674408,0.6666666865348816,0.04084962744218064,0.3333333432674408,1.0,0.095238097012043,0,1.0,8.160009384155273,0.3333333432674408,0.3333333432674408,0.3333333432674408,0.0,0.0,0.0,0.0,0.0,0.0,0.0,0.0,0.0,0.0,0.0,0.0,0.0,0.0,0.0,0.0,0.0,0.0,0.3333333432674408,0.6666666865348816,0.095238097012043,0.6692517399787903,0.8999999761581421,0.0,0.35742485523223877,0.4564738869667053,0.2771565318107605,1.0,1.0,0.0,0.41624999046325684,0.0,0.0,1.0,0.14800000190734863,0.164000004529953,train__core_006__episode_00074,core_006__74,1,0.060094530697658355,0.00048073227180600586,4913.760719099984,82644
core_006,74,1,4.291954040527344,0.5,1.0,0.07766470472887095,0.3333333432674408,0.6666666865348816,0.0714285746216774,1,0.6666666865348816,4.291954040527344,0.3333333432674408,0.3333333432674408,0.0,0.0,0.0,0.0,0.0,0.0,0.0,0.0,0.0,0.0,0.0,0.0,0.0,0.0,0.0,0.0,0.0,0.0,0.0,0.5,1.0,0.0714285746216774,0.46083205938339233,0.6692517399787903,0.20000000298023224,0.4530322551727295,0.4614204466342926,0.251625657081604,0.0,0.0,0.3333333432674408,0.4350000023841858,0.0,0.0,1.0,0.14800000190734863,0.164000004529953,train__core_006__episode_00074,core_006__74,5,0.3853435221424224,0.016255130276984664,4913.760719099984,82644
core_006,74,2,1.9828853607177734,1.0,1.0,0.1681052015769481,0.3333333432674408,0.3333333432674408,0.0476190485060215,2,0.3333333432674408,1.9828853607177734,0.3333333432674408,0.0,0.0,0.0,0.0,0.0,0.0,0.0,0.0,0.0,0.0,0.0,0.0,0.0,0.0,0.0,0.0,0.0,0.0,0.0,0.0,1.0,1.0,0.0476190485060215,0.4417959451675415,0.46083205938339233,0.20000000298023224,0.4902939796447754,0.44433701038360596,0.2297591120004654,1.0,0.0,0.6666666865348816,0.4507499933242798,0.0,0.0,1.0,0.14800000190734863,0.164000004529953,train__core_006__episode_00074,core_006__74,5,0.17987386569252675,0.009169857735259024,4913.760719099984,82644
core_006,75,0,5.668039798736572,0.3333333432674408,0.6666666865348816,0.0588092806514418,0.3333333432674408,1.0,0.095238097012043,0,1.0,5.668039798736572,0.3333333432674408,0.3333333432674408,0.3333333432674408,0.0,0.0,0.0,0.0,0.0,0.0,0.0,0.0,0.0,0.0,0.0,0.0,0.0,0.0,0.0,0.0,0.0,0.0,0.3333333432674408,0.6666666865348816,0.095238097012043,0.49565252661705017,1.100000023841858,0.20000000298023224,0.5145677328109741,0.4921881854534149,0.3356269896030426,0.0,0.0,0.0,0.4350000023841858,0.0,1.0,1.0,0.14800000190734863,0.164000004529953,train__core_006__episode_00075,core_006__75,5,0.03984596177614477,0.036433215886317094,4913.760719099984,82644
core_006,75,1,3.4920623302459717,0.5,1.0,0.09545458005726996,0.3333333432674408,0.6666666865348816,0.0714285746216774,1,0.6666666865348816,3.4920623302459717,0.3333333432674408,0.3333333432674408,0.0,0.0,0.0,0.0,0.0,0.0,0.0,0.0,0.0,0.0,0.0,0.0,0.0,0.0,0.0,0.0,0.0,0.0,0.0,0.5,1.0,0.0714285746216774,0.4735531806945801,0.49565252661705017,0.20000000298023224,0.5568037629127502,0.47759193181991577,0.3110893666744232,1.0,0.0,0.3333333432674408,0.4507499933242798,0.0,0.0,1.0,0.14800000190734863,0.164000004529953,train__core_006__episode_00075,core_006__75,5,0.3800859283558854,0.021172084702271554,4913.760719099984,82644
core_006,75,2,1.6315233707427979,1.0,1.0,0.20430804072128075,0.3333333432674408,0.3333333432674408,0.0476190485060215,2,0.3333333432674408,1.6315233707427979,0.3333333432674408,0.0,0.0,0.0,0.0,0.0,0.0,0.0,0.0,0.0,0.0,0.0,0.0,0.0,0.0,0.0,0.0,0.0,0.0,0.0,0.0,1.0,1.0,0.0476190485060215,0.5010061264038086,0.4735531806945801,0.5019740462303162,0.5958828330039978,0.45628446340560913,0.2793788015842438,1.0,0.0,0.6666666865348816,0.45225000381469727,0.0,0.0,1.0,0.14800000190734863,0.164000004529953,train__core_006__episode_00075,core_006__75,5,0.16760408557543935,0.00031858555514119313,4913.760719099984,82644
core_006,76,0,5.668039798736572,0.3333333432674408,0.6666666865348816,0.0588092806514418,0.3333333432674408,1.0,0.095238097012043,0,1.0,5.668039798736572,0.3333333432674408,0.3333333432674408,0.3333333432674408,0.0,0.0,0.0,0.0,0.0,0.0,0.0,0.0,0.0,0.0,0.0,0.0,0.0,0.0,0.0,0.0,0.0,0.0,0.3333333432674408,0.6666666865348816,0.095238097012043,0.45838984847068787,0.20000000298023224,0.20000000298023224,0.5145677328109741,0.4564738869667053,0.3356269896030426,1.0,0.0,0.0,0.4507499933242798,0.0,0.0,1.0,0.14800000190734863,0.164000004529953,train__core_006__episode_00076,core_006__76,5,0.003282385751307043,0.019402715997882625,4913.760719099984,82644
core_006,76,1,3.5257699489593506,0.5,1.0,0.09454200021354935,0.3333333432674408,0.6666666865348816,0.0714285746216774,1,0.6666666865348816,3.5257699489593506,0.3333333432674408,0.3333333432674408,0.0,0.0,0.0,0.0,0.0,0.0,0.0,0.0,0.0,0.0,0.0,0.0,0.0,0.0,0.0,0.0,0.0,0.0,0.0,0.5,1.0,0.0714285746216774,0.4682323634624481,0.45838984847068787,0.5019740462303162,0.5514805316925049,0.43408334255218506,0.3124062418937683,1.0,0.0,0.3333333432674408,0.45225000381469727,0.0,0.0,1.0,0.14800000190734863,0.164000004529953,train__core_006__episode_00076,core_006__76,5,0.3614023694146411,0.00513280634356672,4913.760719099984,82644
core_006,76,2,1.778429388999939,1.0,1.0,0.18743130614529685,0.3333333432674408,0.3333333432674408,0.0476190485060215,2,0.3333333432674408,1.778429388999939,0.3333333432674408,0.0,0.0,0.0,0.0,0.0,0.0,0.0,0.0,0.0,0.0,0.0,0.0,0.0,0.0,0.0,0.0,0.0,0.0,0.0,0.0,1.0,1.0,0.0476190485060215,0.460529625415802,0.4682323634624481,0.20000000298023224,0.546660304069519,0.46038565039634705,0.31339165568351746,1.0,0.0,0.6666666865348816,0.445250004529953,0.0,0.0,1.0,0.14800000190734863,0.164000004529953,train__core_006__episode_00076,core_006__76,5,0.189003531760324,0.013509469137643476,4913.760719099984,82644
core_006,77,0,5.369876861572266,0.3333333432674408,0.6666666865348816,0.062074671702963956,0.3333333432674408,1.0,0.095238097012043,0,1.0,5.369876861572266,0.3333333432674408,0.3333333432674408,0.3333333432674408,0.0,0.0,0.0,0.0,0.0,0.0,0.0,0.0,0.0,0.0,0.0,0.0,0.0,0.0,0.0,0.0,0.0,0.0,0.3333333432674408,0.6666666865348816,0.095238097012043,0.4742872714996338,0.4000000059604645,0.5019740462303162,0.5431391596794128,0.42991262674331665,0.3155441880226135,1.0,0.0,0.0,0.45225000381469727,0.0,0.0,1.0,0.14800000190734863,0.164000004529953,train__core_006__episode_00077,core_006__77,5,0.006088829299316367,0.01378793649489915,4913.760719099984,82644
core_006,77,1,3.6061787605285645,0.5,1.0,0.09243394889791418,0.3333333432674408,0.6666666865348816,0.0714285746216774,1,0.6666666865348816,3.6061787605285645,0.3333333432674408,0.3333333432674408,0.0,0.0,0.0,0.0,0.0,0.0,0.0,0.0,0.0,0.0,0.0,0.0,0.0,0.0,0.0,0.0,0.0,0.0,0.0,0.5,1.0,0.0714285746216774,0.4601365923881531,0.4742872714996338,0.20000000298023224,0.5391839146614075,0.45664742588996887,0.31620821356773376,1.0,0.0,0.3333333432674408,0.445250004529953,0.0,0.0,1.0,0.14800000190734863,0.164000004529953,train__core_006__episode_00077,core_006__77,5,0.3625382124825496,0.016147929171873687,4913.760719099984,82644
core_006,77,2,1.686827540397644,1.0,1.0,0.19760961644535546,0.3333333432674408,0.3333333432674408,0.0476190485060215,2,0.3333333432674408,1.686827540397644,0.3333333432674408,0.0,0.0,0.0,0.0,0.0,0.0,0.0,0.0,0.0,0.0,0.0,0.0,0.0,0.0,0.0,0.0,0.0,0.0,0.0,0.0,1.0,1.0,0.0476190485060215,0.505726158618927,0.4601365923881531,0.5,0.5763462781906128,0.44545698165893555,0.2882084846496582,1.0,0.0,0.6666666865348816,0.45774999260902405,0.0,0.0,1.0,0.14800000190734863,0.164000004529953,train__core_006__episode_00077,core_006__77,5,0.17502898506152256,0.0029844572929648427,4913.760719099984,82644
core_006,78,0,4.7479376792907715,0.3333333432674408,0.6666666865348816,0.07020592218835375,0.3333333432674408,1.0,0.095238097012043,0,1.0,4.7479376792907715,0.3333333432674408,0.3333333432674408,0.3333333432674408,0.0,0.0,0.0,0.0,0.0,0.0,0.0,0.0,0.0,0.0,0.0,0.0,0.0,0.0,0.0,0.0,0.0,0.0,0.3333333432674408,0.6666666865348816,0.095238097012043,0.5343371629714966,1.0,0.20000000298023224,0.6142857074737549,0.49419835209846497,0.35225221514701843,1.0,0.0,0.0,0.445250004529953,0.0,0.0,1.0,0.14800000190734863,0.164000004529953,train__core_006__episode_00078,core_006__78,5,0.10160723423584772,0.009232901463389648,4913.760719099984,82644
core_006,78,1,2.936936616897583,0.5,1.0,0.11349694826562368,0.3333333432674408,0.6666666865348816,0.0714285746216774,1,0.6666666865348816,2.936936616897583,0.3333333432674408,0.3333333432674408,0.0,0.0,0.0,0.0,0.0,0.0,0.0,0.0,0.0,0.0,0.0,0.0,0.0,0.0,0.0,0.0,0.0,0.0,0.0,0.5,1.0,0.0714285746216774,0.5721985697746277,0.5343371629714966,0.5,0.6620481610298157,0.4883079528808594,0.3133600950241089,1.0,0.0,0.3333333432674408,0.45774999260902405,0.0,0.0,1.0,0.14800000190734863,0.164000004529953,train__core_006__episode_00078,core_006__78,4,0.44335191252513095,0.004329500738547765,4913.760719099984,82644
core_006,79,0,4.083226680755615,0.3333333432674408,0.6666666865348816,0.08163478771297515,0.3333333432674408,1.0,0.095238097012043,0,1.0,4.083226680755615,0.3333333432674408,0.3333333432674408,0.3333333432674408,0.0,0.0,0.0,0.0,0.0,0.0,0.0,0.0,0.0,0.0,0.0,0.0,0.0,0.0,0.0,0.0,0.0,0.0,0.3333333432674408,0.6666666865348816,0.095238097012043,0.6021226644515991,0.8999999761581421,0.5,0.7142857313156128,0.5144267082214355,0.31815797090530396,1.0,0.0,0.0,0.45774999260902405,0.0,0.0,1.0,0.14800000190734863,0.164000004529953,train__core_006__episode_00079,core_006__79,0,0.19475636760972437,0.004501577081220565,4913.760719099984,82644
core_006,79,1,2.6676652431488037,0.5,1.0,0.12495321297284949,0.3333333432674408,0.6666666865348816,0.0714285746216774,1,0.6666666865348816,2.6676652431488037,0.3333333432674408,0.3333333432674408,0.0,0.0,0.0,0.0,0.0,0.0,0.0,0.0,0.0,0.0,0.0,0.0,0.0,0.0,0.0,0.0,0.0,0.0,0.0,0.5,1.0,0.0714285746216774,0.824233889579773,0.6021226644515991,0.8999999761581421,0.728874683380127,0.5288640260696411,0.31024041771888733,1.0,1.0,0.3333333432674408,0.4580000042915344,0.0,0.0,1.0,0.14800000190734863,0.164000004529953,train__core_006__episode_00079,core_006__79,0,0.5446532081480189,0.0016974645167036062,4913.760719099984,82644
core_009,11,4,1.8328343629837036,0.0715538039803505,0.5357769131660461,0.0120139193000501,0.02201952412724495,0.30773380398750305,0.11393663287162781,4,0.30773380398750305,1.8328343629837036,0.02201952412724495,0.1428571492433548,0.1428571492433548,0.0,0.0,0.0,0.0,0.0,0.0,0.0,0.0,0.0,0.0,0.0,0.0,0.0,0.0,0.0,0.0,0.0,0.0,0.0715538039803505,0.5357769131660461,0.11393663287162781,0.5018236041069031,0.5013442039489746,0.43534019589424133,0.49891453981399536,0.4534914791584015,0.06101385876536369,1.0,0.0,0.5714285969734192,0.4339999854564667,0.0,0.0,1.0,0.14499999582767487,0.15000000596046448,train__core_009__episode_00011,core_009__11,0,0.3077338093678845,0.008986272724990418,4913.760719099984,82644
core_009,12,4,1.6213167905807495,0.03360096365213394,0.5168004631996155,0.006127161358282151,0.009934069588780403,0.29564836621284485,0.11664754897356033,4,0.29564836621284485,1.6213167905807495,0.009934069588780403,0.1428571492433548,0.1428571492433548,0.0,0.0,0.0,0.0,0.0,0.0,0.0,0.0,0.0,0.0,0.0,0.0,0.0,0.0,0.0,0.0,0.0,0.0,0.03360096365213394,0.5168004631996155,0.11664754897356033,0.689867377281189,0.5273381471633911,0.4000000059604645,0.5418533086776733,0.48462802171707153,0.08753972500562668,1.0,1.0,0.5714285969734192,0.4494999945163727,0.0,0.0,1.0,0.14499999582767487,0.15000000596046448,train__core_009__episode_00012,core_009__12,0,0.29564835536529555,0.012371604311541884,4913.760719099984,82644
core_009,54,4,2.8486621379852295,0.24513699114322662,0.6225684881210327,0.03257104601086946,0.09278390556573868,0.3784981966018677,0.10153783112764359,4,0.3784981966018677,2.8486621379852295,0.09278390556573868,0.1428571492433548,0.1428571492433548,0.0,0.0,0.0,0.0,0.0,0.0,0.0,0.0,0.0,0.0,0.0,0.0,0.0,0.0,0.0,0.0,0.0,0.0,0.24513699114322662,0.6225684881210327,0.10153783112764359,0.3798604905605316,0.3827623128890991,0.30000001192092896,0.38752374053001404,0.3437618613243103,0.08526342362165451,1.0,0.0,0.5714285969734192,0.39125001430511475,0.0,0.0,1.0,0.14800000190734863,0.164000004529953,train__core_009__episode_00054,core_009__54,0,0.37849819157513265,0.006620354220388092,4913.760719099984,82644
core_009,54,5,1.815003514289856,0.42455923557281494,1.0,0.0580713793630926,0.10539975762367249,0.24825690686702728,0.07502099126577377,5,0.24825690686702728,1.815003514289856,0.10539975762367249,0.1428571492433548,0.0,0.0,0.0,0.0,0.0,0.0,0.0,0.0,0.0,0.0,0.0,0.0,0.0,0.0,0.0,0.0,0.0,0.0,0.0,0.42455923557281494,1.0,0.07502099126577377,0.38216862082481384,0.3798604905605316,0.30000001192092896,0.3989323675632477,0.3494661748409271,0.0778057873249054,1.0,0.0,0.7142857313156128,0.40525001287460327,0.0,0.0,1.0,0.14800000190734863,0.164000004529953,train__core_009__episode_00054,core_009__54,0,0.24825690076659845,0.006660104526909627,4913.760719099984,82644
core_009,55,4,2.639808416366577,0.2423897534608841,0.6211948990821838,0.03462804487814888,0.09141140431165695,0.37712568044662476,0.10173406451940536,4,0.37712568044662476,2.639808416366577,0.09141140431165695,0.1428571492433548,0.1428571492433548,0.0,0.0,0.0,0.0,0.0,0.0,0.0,0.0,0.0,0.0,0.0,0.0,0.0,0.0,0.0,0.0,0.0,0.0,0.2423897534608841,0.6211948990821838,0.10173406451940536,0.3818751871585846,0.40725740790367126,0.30000001192092896,0.41666701436042786,0.3583335280418396,0.08381669223308563,1.0,0.0,0.5714285969734192,0.40525001287460327,0.0,0.0,1.0,0.14800000190734863,0.164000004529953,train__core_009__episode_00055,core_009__55,0,0.37712569118298594,0.006655051043600868,4913.760719099984,82644
core_009,55,5,1.6762539148330688,0.4197366237640381,1.0,0.06164727331922051,0.10333648324012756,0.24619363248348236,0.07525063306093216,5,0.24619363248348236,1.6762539148330688,0.10333648324012756,0.1428571492433548,0.0,0.0,0.0,0.0,0.0,0.0,0.0,0.0,0.0,0.0,0.0,0.0,0.0,0.0,0.0,0.0,0.0,0.0,0.0,0.4197366237640381,1.0,0.07525063306093216,0.3937629163265228,0.3818751871585846,0.30000001192092896,0.42836347222328186,0.3641817271709442,0.07153249531984329,1.0,0.0,0.7142857313156128,0.39800000190734863,0.0,0.0,1.0,0.14800000190734863,0.164000004529953,train__core_009__episode_00055,core_009__55,0,0.246193626140149,0.006859778811117767,4913.760719099984,82644
core_009,56,4,1.5234006643295288,0.051707882434129715,0.5258539319038391,0.01022662718085647,0.015579250641167164,0.3012935221195221,0.11535419523715973,4,0.3012935221195221,1.5234006643295288,0.015579250641167164,0.1428571492433548,0.1428571492433548,0.0,0.0,0.0,0.0,0.0,0.0,0.0,0.0,0.0,0.0,0.0,0.0,0.0,0.0,0.0,0.0,0.0,0.0,0.051707882434129715,0.5258539319038391,0.11535419523715973,0.47281745076179504,0.4549716114997864,0.30000001192092896,0.5768343806266785,0.4384171664714813,0.27160245180130005,1.0,0.0,0.5714285969734192,0.39800000190734863,0.0,0.0,1.0,0.14800000190734863,0.164000004529953,train__core_009__episode_00056,core_009__56,0,0.30129353648242296,0.008181864712573872,4913.760719099984,82644
core_009,57,4,1.7128978967666626,0.18744680285453796,0.5937234163284302,0.03847925777389375,0.06591103971004486,0.35162532329559326,0.10565856099128723,4,0.35162532329559326,1.7128978967666626,0.06591103971004486,0.1428571492433548,0.1428571492433548,0.0,0.0,0.0,0.0,0.0,0.0,0.0,0.0,0.0,0.0,0.0,0.0,0.0,0.0,0.0,0.0,0.0,0.0,0.18744680285453796,0.5937234163284302,0.10565856099128723,0.5189265012741089,0.4911889135837555,0.5,0.5987204909324646,0.4493602216243744,0.24936304986476898,1.0,0.0,0.5714285969734192,0.3959999978542328,0.0,0.0,1.0,0.14800000190734863,0.164000004529953,train__core_009__episode_00057,core_009__57,0,0.35162532671413727,0.00886128614906756,4913.760719099984,82644
core_009,64,4,2.2585690021514893,0.14952732622623444,0.5747636556625366,0.02224123012469486,0.050233352929353714,0.3359476327896118,0.10836709290742874,4,0.3359476327896118,2.2585690021514893,0.050233352929353714,0.1428571492433548,0.1428571492433548,0.0,0.0,0.0,0.0,0.0,0.0,0.0,0.0,0.0,0.0,0.0,0.0,0.0,0.0,0.0,0.0,0.0,0.0,0.14952732622623444,0.5747636556625366,0.10836709290742874,0.5550097227096558,0.4828680455684662,0.4000000059604645,0.4338240921497345,0.5375306606292725,0.19663211703300476,1.0,0.0,0.5714285969734192,0.4339999854564667,0.0,0.0,1.0,0.14800000190734863,0.164000004529953,train__core_009__episode_00064,core_009__64,0,0.33594763938337746,0.009634474262951165,4913.760719099984,82644
core_009,65,4,2.3230931758880615,0.12375563383102417,0.5618777871131897,0.01737021006215363,0.04035261645913124,0.32606691122055054,0.1102079302072525,4,0.32606691122055054,2.3230931758880615,0.04035261645913124,0.1428571492433548,0.1428571492433548,0.0,0.0,0.0,0.0,0.0,0.0,0.0,0.0,0.0,0.0,0.0,0.0,0.0,0.0,0.0,0.0,0.0,0.0,0.12375563383102417,0.5618777871131897,0.1102079302072525,0.6770352721214294,0.5501624345779419,0.699999988079071,0.4093695282936096,0.5181605219841003,0.21652576327323914,1.0,1.0,0.5714285969734192,0.4494999945163727,0.0,0.0,1.0,0.14800000190734863,0.164000004529953,train__core_009__episode_00065,core_009__65,0,0.3260669012143174,0.012031800004244975,4913.760719099984,82644
core_009,66,4,2.6216609477996826,0.07787653803825378,0.5389382839202881,0.009203923828553598,0.02412956766784191,0.30984386801719666,0.11348500847816467,4,0.30984386801719666,2.6216609477996826,0.02412956766784191,0.1428571492433548,0.1428571492433548,0.0,0.0,0.0,0.0,0.0,0.0,0.0,0.0,0.0,0.0,0.0,0.0,0.0,0.0,0.0,0.0,0.0,0.0,0.07787653803825378,0.5389382839202881,0.11348500847816467,0.5891920328140259,0.5986667275428772,0.0,0.3447003960609436,0.45011165738105774,0.19793809950351715,1.0,1.0,0.5714285969734192,0.41624999046325684,0.0,0.0,1.0,0.14800000190734863,0.164000004529953,train__core_009__episode_00066,core_009__66,0,0.30984385344931087,0.010579900561664635,4913.760719099984,82644
core_009,69,4,1.888261079788208,0.04760676622390747,0.5238034129142761,0.007563491476767314,0.014281846582889557,0.29999613761901855,0.11564713716506958,4,0.29999613761901855,1.888261079788208,0.014281846582889557,0.1428571492433548,0.1428571492433548,0.0,0.0,0.0,0.0,0.0,0.0,0.0,0.0,0.0,0.0,0.0,0.0,0.0,0.0,0.0,0.0,0.0,0.0,0.04760676622390747,0.5238034129142761,0.11564713716506958,0.4140937030315399,0.4315400719642639,0.5019740462303162,0.463371217250824,0.3900286555290222,0.1234138235449791,1.0,0.0,0.5714285969734192,0.45225000381469727,0.0,0.0,1.0,0.14800000190734863,0.164000004529953,train__core_009__episode_00069,core_009__69,0,0.2999961319051804,0.007252931965120557,4913.760719099984,82644
core_009,70,4,1.7185640335083008,0.06399984657764435,0.531999945640564,0.011367612472912719,0.01953596994280815,0.30525025725364685,0.11447620391845703,4,0.30525025725364685,1.7185640335083008,0.01953596994280815,0.1428571492433548,0.1428571492433548,0.0,0.0,0.0,0.0,0.0,0.0,0.0,0.0,0.0,0.0,0.0,0.0,0.0,0.0,0.0,0.0,0.0,0.0,0.06399984657764435,0.531999945640564,0.11447620391845703,0.44053396582603455,0.4424940049648285,0.20000000298023224,0.5180429220199585,0.4460769295692444,0.20119287073612213,1.0,0.0,0.5714285969734192,0.445250004529953,0.0,0.0,1.0,0.14800000190734863,0.164000004529953,train__core_009__episode_00070,core_009__70,0,0.30525025618487217,0.00766316383408322,4913.760719099984,82644
core_009,72,4,1.7098605632781982,0.1703837513923645,0.5851919054985046,0.03431801801880314,0.05867902562022209,0.3443933129310608,0.10687734931707382,4,0.3443933129310608,1.7098605632781982,0.05867902562022209,0.1428571492433548,0.1428571492433548,0.0,0.0,0.0,0.0,0.0,0.0,0.0,0.0,0.0,0.0,0.0,0.0,0.0,0.0,0.0,0.0,0.0,0.0,0.1703837513923645,0.5851919054985046,0.10687734931707382,0.6644858121871948,0.5129027366638184,0.8999999761581421,0.587448000907898,0.458150714635849,0.28287482261657715,1.0,1.0,0.5714285969734192,0.4580000042915344,0.0,0.0,1.0,0.14800000190734863,0.164000004529953,train__core_009__episode_00072,core_009__72,0,0.3443933101408164,0.011813478865564386,4913.760719099984,82644
core_012,11,4,1.8328343629837036,0.0715538039803505,0.5357769131660461,0.0120139193000501,0.02201952412724495,0.30773380398750305,0.11393663287162781,4,0.30773380398750305,1.8328343629837036,0.02201952412724495,0.1428571492433548,0.1428571492433548,0.0,0.0,0.0,0.0,0.0,0.0,0.0,0.0,0.0,0.0,0.0,0.0,0.0,0.0,0.0,0.0,0.0,0.0,0.0715538039803505,0.5357769131660461,0.11393663287162781,0.5018236041069031,0.5013442039489746,0.43534019589424133,0.49891453981399536,0.4534914791584015,0.06101385876536369,1.0,0.0,0.5714285969734192,0.4339999854564667,0.0,0.0,1.0,0.14499999582767487,0.15000000596046448,train__core_012__episode_00011,core_012__11,0,0.3077338093678845,0.008986272724990418,4913.760719099984,82644
core_012,12,4,1.6213167905807495,0.03360096365213394,0.5168004631996155,0.006127161358282151,0.009934069588780403,0.29564836621284485,0.11664754897356033,4,0.29564836621284485,1.6213167905807495,0.009934069588780403,0.1428571492433548,0.1428571492433548,0.0,0.0,0.0,0.0,0.0,0.0,0.0,0.0,0.0,0.0,0.0,0.0,0.0,0.0,0.0,0.0,0.0,0.0,0.03360096365213394,0.5168004631996155,0.11664754897356033,0.689867377281189,0.5273381471633911,0.4000000059604645,0.5418533086776733,0.48462802171707153,0.08753972500562668,1.0,1.0,0.5714285969734192,0.4494999945163727,0.0,0.0,1.0,0.14499999582767487,0.15000000596046448,train__core_012__episode_00012,core_012__12,0,0.29564835536529555,0.012371604311541884,4913.760719099984,82644
core_012,54,4,2.8486621379852295,0.24513699114322662,0.6225684881210327,0.03257104601086946,0.09278390556573868,0.3784981966018677,0.10153783112764359,4,0.3784981966018677,2.8486621379852295,0.09278390556573868,0.1428571492433548,0.1428571492433548,0.0,0.0,0.0,0.0,0.0,0.0,0.0,0.0,0.0,0.0,0.0,0.0,0.0,0.0,0.0,0.0,0.0,0.0,0.24513699114322662,0.6225684881210327,0.10153783112764359,0.3798604905605316,0.3827623128890991,0.30000001192092896,0.38752374053001404,0.3437618613243103,0.08526342362165451,1.0,0.0,0.5714285969734192,0.39125001430511475,0.0,0.0,1.0,0.14800000190734863,0.164000004529953,train__core_012__episode_00054,core_012__54,0,0.37849819157513265,0.006620354220388092,4913.760719099984,82644
core_012,54,5,1.815003514289856,0.42455923557281494,1.0,0.0580713793630926,0.10539975762367249,0.24825690686702728,0.07502099126577377,5,0.24825690686702728,1.815003514289856,0.10539975762367249,0.1428571492433548,0.0,0.0,0.0,0.0,0.0,0.0,0.0,0.0,0.0,0.0,0.0,0.0,0.0,0.0,0.0,0.0,0.0,0.0,0.0,0.42455923557281494,1.0,0.07502099126577377,0.38216862082481384,0.3798604905605316,0.30000001192092896,0.3989323675632477,0.3494661748409271,0.0778057873249054,1.0,0.0,0.7142857313156128,0.40525001287460327,0.0,0.0,1.0,0.14800000190734863,0.164000004529953,train__core_012__episode_00054,core_012__54,0,0.24825690076659845,0.006660104526909627,4913.760719099984,82644
core_012,55,4,2.639808416366577,0.2423897534608841,0.6211948990821838,0.03462804487814888,0.09141140431165695,0.37712568044662476,0.10173406451940536,4,0.37712568044662476,2.639808416366577,0.09141140431165695,0.1428571492433548,0.1428571492433548,0.0,0.0,0.0,0.0,0.0,0.0,0.0,0.0,0.0,0.0,0.0,0.0,0.0,0.0,0.0,0.0,0.0,0.0,0.2423897534608841,0.6211948990821838,0.10173406451940536,0.3818751871585846,0.40725740790367126,0.30000001192092896,0.41666701436042786,0.3583335280418396,0.08381669223308563,1.0,0.0,0.5714285969734192,0.40525001287460327,0.0,0.0,1.0,0.14800000190734863,0.164000004529953,train__core_012__episode_00055,core_012__55,0,0.37712569118298594,0.006655051043600868,4913.760719099984,82644
core_012,55,5,1.6762539148330688,0.4197366237640381,1.0,0.06164727331922051,0.10333648324012756,0.24619363248348236,0.07525063306093216,5,0.24619363248348236,1.6762539148330688,0.10333648324012756,0.1428571492433548,0.0,0.0,0.0,0.0,0.0,0.0,0.0,0.0,0.0,0.0,0.0,0.0,0.0,0.0,0.0,0.0,0.0,0.0,0.0,0.4197366237640381,1.0,0.07525063306093216,0.3937629163265228,0.3818751871585846,0.30000001192092896,0.42836347222328186,0.3641817271709442,0.07153249531984329,1.0,0.0,0.7142857313156128,0.39800000190734863,0.0,0.0,1.0,0.14800000190734863,0.164000004529953,train__core_012__episode_00055,core_012__55,0,0.246193626140149,0.006859778811117767,4913.760719099984,82644
core_012,56,4,1.5234006643295288,0.051707882434129715,0.5258539319038391,0.01022662718085647,0.015579250641167164,0.3012935221195221,0.11535419523715973,4,0.3012935221195221,1.5234006643295288,0.015579250641167164,0.1428571492433548,0.1428571492433548,0.0,0.0,0.0,0.0,0.0,0.0,0.0,0.0,0.0,0.0,0.0,0.0,0.0,0.0,0.0,0.0,0.0,0.0,0.051707882434129715,0.5258539319038391,0.11535419523715973,0.47281745076179504,0.4549716114997864,0.30000001192092896,0.5768343806266785,0.4384171664714813,0.27160245180130005,1.0,0.0,0.5714285969734192,0.39800000190734863,0.0,0.0,1.0,0.14800000190734863,0.164000004529953,train__core_012__episode_00056,core_012__56,0,0.30129353648242296,0.008181864712573872,4913.760719099984,82644
core_012,57,4,1.7128978967666626,0.18744680285453796,0.5937234163284302,0.03847925777389375,0.06591103971004486,0.35162532329559326,0.10565856099128723,4,0.35162532329559326,1.7128978967666626,0.06591103971004486,0.1428571492433548,0.1428571492433548,0.0,0.0,0.0,0.0,0.0,0.0,0.0,0.0,0.0,0.0,0.0,0.0,0.0,0.0,0.0,0.0,0.0,0.0,0.18744680285453796,0.5937234163284302,0.10565856099128723,0.5189265012741089,0.4911889135837555,0.5,0.5987204909324646,0.4493602216243744,0.24936304986476898,1.0,0.0,0.5714285969734192,0.3959999978542328,0.0,0.0,1.0,0.14800000190734863,0.164000004529953,train__core_012__episode_00057,core_012__57,0,0.35162532671413727,0.00886128614906756,4913.760719099984,82644
core_012,64,4,2.2585690021514893,0.14952732622623444,0.5747636556625366,0.02224123012469486,0.050233352929353714,0.3359476327896118,0.10836709290742874,4,0.3359476327896118,2.2585690021514893,0.050233352929353714,0.1428571492433548,0.1428571492433548,0.0,0.0,0.0,0.0,0.0,0.0,0.0,0.0,0.0,0.0,0.0,0.0,0.0,0.0,0.0,0.0,0.0,0.0,0.14952732622623444,0.5747636556625366,0.10836709290742874,0.5550097227096558,0.4828680455684662,0.4000000059604645,0.4338240921497345,0.5375306606292725,0.19663211703300476,1.0,0.0,0.5714285969734192,0.4339999854564667,0.0,0.0,1.0,0.14800000190734863,0.164000004529953,train__core_012__episode_00064,core_012__64,0,0.33594763938337746,0.009634474262951165,4913.760719099984,82644
core_012,65,4,2.3230931758880615,0.12375563383102417,0.5618777871131897,0.01737021006215363,0.04035261645913124,0.32606691122055054,0.1102079302072525,4,0.32606691122055054,2.3230931758880615,0.04035261645913124,0.1428571492433548,0.1428571492433548,0.0,0.0,0.0,0.0,0.0,0.0,0.0,0.0,0.0,0.0,0.0,0.0,0.0,0.0,0.0,0.0,0.0,0.0,0.12375563383102417,0.5618777871131897,0.1102079302072525,0.6770352721214294,0.5501624345779419,0.699999988079071,0.4093695282936096,0.5181605219841003,0.21652576327323914,1.0,1.0,0.5714285969734192,0.4494999945163727,0.0,0.0,1.0,0.14800000190734863,0.164000004529953,train__core_012__episode_00065,core_012__65,0,0.3260669012143174,0.012031800004244975,4913.760719099984,82644
core_012,66,4,2.6216609477996826,0.07787653803825378,0.5389382839202881,0.009203923828553598,0.02412956766784191,0.30984386801719666,0.11348500847816467,4,0.30984386801719666,2.6216609477996826,0.02412956766784191,0.1428571492433548,0.1428571492433548,0.0,0.0,0.0,0.0,0.0,0.0,0.0,0.0,0.0,0.0,0.0,0.0,0.0,0.0,0.0,0.0,0.0,0.0,0.07787653803825378,0.5389382839202881,0.11348500847816467,0.5891920328140259,0.5986667275428772,0.0,0.3447003960609436,0.45011165738105774,0.19793809950351715,1.0,1.0,0.5714285969734192,0.41624999046325684,0.0,0.0,1.0,0.14800000190734863,0.164000004529953,train__core_012__episode_00066,core_012__66,0,0.30984385344931087,0.010579900561664635,4913.760719099984,82644
core_012,69,4,1.888261079788208,0.04760676622390747,0.5238034129142761,0.007563491476767314,0.014281846582889557,0.29999613761901855,0.11564713716506958,4,0.29999613761901855,1.888261079788208,0.014281846582889557,0.1428571492433548,0.1428571492433548,0.0,0.0,0.0,0.0,0.0,0.0,0.0,0.0,0.0,0.0,0.0,0.0,0.0,0.0,0.0,0.0,0.0,0.0,0.04760676622390747,0.5238034129142761,0.11564713716506958,0.4140937030315399,0.4315400719642639,0.5019740462303162,0.463371217250824,0.3900286555290222,0.1234138235449791,1.0,0.0,0.5714285969734192,0.45225000381469727,0.0,0.0,1.0,0.14800000190734863,0.164000004529953,train__core_012__episode_00069,core_012__69,0,0.2999961319051804,0.007252931965120557,4913.760719099984,82644
core_012,70,4,1.7185640335083008,0.06399984657764435,0.531999945640564,0.011367612472912719,0.01953596994280815,0.30525025725364685,0.11447620391845703,4,0.30525025725364685,1.7185640335083008,0.01953596994280815,0.1428571492433548,0.1428571492433548,0.0,0.0,0.0,0.0,0.0,0.0,0.0,0.0,0.0,0.0,0.0,0.0,0.0,0.0,0.0,0.0,0.0,0.0,0.06399984657764435,0.531999945640564,0.11447620391845703,0.44053396582603455,0.4424940049648285,0.20000000298023224,0.5180429220199585,0.4460769295692444,0.20119287073612213,1.0,0.0,0.5714285969734192,0.445250004529953,0.0,0.0,1.0,0.14800000190734863,0.164000004529953,train__core_012__episode_00070,core_012__70,0,0.30525025618487217,0.00766316383408322,4913.760719099984,82644
core_012,72,4,1.7098605632781982,0.1703837513923645,0.5851919054985046,0.03431801801880314,0.05867902562022209,0.3443933129310608,0.10687734931707382,4,0.3443933129310608,1.7098605632781982,0.05867902562022209,0.1428571492433548,0.1428571492433548,0.0,0.0,0.0,0.0,0.0,0.0,0.0,0.0,0.0,0.0,0.0,0.0,0.0,0.0,0.0,0.0,0.0,0.0,0.1703837513923645,0.5851919054985046,0.10687734931707382,0.6644858121871948,0.5129027366638184,0.8999999761581421,0.587448000907898,0.458150714635849,0.28287482261657715,1.0,1.0,0.5714285969734192,0.4580000042915344,0.0,0.0,1.0,0.14800000190734863,0.164000004529953,train__core_012__episode_00072,core_012__72,0,0.3443933101408164,0.011813478865564386,4913.760719099984,82644
