scenario_id,policy_id,policy_kind,calibration_mode,training_calibration_mode,cross_scenario_policy_evaluation,cross_calibration_policy_evaluation,episode_index,episode_id,shelf_life_class,inventory_coverage,age_profile,margin_scenario,disposal_scenario,demand_target,response_model,normalized_episode_return,normalized_accounting_profit,raw_accounting_profit,revenue,procurement_cost,disposal_cost,physical_waste_units,waste_rate,sell_through_rate,stockout_rate,average_markdown,maximum_markdown,first_markdown_day,terminal_inventory,episode_length,initial_inventory,action_entropy,episode_conservation_error,raw_financial_sum_error,action_0_share,action_1_share,action_2_share,action_3_share,action_4_share,action_5_share
core_002,always_0pct,fixed_or_rule_policy,recovered_calibration,recovered_calibration,False,False,0,core_002__recovered_calibration__episode_00,short_shelf_life,balanced_inventory,uniform,medium_margin,moderate_disposal_cost,observed_sales_demand,observed_target_response,0.44999999999999996,0.44999999999999996,0.7019345239587916,1.5598544976862039,0.8579199737274122,0.0,0.0,0.0,1.0,1.0,0.0,0.0,-1,0.0,1,1.5598544976862039,-0.0,0.0,0.0,1.0,0.0,0.0,0.0,0.0,0.0
core_002,always_0pct,fixed_or_rule_policy,recovered_calibration,recovered_calibration,False,False,1,core_002__recovered_calibration__episode_01,short_shelf_life,balanced_inventory,uniform,medium_margin,moderate_disposal_cost,observed_sales_demand,observed_target_response,0.2868478076879271,0.28684780768792717,0.44744084297344044,1.317479563414441,0.8579199737274122,0.012118746713588154,0.24237493427176304,0.15538304029721214,0.8446169597027879,0.0,0.0,0.0,-1,0.0,3,1.5598544976862039,-0.0,1.1102230246251565e-16,0.0,1.0,0.0,0.0,0.0,0.0,0.0
core_002,always_0pct,fixed_or_rule_policy,recovered_calibration,recovered_calibration,False,False,2,core_002__recovered_calibration__episode_02,short_shelf_life,balanced_inventory,uniform,medium_margin,moderate_disposal_cost,observed_sales_demand,observed_target_response,0.3137348640412255,0.3137348640412255,0.48938073875567534,1.3574223213022836,0.8579199737274122,0.010121608819196016,0.2024321763839203,0.12977631996073752,0.8702236800392624,0.0,0.0,0.0,-1,0.0,3,1.5598544976862039,-0.0,0.0,0.0,1.0,0.0,0.0,0.0,0.0,0.0
core_002,always_0pct,fixed_or_rule_policy,recovered_calibration,recovered_calibration,False,False,3,core_002__recovered_calibration__episode_03,short_shelf_life,balanced_inventory,uniform,medium_margin,moderate_disposal_cost,observed_sales_demand,observed_target_response,0.356760202095313,0.356760202095313,0.556494005833813,1.4213397185195575,0.8579199737274122,0.006925738958332312,0.13851477916664623,0.08879980752827324,0.9112001924717267,0.0,0.0,0.0,-1,0.0,3,1.5598544976862039,-0.0,1.1102230246251565e-16,0.0,1.0,0.0,0.0,0.0,0.0,0.0
core_002,always_0pct,fixed_or_rule_policy,recovered_calibration,recovered_calibration,False,False,4,core_002__recovered_calibration__episode_04,short_shelf_life,balanced_inventory,uniform,medium_margin,moderate_disposal_cost,observed_sales_demand,observed_target_response,0.39853282139217033,0.3985328213921704,0.6216532139241495,1.483396107177021,0.8579199737274122,0.003822919525459148,0.07645839050918296,0.04901636057888529,0.9509836394211147,0.3333333333333333,0.0,0.0,-1,0.0,3,1.5598544976862039,-0.0,5.551115123125783e-17,0.0,1.0,0.0,0.0,0.0,0.0,0.0
core_002,always_0pct,fixed_or_rule_policy,recovered_calibration,recovered_calibration,False,False,5,core_002__recovered_calibration__episode_05,short_shelf_life,balanced_inventory,uniform,medium_margin,moderate_disposal_cost,observed_sales_demand,observed_target_response,0.4443747022109158,0.44437470221091585,0.6931598779016646,1.5514976919175114,0.8579199737274122,0.0004178402884346233,0.008356805768692466,0.005357426465794379,0.9946425735342056,0.3333333333333333,0.0,0.0,-1,0.0,3,1.5598544976862039,-0.0,0.0,0.0,1.0,0.0,0.0,0.0,0.0,0.0
core_002,always_0pct,fixed_or_rule_policy,recovered_calibration,recovered_calibration,False,False,6,core_002__recovered_calibration__episode_06,short_shelf_life,balanced_inventory,uniform,medium_margin,moderate_disposal_cost,observed_sales_demand,observed_target_response,0.4499999999999999,0.44999999999999996,0.7019345239587916,1.5598544976862039,0.8579199737274122,0.0,0.0,0.0,1.0,0.3333333333333333,0.0,0.0,-1,0.0,3,1.5598544976862039,-0.0,0.0,0.0,1.0,0.0,0.0,0.0,0.0,0.0
core_002,always_0pct,fixed_or_rule_policy,recovered_calibration,recovered_calibration,False,False,7,core_002__recovered_calibration__episode_07,short_shelf_life,balanced_inventory,uniform,medium_margin,moderate_disposal_cost,observed_sales_demand,observed_target_response,0.44999999999999996,0.44999999999999996,0.7019345239587916,1.5598544976862039,0.8579199737274122,0.0,0.0,0.0,1.0,0.3333333333333333,0.0,0.0,-1,0.0,3,1.5598544976862039,-0.0,0.0,0.0,1.0,0.0,0.0,0.0,0.0,0.0
core_002,always_5pct,fixed_or_rule_policy,recovered_calibration,recovered_calibration,False,False,0,core_002__recovered_calibration__episode_00,short_shelf_life,balanced_inventory,uniform,medium_margin,moderate_disposal_cost,observed_sales_demand,observed_target_response,0.3999999999999999,0.3999999999999999,0.6239417990744814,1.4818617728018937,0.8579199737274122,0.0,0.0,0.0,1.0,1.0,0.05,0.05,0,0.0,1,1.5598544976862039,-0.0,0.0,0.0,0.0,1.0,0.0,0.0,0.0,0.0
core_002,always_5pct,fixed_or_rule_policy,recovered_calibration,recovered_calibration,False,False,1,core_002__recovered_calibration__episode_01,short_shelf_life,balanced_inventory,uniform,medium_margin,moderate_disposal_cost,observed_sales_demand,observed_target_response,0.28050570693161714,0.28050570693161714,0.4375480885839311,1.3047877478358707,0.8579199737274122,0.009319685524527516,0.1863937104905503,0.11949429306838281,0.8805057069316172,0.0,0.05000000000000001,0.05,0,0.0,3,1.5598544976862039,-0.0,1.1102230246251565e-16,0.0,0.0,1.0,0.0,0.0,0.0,0.0
core_002,always_5pct,fixed_or_rule_policy,recovered_calibration,recovered_calibration,False,False,2,core_002__recovered_calibration__episode_02,short_shelf_life,balanced_inventory,uniform,medium_margin,moderate_disposal_cost,observed_sales_demand,observed_target_response,0.3253026440151337,0.3253026440151338,0.5074247923762205,1.3711706164385458,0.8579199737274122,0.005825850334913049,0.11651700669826098,0.07469735598486618,0.9253026440151337,0.0,0.05000000000000001,0.05,0,0.0,3,1.5598544976862039,-0.0,5.551115123125783e-17,0.0,0.0,1.0,0.0,0.0,0.0,0.0
core_002,always_5pct,fixed_or_rule_policy,recovered_calibration,recovered_calibration,False,False,3,core_002__recovered_calibration__episode_03,short_shelf_life,balanced_inventory,uniform,medium_margin,moderate_disposal_cost,observed_sales_demand,observed_target_response,0.3608927737608081,0.36089277376080814,0.5629402163332462,1.4239102691977201,0.8579199737274122,0.003050079137061762,0.06100158274123524,0.039107226239191786,0.9608927737608082,0.3333333333333333,0.05000000000000001,0.05,0,0.0,3,1.5598544976862039,-0.0,1.1102230246251565e-16,0.0,0.0,1.0,0.0,0.0,0.0,0.0
core_002,always_5pct,fixed_or_rule_policy,recovered_calibration,recovered_calibration,False,False,4,core_002__recovered_calibration__episode_04,short_shelf_life,balanced_inventory,uniform,medium_margin,moderate_disposal_cost,observed_sales_demand,observed_target_response,0.3902379624691339,0.39023796246913384,0.6087144409253784,1.4673957825602457,0.8579199737274122,0.0007613679074551461,0.01522735814910292,0.009762037530866043,0.990237962469134,0.3333333333333333,0.05000000000000001,0.05,0,0.0,3,1.5598544976862039,-0.0,0.0,0.0,0.0,1.0,0.0,0.0,0.0,0.0
core_002,always_5pct,fixed_or_rule_policy,recovered_calibration,recovered_calibration,False,False,5,core_002__recovered_calibration__episode_05,short_shelf_life,balanced_inventory,uniform,medium_margin,moderate_disposal_cost,observed_sales_demand,observed_target_response,0.39999999999999986,0.39999999999999986,0.6239417990744813,1.4818617728018935,0.8579199737274122,0.0,0.0,0.0,1.0,0.3333333333333333,0.05000000000000001,0.05,0,0.0,3,1.5598544976862039,-0.0,0.0,0.0,0.0,1.0,0.0,0.0,0.0,0.0
core_002,always_5pct,fixed_or_rule_policy,recovered_calibration,recovered_calibration,False,False,6,core_002__recovered_calibration__episode_06,short_shelf_life,balanced_inventory,uniform,medium_margin,moderate_disposal_cost,observed_sales_demand,observed_target_response,0.3999999999999999,0.39999999999999986,0.6239417990744813,1.4818617728018935,0.8579199737274122,0.0,0.0,0.0,1.0,0.5,0.05,0.05,0,0.0,2,1.5598544976862039,-0.0,0.0,0.0,0.0,1.0,0.0,0.0,0.0,0.0
core_002,always_5pct,fixed_or_rule_policy,recovered_calibration,recovered_calibration,False,False,7,core_002__recovered_calibration__episode_07,short_shelf_life,balanced_inventory,uniform,medium_margin,moderate_disposal_cost,observed_sales_demand,observed_target_response,0.3999999999999999,0.39999999999999986,0.6239417990744813,1.4818617728018937,0.8579199737274122,0.0,0.0,0.0,1.0,0.3333333333333333,0.05000000000000001,0.05,0,0.0,3,1.5598544976862039,-0.0,0.0,0.0,0.0,1.0,0.0,0.0,0.0,0.0
core_002,always_10pct,fixed_or_rule_policy,recovered_calibration,recovered_calibration,False,False,0,core_002__recovered_calibration__episode_00,short_shelf_life,balanced_inventory,uniform,medium_margin,moderate_disposal_cost,observed_sales_demand,observed_target_response,0.3499999999999999,0.3499999999999999,0.5459490741901712,1.4038690479175835,0.8579199737274122,0.0,0.0,0.0,1.0,1.0,0.1,0.1,0,0.0,1,1.5598544976862039,-0.0,0.0,0.0,0.0,0.0,1.0,0.0,0.0,0.0
core_002,always_10pct,fixed_or_rule_policy,recovered_calibration,recovered_calibration,False,False,1,core_002__recovered_calibration__episode_01,short_shelf_life,balanced_inventory,uniform,medium_margin,moderate_disposal_cost,observed_sales_demand,observed_target_response,0.21256142450678628,0.2125614245067863,0.3315648940514971,1.2007682456809448,0.8579199737274122,0.011283377902035485,0.2256675580407097,0.1446721847296986,0.8553278152703014,0.0,0.10000000000000002,0.1,0,0.0,3,1.5598544976862039,-0.0,0.0,0.0,0.0,0.0,1.0,0.0,0.0,0.0
core_002,always_10pct,fixed_or_rule_policy,recovered_calibration,recovered_calibration,False,False,2,core_002__recovered_calibration__episode_02,short_shelf_life,balanced_inventory,uniform,medium_margin,moderate_disposal_cost,observed_sales_demand,observed_target_response,0.24964445588879763,0.24964445588879766,0.38940902734056615,1.2555679509021682,0.8579199737274122,0.008238949834189744,0.16477899668379486,0.10563741485389715,0.8943625851461028,0.0,0.10000000000000002,0.1,0,0.0,3,1.5598544976862039,-0.0,5.551115123125783e-17,0.0,0.0,0.0,1.0,0.0,0.0,0.0
core_002,always_10pct,fixed_or_rule_policy,recovered_calibration,recovered_calibration,False,False,3,core_002__recovered_calibration__episode_03,short_shelf_life,balanced_inventory,uniform,medium_margin,moderate_disposal_cost,observed_sales_demand,observed_target_response,0.2866065794426564,0.2866065794426564,0.4470645620100859,1.3101889837469765,0.8579199737274122,0.005204448009478174,0.10408896018956348,0.06672991637615105,0.933270083623849,0.0,0.10000000000000002,0.1,0,0.0,3,1.5598544976862039,-0.0,1.1102230246251565e-16,0.0,0.0,0.0,1.0,0.0,0.0,0.0
core_002,always_10pct,fixed_or_rule_policy,recovered_calibration,recovered_calibration,False,False,4,core_002__recovered_calibration__episode_04,short_shelf_life,balanced_inventory,uniform,medium_margin,moderate_disposal_cost,observed_sales_demand,observed_target_response,0.3231352132697628,0.32313521326976274,0.5040439157796301,1.3641694241602287,0.8579199737274122,0.0022055346531863725,0.044110693063727446,0.028278722873933848,0.9717212771260662,0.3333333333333333,0.10000000000000002,0.1,0,0.0,3,1.5598544976862039,-0.0,5.551115123125783e-17,0.0,0.0,0.0,1.0,0.0,0.0,0.0
core_002,always_10pct,fixed_or_rule_policy,recovered_calibration,recovered_calibration,False,False,5,core_002__recovered_calibration__episode_05,short_shelf_life,balanced_inventory,uniform,medium_margin,moderate_disposal_cost,observed_sales_demand,observed_target_response,0.35000000000000003,0.35,0.5459490741901714,1.4038690479175835,0.8579199737274122,0.0,0.0,0.0,1.0,0.3333333333333333,0.10000000000000002,0.1,0,0.0,3,1.5598544976862039,-0.0,0.0,0.0,0.0,0.0,1.0,0.0,0.0,0.0
core_002,always_10pct,fixed_or_rule_policy,recovered_calibration,recovered_calibration,False,False,6,core_002__recovered_calibration__episode_06,short_shelf_life,balanced_inventory,uniform,medium_margin,moderate_disposal_cost,observed_sales_demand,observed_target_response,0.35,0.35,0.5459490741901714,1.4038690479175835,0.8579199737274122,0.0,0.0,0.0,1.0,0.3333333333333333,0.10000000000000002,0.1,0,0.0,3,1.5598544976862039,-0.0,0.0,0.0,0.0,0.0,1.0,0.0,0.0,0.0
core_002,always_10pct,fixed_or_rule_policy,recovered_calibration,recovered_calibration,False,False,7,core_002__recovered_calibration__episode_07,short_shelf_life,balanced_inventory,uniform,medium_margin,moderate_disposal_cost,observed_sales_demand,observed_target_response,0.35,0.3499999999999999,0.5459490741901712,1.4038690479175835,0.8579199737274122,0.0,0.0,0.0,1.0,0.3333333333333333,0.10000000000000002,0.1,0,0.0,3,1.5598544976862039,-0.0,0.0,0.0,0.0,0.0,1.0,0.0,0.0,0.0
core_002,always_20pct,fixed_or_rule_policy,recovered_calibration,recovered_calibration,False,False,0,core_002__recovered_calibration__episode_00,short_shelf_life,balanced_inventory,uniform,medium_margin,moderate_disposal_cost,observed_sales_demand,observed_target_response,0.24999999999999992,0.24999999999999992,0.38996362442155086,1.247883598148963,0.8579199737274122,0.0,0.0,0.0,1.0,1.0,0.2,0.2,0,0.0,1,1.5598544976862039,-0.0,0.0,0.0,0.0,0.0,0.0,1.0,0.0,0.0
core_002,always_20pct,fixed_or_rule_policy,recovered_calibration,recovered_calibration,False,False,1,core_002__recovered_calibration__episode_01,short_shelf_life,balanced_inventory,uniform,medium_margin,moderate_disposal_cost,observed_sales_demand,observed_target_response,0.23049264802361125,0.23049264802361125,0.3595349937032331,1.2192448868846641,0.8579199737274122,0.001789919454018696,0.035798389080373916,0.022949825854574984,0.977050174145425,0.3333333333333333,0.20000000000000004,0.2,0,0.0,3,1.5598544976862039,-0.0,0.0,0.0,0.0,0.0,0.0,1.0,0.0,0.0
core_002,always_20pct,fixed_or_rule_policy,recovered_calibration,recovered_calibration,False,False,2,core_002__recovered_calibration__episode_02,short_shelf_life,balanced_inventory,uniform,medium_margin,moderate_disposal_cost,observed_sales_demand,observed_target_response,0.24999999999999994,0.24999999999999997,0.3899636244215509,1.247883598148963,0.8579199737274122,0.0,0.0,0.0,1.0,0.3333333333333333,0.20000000000000004,0.2,0,0.0,3,1.5598544976862039,-0.0,0.0,0.0,0.0,0.0,0.0,1.0,0.0,0.0
core_002,always_20pct,fixed_or_rule_policy,recovered_calibration,recovered_calibration,False,False,3,core_002__recovered_calibration__episode_03,short_shelf_life,balanced_inventory,uniform,medium_margin,moderate_disposal_cost,observed_sales_demand,observed_target_response,0.24999999999999994,0.24999999999999997,0.3899636244215509,1.247883598148963,0.8579199737274122,0.0,0.0,0.0,1.0,0.3333333333333333,0.20000000000000004,0.2,0,0.0,3,1.5598544976862039,-0.0,0.0,0.0,0.0,0.0,0.0,1.0,0.0,0.0
core_002,always_20pct,fixed_or_rule_policy,recovered_calibration,recovered_calibration,False,False,4,core_002__recovered_calibration__episode_04,short_shelf_life,balanced_inventory,uniform,medium_margin,moderate_disposal_cost,observed_sales_demand,observed_target_response,0.24999999999999994,0.24999999999999997,0.3899636244215509,1.247883598148963,0.8579199737274122,0.0,0.0,0.0,1.0,0.3333333333333333,0.20000000000000004,0.2,0,0.0,3,1.5598544976862039,-0.0,0.0,0.0,0.0,0.0,0.0,1.0,0.0,0.0
core_002,always_20pct,fixed_or_rule_policy,recovered_calibration,recovered_calibration,False,False,5,core_002__recovered_calibration__episode_05,short_shelf_life,balanced_inventory,uniform,medium_margin,moderate_disposal_cost,observed_sales_demand,observed_target_response,0.25,0.25,0.38996362442155097,1.247883598148963,0.8579199737274122,0.0,0.0,0.0,1.0,0.3333333333333333,0.20000000000000004,0.2,0,0.0,3,1.5598544976862039,-0.0,0.0,0.0,0.0,0.0,0.0,1.0,0.0,0.0
core_002,always_20pct,fixed_or_rule_policy,recovered_calibration,recovered_calibration,False,False,6,core_002__recovered_calibration__episode_06,short_shelf_life,balanced_inventory,uniform,medium_margin,moderate_disposal_cost,observed_sales_demand,observed_target_response,0.24999999999999997,0.25,0.38996362442155097,1.247883598148963,0.8579199737274122,0.0,0.0,0.0,1.0,0.3333333333333333,0.20000000000000004,0.2,0,0.0,3,1.5598544976862039,-0.0,0.0,0.0,0.0,0.0,0.0,1.0,0.0,0.0
core_002,always_20pct,fixed_or_rule_policy,recovered_calibration,recovered_calibration,False,False,7,core_002__recovered_calibration__episode_07,short_shelf_life,balanced_inventory,uniform,medium_margin,moderate_disposal_cost,observed_sales_demand,observed_target_response,0.24999999999999994,0.24999999999999997,0.3899636244215509,1.2478835981489633,0.8579199737274122,0.0,0.0,0.0,1.0,0.3333333333333333,0.20000000000000004,0.2,0,0.0,3,1.5598544976862039,-0.0,0.0,0.0,0.0,0.0,0.0,1.0,0.0,0.0
core_002,always_40pct,fixed_or_rule_policy,recovered_calibration,recovered_calibration,False,False,0,core_002__recovered_calibration__episode_00,short_shelf_life,balanced_inventory,uniform,medium_margin,moderate_disposal_cost,observed_sales_demand,observed_target_response,0.049999999999999926,0.049999999999999926,0.07799272488431008,0.9359126986117223,0.8579199737274122,0.0,0.0,0.0,1.0,1.0,0.4,0.4,0,0.0,1,1.5598544976862039,-0.0,0.0,0.0,0.0,0.0,0.0,0.0,0.0,1.0
core_002,always_40pct,fixed_or_rule_policy,recovered_calibration,recovered_calibration,False,False,1,core_002__recovered_calibration__episode_01,short_shelf_life,balanced_inventory,uniform,medium_margin,moderate_disposal_cost,observed_sales_demand,observed_target_response,0.049999999999999906,0.049999999999999926,0.07799272488431008,0.9359126986117223,0.8579199737274122,0.0,0.0,0.0,1.0,0.5,0.4,0.4,0,0.0,2,1.5598544976862039,-0.0,0.0,0.0,0.0,0.0,0.0,0.0,0.0,1.0
core_002,always_40pct,fixed_or_rule_policy,recovered_calibration,recovered_calibration,False,False,2,core_002__recovered_calibration__episode_02,short_shelf_life,balanced_inventory,uniform,medium_margin,moderate_disposal_cost,observed_sales_demand,observed_target_response,0.04999999999999988,0.04999999999999989,0.07799272488431003,0.9359126986117223,0.8579199737274122,0.0,0.0,0.0,1.0,0.5,0.4,0.4,0,0.0,2,1.5598544976862039,-0.0,0.0,0.0,0.0,0.0,0.0,0.0,0.0,1.0
core_002,always_40pct,fixed_or_rule_policy,recovered_calibration,recovered_calibration,False,False,3,core_002__recovered_calibration__episode_03,short_shelf_life,balanced_inventory,uniform,medium_margin,moderate_disposal_cost,observed_sales_demand,observed_target_response,0.049999999999999906,0.04999999999999989,0.07799272488431003,0.9359126986117223,0.8579199737274122,0.0,0.0,0.0,1.0,0.5,0.4,0.4,0,0.0,2,1.5598544976862039,-0.0,0.0,0.0,0.0,0.0,0.0,0.0,0.0,1.0
core_002,always_40pct,fixed_or_rule_policy,recovered_calibration,recovered_calibration,False,False,4,core_002__recovered_calibration__episode_04,short_shelf_life,balanced_inventory,uniform,medium_margin,moderate_disposal_cost,observed_sales_demand,observed_target_response,0.04999999999999993,0.049999999999999926,0.07799272488431008,0.9359126986117223,0.8579199737274122,0.0,0.0,0.0,1.0,0.5,0.4,0.4,0,0.0,2,1.5598544976862039,-0.0,0.0,0.0,0.0,0.0,0.0,0.0,0.0,1.0
core_002,always_40pct,fixed_or_rule_policy,recovered_calibration,recovered_calibration,False,False,5,core_002__recovered_calibration__episode_05,short_shelf_life,balanced_inventory,uniform,medium_margin,moderate_disposal_cost,observed_sales_demand,observed_target_response,0.049999999999999906,0.04999999999999989,0.07799272488431003,0.9359126986117223,0.8579199737274122,0.0,0.0,0.0,1.0,0.5,0.4,0.4,0,0.0,2,1.5598544976862039,-0.0,0.0,0.0,0.0,0.0,0.0,0.0,0.0,1.0
core_002,always_40pct,fixed_or_rule_policy,recovered_calibration,recovered_calibration,False,False,6,core_002__recovered_calibration__episode_06,short_shelf_life,balanced_inventory,uniform,medium_margin,moderate_disposal_cost,observed_sales_demand,observed_target_response,0.04999999999999993,0.049999999999999926,0.07799272488431008,0.9359126986117223,0.8579199737274122,0.0,0.0,0.0,1.0,0.5,0.4,0.4,0,0.0,2,1.5598544976862039,-0.0,0.0,0.0,0.0,0.0,0.0,0.0,0.0,1.0
core_002,always_40pct,fixed_or_rule_policy,recovered_calibration,recovered_calibration,False,False,7,core_002__recovered_calibration__episode_07,short_shelf_life,balanced_inventory,uniform,medium_margin,moderate_disposal_cost,observed_sales_demand,observed_target_response,0.04999999999999993,0.049999999999999926,0.07799272488431008,0.9359126986117223,0.8579199737274122,0.0,0.0,0.0,1.0,0.5,0.4,0.4,0,0.0,2,1.5598544976862039,-0.0,0.0,0.0,0.0,0.0,0.0,0.0,0.0,1.0
core_002,expiry_threshold_rule,fixed_or_rule_policy,recovered_calibration,recovered_calibration,False,False,0,core_002__recovered_calibration__episode_00,short_shelf_life,balanced_inventory,uniform,medium_margin,moderate_disposal_cost,observed_sales_demand,observed_target_response,0.049999999999999926,0.049999999999999926,0.07799272488431008,0.9359126986117223,0.8579199737274122,0.0,0.0,0.0,1.0,1.0,0.4,0.4,0,0.0,1,1.5598544976862039,-0.0,0.0,0.0,0.0,0.0,0.0,0.0,0.0,1.0
core_002,expiry_threshold_rule,fixed_or_rule_policy,recovered_calibration,recovered_calibration,False,False,1,core_002__recovered_calibration__episode_01,short_shelf_life,balanced_inventory,uniform,medium_margin,moderate_disposal_cost,observed_sales_demand,observed_target_response,0.049999999999999906,0.049999999999999926,0.07799272488431008,0.9359126986117223,0.8579199737274122,0.0,0.0,0.0,1.0,0.5,0.4,0.4,0,0.0,2,1.5598544976862039,-0.0,0.0,0.0,0.0,0.0,0.0,0.0,0.0,1.0
core_002,expiry_threshold_rule,fixed_or_rule_policy,recovered_calibration,recovered_calibration,False,False,2,core_002__recovered_calibration__episode_02,short_shelf_life,balanced_inventory,uniform,medium_margin,moderate_disposal_cost,observed_sales_demand,observed_target_response,0.04999999999999988,0.04999999999999989,0.07799272488431003,0.9359126986117223,0.8579199737274122,0.0,0.0,0.0,1.0,0.5,0.4,0.4,0,0.0,2,1.5598544976862039,-0.0,0.0,0.0,0.0,0.0,0.0,0.0,0.0,1.0
core_002,expiry_threshold_rule,fixed_or_rule_policy,recovered_calibration,recovered_calibration,False,False,3,core_002__recovered_calibration__episode_03,short_shelf_life,balanced_inventory,uniform,medium_margin,moderate_disposal_cost,observed_sales_demand,observed_target_response,0.049999999999999906,0.04999999999999989,0.07799272488431003,0.9359126986117223,0.8579199737274122,0.0,0.0,0.0,1.0,0.5,0.4,0.4,0,0.0,2,1.5598544976862039,-0.0,0.0,0.0,0.0,0.0,0.0,0.0,0.0,1.0
core_002,expiry_threshold_rule,fixed_or_rule_policy,recovered_calibration,recovered_calibration,False,False,4,core_002__recovered_calibration__episode_04,short_shelf_life,balanced_inventory,uniform,medium_margin,moderate_disposal_cost,observed_sales_demand,observed_target_response,0.04999999999999993,0.049999999999999926,0.07799272488431008,0.9359126986117223,0.8579199737274122,0.0,0.0,0.0,1.0,0.5,0.4,0.4,0,0.0,2,1.5598544976862039,-0.0,0.0,0.0,0.0,0.0,0.0,0.0,0.0,1.0
core_002,expiry_threshold_rule,fixed_or_rule_policy,recovered_calibration,recovered_calibration,False,False,5,core_002__recovered_calibration__episode_05,short_shelf_life,balanced_inventory,uniform,medium_margin,moderate_disposal_cost,observed_sales_demand,observed_target_response,0.049999999999999906,0.04999999999999989,0.07799272488431003,0.9359126986117223,0.8579199737274122,0.0,0.0,0.0,1.0,0.5,0.4,0.4,0,0.0,2,1.5598544976862039,-0.0,0.0,0.0,0.0,0.0,0.0,0.0,0.0,1.0
core_002,expiry_threshold_rule,fixed_or_rule_policy,recovered_calibration,recovered_calibration,False,False,6,core_002__recovered_calibration__episode_06,short_shelf_life,balanced_inventory,uniform,medium_margin,moderate_disposal_cost,observed_sales_demand,observed_target_response,0.04999999999999993,0.049999999999999926,0.07799272488431008,0.9359126986117223,0.8579199737274122,0.0,0.0,0.0,1.0,0.5,0.4,0.4,0,0.0,2,1.5598544976862039,-0.0,0.0,0.0,0.0,0.0,0.0,0.0,0.0,1.0
core_002,expiry_threshold_rule,fixed_or_rule_policy,recovered_calibration,recovered_calibration,False,False,7,core_002__recovered_calibration__episode_07,short_shelf_life,balanced_inventory,uniform,medium_margin,moderate_disposal_cost,observed_sales_demand,observed_target_response,0.04999999999999993,0.049999999999999926,0.07799272488431008,0.9359126986117223,0.8579199737274122,0.0,0.0,0.0,1.0,0.5,0.4,0.4,0,0.0,2,1.5598544976862039,-0.0,0.0,0.0,0.0,0.0,0.0,0.0,0.0,1.0
core_002,inventory_coverage_rule,fixed_or_rule_policy,recovered_calibration,recovered_calibration,False,False,0,core_002__recovered_calibration__episode_00,short_shelf_life,balanced_inventory,uniform,medium_margin,moderate_disposal_cost,observed_sales_demand,observed_target_response,0.24999999999999992,0.24999999999999992,0.38996362442155086,1.247883598148963,0.8579199737274122,0.0,0.0,0.0,1.0,1.0,0.2,0.2,0,0.0,1,1.5598544976862039,-0.0,0.0,0.0,0.0,0.0,0.0,1.0,0.0,0.0
core_002,inventory_coverage_rule,fixed_or_rule_policy,recovered_calibration,recovered_calibration,False,False,1,core_002__recovered_calibration__episode_01,short_shelf_life,balanced_inventory,uniform,medium_margin,moderate_disposal_cost,observed_sales_demand,observed_target_response,0.20089224466443112,0.20089224466443112,0.31336267139009016,1.1712826451175025,0.8579199737274122,0.0,0.0,0.0,1.0,0.3333333333333333,0.19999999999999998,0.3,0,0.0,3,1.5598544976862039,0.6365141682948128,0.0,0.0,0.3333333333333333,0.0,0.0,0.0,0.6666666666666666,0.0
core_002,inventory_coverage_rule,fixed_or_rule_policy,recovered_calibration,recovered_calibration,False,False,2,core_002__recovered_calibration__episode_02,short_shelf_life,balanced_inventory,uniform,medium_margin,moderate_disposal_cost,observed_sales_demand,observed_target_response,0.19437828175383443,0.19437828175383443,0.3032018370462348,1.161121810773647,0.8579199737274122,0.0,0.0,0.0,1.0,0.3333333333333333,0.19999999999999998,0.3,0,0.0,3,1.5598544976862039,0.6365141682948128,0.0,0.0,0.3333333333333333,0.0,0.0,0.0,0.6666666666666666,0.0
core_002,inventory_coverage_rule,fixed_or_rule_policy,recovered_calibration,recovered_calibration,False,False,3,core_002__recovered_calibration__episode_03,short_shelf_life,balanced_inventory,uniform,medium_margin,moderate_disposal_cost,observed_sales_demand,observed_target_response,0.19572717187636332,0.1957271718763633,0.305305909370746,1.1632258830981583,0.8579199737274122,0.0,0.0,0.0,1.0,0.3333333333333333,0.19999999999999998,0.3,0,0.0,3,1.5598544976862039,0.6365141682948128,0.0,0.0,0.3333333333333333,0.0,0.0,0.0,0.6666666666666666,0.0
core_002,inventory_coverage_rule,fixed_or_rule_policy,recovered_calibration,recovered_calibration,False,False,4,core_002__recovered_calibration__episode_04,short_shelf_life,balanced_inventory,uniform,medium_margin,moderate_disposal_cost,observed_sales_demand,observed_target_response,0.18995530272984845,0.18995530272984845,0.29630263332249857,1.1542226070499109,0.8579199737274122,0.0,0.0,0.0,1.0,0.3333333333333333,0.19999999999999998,0.3,0,0.0,3,1.5598544976862039,0.6365141682948128,0.0,0.0,0.3333333333333333,0.0,0.0,0.0,0.6666666666666666,0.0
core_002,inventory_coverage_rule,fixed_or_rule_policy,recovered_calibration,recovered_calibration,False,False,5,core_002__recovered_calibration__episode_05,short_shelf_life,balanced_inventory,uniform,medium_margin,moderate_disposal_cost,observed_sales_demand,observed_target_response,0.15675047620548702,0.15675047620548704,0.24450793532358323,1.1024279090509954,0.8579199737274122,0.0,0.0,0.0,1.0,0.3333333333333333,0.19999999999999998,0.3,0,0.0,3,1.5598544976862039,0.6365141682948128,0.0,0.0,0.3333333333333333,0.0,0.0,0.0,0.6666666666666666,0.0
core_002,inventory_coverage_rule,fixed_or_rule_policy,recovered_calibration,recovered_calibration,False,False,6,core_002__recovered_calibration__episode_06,short_shelf_life,balanced_inventory,uniform,medium_margin,moderate_disposal_cost,observed_sales_demand,observed_target_response,0.19781113282459636,0.19781113282459634,0.30855658522884966,1.166476558956262,0.8579199737274122,0.0,0.0,0.0,1.0,0.5,0.25,0.3,0,0.0,2,1.5598544976862039,0.6931471805599453,0.0,0.0,0.0,0.0,0.0,0.5,0.5,0.0
core_002,inventory_coverage_rule,fixed_or_rule_policy,recovered_calibration,recovered_calibration,False,False,7,core_002__recovered_calibration__episode_07,short_shelf_life,balanced_inventory,uniform,medium_margin,moderate_disposal_cost,observed_sales_demand,observed_target_response,0.2037510180191911,0.20375101801919113,0.31782194186537804,1.1757419155927904,0.8579199737274122,0.0,0.0,0.0,1.0,0.3333333333333333,0.16666666666666666,0.3,0,0.0,3,1.5598544976862039,1.0986122886681096,0.0,0.0,0.3333333333333333,0.0,0.0,0.3333333333333333,0.3333333333333333,0.0
core_002,selected_observed_financial_ppo,ppo_cross_scenario_financial_policy,recovered_calibration,observed_calibration,True,True,0,core_002__recovered_calibration__episode_00,short_shelf_life,balanced_inventory,uniform,medium_margin,moderate_disposal_cost,observed_sales_demand,observed_target_response,0.3499999999999999,0.3499999999999999,0.5459490741901712,1.4038690479175835,0.8579199737274122,0.0,0.0,0.0,1.0,1.0,0.1,0.1,0,0.0,1,1.5598544976862039,-0.0,0.0,0.0,0.0,0.0,1.0,0.0,0.0,0.0
core_002,selected_observed_financial_ppo,ppo_cross_scenario_financial_policy,recovered_calibration,observed_calibration,True,True,1,core_002__recovered_calibration__episode_01,short_shelf_life,balanced_inventory,uniform,medium_margin,moderate_disposal_cost,observed_sales_demand,observed_target_response,0.21815193171288122,0.2181519317128812,0.34028527186127133,1.2037210599892454,0.8579199737274122,0.005515814400561709,0.11031628801123416,0.07072216554484462,0.9292778344551554,0.0,0.16666666666666666,0.2,0,0.0,3,1.5598544976862039,0.6365141682948128,1.1102230246251565e-16,0.0,0.0,0.0,0.3333333333333333,0.6666666666666666,0.0,0.0
core_002,selected_observed_financial_ppo,ppo_cross_scenario_financial_policy,recovered_calibration,observed_calibration,True,True,2,core_002__recovered_calibration__episode_02,short_shelf_life,balanced_inventory,uniform,medium_margin,moderate_disposal_cost,observed_sales_demand,observed_target_response,0.2565424384266105,0.2565424384266105,0.40016887642713445,1.260288318465983,0.8579199737274122,0.002199468311436309,0.04398936622872618,0.028200942007076565,0.9717990579929233,0.3333333333333333,0.16666666666666666,0.2,0,0.0,3,1.5598544976862039,0.6365141682948128,1.1102230246251565e-16,0.0,0.0,0.0,0.3333333333333333,0.6666666666666666,0.0,0.0
core_002,selected_observed_financial_ppo,ppo_cross_scenario_financial_policy,recovered_calibration,observed_calibration,True,True,3,core_002__recovered_calibration__episode_03,short_shelf_life,balanced_inventory,uniform,medium_margin,moderate_disposal_cost,observed_sales_demand,observed_target_response,0.25906579104365424,0.25906579104365424,0.40410493935607833,1.2640172201881403,0.8579199737274122,0.0019923071046497906,0.03984614209299581,0.02554478135755689,0.9744552186424431,0.3333333333333333,0.16666666666666666,0.2,0,0.0,3,1.5598544976862039,0.6365141682948128,5.551115123125783e-17,0.0,0.0,0.0,0.3333333333333333,0.6666666666666666,0.0,0.0
core_002,selected_observed_financial_ppo,ppo_cross_scenario_financial_policy,recovered_calibration,observed_calibration,True,True,4,core_002__recovered_calibration__episode_04,short_shelf_life,balanced_inventory,uniform,medium_margin,moderate_disposal_cost,observed_sales_demand,observed_target_response,0.2641055193339539,0.2641055193339538,0.4119661821968186,1.2714647134056838,0.8579199737274122,0.0015785574814529387,0.03157114962905877,0.020239804209873133,0.9797601957901269,0.3333333333333333,0.16666666666666666,0.2,0,0.0,3,1.5598544976862039,0.6365141682948128,5.551115123125783e-17,0.0,0.0,0.0,0.3333333333333333,0.6666666666666666,0.0,0.0
core_002,selected_observed_financial_ppo,ppo_cross_scenario_financial_policy,recovered_calibration,observed_calibration,True,True,5,core_002__recovered_calibration__episode_05,short_shelf_life,balanced_inventory,uniform,medium_margin,moderate_disposal_cost,observed_sales_demand,observed_target_response,0.2837435645182943,0.28374356451829424,0.4425986753033768,1.3005186490307892,0.8579199737274122,0.0,0.0,0.0,1.0,0.3333333333333333,0.16666666666666666,0.2,0,0.0,3,1.5598544976862039,0.6365141682948128,0.0,0.0,0.0,0.0,0.3333333333333333,0.6666666666666666,0.0,0.0
core_002,selected_observed_financial_ppo,ppo_cross_scenario_financial_policy,recovered_calibration,observed_calibration,True,True,6,core_002__recovered_calibration__episode_06,short_shelf_life,balanced_inventory,uniform,medium_margin,moderate_disposal_cost,observed_sales_demand,observed_target_response,0.2993516453099596,0.2993516453099596,0.46694501032650576,1.324864984053918,0.8579199737274122,0.0,0.0,0.0,1.0,0.3333333333333333,0.13333333333333333,0.2,0,0.0,3,1.5598544976862039,0.6365141682948128,0.0,0.0,0.0,0.0,0.6666666666666666,0.3333333333333333,0.0,0.0
core_002,selected_observed_financial_ppo,ppo_cross_scenario_financial_policy,recovered_calibration,observed_calibration,True,True,7,core_002__recovered_calibration__episode_07,short_shelf_life,balanced_inventory,uniform,medium_margin,moderate_disposal_cost,observed_sales_demand,observed_target_response,0.33970796887077465,0.3397079688707747,0.5298950031429228,1.387814976870335,0.8579199737274122,0.0,0.0,0.0,1.0,0.3333333333333333,0.13333333333333333,0.2,0,0.0,3,1.5598544976862039,0.6365141682948128,0.0,0.0,0.0,0.0,0.6666666666666666,0.3333333333333333,0.0,0.0
core_002,selected_recovered_financial_ppo,ppo_cross_scenario_financial_policy,recovered_calibration,recovered_calibration,True,False,0,core_002__recovered_calibration__episode_00,short_shelf_life,balanced_inventory,uniform,medium_margin,moderate_disposal_cost,observed_sales_demand,observed_target_response,0.3999999999999999,0.3999999999999999,0.6239417990744814,1.4818617728018937,0.8579199737274122,0.0,0.0,0.0,1.0,1.0,0.05,0.05,0,0.0,1,1.5598544976862039,-0.0,0.0,0.0,0.0,1.0,0.0,0.0,0.0,0.0
core_002,selected_recovered_financial_ppo,ppo_cross_scenario_financial_policy,recovered_calibration,recovered_calibration,True,False,1,core_002__recovered_calibration__episode_01,short_shelf_life,balanced_inventory,uniform,medium_margin,moderate_disposal_cost,observed_sales_demand,observed_target_response,0.21552508822718058,0.21552508822718056,0.3361877782353835,1.2008765606788412,0.8579199737274122,0.006768808716045377,0.13537617432090754,0.0867876936738116,0.9132123063261884,0.3333333333333333,0.15,0.3,0,0.0,3,1.5598544976862039,1.0986122886681096,1.1102230246251565e-16,0.0,0.0,0.3333333333333333,0.3333333333333333,0.0,0.3333333333333333,0.0
core_002,selected_recovered_financial_ppo,ppo_cross_scenario_financial_policy,recovered_calibration,recovered_calibration,True,False,2,core_002__recovered_calibration__episode_02,short_shelf_life,balanced_inventory,uniform,medium_margin,moderate_disposal_cost,observed_sales_demand,observed_target_response,0.2469375085679829,0.2469375085679829,0.38518658338719364,1.2473897502202167,0.8579199737274122,0.0042831931056107,0.085663862112214,0.054917854350699194,0.9450821456493009,0.3333333333333333,0.15,0.3,0,0.0,3,1.5598544976862039,1.0986122886681096,1.1102230246251565e-16,0.0,0.0,0.3333333333333333,0.3333333333333333,0.0,0.3333333333333333,0.0
core_002,selected_recovered_financial_ppo,ppo_cross_scenario_financial_policy,recovered_calibration,recovered_calibration,True,False,3,core_002__recovered_calibration__episode_03,short_shelf_life,balanced_inventory,uniform,medium_margin,moderate_disposal_cost,observed_sales_demand,observed_target_response,0.2522847225660667,0.2522847225660667,0.3935274591921953,1.2553026555106523,0.8579199737274122,0.003855222591044871,0.07710445182089742,0.04943054107627962,0.9505694589237204,0.3333333333333333,0.15,0.3,0,0.0,3,1.5598544976862039,1.0986122886681096,0.0,0.0,0.0,0.3333333333333333,0.3333333333333333,0.0,0.3333333333333333,0.0
core_002,selected_recovered_financial_ppo,ppo_cross_scenario_financial_policy,recovered_calibration,recovered_calibration,True,False,4,core_002__recovered_calibration__episode_04,short_shelf_life,balanced_inventory,uniform,medium_margin,moderate_disposal_cost,observed_sales_demand,observed_target_response,0.2826009897382762,0.2826009897382762,0.4408164248938229,1.3001247437004237,0.8579199737274122,0.0013883450791885798,0.027766901583771597,0.01780095619492676,0.9821990438050733,0.3333333333333333,0.15,0.3,0,0.0,3,1.5598544976862039,1.0986122886681096,0.0,0.0,0.0,0.3333333333333333,0.3333333333333333,0.0,0.3333333333333333,0.0
core_002,selected_recovered_financial_ppo,ppo_cross_scenario_financial_policy,recovered_calibration,recovered_calibration,True,False,5,core_002__recovered_calibration__episode_05,short_shelf_life,balanced_inventory,uniform,medium_margin,moderate_disposal_cost,observed_sales_demand,observed_target_response,0.2853539936222303,0.2853539936222303,0.4451107103843563,1.3030306841117687,0.8579199737274122,0.0,0.0,0.0,1.0,0.3333333333333333,0.18333333333333335,0.3,0,0.0,3,1.5598544976862039,1.0986122886681096,0.0,0.0,0.0,0.3333333333333333,0.0,0.3333333333333333,0.3333333333333333,0.0
core_002,selected_recovered_financial_ppo,ppo_cross_scenario_financial_policy,recovered_calibration,recovered_calibration,True,False,6,core_002__recovered_calibration__episode_06,short_shelf_life,balanced_inventory,uniform,medium_margin,moderate_disposal_cost,observed_sales_demand,observed_target_response,0.375019051484885,0.37501905148488496,0.5849751541767119,1.4428951279041242,0.8579199737274122,0.0,0.0,0.0,1.0,0.5,0.07500000000000001,0.1,0,0.0,2,1.5598544976862039,0.6931471805599453,0.0,0.0,0.0,0.5,0.5,0.0,0.0,0.0
core_002,selected_recovered_financial_ppo,ppo_cross_scenario_financial_policy,recovered_calibration,recovered_calibration,True,False,7,core_002__recovered_calibration__episode_07,short_shelf_life,balanced_inventory,uniform,medium_margin,moderate_disposal_cost,observed_sales_demand,observed_target_response,0.38143073913906683,0.3814307391390668,0.5949764540018465,1.4528964277292586,0.8579199737274122,0.0,0.0,0.0,1.0,0.3333333333333333,0.13333333333333333,0.3,0,0.0,3,1.5598544976862039,0.6365141682948128,0.0,0.0,0.0,0.6666666666666666,0.0,0.0,0.3333333333333333,0.0
core_002,always_0pct,fixed_or_rule_policy,observed_calibration,observed_calibration,False,False,0,core_002__observed_calibration__episode_00,short_shelf_life,balanced_inventory,uniform,medium_margin,moderate_disposal_cost,observed_sales_demand,observed_target_response,0.44999999999999996,0.44999999999999996,0.5565789473684211,1.236842105263158,0.6802631578947369,0.0,0.0,0.0,1.0,1.0,0.0,0.0,-1,1.1102230246251565e-16,1,1.236842105263158,-0.0,1.1102230246251565e-16,0.0,1.0,0.0,0.0,0.0,0.0,0.0
core_002,always_0pct,fixed_or_rule_policy,observed_calibration,observed_calibration,False,False,1,core_002__observed_calibration__episode_01,short_shelf_life,balanced_inventory,uniform,medium_margin,moderate_disposal_cost,observed_sales_demand,observed_target_response,0.45000000000000007,0.45000000000000007,0.5565789473684212,1.236842105263158,0.6802631578947369,0.0,0.0,0.0,1.0,0.3333333333333333,0.0,0.0,-1,0.0,3,1.236842105263158,-0.0,0.0,0.0,1.0,0.0,0.0,0.0,0.0,0.0
core_002,always_0pct,fixed_or_rule_policy,observed_calibration,observed_calibration,False,False,2,core_002__observed_calibration__episode_02,short_shelf_life,balanced_inventory,uniform,medium_margin,moderate_disposal_cost,observed_sales_demand,observed_target_response,0.45000000000000007,0.45000000000000007,0.5565789473684212,1.236842105263158,0.6802631578947369,0.0,0.0,0.0,1.0,0.3333333333333333,0.0,0.0,-1,0.0,3,1.236842105263158,-0.0,0.0,0.0,1.0,0.0,0.0,0.0,0.0,0.0
core_002,always_0pct,fixed_or_rule_policy,observed_calibration,observed_calibration,False,False,3,core_002__observed_calibration__episode_03,short_shelf_life,balanced_inventory,uniform,medium_margin,moderate_disposal_cost,observed_sales_demand,observed_target_response,0.45000000000000007,0.45000000000000007,0.5565789473684212,1.236842105263158,0.6802631578947369,0.0,0.0,0.0,1.0,0.3333333333333333,0.0,0.0,-1,0.0,3,1.236842105263158,-0.0,0.0,0.0,1.0,0.0,0.0,0.0,0.0,0.0
core_002,always_0pct,fixed_or_rule_policy,observed_calibration,observed_calibration,False,False,4,core_002__observed_calibration__episode_04,short_shelf_life,balanced_inventory,uniform,medium_margin,moderate_disposal_cost,observed_sales_demand,observed_target_response,0.45000000000000007,0.45000000000000007,0.5565789473684212,1.236842105263158,0.6802631578947369,0.0,0.0,0.0,1.0,0.3333333333333333,0.0,0.0,-1,0.0,3,1.236842105263158,-0.0,0.0,0.0,1.0,0.0,0.0,0.0,0.0,0.0
core_002,always_0pct,fixed_or_rule_policy,observed_calibration,observed_calibration,False,False,5,core_002__observed_calibration__episode_05,short_shelf_life,balanced_inventory,uniform,medium_margin,moderate_disposal_cost,observed_sales_demand,observed_target_response,0.45000000000000007,0.45000000000000007,0.5565789473684212,1.236842105263158,0.6802631578947369,0.0,0.0,0.0,1.0,0.5,0.0,0.0,-1,0.0,2,1.236842105263158,-0.0,0.0,0.0,1.0,0.0,0.0,0.0,0.0,0.0
core_002,always_0pct,fixed_or_rule_policy,observed_calibration,observed_calibration,False,False,6,core_002__observed_calibration__episode_06,short_shelf_life,balanced_inventory,uniform,medium_margin,moderate_disposal_cost,observed_sales_demand,observed_target_response,0.45000000000000007,0.45000000000000007,0.5565789473684212,1.236842105263158,0.6802631578947369,0.0,0.0,0.0,1.0,0.5,0.0,0.0,-1,0.0,2,1.236842105263158,-0.0,0.0,0.0,1.0,0.0,0.0,0.0,0.0,0.0
core_002,always_0pct,fixed_or_rule_policy,observed_calibration,observed_calibration,False,False,7,core_002__observed_calibration__episode_07,short_shelf_life,balanced_inventory,uniform,medium_margin,moderate_disposal_cost,observed_sales_demand,observed_target_response,0.45000000000000007,0.4500000000000002,0.5565789473684213,1.2368421052631582,0.6802631578947369,0.0,0.0,0.0,1.0000000000000002,0.3333333333333333,0.0,0.0,-1,0.0,3,1.236842105263158,-0.0,2.220446049250313e-16,1.1102230246251565e-16,1.0,0.0,0.0,0.0,0.0,0.0
core_002,always_5pct,fixed_or_rule_policy,observed_calibration,observed_calibration,False,False,0,core_002__observed_calibration__episode_00,short_shelf_life,balanced_inventory,uniform,medium_margin,moderate_disposal_cost,observed_sales_demand,observed_target_response,0.39999999999999997,0.39999999999999997,0.49473684210526314,1.175,0.6802631578947369,0.0,0.0,0.0,1.0,1.0,0.05,0.05,0,1.1102230246251565e-16,1,1.236842105263158,-0.0,1.1102230246251565e-16,0.0,0.0,1.0,0.0,0.0,0.0,0.0
core_002,always_5pct,fixed_or_rule_policy,observed_calibration,observed_calibration,False,False,1,core_002__observed_calibration__episode_01,short_shelf_life,balanced_inventory,uniform,medium_margin,moderate_disposal_cost,observed_sales_demand,observed_target_response,0.4,0.4,0.4947368421052632,1.1750000000000003,0.6802631578947369,0.0,0.0,0.0,1.0,0.3333333333333333,0.05000000000000001,0.05,0,0.0,3,1.236842105263158,-0.0,0.0,0.0,0.0,1.0,0.0,0.0,0.0,0.0
core_002,always_5pct,fixed_or_rule_policy,observed_calibration,observed_calibration,False,False,2,core_002__observed_calibration__episode_02,short_shelf_life,balanced_inventory,uniform,medium_margin,moderate_disposal_cost,observed_sales_demand,observed_target_response,0.4000000000000001,0.4000000000000001,0.49473684210526325,1.1750000000000003,0.6802631578947369,0.0,0.0,0.0,1.0,0.3333333333333333,0.05000000000000001,0.05,0,0.0,3,1.236842105263158,-0.0,0.0,0.0,0.0,1.0,0.0,0.0,0.0,0.0
core_002,always_5pct,fixed_or_rule_policy,observed_calibration,observed_calibration,False,False,3,core_002__observed_calibration__episode_03,short_shelf_life,balanced_inventory,uniform,medium_margin,moderate_disposal_cost,observed_sales_demand,observed_target_response,0.4,0.4000000000000001,0.49473684210526325,1.175,0.6802631578947369,0.0,0.0,0.0,1.0,0.3333333333333333,0.05000000000000001,0.05,0,0.0,3,1.236842105263158,-0.0,0.0,0.0,0.0,1.0,0.0,0.0,0.0,0.0
core_002,always_5pct,fixed_or_rule_policy,observed_calibration,observed_calibration,False,False,4,core_002__observed_calibration__episode_04,short_shelf_life,balanced_inventory,uniform,medium_margin,moderate_disposal_cost,observed_sales_demand,observed_target_response,0.4,0.4,0.4947368421052632,1.175,0.6802631578947369,0.0,0.0,0.0,1.0000000000000002,0.3333333333333333,0.05000000000000001,0.05,0,0.0,3,1.236842105263158,-0.0,2.220446049250313e-16,0.0,0.0,1.0,0.0,0.0,0.0,0.0
core_002,always_5pct,fixed_or_rule_policy,observed_calibration,observed_calibration,False,False,5,core_002__observed_calibration__episode_05,short_shelf_life,balanced_inventory,uniform,medium_margin,moderate_disposal_cost,observed_sales_demand,observed_target_response,0.4000000000000001,0.4000000000000001,0.49473684210526325,1.175,0.6802631578947369,0.0,0.0,0.0,1.0,0.3333333333333333,0.05000000000000001,0.05,0,0.0,3,1.236842105263158,-0.0,0.0,0.0,0.0,1.0,0.0,0.0,0.0,0.0
core_002,always_5pct,fixed_or_rule_policy,observed_calibration,observed_calibration,False,False,6,core_002__observed_calibration__episode_06,short_shelf_life,balanced_inventory,uniform,medium_margin,moderate_disposal_cost,observed_sales_demand,observed_target_response,0.4000000000000001,0.4000000000000001,0.49473684210526325,1.1750000000000003,0.6802631578947369,0.0,0.0,0.0,1.0,0.5,0.05,0.05,0,0.0,2,1.236842105263158,-0.0,0.0,0.0,0.0,1.0,0.0,0.0,0.0,0.0
core_002,always_5pct,fixed_or_rule_policy,observed_calibration,observed_calibration,False,False,7,core_002__observed_calibration__episode_07,short_shelf_life,balanced_inventory,uniform,medium_margin,moderate_disposal_cost,observed_sales_demand,observed_target_response,0.39999999999999997,0.4,0.4947368421052632,1.175,0.6802631578947369,0.0,0.0,0.0,1.0,0.5,0.05,0.05,0,0.0,2,1.236842105263158,-0.0,0.0,0.0,0.0,1.0,0.0,0.0,0.0,0.0
core_002,always_10pct,fixed_or_rule_policy,observed_calibration,observed_calibration,False,False,0,core_002__observed_calibration__episode_00,short_shelf_life,balanced_inventory,uniform,medium_margin,moderate_disposal_cost,observed_sales_demand,observed_target_response,0.3499999999999999,0.3499999999999999,0.4328947368421052,1.1131578947368421,0.6802631578947369,0.0,0.0,0.0,1.0,1.0,0.1,0.1,0,1.1102230246251565e-16,1,1.236842105263158,-0.0,1.1102230246251565e-16,0.0,0.0,0.0,1.0,0.0,0.0,0.0
core_002,always_10pct,fixed_or_rule_policy,observed_calibration,observed_calibration,False,False,1,core_002__observed_calibration__episode_01,short_shelf_life,balanced_inventory,uniform,medium_margin,moderate_disposal_cost,observed_sales_demand,observed_target_response,0.3500000000000001,0.3500000000000001,0.4328947368421054,1.1131578947368421,0.6802631578947369,0.0,0.0,0.0,1.0,0.3333333333333333,0.10000000000000002,0.1,0,0.0,3,1.236842105263158,-0.0,0.0,0.0,0.0,0.0,1.0,0.0,0.0,0.0
core_002,always_10pct,fixed_or_rule_policy,observed_calibration,observed_calibration,False,False,2,core_002__observed_calibration__episode_02,short_shelf_life,balanced_inventory,uniform,medium_margin,moderate_disposal_cost,observed_sales_demand,observed_target_response,0.3500000000000001,0.3500000000000001,0.4328947368421054,1.1131578947368423,0.6802631578947369,0.0,0.0,0.0,1.0,0.3333333333333333,0.10000000000000002,0.1,0,0.0,3,1.236842105263158,-0.0,0.0,0.0,0.0,0.0,1.0,0.0,0.0,0.0
core_002,always_10pct,fixed_or_rule_policy,observed_calibration,observed_calibration,False,False,3,core_002__observed_calibration__episode_03,short_shelf_life,balanced_inventory,uniform,medium_margin,moderate_disposal_cost,observed_sales_demand,observed_target_response,0.35000000000000003,0.35000000000000003,0.43289473684210533,1.1131578947368423,0.6802631578947369,0.0,0.0,0.0,1.0000000000000002,0.3333333333333333,0.10000000000000002,0.1,0,0.0,3,1.236842105263158,-0.0,2.220446049250313e-16,0.0,0.0,0.0,1.0,0.0,0.0,0.0
core_002,always_10pct,fixed_or_rule_policy,observed_calibration,observed_calibration,False,False,4,core_002__observed_calibration__episode_04,short_shelf_life,balanced_inventory,uniform,medium_margin,moderate_disposal_cost,observed_sales_demand,observed_target_response,0.3500000000000001,0.35000000000000014,0.43289473684210544,1.1131578947368423,0.6802631578947369,0.0,0.0,0.0,1.0,0.3333333333333333,0.10000000000000002,0.1,0,0.0,3,1.236842105263158,-0.0,0.0,0.0,0.0,0.0,1.0,0.0,0.0,0.0
core_002,always_10pct,fixed_or_rule_policy,observed_calibration,observed_calibration,False,False,5,core_002__observed_calibration__episode_05,short_shelf_life,balanced_inventory,uniform,medium_margin,moderate_disposal_cost,observed_sales_demand,observed_target_response,0.35000000000000003,0.3500000000000001,0.4328947368421054,1.1131578947368423,0.6802631578947369,0.0,0.0,0.0,1.0,0.3333333333333333,0.10000000000000002,0.1,0,0.0,3,1.236842105263158,-0.0,0.0,0.0,0.0,0.0,1.0,0.0,0.0,0.0
core_002,always_10pct,fixed_or_rule_policy,observed_calibration,observed_calibration,False,False,6,core_002__observed_calibration__episode_06,short_shelf_life,balanced_inventory,uniform,medium_margin,moderate_disposal_cost,observed_sales_demand,observed_target_response,0.35000000000000003,0.3500000000000001,0.4328947368421054,1.1131578947368423,0.6802631578947369,0.0,0.0,0.0,1.0,0.5,0.1,0.1,0,0.0,2,1.236842105263158,-0.0,0.0,0.0,0.0,0.0,1.0,0.0,0.0,0.0
core_002,always_10pct,fixed_or_rule_policy,observed_calibration,observed_calibration,False,False,7,core_002__observed_calibration__episode_07,short_shelf_life,balanced_inventory,uniform,medium_margin,moderate_disposal_cost,observed_sales_demand,observed_target_response,0.35000000000000014,0.35000000000000014,0.43289473684210544,1.1131578947368423,0.6802631578947369,0.0,0.0,0.0,1.0,0.5,0.1,0.1,0,0.0,2,1.236842105263158,-0.0,0.0,0.0,0.0,0.0,1.0,0.0,0.0,0.0
core_002,always_20pct,fixed_or_rule_policy,observed_calibration,observed_calibration,False,False,0,core_002__observed_calibration__episode_00,short_shelf_life,balanced_inventory,uniform,medium_margin,moderate_disposal_cost,observed_sales_demand,observed_target_response,0.25,0.25,0.3092105263157895,0.9894736842105264,0.6802631578947369,0.0,0.0,0.0,1.0,1.0,0.2,0.2,0,1.1102230246251565e-16,1,1.236842105263158,-0.0,1.1102230246251565e-16,0.0,0.0,0.0,0.0,1.0,0.0,0.0
core_002,always_20pct,fixed_or_rule_policy,observed_calibration,observed_calibration,False,False,1,core_002__observed_calibration__episode_01,short_shelf_life,balanced_inventory,uniform,medium_margin,moderate_disposal_cost,observed_sales_demand,observed_target_response,0.2500000000000001,0.2500000000000001,0.30921052631578966,0.9894736842105265,0.6802631578947369,0.0,0.0,0.0,1.0,0.3333333333333333,0.20000000000000004,0.2,0,0.0,3,1.236842105263158,-0.0,0.0,0.0,0.0,0.0,0.0,1.0,0.0,0.0
core_002,always_20pct,fixed_or_rule_policy,observed_calibration,observed_calibration,False,False,2,core_002__observed_calibration__episode_02,short_shelf_life,balanced_inventory,uniform,medium_margin,moderate_disposal_cost,observed_sales_demand,observed_target_response,0.2500000000000001,0.2500000000000001,0.3092105263157896,0.9894736842105265,0.6802631578947369,0.0,0.0,0.0,1.0,0.3333333333333333,0.20000000000000004,0.2,0,0.0,3,1.236842105263158,-0.0,0.0,0.0,0.0,0.0,0.0,1.0,0.0,0.0
core_002,always_20pct,fixed_or_rule_policy,observed_calibration,observed_calibration,False,False,3,core_002__observed_calibration__episode_03,short_shelf_life,balanced_inventory,uniform,medium_margin,moderate_disposal_cost,observed_sales_demand,observed_target_response,0.2500000000000001,0.2500000000000001,0.3092105263157896,0.9894736842105265,0.6802631578947369,0.0,0.0,0.0,1.0,0.3333333333333333,0.20000000000000004,0.2,0,0.0,3,1.236842105263158,-0.0,0.0,0.0,0.0,0.0,0.0,1.0,0.0,0.0
core_002,always_20pct,fixed_or_rule_policy,observed_calibration,observed_calibration,False,False,4,core_002__observed_calibration__episode_04,short_shelf_life,balanced_inventory,uniform,medium_margin,moderate_disposal_cost,observed_sales_demand,observed_target_response,0.2500000000000001,0.2500000000000001,0.3092105263157896,0.9894736842105265,0.6802631578947369,0.0,0.0,0.0,1.0,0.3333333333333333,0.20000000000000004,0.2,0,0.0,3,1.236842105263158,-0.0,0.0,0.0,0.0,0.0,0.0,1.0,0.0,0.0
core_002,always_20pct,fixed_or_rule_policy,observed_calibration,observed_calibration,False,False,5,core_002__observed_calibration__episode_05,short_shelf_life,balanced_inventory,uniform,medium_margin,moderate_disposal_cost,observed_sales_demand,observed_target_response,0.25000000000000006,0.25000000000000006,0.30921052631578955,0.9894736842105265,0.6802631578947369,0.0,0.0,0.0,1.0,0.5,0.2,0.2,0,0.0,2,1.236842105263158,-0.0,0.0,0.0,0.0,0.0,0.0,1.0,0.0,0.0
core_002,always_20pct,fixed_or_rule_policy,observed_calibration,observed_calibration,False,False,6,core_002__observed_calibration__episode_06,short_shelf_life,balanced_inventory,uniform,medium_margin,moderate_disposal_cost,observed_sales_demand,observed_target_response,0.2500000000000001,0.2500000000000001,0.30921052631578966,0.9894736842105265,0.6802631578947369,0.0,0.0,0.0,1.0,0.5,0.2,0.2,0,0.0,2,1.236842105263158,-0.0,0.0,0.0,0.0,0.0,0.0,1.0,0.0,0.0
core_002,always_20pct,fixed_or_rule_policy,observed_calibration,observed_calibration,False,False,7,core_002__observed_calibration__episode_07,short_shelf_life,balanced_inventory,uniform,medium_margin,moderate_disposal_cost,observed_sales_demand,observed_target_response,0.2500000000000001,0.2500000000000001,0.3092105263157896,0.9894736842105265,0.6802631578947369,0.0,0.0,0.0,1.0,0.3333333333333333,0.20000000000000004,0.2,0,0.0,3,1.236842105263158,-0.0,0.0,0.0,0.0,0.0,0.0,1.0,0.0,0.0
core_002,always_40pct,fixed_or_rule_policy,observed_calibration,observed_calibration,False,False,0,core_002__observed_calibration__episode_00,short_shelf_life,balanced_inventory,uniform,medium_margin,moderate_disposal_cost,observed_sales_demand,observed_target_response,0.049999999999999926,0.049999999999999926,0.06184210526315781,0.7421052631578947,0.6802631578947369,0.0,0.0,0.0,1.0,1.0,0.4,0.4,0,1.1102230246251565e-16,1,1.236842105263158,-0.0,1.1102230246251565e-16,0.0,0.0,0.0,0.0,0.0,0.0,1.0
core_002,always_40pct,fixed_or_rule_policy,observed_calibration,observed_calibration,False,False,1,core_002__observed_calibration__episode_01,short_shelf_life,balanced_inventory,uniform,medium_margin,moderate_disposal_cost,observed_sales_demand,observed_target_response,0.05000000000000006,0.05000000000000005,0.06184210526315796,0.7421052631578948,0.6802631578947369,0.0,0.0,0.0,1.0,0.5,0.4,0.4,0,0.0,2,1.236842105263158,-0.0,0.0,0.0,0.0,0.0,0.0,0.0,0.0,1.0
core_002,always_40pct,fixed_or_rule_policy,observed_calibration,observed_calibration,False,False,2,core_002__observed_calibration__episode_02,short_shelf_life,balanced_inventory,uniform,medium_margin,moderate_disposal_cost,observed_sales_demand,observed_target_response,0.05000000000000004,0.05000000000000003,0.061842105263157934,0.7421052631578948,0.6802631578947369,0.0,0.0,0.0,1.0,0.5,0.4,0.4,0,0.0,2,1.236842105263158,-0.0,0.0,0.0,0.0,0.0,0.0,0.0,0.0,1.0
core_002,always_40pct,fixed_or_rule_policy,observed_calibration,observed_calibration,False,False,3,core_002__observed_calibration__episode_03,short_shelf_life,balanced_inventory,uniform,medium_margin,moderate_disposal_cost,observed_sales_demand,observed_target_response,0.05000000000000005,0.05000000000000005,0.06184210526315796,0.7421052631578948,0.6802631578947369,0.0,0.0,0.0,1.0,0.5,0.4,0.4,0,0.0,2,1.236842105263158,-0.0,0.0,0.0,0.0,0.0,0.0,0.0,0.0,1.0
core_002,always_40pct,fixed_or_rule_policy,observed_calibration,observed_calibration,False,False,4,core_002__observed_calibration__episode_04,short_shelf_life,balanced_inventory,uniform,medium_margin,moderate_disposal_cost,observed_sales_demand,observed_target_response,0.050000000000000044,0.05000000000000004,0.06184210526315795,0.7421052631578948,0.6802631578947369,0.0,0.0,0.0,1.0,0.5,0.4,0.4,0,0.0,2,1.236842105263158,-0.0,0.0,0.0,0.0,0.0,0.0,0.0,0.0,1.0
core_002,always_40pct,fixed_or_rule_policy,observed_calibration,observed_calibration,False,False,5,core_002__observed_calibration__episode_05,short_shelf_life,balanced_inventory,uniform,medium_margin,moderate_disposal_cost,observed_sales_demand,observed_target_response,0.050000000000000044,0.05000000000000005,0.06184210526315796,0.7421052631578948,0.6802631578947369,0.0,0.0,0.0,1.0,0.5,0.4,0.4,0,0.0,2,1.236842105263158,-0.0,0.0,0.0,0.0,0.0,0.0,0.0,0.0,1.0
core_002,always_40pct,fixed_or_rule_policy,observed_calibration,observed_calibration,False,False,6,core_002__observed_calibration__episode_06,short_shelf_life,balanced_inventory,uniform,medium_margin,moderate_disposal_cost,observed_sales_demand,observed_target_response,0.05000000000000005,0.05000000000000005,0.06184210526315796,0.7421052631578948,0.6802631578947369,0.0,0.0,0.0,1.0,0.5,0.4,0.4,0,0.0,2,1.236842105263158,-0.0,0.0,0.0,0.0,0.0,0.0,0.0,0.0,1.0
core_002,always_40pct,fixed_or_rule_policy,observed_calibration,observed_calibration,False,False,7,core_002__observed_calibration__episode_07,short_shelf_life,balanced_inventory,uniform,medium_margin,moderate_disposal_cost,observed_sales_demand,observed_target_response,0.05000000000000006,0.05000000000000005,0.06184210526315796,0.7421052631578948,0.6802631578947369,0.0,0.0,0.0,1.0,0.5,0.4,0.4,0,0.0,2,1.236842105263158,-0.0,0.0,0.0,0.0,0.0,0.0,0.0,0.0,1.0
core_002,expiry_threshold_rule,fixed_or_rule_policy,observed_calibration,observed_calibration,False,False,0,core_002__observed_calibration__episode_00,short_shelf_life,balanced_inventory,uniform,medium_margin,moderate_disposal_cost,observed_sales_demand,observed_target_response,0.049999999999999926,0.049999999999999926,0.06184210526315781,0.7421052631578947,0.6802631578947369,0.0,0.0,0.0,1.0,1.0,0.4,0.4,0,1.1102230246251565e-16,1,1.236842105263158,-0.0,1.1102230246251565e-16,0.0,0.0,0.0,0.0,0.0,0.0,1.0
core_002,expiry_threshold_rule,fixed_or_rule_policy,observed_calibration,observed_calibration,False,False,1,core_002__observed_calibration__episode_01,short_shelf_life,balanced_inventory,uniform,medium_margin,moderate_disposal_cost,observed_sales_demand,observed_target_response,0.05000000000000006,0.05000000000000005,0.06184210526315796,0.7421052631578948,0.6802631578947369,0.0,0.0,0.0,1.0,0.5,0.4,0.4,0,0.0,2,1.236842105263158,-0.0,0.0,0.0,0.0,0.0,0.0,0.0,0.0,1.0
core_002,expiry_threshold_rule,fixed_or_rule_policy,observed_calibration,observed_calibration,False,False,2,core_002__observed_calibration__episode_02,short_shelf_life,balanced_inventory,uniform,medium_margin,moderate_disposal_cost,observed_sales_demand,observed_target_response,0.05000000000000004,0.05000000000000003,0.061842105263157934,0.7421052631578948,0.6802631578947369,0.0,0.0,0.0,1.0,0.5,0.4,0.4,0,0.0,2,1.236842105263158,-0.0,0.0,0.0,0.0,0.0,0.0,0.0,0.0,1.0
core_002,expiry_threshold_rule,fixed_or_rule_policy,observed_calibration,observed_calibration,False,False,3,core_002__observed_calibration__episode_03,short_shelf_life,balanced_inventory,uniform,medium_margin,moderate_disposal_cost,observed_sales_demand,observed_target_response,0.05000000000000005,0.05000000000000005,0.06184210526315796,0.7421052631578948,0.6802631578947369,0.0,0.0,0.0,1.0,0.5,0.4,0.4,0,0.0,2,1.236842105263158,-0.0,0.0,0.0,0.0,0.0,0.0,0.0,0.0,1.0
core_002,expiry_threshold_rule,fixed_or_rule_policy,observed_calibration,observed_calibration,False,False,4,core_002__observed_calibration__episode_04,short_shelf_life,balanced_inventory,uniform,medium_margin,moderate_disposal_cost,observed_sales_demand,observed_target_response,0.050000000000000044,0.05000000000000004,0.06184210526315795,0.7421052631578948,0.6802631578947369,0.0,0.0,0.0,1.0,0.5,0.4,0.4,0,0.0,2,1.236842105263158,-0.0,0.0,0.0,0.0,0.0,0.0,0.0,0.0,1.0
core_002,expiry_threshold_rule,fixed_or_rule_policy,observed_calibration,observed_calibration,False,False,5,core_002__observed_calibration__episode_05,short_shelf_life,balanced_inventory,uniform,medium_margin,moderate_disposal_cost,observed_sales_demand,observed_target_response,0.050000000000000044,0.05000000000000005,0.06184210526315796,0.7421052631578948,0.6802631578947369,0.0,0.0,0.0,1.0,0.5,0.4,0.4,0,0.0,2,1.236842105263158,-0.0,0.0,0.0,0.0,0.0,0.0,0.0,0.0,1.0
core_002,expiry_threshold_rule,fixed_or_rule_policy,observed_calibration,observed_calibration,False,False,6,core_002__observed_calibration__episode_06,short_shelf_life,balanced_inventory,uniform,medium_margin,moderate_disposal_cost,observed_sales_demand,observed_target_response,0.05000000000000005,0.05000000000000005,0.06184210526315796,0.7421052631578948,0.6802631578947369,0.0,0.0,0.0,1.0,0.5,0.4,0.4,0,0.0,2,1.236842105263158,-0.0,0.0,0.0,0.0,0.0,0.0,0.0,0.0,1.0
core_002,expiry_threshold_rule,fixed_or_rule_policy,observed_calibration,observed_calibration,False,False,7,core_002__observed_calibration__episode_07,short_shelf_life,balanced_inventory,uniform,medium_margin,moderate_disposal_cost,observed_sales_demand,observed_target_response,0.05000000000000006,0.05000000000000005,0.06184210526315796,0.7421052631578948,0.6802631578947369,0.0,0.0,0.0,1.0,0.5,0.4,0.4,0,0.0,2,1.236842105263158,-0.0,0.0,0.0,0.0,0.0,0.0,0.0,0.0,1.0
core_002,inventory_coverage_rule,fixed_or_rule_policy,observed_calibration,observed_calibration,False,False,0,core_002__observed_calibration__episode_00,short_shelf_life,balanced_inventory,uniform,medium_margin,moderate_disposal_cost,observed_sales_demand,observed_target_response,0.25,0.25,0.3092105263157895,0.9894736842105264,0.6802631578947369,0.0,0.0,0.0,1.0,1.0,0.2,0.2,0,1.1102230246251565e-16,1,1.236842105263158,-0.0,1.1102230246251565e-16,0.0,0.0,0.0,0.0,1.0,0.0,0.0
core_002,inventory_coverage_rule,fixed_or_rule_policy,observed_calibration,observed_calibration,False,False,1,core_002__observed_calibration__episode_01,short_shelf_life,balanced_inventory,uniform,medium_margin,moderate_disposal_cost,observed_sales_demand,observed_target_response,0.20162199763295083,0.20162199763295083,0.24937457601970237,0.9296377339144393,0.6802631578947369,0.0,0.0,0.0,1.0,0.3333333333333333,0.16666666666666666,0.3,0,0.0,3,1.236842105263158,1.0986122886681096,0.0,0.0,0.3333333333333333,0.0,0.0,0.3333333333333333,0.3333333333333333,0.0
core_002,inventory_coverage_rule,fixed_or_rule_policy,observed_calibration,observed_calibration,False,False,2,core_002__observed_calibration__episode_02,short_shelf_life,balanced_inventory,uniform,medium_margin,moderate_disposal_cost,observed_sales_demand,observed_target_response,0.19213234344382507,0.19213234344382507,0.23763737215420472,0.9179005300489416,0.6802631578947369,0.0,0.0,0.0,1.0,0.5,0.25,0.3,0,0.0,2,1.236842105263158,0.6931471805599453,0.0,0.0,0.0,0.0,0.0,0.5,0.5,0.0
core_002,inventory_coverage_rule,fixed_or_rule_policy,observed_calibration,observed_calibration,False,False,3,core_002__observed_calibration__episode_03,short_shelf_life,balanced_inventory,uniform,medium_margin,moderate_disposal_cost,observed_sales_demand,observed_target_response,0.19896706166289005,0.19896706166289002,0.24609083942515347,0.9263539973198903,0.6802631578947369,0.0,0.0,0.0,1.0,0.3333333333333333,0.16666666666666666,0.3,0,0.0,3,1.236842105263158,1.0986122886681096,0.0,0.0,0.3333333333333333,0.0,0.0,0.3333333333333333,0.3333333333333333,0.0
core_002,inventory_coverage_rule,fixed_or_rule_policy,observed_calibration,observed_calibration,False,False,4,core_002__observed_calibration__episode_04,short_shelf_life,balanced_inventory,uniform,medium_margin,moderate_disposal_cost,observed_sales_demand,observed_target_response,0.20405467589695364,0.20405467589695364,0.2523834149251795,0.9326465728199164,0.6802631578947369,0.0,0.0,0.0,1.0,0.3333333333333333,0.16666666666666666,0.3,0,0.0,3,1.236842105263158,1.0986122886681096,0.0,0.0,0.3333333333333333,0.0,0.0,0.3333333333333333,0.3333333333333333,0.0
core_002,inventory_coverage_rule,fixed_or_rule_policy,observed_calibration,observed_calibration,False,False,5,core_002__observed_calibration__episode_05,short_shelf_life,balanced_inventory,uniform,medium_margin,moderate_disposal_cost,observed_sales_demand,observed_target_response,0.23561300018892714,0.2356130001889271,0.29141607918104145,0.9716792370757783,0.6802631578947369,0.0,0.0,0.0,1.0,0.5,0.2,0.3,0,0.0,2,1.236842105263158,0.6931471805599453,0.0,0.0,0.0,0.0,0.5,0.0,0.5,0.0
core_002,inventory_coverage_rule,fixed_or_rule_policy,observed_calibration,observed_calibration,False,False,6,core_002__observed_calibration__episode_06,short_shelf_life,balanced_inventory,uniform,medium_margin,moderate_disposal_cost,observed_sales_demand,observed_target_response,0.21817766466312813,0.21817766466312816,0.2698513220833427,0.9501144799780796,0.6802631578947369,0.0,0.0,0.0,1.0,0.5,0.2,0.3,0,0.0,2,1.236842105263158,0.6931471805599453,0.0,0.0,0.0,0.0,0.5,0.0,0.5,0.0
core_002,inventory_coverage_rule,fixed_or_rule_policy,observed_calibration,observed_calibration,False,False,7,core_002__observed_calibration__episode_07,short_shelf_life,balanced_inventory,uniform,medium_margin,moderate_disposal_cost,observed_sales_demand,observed_target_response,0.21733387725340958,0.21733387725340958,0.2688076902871119,0.9490708481818488,0.6802631578947369,0.0,0.0,0.0,1.0,0.5,0.2,0.3,0,0.0,2,1.236842105263158,0.6931471805599453,0.0,0.0,0.0,0.0,0.5,0.0,0.5,0.0
core_002,selected_observed_financial_ppo,ppo_cross_scenario_financial_policy,observed_calibration,observed_calibration,True,False,0,core_002__observed_calibration__episode_00,short_shelf_life,balanced_inventory,uniform,medium_margin,moderate_disposal_cost,observed_sales_demand,observed_target_response,0.3499999999999999,0.3499999999999999,0.4328947368421052,1.1131578947368421,0.6802631578947369,0.0,0.0,0.0,1.0,1.0,0.1,0.1,0,1.1102230246251565e-16,1,1.236842105263158,-0.0,1.1102230246251565e-16,0.0,0.0,0.0,1.0,0.0,0.0,0.0
core_002,selected_observed_financial_ppo,ppo_cross_scenario_financial_policy,observed_calibration,observed_calibration,True,False,1,core_002__observed_calibration__episode_01,short_shelf_life,balanced_inventory,uniform,medium_margin,moderate_disposal_cost,observed_sales_demand,observed_target_response,0.32659784210298887,0.32659784210298887,0.4039499626010652,1.084213120495802,0.6802631578947369,0.0,0.0,0.0,1.0,0.3333333333333333,0.13333333333333333,0.2,0,0.0,3,1.236842105263158,0.6365141682948128,0.0,0.0,0.0,0.0,0.6666666666666666,0.3333333333333333,0.0,0.0
core_002,selected_observed_financial_ppo,ppo_cross_scenario_financial_policy,observed_calibration,observed_calibration,True,False,2,core_002__observed_calibration__episode_02,short_shelf_life,balanced_inventory,uniform,medium_margin,moderate_disposal_cost,observed_sales_demand,observed_target_response,0.33039373708805064,0.3303937370880506,0.40864488534574683,1.0889080432404838,0.6802631578947369,0.0,0.0,0.0,1.0,0.3333333333333333,0.13333333333333333,0.2,0,0.0,3,1.236842105263158,0.6365141682948128,0.0,0.0,0.0,0.0,0.6666666666666666,0.3333333333333333,0.0,0.0
core_002,selected_observed_financial_ppo,ppo_cross_scenario_financial_policy,observed_calibration,observed_calibration,True,False,3,core_002__observed_calibration__episode_03,short_shelf_life,balanced_inventory,uniform,medium_margin,moderate_disposal_cost,observed_sales_demand,observed_target_response,0.32883850685683497,0.32883850685683497,0.4067213111124012,1.0869844690071382,0.6802631578947369,0.0,0.0,0.0,1.0000000000000002,0.3333333333333333,0.13333333333333333,0.2,0,0.0,3,1.236842105263158,0.6365141682948128,2.220446049250313e-16,0.0,0.0,0.0,0.6666666666666666,0.3333333333333333,0.0,0.0
core_002,selected_observed_financial_ppo,ppo_cross_scenario_financial_policy,observed_calibration,observed_calibration,True,False,4,core_002__observed_calibration__episode_04,short_shelf_life,balanced_inventory,uniform,medium_margin,moderate_disposal_cost,observed_sales_demand,observed_target_response,0.32945498664653583,0.32945498664653583,0.407483799273347,1.0877469571680838,0.6802631578947369,0.0,0.0,0.0,1.0,0.3333333333333333,0.13333333333333333,0.2,0,0.0,3,1.236842105263158,0.6365141682948128,0.0,0.0,0.0,0.0,0.6666666666666666,0.3333333333333333,0.0,0.0
core_002,selected_observed_financial_ppo,ppo_cross_scenario_financial_policy,observed_calibration,observed_calibration,True,False,5,core_002__observed_calibration__episode_05,short_shelf_life,balanced_inventory,uniform,medium_margin,moderate_disposal_cost,observed_sales_demand,observed_target_response,0.3496883590670851,0.3496883590670852,0.43250928621455276,1.1127724441092897,0.6802631578947369,0.0,0.0,0.0,1.0,0.3333333333333333,0.13333333333333333,0.2,0,0.0,3,1.236842105263158,0.6365141682948128,0.0,0.0,0.0,0.0,0.6666666666666666,0.3333333333333333,0.0,0.0
core_002,selected_observed_financial_ppo,ppo_cross_scenario_financial_policy,observed_calibration,observed_calibration,True,False,6,core_002__observed_calibration__episode_06,short_shelf_life,balanced_inventory,uniform,medium_margin,moderate_disposal_cost,observed_sales_demand,observed_target_response,0.35000000000000003,0.3500000000000001,0.4328947368421054,1.1131578947368423,0.6802631578947369,0.0,0.0,0.0,1.0,0.5,0.1,0.1,0,0.0,2,1.236842105263158,-0.0,0.0,0.0,0.0,0.0,1.0,0.0,0.0,0.0
core_002,selected_observed_financial_ppo,ppo_cross_scenario_financial_policy,observed_calibration,observed_calibration,True,False,7,core_002__observed_calibration__episode_07,short_shelf_life,balanced_inventory,uniform,medium_margin,moderate_disposal_cost,observed_sales_demand,observed_target_response,0.35000000000000014,0.35000000000000014,0.43289473684210544,1.1131578947368423,0.6802631578947369,0.0,0.0,0.0,1.0,0.5,0.1,0.1,0,0.0,2,1.236842105263158,-0.0,0.0,0.0,0.0,0.0,1.0,0.0,0.0,0.0
core_002,selected_recovered_financial_ppo,ppo_cross_scenario_financial_policy,observed_calibration,recovered_calibration,True,True,0,core_002__observed_calibration__episode_00,short_shelf_life,balanced_inventory,uniform,medium_margin,moderate_disposal_cost,observed_sales_demand,observed_target_response,0.39999999999999997,0.39999999999999997,0.49473684210526314,1.175,0.6802631578947369,0.0,0.0,0.0,1.0,1.0,0.05,0.05,0,1.1102230246251565e-16,1,1.236842105263158,-0.0,1.1102230246251565e-16,0.0,0.0,1.0,0.0,0.0,0.0,0.0
core_002,selected_recovered_financial_ppo,ppo_cross_scenario_financial_policy,observed_calibration,recovered_calibration,True,True,1,core_002__observed_calibration__episode_01,short_shelf_life,balanced_inventory,uniform,medium_margin,moderate_disposal_cost,observed_sales_demand,observed_target_response,0.3883261698274294,0.3883261698274294,0.4802981574181364,1.1605613153128733,0.6802631578947369,0.0,0.0,0.0,1.0,0.3333333333333333,0.06666666666666667,0.1,0,0.0,3,1.236842105263158,0.6365141682948128,0.0,0.0,0.0,0.6666666666666666,0.3333333333333333,0.0,0.0,0.0
core_002,selected_recovered_financial_ppo,ppo_cross_scenario_financial_policy,observed_calibration,recovered_calibration,True,True,2,core_002__observed_calibration__episode_02,short_shelf_life,balanced_inventory,uniform,medium_margin,moderate_disposal_cost,observed_sales_demand,observed_target_response,0.39022455136740075,0.3902245513674007,0.48264615563862723,1.1629093135333641,0.6802631578947369,0.0,0.0,0.0,1.0,0.3333333333333333,0.06666666666666667,0.1,0,0.0,3,1.236842105263158,0.6365141682948128,0.0,0.0,0.0,0.6666666666666666,0.3333333333333333,0.0,0.0,0.0
core_002,selected_recovered_financial_ppo,ppo_cross_scenario_financial_policy,observed_calibration,recovered_calibration,True,True,3,core_002__observed_calibration__episode_03,short_shelf_life,balanced_inventory,uniform,medium_margin,moderate_disposal_cost,observed_sales_demand,observed_target_response,0.38944675841660414,0.38944675841660414,0.48168414856790515,1.161947306462642,0.6802631578947369,0.0,0.0,0.0,1.0,0.3333333333333333,0.06666666666666667,0.1,0,0.0,3,1.236842105263158,0.6365141682948128,0.0,0.0,0.0,0.6666666666666666,0.3333333333333333,0.0,0.0,0.0
core_002,selected_recovered_financial_ppo,ppo_cross_scenario_financial_policy,observed_calibration,recovered_calibration,True,True,4,core_002__observed_calibration__episode_04,short_shelf_life,balanced_inventory,uniform,medium_margin,moderate_disposal_cost,observed_sales_demand,observed_target_response,0.38975506880378263,0.38975506880378263,0.4820654798362575,1.1623286377309943,0.6802631578947369,0.0,0.0,0.0,1.0000000000000002,0.3333333333333333,0.06666666666666667,0.1,0,0.0,3,1.236842105263158,0.6365141682948128,2.220446049250313e-16,0.0,0.0,0.6666666666666666,0.3333333333333333,0.0,0.0,0.0
core_002,selected_recovered_financial_ppo,ppo_cross_scenario_financial_policy,observed_calibration,recovered_calibration,True,True,5,core_002__observed_calibration__episode_05,short_shelf_life,balanced_inventory,uniform,medium_margin,moderate_disposal_cost,observed_sales_demand,observed_target_response,0.3998740686300937,0.39987406863009367,0.4945810848845896,1.1748442427793264,0.6802631578947369,0.0,0.0,0.0,1.0,0.3333333333333333,0.06666666666666667,0.1,0,0.0,3,1.236842105263158,0.6365141682948128,0.0,0.0,0.0,0.6666666666666666,0.3333333333333333,0.0,0.0,0.0
core_002,selected_recovered_financial_ppo,ppo_cross_scenario_financial_policy,observed_calibration,recovered_calibration,True,True,6,core_002__observed_calibration__episode_06,short_shelf_life,balanced_inventory,uniform,medium_margin,moderate_disposal_cost,observed_sales_demand,observed_target_response,0.4000000000000001,0.4000000000000001,0.49473684210526325,1.1750000000000003,0.6802631578947369,0.0,0.0,0.0,1.0,0.5,0.05,0.05,0,0.0,2,1.236842105263158,-0.0,0.0,0.0,0.0,1.0,0.0,0.0,0.0,0.0
core_002,selected_recovered_financial_ppo,ppo_cross_scenario_financial_policy,observed_calibration,recovered_calibration,True,True,7,core_002__observed_calibration__episode_07,short_shelf_life,balanced_inventory,uniform,medium_margin,moderate_disposal_cost,observed_sales_demand,observed_target_response,0.39999999999999997,0.4,0.4947368421052632,1.175,0.6802631578947369,0.0,0.0,0.0,1.0,0.5,0.05,0.05,0,0.0,2,1.236842105263158,-0.0,0.0,0.0,0.0,1.0,0.0,0.0,0.0,0.0
core_003,always_0pct,fixed_or_rule_policy,recovered_calibration,recovered_calibration,False,False,0,core_003__recovered_calibration__episode_00,short_shelf_life,high_inventory,uniform,medium_margin,moderate_disposal_cost,observed_sales_demand,observed_target_response,0.4499999999999999,0.44999999999999996,1.4038690479175833,3.1197089953724078,1.7158399474548245,0.0,0.0,0.0,1.0,0.3333333333333333,0.0,0.0,-1,0.0,3,3.1197089953724078,-0.0,0.0,0.0,1.0,0.0,0.0,0.0,0.0,0.0
core_003,always_0pct,fixed_or_rule_policy,recovered_calibration,recovered_calibration,False,False,1,core_003__recovered_calibration__episode_01,short_shelf_life,high_inventory,uniform,medium_margin,moderate_disposal_cost,observed_sales_demand,observed_target_response,-0.15219932794739757,-0.15219932794739763,-0.47481761248713145,1.3304836045107749,1.7158399474548245,0.08946126954308165,1.789225390861633,0.5735231694737118,0.4264768305262881,0.0,0.0,0.0,-1,0.0,3,3.1197089953724078,-0.0,0.0,0.0,1.0,0.0,0.0,0.0,0.0,0.0
core_003,always_0pct,fixed_or_rule_policy,recovered_calibration,recovered_calibration,False,False,2,core_003__recovered_calibration__episode_02,short_shelf_life,high_inventory,uniform,medium_margin,moderate_disposal_cost,observed_sales_demand,observed_target_response,-0.13589567676166947,-0.1358956767616695,-0.4239549652256014,1.3789242209503272,1.7158399474548245,0.08703923872110403,1.7407847744220806,0.5579958826301613,0.4420041173698387,0.0,0.0,0.0,-1,0.0,3,3.1197089953724078,-0.0,0.0,5.551115123125783e-17,1.0,0.0,0.0,0.0,0.0,0.0
core_003,always_0pct,fixed_or_rule_policy,recovered_calibration,recovered_calibration,False,False,3,core_003__recovered_calibration__episode_03,short_shelf_life,high_inventory,uniform,medium_margin,moderate_disposal_cost,observed_sales_demand,observed_target_response,-0.11493563925180864,-0.11493563925180866,-0.35856574766274546,1.441199666248285,1.7158399474548245,0.08392546645620613,1.6785093291241227,0.5380339421445797,0.4619660578554204,0.0,0.0,0.0,-1,0.0,3,3.1197089953724078,-0.0,0.0,5.551115123125783e-17,1.0,0.0,0.0,0.0,0.0,0.0
core_003,always_0pct,fixed_or_rule_policy,recovered_calibration,recovered_calibration,False,False,4,core_003__recovered_calibration__episode_04,short_shelf_life,high_inventory,uniform,medium_margin,moderate_disposal_cost,observed_sales_demand,observed_target_response,-0.03214982733397284,-0.03214982733397283,-0.10029810553346474,1.6871688492285526,1.7158399474548245,0.07162700730719276,1.4325401461438552,0.4591903117466407,0.5408096882533593,0.0,0.0,0.0,-1,0.0,3,3.1197089953724078,-0.0,0.0,0.0,1.0,0.0,0.0,0.0,0.0,0.0
core_003,always_0pct,fixed_or_rule_policy,recovered_calibration,recovered_calibration,False,False,5,core_003__recovered_calibration__episode_05,short_shelf_life,high_inventory,uniform,medium_margin,moderate_disposal_cost,observed_sales_demand,observed_target_response,0.07844600142737151,0.07844600142737151,0.24472869630396765,2.0157658033594403,1.7158399474548245,0.05519715960064836,1.1039431920129672,0.35386095102155085,0.6461390489784491,0.0,0.0,0.0,-1,0.0,3,3.1197089953724078,-0.0,2.220446049250313e-16,0.0,1.0,0.0,0.0,0.0,0.0,0.0
core_003,always_0pct,fixed_or_rule_policy,recovered_calibration,recovered_calibration,False,False,6,core_003__recovered_calibration__episode_06,short_shelf_life,high_inventory,uniform,medium_margin,moderate_disposal_cost,observed_sales_demand,observed_target_response,0.09971259646932643,0.09971259646932643,0.31107428415729665,2.078952077505468,1.7158399474548245,0.05203784589334698,1.0407569178669396,0.33360705098159377,0.6663929490184062,0.0,0.0,0.0,-1,0.0,3,3.1197089953724078,-0.0,2.220446049250313e-16,0.0,1.0,0.0,0.0,0.0,0.0,0.0
core_003,always_0pct,fixed_or_rule_policy,recovered_calibration,recovered_calibration,False,False,7,core_003__recovered_calibration__episode_07,short_shelf_life,high_inventory,uniform,medium_margin,moderate_disposal_cost,observed_sales_demand,observed_target_response,0.05266028067931511,0.05266028067931511,0.16428475133409515,1.9391525224357524,1.7158399474548245,0.05902782364683277,1.1805564729366553,0.3784187803054141,0.6215812196945859,0.0,0.0,0.0,-1,0.0,3,3.1197089953724078,-0.0,0.0,0.0,1.0,0.0,0.0,0.0,0.0,0.0
core_003,always_5pct,fixed_or_rule_policy,recovered_calibration,recovered_calibration,False,False,0,core_003__recovered_calibration__episode_00,short_shelf_life,high_inventory,uniform,medium_margin,moderate_disposal_cost,observed_sales_demand,observed_target_response,0.39999999999999986,0.39999999999999986,1.2478835981489627,2.9637235456037874,1.7158399474548245,0.0,0.0,0.0,1.0,0.3333333333333333,0.05000000000000001,0.05,0,0.0,3,3.1197089953724078,-0.0,0.0,0.0,0.0,1.0,0.0,0.0,0.0,0.0
core_003,always_5pct,fixed_or_rule_policy,recovered_calibration,recovered_calibration,False,False,1,core_003__recovered_calibration__episode_01,short_shelf_life,high_inventory,uniform,medium_margin,moderate_disposal_cost,observed_sales_demand,observed_target_response,-0.15551671610060233,-0.15551671610060228,-0.4851668981498259,1.3173255741199381,1.7158399474548245,0.08665252481493943,1.7330504962987885,0.5555167161006022,0.4444832838993978,0.0,0.05000000000000001,0.05,0,0.0,3,3.1197089953724078,-0.0,2.220446049250313e-16,5.551115123125783e-17,0.0,1.0,0.0,0.0,0.0,0.0
core_003,always_5pct,fixed_or_rule_policy,recovered_calibration,recovered_calibration,False,False,2,core_003__recovered_calibration__episode_02,short_shelf_life,high_inventory,uniform,medium_margin,moderate_disposal_cost,observed_sales_demand,observed_target_response,-0.13032050580936344,-0.13032050580936344,-0.4065620542549533,1.3920001758200669,1.7158399474548245,0.08272228262019582,1.6544456524039162,0.5303205058093634,0.4696794941906366,0.0,0.05000000000000001,0.05,0,0.0,3,3.1197089953724078,-0.0,0.0,0.0,0.0,1.0,0.0,0.0,0.0,0.0
core_003,always_5pct,fixed_or_rule_policy,recovered_calibration,recovered_calibration,False,False,3,core_003__recovered_calibration__episode_03,short_shelf_life,high_inventory,uniform,medium_margin,moderate_disposal_cost,observed_sales_demand,observed_target_response,-0.1126129432664704,-0.11261294326647041,-0.35131961210377033,1.444480495863691,1.7158399474548245,0.07996016051263666,1.5992032102527332,0.5126129432664703,0.48738705673352967,0.0,0.05000000000000001,0.05,0,0.0,3,3.1197089953724078,-0.0,0.0,5.551115123125783e-17,0.0,1.0,0.0,0.0,0.0,0.0
core_003,always_5pct,fixed_or_rule_policy,recovered_calibration,recovered_calibration,False,False,4,core_003__recovered_calibration__episode_04,short_shelf_life,high_inventory,uniform,medium_margin,moderate_disposal_cost,observed_sales_demand,observed_target_response,-0.01241623341941156,-0.012416233419411572,-0.03873503508718179,1.74143584402945,1.7158399474548245,0.06433093166180723,1.2866186332361447,0.4124162334194115,0.5875837665805885,0.0,0.05000000000000001,0.05,0,0.0,3,3.1197089953724078,-0.0,0.0,5.551115123125783e-17,0.0,1.0,0.0,0.0,0.0,0.0
core_003,always_5pct,fixed_or_rule_policy,recovered_calibration,recovered_calibration,False,False,5,core_003__recovered_calibration__episode_05,short_shelf_life,high_inventory,uniform,medium_margin,moderate_disposal_cost,observed_sales_demand,observed_target_response,0.0884569339455451,0.0884569339455451,0.2759598925329799,2.0403960252686035,1.7158399474548245,0.04859618528079914,0.9719237056159828,0.3115430660544548,0.6884569339455452,0.0,0.05000000000000001,0.05,0,0.0,3,3.1197089953724078,-0.0,0.0,0.0,0.0,1.0,0.0,0.0,0.0,0.0
core_003,always_5pct,fixed_or_rule_policy,recovered_calibration,recovered_calibration,False,False,6,core_003__recovered_calibration__episode_06,short_shelf_life,high_inventory,uniform,medium_margin,moderate_disposal_cost,observed_sales_demand,observed_target_response,0.11003787902746931,0.11003787902746931,0.3432861610336968,2.104355980344285,1.7158399474548245,0.0452298718557633,0.9045974371152659,0.28996212097253055,0.7100378790274695,0.0,0.05000000000000001,0.05,0,0.0,3,3.1197089953724078,-0.0,2.220446049250313e-16,0.0,0.0,1.0,0.0,0.0,0.0,0.0
core_003,always_5pct,fixed_or_rule_policy,recovered_calibration,recovered_calibration,False,False,7,core_003__recovered_calibration__episode_07,short_shelf_life,high_inventory,uniform,medium_margin,moderate_disposal_cost,observed_sales_demand,observed_target_response,0.061941455278322566,0.061941455278322545,0.19323931521824056,1.961811476819601,1.7158399474548245,0.05273221414653612,1.0546442829307223,0.3380585447216774,0.6619414552783227,0.0,0.05000000000000001,0.05,0,0.0,3,3.1197089953724078,-0.0,2.220446049250313e-16,0.0,0.0,1.0,0.0,0.0,0.0,0.0
core_003,always_10pct,fixed_or_rule_policy,recovered_calibration,recovered_calibration,False,False,0,core_003__recovered_calibration__episode_00,short_shelf_life,high_inventory,uniform,medium_margin,moderate_disposal_cost,observed_sales_demand,observed_target_response,0.34999999999999987,0.3499999999999999,1.0918981483803425,2.807738095835167,1.7158399474548245,0.0,0.0,0.0,1.0,0.3333333333333333,0.10000000000000002,0.1,0,0.0,3,3.1197089953724078,-0.0,0.0,0.0,0.0,0.0,1.0,0.0,0.0,0.0
core_003,always_10pct,fixed_or_rule_policy,recovered_calibration,recovered_calibration,False,False,1,core_003__recovered_calibration__episode_01,short_shelf_life,high_inventory,uniform,medium_margin,moderate_disposal_cost,observed_sales_demand,observed_target_response,-0.19224994007903465,-0.19224994007903468,-0.5997638674243708,1.2051109229675436,1.7158399474548245,0.08903484293709019,1.7806968587418035,0.57078941060951,0.42921058939048984,0.0,0.10000000000000002,0.1,0,0.0,3,3.1197089953724078,-0.0,2.220446049250313e-16,0.0,0.0,0.0,1.0,0.0,0.0,0.0
core_003,always_10pct,fixed_or_rule_policy,recovered_calibration,recovered_calibration,False,False,2,core_003__recovered_calibration__episode_02,short_shelf_life,high_inventory,uniform,medium_margin,moderate_disposal_cost,observed_sales_demand,observed_target_response,-0.16857352917078272,-0.1685735291707827,-0.5259003553357637,1.2750868817883296,1.7158399474548245,0.08514728966926875,1.702945793385375,0.5458668728113502,0.45413312718864984,0.0,0.10000000000000002,0.1,0,0.0,3,3.1197089953724078,-0.0,0.0,0.0,0.0,0.0,1.0,0.0,0.0,0.0
core_003,always_10pct,fixed_or_rule_policy,recovered_calibration,recovered_calibration,False,False,3,core_003__recovered_calibration__episode_03,short_shelf_life,high_inventory,uniform,medium_margin,moderate_disposal_cost,observed_sales_demand,observed_target_response,-0.15060805904237093,-0.15060805904237093,-0.4698533165700633,1.3281840764084667,1.7158399474548245,0.08219744552370556,1.6439489104741112,0.5269558516235482,0.4730441483764517,0.0,0.10000000000000002,0.1,0,0.0,3,3.1197089953724078,-0.0,2.220446049250313e-16,5.551115123125783e-17,0.0,0.0,1.0,0.0,0.0,0.0
core_003,always_10pct,fixed_or_rule_policy,recovered_calibration,recovered_calibration,False,False,4,core_003__recovered_calibration__episode_04,short_shelf_life,high_inventory,uniform,medium_margin,moderate_disposal_cost,observed_sales_demand,observed_target_response,-0.060772664361196965,-0.06077266436119701,-0.18959302768037445,1.5936938237776457,1.7158399474548245,0.06744690400319563,1.3489380800639126,0.43239227827494414,0.5676077217250558,0.0,0.10000000000000002,0.1,0,0.0,3,3.1197089953724078,-0.0,0.0,0.0,0.0,0.0,1.0,0.0,0.0,0.0
core_003,always_10pct,fixed_or_rule_policy,recovered_calibration,recovered_calibration,False,False,5,core_003__recovered_calibration__episode_05,short_shelf_life,high_inventory,uniform,medium_margin,moderate_disposal_cost,observed_sales_demand,observed_target_response,0.03606260464677258,0.03606260464677259,0.11250483211309525,1.8798917962135644,1.7158399474548245,0.051547016645644594,1.0309403329128919,0.33046041616129196,0.6695395838387079,0.0,0.10000000000000002,0.1,0,0.0,3,3.1197089953724078,-0.0,2.220446049250313e-16,0.0,0.0,0.0,1.0,0.0,0.0,0.0
core_003,always_10pct,fixed_or_rule_policy,recovered_calibration,recovered_calibration,False,False,6,core_003__recovered_calibration__episode_06,short_shelf_life,high_inventory,uniform,medium_margin,moderate_disposal_cost,observed_sales_demand,observed_target_response,0.05622769464860966,0.056227694648609695,0.17541404478432066,1.9394899976915674,1.7158399474548245,0.04823600545242221,0.9647201090484441,0.3092340056330424,0.6907659943669577,0.0,0.10000000000000002,0.1,0,0.0,3,3.1197089953724078,-0.0,2.220446049250313e-16,0.0,0.0,0.0,1.0,0.0,0.0,0.0
core_003,always_10pct,fixed_or_rule_policy,recovered_calibration,recovered_calibration,False,False,7,core_003__recovered_calibration__episode_07,short_shelf_life,high_inventory,uniform,medium_margin,moderate_disposal_cost,observed_sales_demand,observed_target_response,0.008618346608253558,0.008618346608253533,0.026886733439005828,1.7987799132591638,1.7158399474548245,0.05605323236533352,1.1210646473066703,0.3593491088334173,0.6406508911665827,0.0,0.10000000000000002,0.1,0,0.0,3,3.1197089953724078,-0.0,0.0,0.0,0.0,0.0,1.0,0.0,0.0,0.0
core_003,always_20pct,fixed_or_rule_policy,recovered_calibration,recovered_calibration,False,False,0,core_003__recovered_calibration__episode_00,short_shelf_life,high_inventory,uniform,medium_margin,moderate_disposal_cost,observed_sales_demand,observed_target_response,0.25000000000000006,0.25,0.7799272488431019,2.495767196297926,1.7158399474548245,0.0,0.0,0.0,1.0,0.3333333333333333,0.20000000000000004,0.2,0,0.0,3,3.1197089953724078,-0.0,0.0,0.0,0.0,0.0,0.0,1.0,0.0,0.0
core_003,always_20pct,fixed_or_rule_policy,recovered_calibration,recovered_calibration,False,False,1,core_003__recovered_calibration__episode_01,short_shelf_life,high_inventory,uniform,medium_margin,moderate_disposal_cost,observed_sales_demand,observed_target_response,-0.1774451862238577,-0.17744518622385763,-0.5535773436481007,1.2407040504238531,1.7158399474548245,0.07844144661712957,1.5688289323425912,0.5028766896751266,0.4971233103248734,0.0,0.20000000000000004,0.2,0,0.0,3,3.1197089953724078,-0.0,0.0,1.1102230246251565e-16,0.0,0.0,0.0,1.0,0.0,0.0
core_003,always_20pct,fixed_or_rule_policy,recovered_calibration,recovered_calibration,False,False,2,core_003__recovered_calibration__episode_02,short_shelf_life,high_inventory,uniform,medium_margin,moderate_disposal_cost,observed_sales_demand,observed_target_response,-0.16186562682488648,-0.16186562682488648,-0.5049736520471917,1.2864487013423558,1.7158399474548245,0.07558240593472315,1.511648118694463,0.48454779626457234,0.5154522037354277,0.0,0.20000000000000004,0.2,0,0.0,3,3.1197089953724078,-0.0,0.0,0.0,0.0,0.0,0.0,1.0,0.0,0.0
core_003,always_20pct,fixed_or_rule_policy,recovered_calibration,recovered_calibration,False,False,3,core_003__recovered_calibration__episode_03,short_shelf_life,high_inventory,uniform,medium_margin,moderate_disposal_cost,observed_sales_demand,observed_target_response,-0.15197144975728627,-0.1519714497572863,-0.474106698847592,1.3154999514125674,1.7158399474548245,0.07376670280533493,1.4753340561066985,0.4729075879497485,0.5270924120502515,0.0,0.20000000000000004,0.2,0,0.0,3,3.1197089953724078,-0.0,0.0,0.0,0.0,0.0,0.0,1.0,0.0,0.0
core_003,always_20pct,fixed_or_rule_policy,recovered_calibration,recovered_calibration,False,False,4,core_003__recovered_calibration__episode_04,short_shelf_life,high_inventory,uniform,medium_margin,moderate_disposal_cost,observed_sales_demand,observed_target_response,-0.08934624326853899,-0.08934624326853895,-0.2787342788275924,1.4993798761372727,1.7158399474548245,0.06227420751004084,1.2454841502008167,0.3992308744335752,0.6007691255664248,0.0,0.20000000000000004,0.2,0,0.0,3,3.1197089953724078,-0.0,0.0,5.551115123125783e-17,0.0,0.0,0.0,1.0,0.0,0.0
core_003,always_20pct,fixed_or_rule_policy,recovered_calibration,recovered_calibration,False,False,5,core_003__recovered_calibration__episode_05,short_shelf_life,high_inventory,uniform,medium_margin,moderate_disposal_cost,observed_sales_demand,observed_target_response,-0.018072841828342345,-0.01807284182834232,-0.05638200722382225,1.7086526023525859,1.7158399474548245,0.049194662121583764,0.9838932424316753,0.3153798139156968,0.6846201860843032,0.0,0.20000000000000004,0.2,0,0.0,3,3.1197089953724078,-0.0,0.0,0.0,0.0,0.0,0.0,1.0,0.0,0.0
core_003,always_20pct,fixed_or_rule_policy,recovered_calibration,recovered_calibration,False,False,6,core_003__recovered_calibration__episode_06,short_shelf_life,high_inventory,uniform,medium_margin,moderate_disposal_cost,observed_sales_demand,observed_target_response,8.544398469376158e-05,8.544398469374824e-05,0.0002665603676495487,1.7619689012622066,1.7158399474548245,0.04586239343973249,0.9172478687946497,0.29401712472388963,0.7059828752761104,0.0,0.20000000000000004,0.2,0,0.0,3,3.1197089953724078,-0.0,0.0,0.0,0.0,0.0,0.0,1.0,0.0,0.0
core_003,always_20pct,fixed_or_rule_policy,recovered_calibration,recovered_calibration,False,False,7,core_003__recovered_calibration__episode_07,short_shelf_life,high_inventory,uniform,medium_margin,moderate_disposal_cost,observed_sales_demand,observed_target_response,-0.029257677765407525,-0.02925767776540751,-0.0912754405084491,1.6758117239670551,1.7158399474548245,0.05124721702067946,1.0249443404135892,0.3285384444298911,0.6714615555701088,0.0,0.20000000000000004,0.2,0,0.0,3,3.1197089953724078,-0.0,2.220446049250313e-16,0.0,0.0,0.0,0.0,1.0,0.0,0.0
core_003,always_40pct,fixed_or_rule_policy,recovered_calibration,recovered_calibration,False,False,0,core_003__recovered_calibration__episode_00,short_shelf_life,high_inventory,uniform,medium_margin,moderate_disposal_cost,observed_sales_demand,observed_target_response,0.04999999999999988,0.04999999999999989,0.15598544976862005,1.8718253972234447,1.7158399474548245,0.0,0.0,0.0,1.0,0.5,0.4,0.4,0,0.0,2,3.1197089953724078,-0.0,0.0,0.0,0.0,0.0,0.0,0.0,0.0,1.0
core_003,always_40pct,fixed_or_rule_policy,recovered_calibration,recovered_calibration,False,False,1,core_003__recovered_calibration__episode_01,short_shelf_life,high_inventory,uniform,medium_margin,moderate_disposal_cost,observed_sales_demand,observed_target_response,-0.06476424145503953,-0.0647642414550395,-0.20204558664575734,1.5413352097640192,1.7158399474548245,0.027540848954952103,0.550816979099042,0.17656037146929135,0.8234396285307086,0.0,0.4000000000000001,0.4,0,0.0,3,3.1197089953724078,-0.0,0.0,0.0,0.0,0.0,0.0,0.0,0.0,1.0
core_003,always_40pct,fixed_or_rule_policy,recovered_calibration,recovered_calibration,False,False,2,core_003__recovered_calibration__episode_02,short_shelf_life,high_inventory,uniform,medium_margin,moderate_disposal_cost,observed_sales_demand,observed_target_response,-0.06568123481319885,-0.06568123481319886,-0.20490633907390382,1.538694515214961,1.7158399474548245,0.0277609068340403,0.555218136680806,0.17797113048184424,0.8220288695181557,0.0,0.4000000000000001,0.4,0,0.0,3,3.1197089953724078,-0.0,2.220446049250313e-16,0.0,0.0,0.0,0.0,0.0,0.0,1.0
core_003,always_40pct,fixed_or_rule_policy,recovered_calibration,recovered_calibration,False,False,3,core_003__recovered_calibration__episode_03,short_shelf_life,high_inventory,uniform,medium_margin,moderate_disposal_cost,observed_sales_demand,observed_target_response,-0.06429925708410375,-0.06429925708410375,-0.2005949707210415,1.5426742398483724,1.7158399474548245,0.027429263114589354,0.5485852622917871,0.175845010898621,0.824154989101379,0.0,0.4000000000000001,0.4,0,0.0,3,3.1197089953724078,-0.0,0.0,0.0,0.0,0.0,0.0,0.0,0.0,1.0
core_003,always_40pct,fixed_or_rule_policy,recovered_calibration,recovered_calibration,False,False,4,core_003__recovered_calibration__episode_04,short_shelf_life,high_inventory,uniform,medium_margin,moderate_disposal_cost,observed_sales_demand,observed_target_response,-0.036160968538528765,-0.0361609685385288,-0.11281169883102693,1.623704952362232,1.7158399474548245,0.02067670373843438,0.41353407476868753,0.13255533621312102,0.867444663786879,0.0,0.4000000000000001,0.4,0,0.0,3,3.1197089953724078,-0.0,0.0,0.0,0.0,0.0,0.0,0.0,0.0,1.0
core_003,always_40pct,fixed_or_rule_policy,recovered_calibration,recovered_calibration,False,False,5,core_003__recovered_calibration__episode_05,short_shelf_life,high_inventory,uniform,medium_margin,moderate_disposal_cost,observed_sales_demand,observed_target_response,-0.014630222974742368,-0.014630222974742356,-0.045642038218607794,1.685707716004465,1.7158399474548245,0.015509806768248303,0.31019613536496604,0.09943111226883426,0.9005688877311658,0.0,0.4000000000000001,0.4,0,0.0,3,3.1197089953724078,-0.0,2.220446049250313e-16,0.0,0.0,0.0,0.0,0.0,0.0,1.0
core_003,always_40pct,fixed_or_rule_policy,recovered_calibration,recovered_calibration,False,False,6,core_003__recovered_calibration__episode_06,short_shelf_life,high_inventory,uniform,medium_margin,moderate_disposal_cost,observed_sales_demand,observed_target_response,-0.026911268581809866,-0.02691126858180988,-0.08395532667155514,1.6503416035863596,1.7158399474548245,0.018456982803090417,0.3691396560618083,0.11832502858739975,0.8816749714126003,0.0,0.4000000000000001,0.4,0,0.0,3,3.1197089953724078,-0.0,2.220446049250313e-16,0.0,0.0,0.0,0.0,0.0,0.0,1.0
core_003,always_40pct,fixed_or_rule_policy,recovered_calibration,recovered_calibration,False,False,7,core_003__recovered_calibration__episode_07,short_shelf_life,high_inventory,uniform,medium_margin,moderate_disposal_cost,observed_sales_demand,observed_target_response,-0.048714666683456975,-0.048714666683456975,-0.15197558385894927,1.5875536738749192,1.7158399474548245,0.023689310279043786,0.4737862055808757,0.15186871797454898,0.8481312820254511,0.0,0.4000000000000001,0.4,0,0.0,3,3.1197089953724078,-0.0,2.220446049250313e-16,5.551115123125783e-17,0.0,0.0,0.0,0.0,0.0,1.0
core_003,expiry_threshold_rule,fixed_or_rule_policy,recovered_calibration,recovered_calibration,False,False,0,core_003__recovered_calibration__episode_00,short_shelf_life,high_inventory,uniform,medium_margin,moderate_disposal_cost,observed_sales_demand,observed_target_response,0.04999999999999988,0.04999999999999989,0.15598544976862005,1.8718253972234447,1.7158399474548245,0.0,0.0,0.0,1.0,0.5,0.4,0.4,0,0.0,2,3.1197089953724078,-0.0,0.0,0.0,0.0,0.0,0.0,0.0,0.0,1.0
core_003,expiry_threshold_rule,fixed_or_rule_policy,recovered_calibration,recovered_calibration,False,False,1,core_003__recovered_calibration__episode_01,short_shelf_life,high_inventory,uniform,medium_margin,moderate_disposal_cost,observed_sales_demand,observed_target_response,-0.06476424145503953,-0.0647642414550395,-0.20204558664575734,1.5413352097640192,1.7158399474548245,0.027540848954952103,0.550816979099042,0.17656037146929135,0.8234396285307086,0.0,0.4000000000000001,0.4,0,0.0,3,3.1197089953724078,-0.0,0.0,0.0,0.0,0.0,0.0,0.0,0.0,1.0
core_003,expiry_threshold_rule,fixed_or_rule_policy,recovered_calibration,recovered_calibration,False,False,2,core_003__recovered_calibration__episode_02,short_shelf_life,high_inventory,uniform,medium_margin,moderate_disposal_cost,observed_sales_demand,observed_target_response,-0.06568123481319885,-0.06568123481319886,-0.20490633907390382,1.538694515214961,1.7158399474548245,0.0277609068340403,0.555218136680806,0.17797113048184424,0.8220288695181557,0.0,0.4000000000000001,0.4,0,0.0,3,3.1197089953724078,-0.0,2.220446049250313e-16,0.0,0.0,0.0,0.0,0.0,0.0,1.0
core_003,expiry_threshold_rule,fixed_or_rule_policy,recovered_calibration,recovered_calibration,False,False,3,core_003__recovered_calibration__episode_03,short_shelf_life,high_inventory,uniform,medium_margin,moderate_disposal_cost,observed_sales_demand,observed_target_response,-0.06429925708410375,-0.06429925708410375,-0.2005949707210415,1.5426742398483724,1.7158399474548245,0.027429263114589354,0.5485852622917871,0.175845010898621,0.824154989101379,0.0,0.4000000000000001,0.4,0,0.0,3,3.1197089953724078,-0.0,0.0,0.0,0.0,0.0,0.0,0.0,0.0,1.0
core_003,expiry_threshold_rule,fixed_or_rule_policy,recovered_calibration,recovered_calibration,False,False,4,core_003__recovered_calibration__episode_04,short_shelf_life,high_inventory,uniform,medium_margin,moderate_disposal_cost,observed_sales_demand,observed_target_response,-0.036160968538528765,-0.0361609685385288,-0.11281169883102693,1.623704952362232,1.7158399474548245,0.02067670373843438,0.41353407476868753,0.13255533621312102,0.867444663786879,0.0,0.4000000000000001,0.4,0,0.0,3,3.1197089953724078,-0.0,0.0,0.0,0.0,0.0,0.0,0.0,0.0,1.0
core_003,expiry_threshold_rule,fixed_or_rule_policy,recovered_calibration,recovered_calibration,False,False,5,core_003__recovered_calibration__episode_05,short_shelf_life,high_inventory,uniform,medium_margin,moderate_disposal_cost,observed_sales_demand,observed_target_response,-0.014630222974742368,-0.014630222974742356,-0.045642038218607794,1.685707716004465,1.7158399474548245,0.015509806768248303,0.31019613536496604,0.09943111226883426,0.9005688877311658,0.0,0.4000000000000001,0.4,0,0.0,3,3.1197089953724078,-0.0,2.220446049250313e-16,0.0,0.0,0.0,0.0,0.0,0.0,1.0
core_003,expiry_threshold_rule,fixed_or_rule_policy,recovered_calibration,recovered_calibration,False,False,6,core_003__recovered_calibration__episode_06,short_shelf_life,high_inventory,uniform,medium_margin,moderate_disposal_cost,observed_sales_demand,observed_target_response,-0.026911268581809866,-0.02691126858180988,-0.08395532667155514,1.6503416035863596,1.7158399474548245,0.018456982803090417,0.3691396560618083,0.11832502858739975,0.8816749714126003,0.0,0.4000000000000001,0.4,0,0.0,3,3.1197089953724078,-0.0,2.220446049250313e-16,0.0,0.0,0.0,0.0,0.0,0.0,1.0
core_003,expiry_threshold_rule,fixed_or_rule_policy,recovered_calibration,recovered_calibration,False,False,7,core_003__recovered_calibration__episode_07,short_shelf_life,high_inventory,uniform,medium_margin,moderate_disposal_cost,observed_sales_demand,observed_target_response,-0.048714666683456975,-0.048714666683456975,-0.15197558385894927,1.5875536738749192,1.7158399474548245,0.023689310279043786,0.4737862055808757,0.15186871797454898,0.8481312820254511,0.0,0.4000000000000001,0.4,0,0.0,3,3.1197089953724078,-0.0,2.220446049250313e-16,5.551115123125783e-17,0.0,0.0,0.0,0.0,0.0,1.0
core_003,inventory_coverage_rule,fixed_or_rule_policy,recovered_calibration,recovered_calibration,False,False,0,core_003__recovered_calibration__episode_00,short_shelf_life,high_inventory,uniform,medium_margin,moderate_disposal_cost,observed_sales_demand,observed_target_response,0.23724465334855413,0.23724465334855416,0.740134279155493,2.4559742266103175,1.7158399474548245,0.0,0.0,0.0,1.0,0.3333333333333333,0.13333333333333333,0.3,0,0.0,3,3.1197089953724078,1.0986122886681096,0.0,0.0,0.3333333333333333,0.0,0.3333333333333333,0.0,0.3333333333333333,0.0
core_003,inventory_coverage_rule,fixed_or_rule_policy,recovered_calibration,recovered_calibration,False,False,1,core_003__recovered_calibration__episode_01,short_shelf_life,high_inventory,uniform,medium_margin,moderate_disposal_cost,observed_sales_demand,observed_target_response,-0.1279725815853317,-0.12797258158533167,-0.3992372139327886,1.3744156377379457,1.7158399474548245,0.05781290421590997,1.1562580843181993,0.3706301087804421,0.6293698912195579,0.0,0.3,0.3,0,0.0,3,3.1197089953724078,-0.0,0.0,5.551115123125783e-17,0.0,0.0,0.0,0.0,1.0,0.0
core_003,inventory_coverage_rule,fixed_or_rule_policy,recovered_calibration,recovered_calibration,False,False,2,core_003__recovered_calibration__episode_02,short_shelf_life,high_inventory,uniform,medium_margin,moderate_disposal_cost,observed_sales_demand,observed_target_response,-0.12271370855539115,-0.12271370855539117,-0.3828310604357618,1.389728047668504,1.7158399474548245,0.05671916064944152,1.1343832129888303,0.3636182780738548,0.6363817219261453,0.0,0.3,0.3,0,0.0,3,3.1197089953724078,-0.0,0.0,0.0,0.0,0.0,0.0,0.0,1.0,0.0
core_003,inventory_coverage_rule,fixed_or_rule_policy,recovered_calibration,recovered_calibration,False,False,3,core_003__recovered_calibration__episode_03,short_shelf_life,high_inventory,uniform,medium_margin,moderate_disposal_cost,observed_sales_demand,observed_target_response,-0.11560358460803355,-0.11560358460803348,-0.36064954279897726,1.4104307974628365,1.7158399474548245,0.055240392806989204,1.104807856139784,0.3541381128107111,0.6458618871892888,0.0,0.3,0.3,0,0.0,3,3.1197089953724078,-0.0,0.0,5.551115123125783e-17,0.0,0.0,0.0,0.0,1.0,0.0
core_003,inventory_coverage_rule,fixed_or_rule_policy,recovered_calibration,recovered_calibration,False,False,4,core_003__recovered_calibration__episode_04,short_shelf_life,high_inventory,uniform,medium_margin,moderate_disposal_cost,observed_sales_demand,observed_target_response,-0.07180330608089278,-0.07180330608089276,-0.22400541987803946,1.537965312189045,1.7158399474548245,0.046130784612260015,0.9226156922452002,0.29573774144119014,0.7042622585588099,0.0,0.3,0.3,0,0.0,3,3.1197089953724078,-0.0,0.0,5.551115123125783e-17,0.0,0.0,0.0,0.0,1.0,0.0
core_003,inventory_coverage_rule,fixed_or_rule_policy,recovered_calibration,recovered_calibration,False,False,5,core_003__recovered_calibration__episode_05,short_shelf_life,high_inventory,uniform,medium_margin,moderate_disposal_cost,observed_sales_demand,observed_target_response,-0.0164778170685817,-0.016477817068581698,-0.051405994132955324,1.6990581095511237,1.7158399474548245,0.03462415622925441,0.6924831245850882,0.2219704227581088,0.7780295772418913,0.0,0.3,0.3,0,0.0,3,3.1197089953724078,-0.0,0.0,0.0,0.0,0.0,0.0,0.0,1.0,0.0
core_003,inventory_coverage_rule,fixed_or_rule_policy,recovered_calibration,recovered_calibration,False,False,6,core_003__recovered_calibration__episode_06,short_shelf_life,high_inventory,uniform,medium_margin,moderate_disposal_cost,observed_sales_demand,observed_target_response,-0.026946231216999572,-0.02694623121699955,-0.08406439991905829,1.6685769308174276,1.7158399474548245,0.03680138328166127,0.7360276656332254,0.23592830828933256,0.7640716917106675,0.0,0.3,0.3,0,0.0,3,3.1197089953724078,-0.0,0.0,0.0,0.0,0.0,0.0,0.0,1.0,0.0
core_003,inventory_coverage_rule,fixed_or_rule_policy,recovered_calibration,recovered_calibration,False,False,7,core_003__recovered_calibration__episode_07,short_shelf_life,high_inventory,uniform,medium_margin,moderate_disposal_cost,observed_sales_demand,observed_target_response,-0.04538639833560312,-0.04538639833560313,-0.14159235515513635,1.614884172597088,1.7158399474548245,0.04063658029739982,0.8127316059479963,0.26051519778080406,0.739484802219196,0.0,0.3,0.3,0,0.0,3,3.1197089953724078,-0.0,2.220446049250313e-16,5.551115123125783e-17,0.0,0.0,0.0,0.0,1.0,0.0
core_003,selected_observed_financial_ppo,ppo_cross_scenario_financial_policy,recovered_calibration,observed_calibration,True,True,0,core_003__recovered_calibration__episode_00,short_shelf_life,high_inventory,uniform,medium_margin,moderate_disposal_cost,observed_sales_demand,observed_target_response,0.3492030715452422,0.3492030715452422,1.0894119635113666,2.8052519109661915,1.7158399474548245,0.0,0.0,0.0,1.0,0.3333333333333333,0.13333333333333333,0.2,0,0.0,3,3.1197089953724078,0.6365141682948128,0.0,0.0,0.0,0.0,0.6666666666666666,0.3333333333333333,0.0,0.0
core_003,selected_observed_financial_ppo,ppo_cross_scenario_financial_policy,recovered_calibration,observed_calibration,True,True,1,core_003__recovered_calibration__episode_01,short_shelf_life,high_inventory,uniform,medium_margin,moderate_disposal_cost,observed_sales_demand,observed_target_response,-0.1774451862238577,-0.17744518622385763,-0.5535773436481007,1.2407040504238531,1.7158399474548245,0.07844144661712957,1.5688289323425912,0.5028766896751266,0.4971233103248734,0.0,0.20000000000000004,0.2,0,0.0,3,3.1197089953724078,-0.0,0.0,1.1102230246251565e-16,0.0,0.0,0.0,1.0,0.0,0.0
core_003,selected_observed_financial_ppo,ppo_cross_scenario_financial_policy,recovered_calibration,observed_calibration,True,True,2,core_003__recovered_calibration__episode_02,short_shelf_life,high_inventory,uniform,medium_margin,moderate_disposal_cost,observed_sales_demand,observed_target_response,-0.16186562682488648,-0.16186562682488648,-0.5049736520471917,1.2864487013423558,1.7158399474548245,0.07558240593472315,1.511648118694463,0.48454779626457234,0.5154522037354277,0.0,0.20000000000000004,0.2,0,0.0,3,3.1197089953724078,-0.0,0.0,0.0,0.0,0.0,0.0,1.0,0.0,0.0
core_003,selected_observed_financial_ppo,ppo_cross_scenario_financial_policy,recovered_calibration,observed_calibration,True,True,3,core_003__recovered_calibration__episode_03,short_shelf_life,high_inventory,uniform,medium_margin,moderate_disposal_cost,observed_sales_demand,observed_target_response,-0.15197144975728627,-0.1519714497572863,-0.474106698847592,1.3154999514125674,1.7158399474548245,0.07376670280533493,1.4753340561066985,0.4729075879497485,0.5270924120502515,0.0,0.20000000000000004,0.2,0,0.0,3,3.1197089953724078,-0.0,0.0,0.0,0.0,0.0,0.0,1.0,0.0,0.0
core_003,selected_observed_financial_ppo,ppo_cross_scenario_financial_policy,recovered_calibration,observed_calibration,True,True,4,core_003__recovered_calibration__episode_04,short_shelf_life,high_inventory,uniform,medium_margin,moderate_disposal_cost,observed_sales_demand,observed_target_response,-0.08934624326853899,-0.08934624326853895,-0.2787342788275924,1.4993798761372727,1.7158399474548245,0.06227420751004084,1.2454841502008167,0.3992308744335752,0.6007691255664248,0.0,0.20000000000000004,0.2,0,0.0,3,3.1197089953724078,-0.0,0.0,5.551115123125783e-17,0.0,0.0,0.0,1.0,0.0,0.0
core_003,selected_observed_financial_ppo,ppo_cross_scenario_financial_policy,recovered_calibration,observed_calibration,True,True,5,core_003__recovered_calibration__episode_05,short_shelf_life,high_inventory,uniform,medium_margin,moderate_disposal_cost,observed_sales_demand,observed_target_response,-0.018072841828342345,-0.01807284182834232,-0.05638200722382225,1.7086526023525859,1.7158399474548245,0.049194662121583764,0.9838932424316753,0.3153798139156968,0.6846201860843032,0.0,0.20000000000000004,0.2,0,0.0,3,3.1197089953724078,-0.0,0.0,0.0,0.0,0.0,0.0,1.0,0.0,0.0
core_003,selected_observed_financial_ppo,ppo_cross_scenario_financial_policy,recovered_calibration,observed_calibration,True,True,6,core_003__recovered_calibration__episode_06,short_shelf_life,high_inventory,uniform,medium_margin,moderate_disposal_cost,observed_sales_demand,observed_target_response,8.544398469376158e-05,8.544398469374824e-05,0.0002665603676495487,1.7619689012622066,1.7158399474548245,0.04586239343973249,0.9172478687946497,0.29401712472388963,0.7059828752761104,0.0,0.20000000000000004,0.2,0,0.0,3,3.1197089953724078,-0.0,0.0,0.0,0.0,0.0,0.0,1.0,0.0,0.0
core_003,selected_observed_financial_ppo,ppo_cross_scenario_financial_policy,recovered_calibration,observed_calibration,True,True,7,core_003__recovered_calibration__episode_07,short_shelf_life,high_inventory,uniform,medium_margin,moderate_disposal_cost,observed_sales_demand,observed_target_response,-0.029257677765407525,-0.02925767776540751,-0.0912754405084491,1.6758117239670551,1.7158399474548245,0.05124721702067946,1.0249443404135892,0.3285384444298911,0.6714615555701088,0.0,0.20000000000000004,0.2,0,0.0,3,3.1197089953724078,-0.0,2.220446049250313e-16,0.0,0.0,0.0,0.0,1.0,0.0,0.0
core_003,selected_recovered_financial_ppo,ppo_cross_scenario_financial_policy,recovered_calibration,recovered_calibration,True,False,0,core_003__recovered_calibration__episode_00,short_shelf_life,high_inventory,uniform,medium_margin,moderate_disposal_cost,observed_sales_demand,observed_target_response,0.39698464373623027,0.39698464373623027,1.2384765640886282,2.954316511543453,1.7158399474548245,0.0,0.0,0.0,1.0,0.3333333333333333,0.13333333333333333,0.3,0,0.0,3,3.1197089953724078,0.6365141682948128,0.0,0.0,0.0,0.6666666666666666,0.0,0.0,0.3333333333333333,0.0
core_003,selected_recovered_financial_ppo,ppo_cross_scenario_financial_policy,recovered_calibration,recovered_calibration,True,False,1,core_003__recovered_calibration__episode_01,short_shelf_life,high_inventory,uniform,medium_margin,moderate_disposal_cost,observed_sales_demand,observed_target_response,-0.13768573726164793,-0.13768573726164787,-0.4295394330696448,1.3538580022843254,1.7158399474548245,0.06755748789914588,1.3511497579829175,0.4331012155259139,0.5668987844740861,0.0,0.21666666666666667,0.3,0,0.0,3,3.1197089953724078,0.6365141682948128,0.0,0.0,0.0,0.3333333333333333,0.0,0.0,0.6666666666666666,0.0
core_003,selected_recovered_financial_ppo,ppo_cross_scenario_financial_policy,recovered_calibration,recovered_calibration,True,False,2,core_003__recovered_calibration__episode_02,short_shelf_life,high_inventory,uniform,medium_margin,moderate_disposal_cost,observed_sales_demand,observed_target_response,-0.1353155265792855,-0.1353155265792855,-0.4221450654829511,1.3594721745121328,1.7158399474548245,0.06577729254025932,1.3155458508051865,0.42168864235625486,0.5783113576437451,0.0,0.2333333333333333,0.3,0,0.0,3,3.1197089953724078,0.6365141682948128,0.0,5.551115123125783e-17,0.0,0.0,0.3333333333333333,0.0,0.6666666666666666,0.0
core_003,selected_recovered_financial_ppo,ppo_cross_scenario_financial_policy,recovered_calibration,recovered_calibration,True,False,3,core_003__recovered_calibration__episode_03,short_shelf_life,high_inventory,uniform,medium_margin,moderate_disposal_cost,observed_sales_demand,observed_target_response,-0.1296713138577804,-0.1296713138577804,-0.4045367642838763,1.3759620875046266,1.7158399474548245,0.06465890433367832,1.2931780866735663,0.41451881845126914,0.5854811815487309,0.0,0.2333333333333333,0.3,0,0.0,3,3.1197089953724078,0.6365141682948128,0.0,0.0,0.0,0.0,0.3333333333333333,0.0,0.6666666666666666,0.0
core_003,selected_recovered_financial_ppo,ppo_cross_scenario_financial_policy,recovered_calibration,recovered_calibration,True,False,4,core_003__recovered_calibration__episode_04,short_shelf_life,high_inventory,uniform,medium_margin,moderate_disposal_cost,observed_sales_demand,observed_target_response,-0.0837610816756778,-0.0837610816756778,-0.261310199965735,1.5097510578309188,1.7158399474548245,0.055221310341829255,1.104426206836585,0.35401577790583216,0.6459842220941677,0.0,0.2333333333333333,0.3,0,0.0,3,3.1197089953724078,0.6365141682948128,2.220446049250313e-16,0.0,0.0,0.0,0.3333333333333333,0.0,0.6666666666666666,0.0
core_003,selected_recovered_financial_ppo,ppo_cross_scenario_financial_policy,recovered_calibration,recovered_calibration,True,False,5,core_003__recovered_calibration__episode_05,short_shelf_life,high_inventory,uniform,medium_margin,moderate_disposal_cost,observed_sales_demand,observed_target_response,-0.03373465778659562,-0.03373465778659561,-0.10524231535265216,1.6559025866189085,1.7158399474548245,0.04530495451673627,0.9060990903347255,0.29044346497663065,0.7095565350233692,0.0,0.2333333333333333,0.3,0,0.0,3,3.1197089953724078,0.6365141682948128,2.220446049250313e-16,0.0,0.0,0.0,0.3333333333333333,0.0,0.6666666666666666,0.0
core_003,selected_recovered_financial_ppo,ppo_cross_scenario_financial_policy,recovered_calibration,recovered_calibration,True,False,6,core_003__recovered_calibration__episode_06,short_shelf_life,high_inventory,uniform,medium_margin,moderate_disposal_cost,observed_sales_demand,observed_target_response,0.010556423454478991,0.010556423454479021,0.032932969209898466,1.7879528335880757,1.7158399474548245,0.03917991692335272,0.7835983384670544,0.2511767410452058,0.7488232589547942,0.0,0.2333333333333333,0.3,0,0.0,3,3.1197089953724078,0.6365141682948128,0.0,0.0,0.0,0.0,0.3333333333333333,0.0,0.6666666666666666,0.0
core_003,selected_recovered_financial_ppo,ppo_cross_scenario_financial_policy,recovered_calibration,recovered_calibration,True,False,7,core_003__recovered_calibration__episode_07,short_shelf_life,high_inventory,uniform,medium_margin,moderate_disposal_cost,observed_sales_demand,observed_target_response,0.016709767311213625,0.016709767311213607,0.0521296113913729,1.8096963138638251,1.7158399474548245,0.04172675501762783,0.8345351003525565,0.2675041491339278,0.7324958508660723,0.0,0.21666666666666667,0.3,0,0.0,3,3.1197089953724078,0.6365141682948128,2.220446049250313e-16,0.0,0.0,0.3333333333333333,0.0,0.0,0.6666666666666666,0.0
core_003,always_0pct,fixed_or_rule_policy,observed_calibration,observed_calibration,False,False,0,core_003__observed_calibration__episode_00,short_shelf_life,high_inventory,uniform,medium_margin,moderate_disposal_cost,observed_sales_demand,observed_target_response,0.45000000000000007,0.45000000000000007,1.1131578947368423,2.473684210526316,1.3605263157894738,0.0,0.0,0.0,1.0,0.5,0.0,0.0,-1,0.0,2,2.473684210526316,-0.0,0.0,0.0,1.0,0.0,0.0,0.0,0.0,0.0
core_003,always_0pct,fixed_or_rule_policy,observed_calibration,observed_calibration,False,False,1,core_003__observed_calibration__episode_01,short_shelf_life,high_inventory,uniform,medium_margin,moderate_disposal_cost,observed_sales_demand,observed_target_response,-0.002682367794693996,-0.0026823677946939996,-0.006635330860558841,1.4072144718621244,1.3605263157894738,0.05332348693320958,1.0664697386641917,0.43112606456637537,0.5688739354336247,0.0,0.0,0.0,-1,0.0,3,2.473684210526316,-0.0,2.220446049250313e-16,0.0,1.0,0.0,0.0,0.0,0.0,0.0
core_003,always_0pct,fixed_or_rule_policy,observed_calibration,observed_calibration,False,False,2,core_003__observed_calibration__episode_02,short_shelf_life,high_inventory,uniform,medium_margin,moderate_disposal_cost,observed_sales_demand,observed_target_response,0.02686407039370542,0.02686407039370544,0.06645322676337662,1.4768226219801583,1.3605263157894738,0.049843079427307896,0.9968615885461578,0.4029865996250425,0.5970134003749576,0.0,0.0,0.0,-1,0.0,3,2.473684210526316,-0.0,2.220446049250313e-16,0.0,1.0,0.0,0.0,0.0,0.0,0.0
core_003,always_0pct,fixed_or_rule_policy,observed_calibration,observed_calibration,False,False,3,core_003__observed_calibration__episode_03,short_shelf_life,high_inventory,uniform,medium_margin,moderate_disposal_cost,observed_sales_demand,observed_target_response,0.02046527727068495,0.02046527727068499,0.050624633248536555,1.461747771013644,1.3605263157894738,0.05059682197563361,1.0119364395126722,0.4090806883136334,0.5909193116863667,0.0,0.0,0.0,-1,0.0,3,2.473684210526316,-0.0,2.220446049250313e-16,0.0,1.0,0.0,0.0,0.0,0.0,0.0
core_003,always_0pct,fixed_or_rule_policy,observed_calibration,observed_calibration,False,False,4,core_003__observed_calibration__episode_04,short_shelf_life,high_inventory,uniform,medium_margin,moderate_disposal_cost,observed_sales_demand,observed_target_response,0.09640016461817438,0.09640016461817434,0.2384635651081155,1.6406419918322905,1.3605263157894738,0.04165211093470128,0.8330422186940255,0.33676174798269115,0.6632382520173089,0.0,0.0,0.0,-1,0.0,3,2.473684210526316,-0.0,1.1102230246251565e-16,0.0,1.0,0.0,0.0,0.0,0.0,0.0
core_003,always_0pct,fixed_or_rule_policy,observed_calibration,observed_calibration,False,False,5,core_003__observed_calibration__episode_05,short_shelf_life,high_inventory,uniform,medium_margin,moderate_disposal_cost,observed_sales_demand,observed_target_response,0.2401689727655104,0.2401689727655104,0.5941021957883679,1.9793454496230072,1.3605263157894738,0.024716938045165452,0.49433876090330897,0.1998390735566568,0.8001609264433432,0.0,0.0,0.0,-1,0.0,3,2.473684210526316,-0.0,2.220446049250313e-16,0.0,1.0,0.0,0.0,0.0,0.0,0.0
core_003,always_0pct,fixed_or_rule_policy,observed_calibration,observed_calibration,False,False,6,core_003__observed_calibration__episode_06,short_shelf_life,high_inventory,uniform,medium_margin,moderate_disposal_cost,observed_sales_demand,observed_target_response,0.2637154983869933,0.2637154983869933,0.6523488644309835,2.034818467377879,1.3605263157894738,0.021943287157421856,0.43886574314843707,0.17741381106000648,0.8225861889399936,0.0,0.0,0.0,-1,0.0,3,2.473684210526316,-0.0,2.220446049250313e-16,0.0,1.0,0.0,0.0,0.0,0.0,0.0
core_003,always_0pct,fixed_or_rule_policy,observed_calibration,observed_calibration,False,False,7,core_003__observed_calibration__episode_07,short_shelf_life,high_inventory,uniform,medium_margin,moderate_disposal_cost,observed_sales_demand,observed_target_response,0.16653226383151798,0.166532263831518,0.4119482315832288,1.8058654837133508,1.3605263157894738,0.03339093634064827,0.6678187268129654,0.2699692725414115,0.7300307274585885,0.0,0.0,0.0,-1,0.0,3,2.473684210526316,-0.0,2.220446049250313e-16,0.0,1.0,0.0,0.0,0.0,0.0,0.0
core_003,always_5pct,fixed_or_rule_policy,observed_calibration,observed_calibration,False,False,0,core_003__observed_calibration__episode_00,short_shelf_life,high_inventory,uniform,medium_margin,moderate_disposal_cost,observed_sales_demand,observed_target_response,0.4,0.4,0.9894736842105264,2.35,1.3605263157894738,0.0,0.0,0.0,1.0,0.5,0.05,0.05,0,0.0,2,2.473684210526316,-0.0,0.0,0.0,0.0,1.0,0.0,0.0,0.0,0.0
core_003,always_5pct,fixed_or_rule_policy,observed_calibration,observed_calibration,False,False,1,core_003__observed_calibration__episode_01,short_shelf_life,high_inventory,uniform,medium_margin,moderate_disposal_cost,observed_sales_demand,observed_target_response,-0.029031393978714654,-0.02903139397871465,-0.0718145008947152,1.3417762241500206,1.3605263157894738,0.05306440925526208,1.0612881851052416,0.42903139397871465,0.5709686060212854,0.0,0.05000000000000001,0.05,0,0.0,3,2.473684210526316,-0.0,2.220446049250313e-16,0.0,0.0,1.0,0.0,0.0,0.0,0.0
core_003,always_5pct,fixed_or_rule_policy,observed_calibration,observed_calibration,False,False,2,core_003__observed_calibration__episode_02,short_shelf_life,high_inventory,uniform,medium_margin,moderate_disposal_cost,observed_sales_demand,observed_target_response,-0.006848010049799708,-0.006848010049799724,-0.01693981433371511,1.3939071763829707,1.3605263157894738,0.05032067492721208,1.0064134985442417,0.4068480100497998,0.5931519899502004,0.0,0.05000000000000001,0.05,0,0.0,3,2.473684210526316,-0.0,4.440892098500626e-16,0.0,0.0,1.0,0.0,0.0,0.0,0.0
core_003,always_5pct,fixed_or_rule_policy,observed_calibration,observed_calibration,False,False,3,core_003__observed_calibration__episode_03,short_shelf_life,high_inventory,uniform,medium_margin,moderate_disposal_cost,observed_sales_demand,observed_target_response,-0.00901020363871316,-0.009010203638713151,-0.02228839847471148,1.3888260214490242,1.3605263157894738,0.0505881041342619,1.011762082685238,0.4090102036387132,0.5909897963612869,0.0,0.05000000000000001,0.05,0,0.0,3,2.473684210526316,-0.0,2.220446049250313e-16,0.0,0.0,1.0,0.0,0.0,0.0,0.0
core_003,always_5pct,fixed_or_rule_policy,observed_calibration,observed_calibration,False,False,4,core_003__observed_calibration__episode_04,short_shelf_life,high_inventory,uniform,medium_margin,moderate_disposal_cost,observed_sales_demand,observed_target_response,0.06944279702423625,0.0694427970242362,0.17177955053363692,1.5731905730069553,1.3605263157894738,0.04088470668384448,0.8176941336768895,0.3305572029757638,0.6694427970242363,0.0,0.05000000000000001,0.05,0,0.0,3,2.473684210526316,-0.0,2.220446049250313e-16,0.0,0.0,1.0,0.0,0.0,0.0,0.0
core_003,always_5pct,fixed_or_rule_policy,observed_calibration,observed_calibration,False,False,5,core_003__observed_calibration__episode_05,short_shelf_life,high_inventory,uniform,medium_margin,moderate_disposal_cost,observed_sales_demand,observed_target_response,0.1967771970331318,0.19677719703313176,0.48676464529248387,1.8724264130278598,1.3605263157894738,0.02513545194590213,0.5027090389180426,0.2032228029668683,0.7967771970331318,0.0,0.05000000000000001,0.05,0,0.0,3,2.473684210526316,-0.0,2.220446049250313e-16,0.0,0.0,1.0,0.0,0.0,0.0,0.0
core_003,always_5pct,fixed_or_rule_policy,observed_calibration,observed_calibration,False,False,6,core_003__observed_calibration__episode_06,short_shelf_life,high_inventory,uniform,medium_margin,moderate_disposal_cost,observed_sales_demand,observed_target_response,0.22002430806631898,0.220024308066319,0.5442706567956312,1.9270571239558496,1.3605263157894738,0.022260151370744764,0.44520302741489526,0.17997569193368104,0.820024308066319,0.0,0.05000000000000001,0.05,0,0.0,3,2.473684210526316,-0.0,2.220446049250313e-16,0.0,0.0,1.0,0.0,0.0,0.0,0.0
core_003,always_5pct,fixed_or_rule_policy,observed_calibration,observed_calibration,False,False,7,core_003__observed_calibration__episode_07,short_shelf_life,high_inventory,uniform,medium_margin,moderate_disposal_cost,observed_sales_demand,observed_target_response,0.1233506572020878,0.12335065720208778,0.3051305730788487,1.6998740444249063,1.3605263157894738,0.03421715555658389,0.6843431111316778,0.27664934279791226,0.7233506572020878,0.0,0.05000000000000001,0.05,0,0.0,3,2.473684210526316,-0.0,2.220446049250313e-16,0.0,0.0,1.0,0.0,0.0,0.0,0.0
core_003,always_10pct,fixed_or_rule_policy,observed_calibration,observed_calibration,False,False,0,core_003__observed_calibration__episode_00,short_shelf_life,high_inventory,uniform,medium_margin,moderate_disposal_cost,observed_sales_demand,observed_target_response,0.35000000000000014,0.35000000000000014,0.8657894736842109,2.2263157894736847,1.3605263157894738,0.0,0.0,0.0,1.0,0.5,0.1,0.1,0,0.0,2,2.473684210526316,-0.0,0.0,0.0,0.0,0.0,1.0,0.0,0.0,0.0
core_003,always_10pct,fixed_or_rule_policy,observed_calibration,observed_calibration,False,False,1,core_003__observed_calibration__episode_01,short_shelf_life,high_inventory,uniform,medium_margin,moderate_disposal_cost,observed_sales_demand,observed_target_response,-0.0579672670224749,-0.057967267022474865,-0.1433927131608589,1.2702484545678292,1.3605263157894738,0.0531148519392142,1.0622970387842838,0.42943922844471044,0.5705607715552896,0.0,0.10000000000000002,0.1,0,0.0,3,2.473684210526316,-0.0,2.220446049250313e-16,5.551115123125783e-17,0.0,0.0,1.0,0.0,0.0,0.0
core_003,always_10pct,fixed_or_rule_policy,observed_calibration,observed_calibration,False,False,2,core_003__observed_calibration__episode_02,short_shelf_life,high_inventory,uniform,medium_margin,moderate_disposal_cost,observed_sales_demand,observed_target_response,-0.036897870714948405,-0.03689787071494841,-0.09127368018960924,1.3196243805405918,1.3605263157894738,0.05037174494072737,1.0074348988145474,0.40726091654205104,0.592739083457949,0.0,0.10000000000000002,0.1,0,0.0,3,2.473684210526316,-0.0,2.220446049250313e-16,5.551115123125783e-17,0.0,0.0,1.0,0.0,0.0,0.0
core_003,always_10pct,fixed_or_rule_policy,observed_calibration,observed_calibration,False,False,3,core_003__observed_calibration__episode_03,short_shelf_life,high_inventory,uniform,medium_margin,moderate_disposal_cost,observed_sales_demand,observed_target_response,-0.03895148497706427,-0.03895148497706429,-0.09635367336431694,1.314811755427711,1.3605263157894738,0.05063911300255409,1.0127822600510816,0.40942261576533084,0.5905773842346691,0.0,0.10000000000000002,0.1,0,0.0,3,2.473684210526316,-0.0,0.0,5.551115123125783e-17,0.0,0.0,1.0,0.0,0.0,0.0
core_003,always_10pct,fixed_or_rule_policy,observed_calibration,observed_calibration,False,False,4,core_003__observed_calibration__episode_04,short_shelf_life,high_inventory,uniform,medium_margin,moderate_disposal_cost,observed_sales_demand,observed_target_response,0.03556182497506502,0.03556182497506503,0.08796872493831875,1.4894329748723134,1.3605263157894738,0.04093793414452063,0.8187586828904125,0.3309875526578263,0.6690124473421738,0.0,0.10000000000000002,0.1,0,0.0,3,2.473684210526316,-0.0,2.220446049250313e-16,5.551115123125783e-17,0.0,0.0,1.0,0.0,0.0,0.0
core_003,always_10pct,fixed_or_rule_policy,observed_calibration,observed_calibration,False,False,5,core_003__observed_calibration__episode_05,short_shelf_life,high_inventory,uniform,medium_margin,moderate_disposal_cost,observed_sales_demand,observed_target_response,0.15663457836070427,0.1566345783607043,0.3874644833133212,1.7731657985959997,1.3605263157894738,0.02517499949320472,0.5034999898640944,0.20354254909399558,0.7964574509060045,0.0,0.10000000000000002,0.1,0,0.0,3,2.473684210526316,-0.0,2.220446049250313e-16,0.0,0.0,0.0,1.0,0.0,0.0,0.0
core_003,always_10pct,fixed_or_rule_policy,observed_calibration,observed_calibration,False,False,6,core_003__observed_calibration__episode_06,short_shelf_life,high_inventory,uniform,medium_margin,moderate_disposal_cost,observed_sales_demand,observed_target_response,0.17871363384253675,0.17871363384253675,0.4420810942420646,1.8249078510548093,1.3605263157894738,0.022300441023270855,0.4460088204654171,0.18030143806048776,0.8196985619395123,0.0,0.10000000000000002,0.1,0,0.0,3,2.473684210526316,-0.0,2.220446049250313e-16,0.0,0.0,0.0,1.0,0.0,0.0,0.0
core_003,always_10pct,fixed_or_rule_policy,observed_calibration,observed_calibration,False,False,7,core_003__observed_calibration__episode_07,short_shelf_life,high_inventory,uniform,medium_margin,moderate_disposal_cost,observed_sales_demand,observed_target_response,0.08376554867835806,0.08376554867835802,0.20720951515172775,1.6023979340218586,1.3605263157894738,0.034662103080657,0.6932420616131401,0.2802467908648864,0.7197532091351136,0.0,0.10000000000000002,0.1,0,0.0,3,2.473684210526316,-0.0,2.220446049250313e-16,0.0,0.0,0.0,1.0,0.0,0.0,0.0
core_003,always_20pct,fixed_or_rule_policy,observed_calibration,observed_calibration,False,False,0,core_003__observed_calibration__episode_00,short_shelf_life,high_inventory,uniform,medium_margin,moderate_disposal_cost,observed_sales_demand,observed_target_response,0.2500000000000001,0.2500000000000001,0.6184210526315793,1.978947368421053,1.3605263157894738,0.0,0.0,0.0,1.0,0.5,0.2,0.2,0,0.0,2,2.473684210526316,-0.0,0.0,0.0,0.0,0.0,0.0,1.0,0.0,0.0
core_003,always_20pct,fixed_or_rule_policy,observed_calibration,observed_calibration,False,False,1,core_003__observed_calibration__episode_01,short_shelf_life,high_inventory,uniform,medium_margin,moderate_disposal_cost,observed_sales_demand,observed_target_response,-0.08202439807654344,-0.08202439807654342,-0.2029024583998706,1.2059370050973355,1.3605263157894738,0.048313147707732346,0.9662629541546468,0.3906169389135806,0.6093830610864195,0.0,0.20000000000000004,0.2,0,0.0,3,2.473684210526316,-0.0,2.220446049250313e-16,0.0,0.0,0.0,0.0,1.0,0.0,0.0
core_003,always_20pct,fixed_or_rule_policy,observed_calibration,observed_calibration,False,False,2,core_003__observed_calibration__episode_02,short_shelf_life,high_inventory,uniform,medium_margin,moderate_disposal_cost,observed_sales_demand,observed_target_response,-0.06842534116773669,-0.06842534116773667,-0.16926268604650652,1.2375979673122666,1.3605263157894738,0.04633433756929916,0.9266867513859831,0.37461804843263147,0.6253819515673686,0.0,0.20000000000000004,0.2,0,0.0,3,2.473684210526316,-0.0,2.220446049250313e-16,0.0,0.0,0.0,0.0,1.0,0.0,0.0
core_003,always_20pct,fixed_or_rule_policy,observed_calibration,observed_calibration,False,False,3,core_003__observed_calibration__episode_03,short_shelf_life,high_inventory,uniform,medium_margin,moderate_disposal_cost,observed_sales_demand,observed_target_response,-0.07090066848549956,-0.07090066848549956,-0.175385864148341,1.2318349761575986,1.3605263157894738,0.0466945245164659,0.9338904903293179,0.37753019821823486,0.6224698017817653,0.0,0.20000000000000004,0.2,0,0.0,3,2.473684210526316,-0.0,2.220446049250313e-16,0.0,0.0,0.0,0.0,1.0,0.0,0.0
core_003,always_20pct,fixed_or_rule_policy,observed_calibration,observed_calibration,False,False,4,core_003__observed_calibration__episode_04,short_shelf_life,high_inventory,uniform,medium_margin,moderate_disposal_cost,observed_sales_demand,observed_target_response,0.002444795118915183,0.002444795118915167,0.006047651083632255,1.4025959316700443,1.3605263157894738,0.03602196479693805,0.7204392959387609,0.29124141750715865,0.7087585824928414,0.0,0.20000000000000004,0.2,0,0.0,3,2.473684210526316,-0.0,2.220446049250313e-16,5.551115123125783e-17,0.0,0.0,0.0,1.0,0.0,0.0
core_003,always_20pct,fixed_or_rule_policy,observed_calibration,observed_calibration,False,False,5,core_003__observed_calibration__episode_05,short_shelf_life,high_inventory,uniform,medium_margin,moderate_disposal_cost,observed_sales_demand,observed_target_response,0.09319231126516009,0.0931923112651601,0.23052834891908025,1.6138718825739953,1.3605263157894738,0.02281721786544111,0.45634435730882217,0.18447963380569407,0.8155203661943059,0.0,0.20000000000000004,0.2,0,0.0,3,2.473684210526316,-0.0,0.0,0.0,0.0,0.0,0.0,1.0,0.0,0.0
core_003,always_20pct,fixed_or_rule_policy,observed_calibration,observed_calibration,False,False,6,core_003__observed_calibration__episode_06,short_shelf_life,high_inventory,uniform,medium_margin,moderate_disposal_cost,observed_sales_demand,observed_target_response,0.11052556379488629,0.1105255637948863,0.2734053420189293,1.654226699609147,1.3605263157894738,0.02029504180074411,0.40590083601488214,0.16408757200601617,0.8359124279939838,0.0,0.20000000000000004,0.2,0,0.0,3,2.473684210526316,-0.0,0.0,0.0,0.0,0.0,0.0,1.0,0.0,0.0
core_003,always_20pct,fixed_or_rule_policy,observed_calibration,observed_calibration,False,False,7,core_003__observed_calibration__episode_07,short_shelf_life,high_inventory,uniform,medium_margin,moderate_disposal_cost,observed_sales_demand,observed_target_response,0.031965596965748966,0.03196559696574898,0.07907279249422117,1.4713254765270687,1.3605263157894738,0.031726368243374006,0.6345273648674801,0.2565110623932366,0.7434889376067635,0.0,0.20000000000000004,0.2,0,0.0,3,2.473684210526316,-0.0,2.220446049250313e-16,0.0,0.0,0.0,0.0,1.0,0.0,0.0
core_003,always_40pct,fixed_or_rule_policy,observed_calibration,observed_calibration,False,False,0,core_003__observed_calibration__episode_00,short_shelf_life,high_inventory,uniform,medium_margin,moderate_disposal_cost,observed_sales_demand,observed_target_response,0.05000000000000004,0.05000000000000003,0.12368421052631587,1.4842105263157896,1.3605263157894738,0.0,0.0,0.0,1.0,0.5,0.4,0.4,0,0.0,2,2.473684210526316,-0.0,0.0,0.0,0.0,0.0,0.0,0.0,0.0,1.0
core_003,always_40pct,fixed_or_rule_policy,observed_calibration,observed_calibration,False,False,1,core_003__observed_calibration__episode_01,short_shelf_life,high_inventory,uniform,medium_margin,moderate_disposal_cost,observed_sales_demand,observed_target_response,0.04999999999999996,0.049999999999999996,0.12368421052631579,1.4842105263157896,1.3605263157894738,0.0,0.0,0.0,1.0,0.3333333333333333,0.4000000000000001,0.4,0,0.0,3,2.473684210526316,-0.0,0.0,0.0,0.0,0.0,0.0,0.0,0.0,1.0
core_003,always_40pct,fixed_or_rule_policy,observed_calibration,observed_calibration,False,False,2,core_003__observed_calibration__episode_02,short_shelf_life,high_inventory,uniform,medium_margin,moderate_disposal_cost,observed_sales_demand,observed_target_response,0.050000000000000044,0.05000000000000003,0.12368421052631587,1.4842105263157896,1.3605263157894738,0.0,0.0,0.0,1.0,0.3333333333333333,0.4000000000000001,0.4,0,0.0,3,2.473684210526316,-0.0,0.0,0.0,0.0,0.0,0.0,0.0,0.0,1.0
core_003,always_40pct,fixed_or_rule_policy,observed_calibration,observed_calibration,False,False,3,core_003__observed_calibration__episode_03,short_shelf_life,high_inventory,uniform,medium_margin,moderate_disposal_cost,observed_sales_demand,observed_target_response,0.04999999999999999,0.049999999999999996,0.12368421052631579,1.4842105263157896,1.3605263157894738,0.0,0.0,0.0,1.0,0.3333333333333333,0.4000000000000001,0.4,0,0.0,3,2.473684210526316,-0.0,0.0,0.0,0.0,0.0,0.0,0.0,0.0,1.0
core_003,always_40pct,fixed_or_rule_policy,observed_calibration,observed_calibration,False,False,4,core_003__observed_calibration__episode_04,short_shelf_life,high_inventory,uniform,medium_margin,moderate_disposal_cost,observed_sales_demand,observed_target_response,0.04999999999999996,0.04999999999999998,0.12368421052631576,1.4842105263157896,1.3605263157894738,0.0,0.0,0.0,1.0,0.3333333333333333,0.4000000000000001,0.4,0,0.0,3,2.473684210526316,-0.0,0.0,0.0,0.0,0.0,0.0,0.0,0.0,1.0
core_003,always_40pct,fixed_or_rule_policy,observed_calibration,observed_calibration,False,False,5,core_003__observed_calibration__episode_05,short_shelf_life,high_inventory,uniform,medium_margin,moderate_disposal_cost,observed_sales_demand,observed_target_response,0.04999999999999999,0.04999999999999998,0.12368421052631576,1.4842105263157896,1.3605263157894738,0.0,0.0,0.0,1.0,0.3333333333333333,0.4000000000000001,0.4,0,0.0,3,2.473684210526316,-0.0,0.0,0.0,0.0,0.0,0.0,0.0,0.0,1.0
core_003,always_40pct,fixed_or_rule_policy,observed_calibration,observed_calibration,False,False,6,core_003__observed_calibration__episode_06,short_shelf_life,high_inventory,uniform,medium_margin,moderate_disposal_cost,observed_sales_demand,observed_target_response,0.05000000000000002,0.05000000000000004,0.1236842105263159,1.4842105263157896,1.3605263157894738,0.0,0.0,0.0,1.0,0.3333333333333333,0.4000000000000001,0.4,0,0.0,3,2.473684210526316,-0.0,0.0,0.0,0.0,0.0,0.0,0.0,0.0,1.0
core_003,always_40pct,fixed_or_rule_policy,observed_calibration,observed_calibration,False,False,7,core_003__observed_calibration__episode_07,short_shelf_life,high_inventory,uniform,medium_margin,moderate_disposal_cost,observed_sales_demand,observed_target_response,0.04999999999999996,0.04999999999999998,0.12368421052631576,1.4842105263157896,1.3605263157894738,0.0,0.0,0.0,1.0,0.3333333333333333,0.4000000000000001,0.4,0,0.0,3,2.473684210526316,-0.0,0.0,0.0,0.0,0.0,0.0,0.0,0.0,1.0
core_003,expiry_threshold_rule,fixed_or_rule_policy,observed_calibration,observed_calibration,False,False,0,core_003__observed_calibration__episode_00,short_shelf_life,high_inventory,uniform,medium_margin,moderate_disposal_cost,observed_sales_demand,observed_target_response,0.05000000000000004,0.05000000000000003,0.12368421052631587,1.4842105263157896,1.3605263157894738,0.0,0.0,0.0,1.0,0.5,0.4,0.4,0,0.0,2,2.473684210526316,-0.0,0.0,0.0,0.0,0.0,0.0,0.0,0.0,1.0
core_003,expiry_threshold_rule,fixed_or_rule_policy,observed_calibration,observed_calibration,False,False,1,core_003__observed_calibration__episode_01,short_shelf_life,high_inventory,uniform,medium_margin,moderate_disposal_cost,observed_sales_demand,observed_target_response,0.04999999999999996,0.049999999999999996,0.12368421052631579,1.4842105263157896,1.3605263157894738,0.0,0.0,0.0,1.0,0.3333333333333333,0.4000000000000001,0.4,0,0.0,3,2.473684210526316,-0.0,0.0,0.0,0.0,0.0,0.0,0.0,0.0,1.0
core_003,expiry_threshold_rule,fixed_or_rule_policy,observed_calibration,observed_calibration,False,False,2,core_003__observed_calibration__episode_02,short_shelf_life,high_inventory,uniform,medium_margin,moderate_disposal_cost,observed_sales_demand,observed_target_response,0.050000000000000044,0.05000000000000003,0.12368421052631587,1.4842105263157896,1.3605263157894738,0.0,0.0,0.0,1.0,0.3333333333333333,0.4000000000000001,0.4,0,0.0,3,2.473684210526316,-0.0,0.0,0.0,0.0,0.0,0.0,0.0,0.0,1.0
core_003,expiry_threshold_rule,fixed_or_rule_policy,observed_calibration,observed_calibration,False,False,3,core_003__observed_calibration__episode_03,short_shelf_life,high_inventory,uniform,medium_margin,moderate_disposal_cost,observed_sales_demand,observed_target_response,0.04999999999999999,0.049999999999999996,0.12368421052631579,1.4842105263157896,1.3605263157894738,0.0,0.0,0.0,1.0,0.3333333333333333,0.4000000000000001,0.4,0,0.0,3,2.473684210526316,-0.0,0.0,0.0,0.0,0.0,0.0,0.0,0.0,1.0
core_003,expiry_threshold_rule,fixed_or_rule_policy,observed_calibration,observed_calibration,False,False,4,core_003__observed_calibration__episode_04,short_shelf_life,high_inventory,uniform,medium_margin,moderate_disposal_cost,observed_sales_demand,observed_target_response,0.04999999999999996,0.04999999999999998,0.12368421052631576,1.4842105263157896,1.3605263157894738,0.0,0.0,0.0,1.0,0.3333333333333333,0.4000000000000001,0.4,0,0.0,3,2.473684210526316,-0.0,0.0,0.0,0.0,0.0,0.0,0.0,0.0,1.0
core_003,expiry_threshold_rule,fixed_or_rule_policy,observed_calibration,observed_calibration,False,False,5,core_003__observed_calibration__episode_05,short_shelf_life,high_inventory,uniform,medium_margin,moderate_disposal_cost,observed_sales_demand,observed_target_response,0.04999999999999999,0.04999999999999998,0.12368421052631576,1.4842105263157896,1.3605263157894738,0.0,0.0,0.0,1.0,0.3333333333333333,0.4000000000000001,0.4,0,0.0,3,2.473684210526316,-0.0,0.0,0.0,0.0,0.0,0.0,0.0,0.0,1.0
core_003,expiry_threshold_rule,fixed_or_rule_policy,observed_calibration,observed_calibration,False,False,6,core_003__observed_calibration__episode_06,short_shelf_life,high_inventory,uniform,medium_margin,moderate_disposal_cost,observed_sales_demand,observed_target_response,0.05000000000000002,0.05000000000000004,0.1236842105263159,1.4842105263157896,1.3605263157894738,0.0,0.0,0.0,1.0,0.3333333333333333,0.4000000000000001,0.4,0,0.0,3,2.473684210526316,-0.0,0.0,0.0,0.0,0.0,0.0,0.0,0.0,1.0
core_003,expiry_threshold_rule,fixed_or_rule_policy,observed_calibration,observed_calibration,False,False,7,core_003__observed_calibration__episode_07,short_shelf_life,high_inventory,uniform,medium_margin,moderate_disposal_cost,observed_sales_demand,observed_target_response,0.04999999999999996,0.04999999999999998,0.12368421052631576,1.4842105263157896,1.3605263157894738,0.0,0.0,0.0,1.0,0.3333333333333333,0.4000000000000001,0.4,0,0.0,3,2.473684210526316,-0.0,0.0,0.0,0.0,0.0,0.0,0.0,0.0,1.0
core_003,inventory_coverage_rule,fixed_or_rule_policy,observed_calibration,observed_calibration,False,False,0,core_003__observed_calibration__episode_00,short_shelf_life,high_inventory,uniform,medium_margin,moderate_disposal_cost,observed_sales_demand,observed_target_response,0.26403119395127955,0.2640311939512796,0.6531297955636917,2.0136561113531655,1.3605263157894738,0.0,0.0,0.0,1.0,0.5,0.15,0.3,0,0.0,2,2.473684210526316,0.6931471805599453,0.0,0.0,0.5,0.0,0.0,0.0,0.5,0.0
core_003,inventory_coverage_rule,fixed_or_rule_policy,observed_calibration,observed_calibration,False,False,1,core_003__observed_calibration__episode_01,short_shelf_life,high_inventory,uniform,medium_margin,moderate_disposal_cost,observed_sales_demand,observed_target_response,0.027340868827178233,0.02734086882717824,0.06763267551986196,1.4483869883799416,1.3605263157894738,0.0202279970706057,0.40455994141211393,0.16354550823042902,0.8364544917695712,0.0,0.3,0.3,0,0.0,3,2.473684210526316,-0.0,4.440892098500626e-16,0.0,0.0,0.0,0.0,0.0,1.0,0.0
core_003,inventory_coverage_rule,fixed_or_rule_policy,observed_calibration,observed_calibration,False,False,2,core_003__observed_calibration__episode_02,short_shelf_life,high_inventory,uniform,medium_margin,moderate_disposal_cost,observed_sales_demand,observed_target_response,0.023776346645686813,0.023776346645686817,0.05881517328143582,1.4401573196240771,1.3605263157894738,0.020815830553167436,0.4163166110633487,0.16829820447241756,0.8317017955275825,0.0,0.3,0.3,0,0.0,3,2.473684210526316,-0.0,2.220446049250313e-16,0.0,0.0,0.0,0.0,0.0,1.0,0.0
core_003,inventory_coverage_rule,fixed_or_rule_policy,observed_calibration,observed_calibration,False,False,3,core_003__observed_calibration__episode_03,short_shelf_life,high_inventory,uniform,medium_margin,moderate_disposal_cost,observed_sales_demand,observed_target_response,0.018316625466244574,0.018316625466244546,0.045309547205973355,1.427552068620312,1.3605263157894738,0.021716205624864936,0.43432411249729874,0.17557783271167396,0.8244221672883261,0.0,0.3,0.3,0,0.0,3,2.473684210526316,-0.0,0.0,0.0,0.0,0.0,0.0,0.0,1.0,0.0
core_003,inventory_coverage_rule,fixed_or_rule_policy,observed_calibration,observed_calibration,False,False,4,core_003__observed_calibration__episode_04,short_shelf_life,high_inventory,uniform,medium_margin,moderate_disposal_cost,observed_sales_demand,observed_target_response,0.04992493658300068,0.0499249365830007,0.12349852733689648,1.5005284500758405,1.3605263157894738,0.01650360694947005,0.330072138989401,0.13343341788933233,0.8665665821106677,0.0,0.3,0.3,0,0.0,3,2.473684210526316,-0.0,2.220446049250313e-16,0.0,0.0,0.0,0.0,0.0,1.0,0.0
core_003,inventory_coverage_rule,fixed_or_rule_policy,observed_calibration,observed_calibration,False,False,5,core_003__observed_calibration__episode_05,short_shelf_life,high_inventory,uniform,medium_margin,moderate_disposal_cost,observed_sales_demand,observed_target_response,0.09926328945136809,0.09926328945136807,0.24554603180075263,1.614439454242106,1.3605263157894738,0.008367106651879654,0.16734213303759304,0.06764894739817591,0.932351052601824,0.3333333333333333,0.3,0.3,0,0.0,3,2.473684210526316,-0.0,0.0,0.0,0.0,0.0,0.0,0.0,1.0,0.0
core_003,inventory_coverage_rule,fixed_or_rule_policy,observed_calibration,observed_calibration,False,False,6,core_003__observed_calibration__episode_06,short_shelf_life,high_inventory,uniform,medium_margin,moderate_disposal_cost,observed_sales_demand,observed_target_response,0.09769049161322343,0.09769049161322342,0.24165542662218426,1.6149014888608422,1.3605263157894738,0.012719746449184145,0.2543949289836829,0.10284050320616966,0.8971594967938306,0.0,0.26666666666666666,0.3,0,0.0,3,2.473684210526316,0.6365141682948128,4.440892098500626e-16,0.0,0.0,0.0,0.0,0.3333333333333333,0.6666666666666666,0.0
core_003,inventory_coverage_rule,fixed_or_rule_policy,observed_calibration,observed_calibration,False,False,7,core_003__observed_calibration__episode_07,short_shelf_life,high_inventory,uniform,medium_margin,moderate_disposal_cost,observed_sales_demand,observed_target_response,0.06182132665056364,0.06182132665056363,0.15292643960928898,1.5279945015300733,1.3605263157894738,0.014541746131310564,0.29083492262621125,0.11757156446591517,0.8824284355340848,0.0,0.3,0.3,0,0.0,3,2.473684210526316,-0.0,0.0,0.0,0.0,0.0,0.0,0.0,1.0,0.0
core_003,selected_observed_financial_ppo,ppo_cross_scenario_financial_policy,observed_calibration,observed_calibration,True,False,0,core_003__observed_calibration__episode_00,short_shelf_life,high_inventory,uniform,medium_margin,moderate_disposal_cost,observed_sales_demand,observed_target_response,0.35000000000000014,0.35000000000000014,0.8657894736842109,2.2263157894736847,1.3605263157894738,0.0,0.0,0.0,1.0,0.5,0.1,0.1,0,0.0,2,2.473684210526316,-0.0,0.0,0.0,0.0,0.0,1.0,0.0,0.0,0.0
core_003,selected_observed_financial_ppo,ppo_cross_scenario_financial_policy,observed_calibration,observed_calibration,True,False,1,core_003__observed_calibration__episode_01,short_shelf_life,high_inventory,uniform,medium_margin,moderate_disposal_cost,observed_sales_demand,observed_target_response,-0.06935060433786391,-0.06935060433786389,-0.17155149494103172,1.240899127236774,1.3605263157894738,0.05192430638833191,1.038486127766638,0.4198135410120451,0.5801864589879548,0.0,0.13333333333333333,0.2,0,0.0,3,2.473684210526316,0.6365141682948128,0.0,5.551115123125783e-17,0.0,0.0,0.6666666666666666,0.3333333333333333,0.0,0.0
core_003,selected_observed_financial_ppo,ppo_cross_scenario_financial_policy,observed_calibration,observed_calibration,True,False,2,core_003__observed_calibration__episode_02,short_shelf_life,high_inventory,uniform,medium_margin,moderate_disposal_cost,observed_sales_demand,observed_target_response,-0.04870333185778378,-0.04870333185778379,-0.12047666301662308,1.289243856349733,1.3605263157894738,0.049194203576882395,0.9838840715376479,0.39774036934500656,0.6022596306549935,0.0,0.13333333333333333,0.2,0,0.0,3,2.473684210526316,0.6365141682948128,3.3306690738754696e-16,5.551115123125783e-17,0.0,0.0,0.6666666666666666,0.3333333333333333,0.0,0.0
core_003,selected_observed_financial_ppo,ppo_cross_scenario_financial_policy,observed_calibration,observed_calibration,True,False,3,core_003__observed_calibration__episode_03,short_shelf_life,high_inventory,uniform,medium_margin,moderate_disposal_cost,observed_sales_demand,observed_target_response,-0.051710660376902196,-0.0517106603769022,-0.12791584409023177,1.2821298900736198,1.3605263157894738,0.04951941837437765,0.990388367487553,0.4003697655800746,0.5996302344199256,0.0,0.13333333333333333,0.2,0,0.0,3,2.473684210526316,0.6365141682948128,3.3306690738754696e-16,5.551115123125783e-17,0.0,0.0,0.6666666666666666,0.3333333333333333,0.0,0.0
core_003,selected_observed_financial_ppo,ppo_cross_scenario_financial_policy,observed_calibration,observed_calibration,True,False,4,core_003__observed_calibration__episode_04,short_shelf_life,high_inventory,uniform,medium_margin,moderate_disposal_cost,observed_sales_demand,observed_target_response,0.01127876463215341,0.011278764632153404,0.02790010198480053,1.4287399352053973,1.3605263157894738,0.04031351743112292,0.8062703486224585,0.325939077102696,0.6740609228973041,0.0,0.13333333333333333,0.2,0,0.0,3,2.473684210526316,0.6365141682948128,2.220446049250313e-16,5.551115123125783e-17,0.0,0.0,0.6666666666666666,0.3333333333333333,0.0,0.0
core_003,selected_observed_financial_ppo,ppo_cross_scenario_financial_policy,observed_calibration,observed_calibration,True,False,5,core_003__observed_calibration__episode_05,short_shelf_life,high_inventory,uniform,medium_margin,moderate_disposal_cost,observed_sales_demand,observed_target_response,0.1304924759244262,0.1304924759244262,0.3227971772867385,1.707856136708937,1.3605263157894738,0.024532643632724626,0.49065287265449253,0.1983490336262842,0.8016509663737159,0.0,0.13333333333333333,0.2,0,0.0,3,2.473684210526316,0.6365141682948128,2.220446049250313e-16,0.0,0.0,0.0,0.6666666666666666,0.3333333333333333,0.0,0.0
core_003,selected_observed_financial_ppo,ppo_cross_scenario_financial_policy,observed_calibration,observed_calibration,True,False,6,core_003__observed_calibration__episode_06,short_shelf_life,high_inventory,uniform,medium_margin,moderate_disposal_cost,observed_sales_demand,observed_target_response,0.13634141487743154,0.1363414148774315,0.3372656052231201,1.7187261704551515,1.3605263157894738,0.02093424944255754,0.4186849888511508,0.16925563379089073,0.8307443662091093,0.0,0.16666666666666666,0.2,0,0.0,3,2.473684210526316,0.6365141682948128,2.220446049250313e-16,0.0,0.0,0.0,0.3333333333333333,0.6666666666666666,0.0,0.0
core_003,selected_observed_financial_ppo,ppo_cross_scenario_financial_policy,observed_calibration,observed_calibration,True,False,7,core_003__observed_calibration__episode_07,short_shelf_life,high_inventory,uniform,medium_margin,moderate_disposal_cost,observed_sales_demand,observed_target_response,0.06877117429392429,0.06877117429392426,0.17011816799023372,1.5642776449283669,1.3605263157894738,0.033633161148659454,0.672663222973189,0.27192768588277855,0.7280723141172215,0.0,0.13333333333333333,0.2,0,0.0,3,2.473684210526316,0.6365141682948128,2.220446049250313e-16,0.0,0.0,0.0,0.6666666666666666,0.3333333333333333,0.0,0.0
core_003,selected_recovered_financial_ppo,ppo_cross_scenario_financial_policy,observed_calibration,recovered_calibration,True,True,0,core_003__observed_calibration__episode_00,short_shelf_life,high_inventory,uniform,medium_margin,moderate_disposal_cost,observed_sales_demand,observed_target_response,0.4,0.4,0.9894736842105264,2.35,1.3605263157894738,0.0,0.0,0.0,1.0,0.5,0.05,0.05,0,0.0,2,2.473684210526316,-0.0,0.0,0.0,0.0,1.0,0.0,0.0,0.0,0.0
core_003,selected_recovered_financial_ppo,ppo_cross_scenario_financial_policy,observed_calibration,recovered_calibration,True,True,1,core_003__observed_calibration__episode_01,short_shelf_life,high_inventory,uniform,medium_margin,moderate_disposal_cost,observed_sales_demand,observed_target_response,-0.025145632539891632,-0.02514563253989169,-0.06220235417762682,1.3410984362467828,1.3605263157894738,0.042774474634935715,0.8554894926987142,0.3458361778994802,0.6541638221005199,0.0,0.15,0.3,0,0.0,3,2.473684210526316,1.0986122886681096,2.220446049250313e-16,5.551115123125783e-17,0.0,0.3333333333333333,0.3333333333333333,0.0,0.3333333333333333,0.0
core_003,selected_recovered_financial_ppo,ppo_cross_scenario_financial_policy,observed_calibration,recovered_calibration,True,True,2,core_003__observed_calibration__episode_02,short_shelf_life,high_inventory,uniform,medium_margin,moderate_disposal_cost,observed_sales_demand,observed_target_response,-0.010147456769278501,-0.010147456769278506,-0.025101603587162624,1.3764470765966565,1.3605263157894738,0.04102236439434534,0.8204472878869067,0.33167018020960054,0.6683298197903995,0.0,0.15,0.3,0,0.0,3,2.473684210526316,1.0986122886681096,2.220446049250313e-16,0.0,0.0,0.3333333333333333,0.3333333333333333,0.0,0.3333333333333333,0.0
core_003,selected_recovered_financial_ppo,ppo_cross_scenario_financial_policy,observed_calibration,recovered_calibration,True,True,3,core_003__observed_calibration__episode_03,short_shelf_life,high_inventory,uniform,medium_margin,moderate_disposal_cost,observed_sales_demand,observed_target_response,-0.009021784685952827,-0.009021784685952832,-0.02231704632840964,1.3787603244165956,1.3605263157894738,0.04055105495553141,0.8110210991106281,0.327859593257488,0.6721404067425122,0.0,0.15,0.3,0,0.0,3,2.473684210526316,1.0986122886681096,2.220446049250313e-16,5.551115123125783e-17,0.0,0.3333333333333333,0.3333333333333333,0.0,0.3333333333333333,0.0
core_003,selected_recovered_financial_ppo,ppo_cross_scenario_financial_policy,observed_calibration,recovered_calibration,True,True,4,core_003__observed_calibration__episode_04,short_shelf_life,high_inventory,uniform,medium_margin,moderate_disposal_cost,observed_sales_demand,observed_target_response,0.014411958563300825,0.014411958563300763,0.03565063434079663,1.4327396808526722,1.3605263157894738,0.0365627307224017,0.7312546144480341,0.29561356754282225,0.7043864324571778,0.0,0.15,0.3,0,0.0,3,2.473684210526316,1.0986122886681096,2.220446049250313e-16,5.551115123125783e-17,0.0,0.3333333333333333,0.3333333333333333,0.0,0.3333333333333333,0.0
core_003,selected_recovered_financial_ppo,ppo_cross_scenario_financial_policy,observed_calibration,recovered_calibration,True,True,5,core_003__observed_calibration__episode_05,short_shelf_life,high_inventory,uniform,medium_margin,moderate_disposal_cost,observed_sales_demand,observed_target_response,0.12650587258562557,0.12650587258562554,0.3129355795539158,1.6951853990247503,1.3605263157894738,0.0217235036813607,0.43447007362721396,0.17563683827483118,0.8243631617251689,0.3333333333333333,0.15,0.3,0,0.0,3,2.473684210526316,1.0986122886681096,1.6653345369377348e-16,0.0,0.0,0.3333333333333333,0.3333333333333333,0.0,0.3333333333333333,0.0
core_003,selected_recovered_financial_ppo,ppo_cross_scenario_financial_policy,observed_calibration,recovered_calibration,True,True,6,core_003__observed_calibration__episode_06,short_shelf_life,high_inventory,uniform,medium_margin,moderate_disposal_cost,observed_sales_demand,observed_target_response,0.20881561409815347,0.2088156140981535,0.5165438875059587,1.891808621935136,1.3605263157894738,0.014738418639703568,0.2947683727940713,0.11916168261887988,0.8808383173811202,0.0,0.13333333333333333,0.3,0,0.0,3,2.473684210526316,0.6365141682948128,2.220446049250313e-16,0.0,0.0,0.6666666666666666,0.0,0.0,0.3333333333333333,0.0
core_003,selected_recovered_financial_ppo,ppo_cross_scenario_financial_policy,observed_calibration,recovered_calibration,True,True,7,core_003__observed_calibration__episode_07,short_shelf_life,high_inventory,uniform,medium_margin,moderate_disposal_cost,observed_sales_demand,observed_target_response,0.11924759107910432,0.11924759107910429,0.29498088319567906,1.6811621238421224,1.3605263157894738,0.02565492485696952,0.5130984971393904,0.20742279671592376,0.7925772032840763,0.0,0.13333333333333333,0.3,0,0.0,3,2.473684210526316,0.6365141682948128,2.220446049250313e-16,0.0,0.0,0.6666666666666666,0.0,0.0,0.3333333333333333,0.0
core_005,always_0pct,fixed_or_rule_policy,recovered_calibration,recovered_calibration,False,False,0,core_005__recovered_calibration__episode_00,short_shelf_life,balanced_inventory,uniform,medium_margin,moderate_disposal_cost,recovered_demand,recovered_target_response,0.44999999999999996,0.44999999999999996,0.7019345239587916,1.5598544976862039,0.8579199737274122,0.0,0.0,0.0,1.0,1.0,0.0,0.0,-1,0.0,1,1.5598544976862039,-0.0,0.0,0.0,1.0,0.0,0.0,0.0,0.0,0.0
core_005,always_0pct,fixed_or_rule_policy,recovered_calibration,recovered_calibration,False,False,1,core_005__recovered_calibration__episode_01,short_shelf_life,balanced_inventory,uniform,medium_margin,moderate_disposal_cost,recovered_demand,recovered_target_response,0.2868478076879271,0.28684780768792717,0.44744084297344044,1.317479563414441,0.8579199737274122,0.012118746713588154,0.24237493427176304,0.15538304029721214,0.8446169597027879,0.0,0.0,0.0,-1,0.0,3,1.5598544976862039,-0.0,1.1102230246251565e-16,0.0,1.0,0.0,0.0,0.0,0.0,0.0
core_005,always_0pct,fixed_or_rule_policy,recovered_calibration,recovered_calibration,False,False,2,core_005__recovered_calibration__episode_02,short_shelf_life,balanced_inventory,uniform,medium_margin,moderate_disposal_cost,recovered_demand,recovered_target_response,0.3137348640412255,0.3137348640412255,0.48938073875567534,1.3574223213022836,0.8579199737274122,0.010121608819196016,0.2024321763839203,0.12977631996073752,0.8702236800392624,0.0,0.0,0.0,-1,0.0,3,1.5598544976862039,-0.0,0.0,0.0,1.0,0.0,0.0,0.0,0.0,0.0
core_005,always_0pct,fixed_or_rule_policy,recovered_calibration,recovered_calibration,False,False,3,core_005__recovered_calibration__episode_03,short_shelf_life,balanced_inventory,uniform,medium_margin,moderate_disposal_cost,recovered_demand,recovered_target_response,0.356760202095313,0.356760202095313,0.556494005833813,1.4213397185195575,0.8579199737274122,0.006925738958332312,0.13851477916664623,0.08879980752827324,0.9112001924717267,0.0,0.0,0.0,-1,0.0,3,1.5598544976862039,-0.0,1.1102230246251565e-16,0.0,1.0,0.0,0.0,0.0,0.0,0.0
core_005,always_0pct,fixed_or_rule_policy,recovered_calibration,recovered_calibration,False,False,4,core_005__recovered_calibration__episode_04,short_shelf_life,balanced_inventory,uniform,medium_margin,moderate_disposal_cost,recovered_demand,recovered_target_response,0.39853282139217033,0.3985328213921704,0.6216532139241495,1.483396107177021,0.8579199737274122,0.003822919525459148,0.07645839050918296,0.04901636057888529,0.9509836394211147,0.3333333333333333,0.0,0.0,-1,0.0,3,1.5598544976862039,-0.0,5.551115123125783e-17,0.0,1.0,0.0,0.0,0.0,0.0,0.0
core_005,always_0pct,fixed_or_rule_policy,recovered_calibration,recovered_calibration,False,False,5,core_005__recovered_calibration__episode_05,short_shelf_life,balanced_inventory,uniform,medium_margin,moderate_disposal_cost,recovered_demand,recovered_target_response,0.4443747022109158,0.44437470221091585,0.6931598779016646,1.5514976919175114,0.8579199737274122,0.0004178402884346233,0.008356805768692466,0.005357426465794379,0.9946425735342056,0.3333333333333333,0.0,0.0,-1,0.0,3,1.5598544976862039,-0.0,0.0,0.0,1.0,0.0,0.0,0.0,0.0,0.0
core_005,always_0pct,fixed_or_rule_policy,recovered_calibration,recovered_calibration,False,False,6,core_005__recovered_calibration__episode_06,short_shelf_life,balanced_inventory,uniform,medium_margin,moderate_disposal_cost,recovered_demand,recovered_target_response,0.4499999999999999,0.44999999999999996,0.7019345239587916,1.5598544976862039,0.8579199737274122,0.0,0.0,0.0,1.0,0.3333333333333333,0.0,0.0,-1,0.0,3,1.5598544976862039,-0.0,0.0,0.0,1.0,0.0,0.0,0.0,0.0,0.0
core_005,always_0pct,fixed_or_rule_policy,recovered_calibration,recovered_calibration,False,False,7,core_005__recovered_calibration__episode_07,short_shelf_life,balanced_inventory,uniform,medium_margin,moderate_disposal_cost,recovered_demand,recovered_target_response,0.44999999999999996,0.44999999999999996,0.7019345239587916,1.5598544976862039,0.8579199737274122,0.0,0.0,0.0,1.0,0.3333333333333333,0.0,0.0,-1,0.0,3,1.5598544976862039,-0.0,0.0,0.0,1.0,0.0,0.0,0.0,0.0,0.0
core_005,always_5pct,fixed_or_rule_policy,recovered_calibration,recovered_calibration,False,False,0,core_005__recovered_calibration__episode_00,short_shelf_life,balanced_inventory,uniform,medium_margin,moderate_disposal_cost,recovered_demand,recovered_target_response,0.3999999999999999,0.3999999999999999,0.6239417990744814,1.4818617728018937,0.8579199737274122,0.0,0.0,0.0,1.0,1.0,0.05,0.05,0,0.0,1,1.5598544976862039,-0.0,0.0,0.0,0.0,1.0,0.0,0.0,0.0,0.0
core_005,always_5pct,fixed_or_rule_policy,recovered_calibration,recovered_calibration,False,False,1,core_005__recovered_calibration__episode_01,short_shelf_life,balanced_inventory,uniform,medium_margin,moderate_disposal_cost,recovered_demand,recovered_target_response,0.28050570693161714,0.28050570693161714,0.4375480885839311,1.3047877478358707,0.8579199737274122,0.009319685524527516,0.1863937104905503,0.11949429306838281,0.8805057069316172,0.0,0.05000000000000001,0.05,0,0.0,3,1.5598544976862039,-0.0,1.1102230246251565e-16,0.0,0.0,1.0,0.0,0.0,0.0,0.0
core_005,always_5pct,fixed_or_rule_policy,recovered_calibration,recovered_calibration,False,False,2,core_005__recovered_calibration__episode_02,short_shelf_life,balanced_inventory,uniform,medium_margin,moderate_disposal_cost,recovered_demand,recovered_target_response,0.3253026440151337,0.3253026440151338,0.5074247923762205,1.3711706164385458,0.8579199737274122,0.005825850334913049,0.11651700669826098,0.07469735598486618,0.9253026440151337,0.0,0.05000000000000001,0.05,0,0.0,3,1.5598544976862039,-0.0,5.551115123125783e-17,0.0,0.0,1.0,0.0,0.0,0.0,0.0
core_005,always_5pct,fixed_or_rule_policy,recovered_calibration,recovered_calibration,False,False,3,core_005__recovered_calibration__episode_03,short_shelf_life,balanced_inventory,uniform,medium_margin,moderate_disposal_cost,recovered_demand,recovered_target_response,0.3608927737608081,0.36089277376080814,0.5629402163332462,1.4239102691977201,0.8579199737274122,0.003050079137061762,0.06100158274123524,0.039107226239191786,0.9608927737608082,0.3333333333333333,0.05000000000000001,0.05,0,0.0,3,1.5598544976862039,-0.0,1.1102230246251565e-16,0.0,0.0,1.0,0.0,0.0,0.0,0.0
core_005,always_5pct,fixed_or_rule_policy,recovered_calibration,recovered_calibration,False,False,4,core_005__recovered_calibration__episode_04,short_shelf_life,balanced_inventory,uniform,medium_margin,moderate_disposal_cost,recovered_demand,recovered_target_response,0.3902379624691339,0.39023796246913384,0.6087144409253784,1.4673957825602457,0.8579199737274122,0.0007613679074551461,0.01522735814910292,0.009762037530866043,0.990237962469134,0.3333333333333333,0.05000000000000001,0.05,0,0.0,3,1.5598544976862039,-0.0,0.0,0.0,0.0,1.0,0.0,0.0,0.0,0.0
core_005,always_5pct,fixed_or_rule_policy,recovered_calibration,recovered_calibration,False,False,5,core_005__recovered_calibration__episode_05,short_shelf_life,balanced_inventory,uniform,medium_margin,moderate_disposal_cost,recovered_demand,recovered_target_response,0.39999999999999986,0.39999999999999986,0.6239417990744813,1.4818617728018935,0.8579199737274122,0.0,0.0,0.0,1.0,0.3333333333333333,0.05000000000000001,0.05,0,0.0,3,1.5598544976862039,-0.0,0.0,0.0,0.0,1.0,0.0,0.0,0.0,0.0
core_005,always_5pct,fixed_or_rule_policy,recovered_calibration,recovered_calibration,False,False,6,core_005__recovered_calibration__episode_06,short_shelf_life,balanced_inventory,uniform,medium_margin,moderate_disposal_cost,recovered_demand,recovered_target_response,0.3999999999999999,0.39999999999999986,0.6239417990744813,1.4818617728018935,0.8579199737274122,0.0,0.0,0.0,1.0,0.5,0.05,0.05,0,0.0,2,1.5598544976862039,-0.0,0.0,0.0,0.0,1.0,0.0,0.0,0.0,0.0
core_005,always_5pct,fixed_or_rule_policy,recovered_calibration,recovered_calibration,False,False,7,core_005__recovered_calibration__episode_07,short_shelf_life,balanced_inventory,uniform,medium_margin,moderate_disposal_cost,recovered_demand,recovered_target_response,0.3999999999999999,0.39999999999999986,0.6239417990744813,1.4818617728018937,0.8579199737274122,0.0,0.0,0.0,1.0,0.3333333333333333,0.05000000000000001,0.05,0,0.0,3,1.5598544976862039,-0.0,0.0,0.0,0.0,1.0,0.0,0.0,0.0,0.0
core_005,always_10pct,fixed_or_rule_policy,recovered_calibration,recovered_calibration,False,False,0,core_005__recovered_calibration__episode_00,short_shelf_life,balanced_inventory,uniform,medium_margin,moderate_disposal_cost,recovered_demand,recovered_target_response,0.3499999999999999,0.3499999999999999,0.5459490741901712,1.4038690479175835,0.8579199737274122,0.0,0.0,0.0,1.0,1.0,0.1,0.1,0,0.0,1,1.5598544976862039,-0.0,0.0,0.0,0.0,0.0,1.0,0.0,0.0,0.0
core_005,always_10pct,fixed_or_rule_policy,recovered_calibration,recovered_calibration,False,False,1,core_005__recovered_calibration__episode_01,short_shelf_life,balanced_inventory,uniform,medium_margin,moderate_disposal_cost,recovered_demand,recovered_target_response,0.21256142450678628,0.2125614245067863,0.3315648940514971,1.2007682456809448,0.8579199737274122,0.011283377902035485,0.2256675580407097,0.1446721847296986,0.8553278152703014,0.0,0.10000000000000002,0.1,0,0.0,3,1.5598544976862039,-0.0,0.0,0.0,0.0,0.0,1.0,0.0,0.0,0.0
core_005,always_10pct,fixed_or_rule_policy,recovered_calibration,recovered_calibration,False,False,2,core_005__recovered_calibration__episode_02,short_shelf_life,balanced_inventory,uniform,medium_margin,moderate_disposal_cost,recovered_demand,recovered_target_response,0.24964445588879763,0.24964445588879766,0.38940902734056615,1.2555679509021682,0.8579199737274122,0.008238949834189744,0.16477899668379486,0.10563741485389715,0.8943625851461028,0.0,0.10000000000000002,0.1,0,0.0,3,1.5598544976862039,-0.0,5.551115123125783e-17,0.0,0.0,0.0,1.0,0.0,0.0,0.0
core_005,always_10pct,fixed_or_rule_policy,recovered_calibration,recovered_calibration,False,False,3,core_005__recovered_calibration__episode_03,short_shelf_life,balanced_inventory,uniform,medium_margin,moderate_disposal_cost,recovered_demand,recovered_target_response,0.2866065794426564,0.2866065794426564,0.4470645620100859,1.3101889837469765,0.8579199737274122,0.005204448009478174,0.10408896018956348,0.06672991637615105,0.933270083623849,0.0,0.10000000000000002,0.1,0,0.0,3,1.5598544976862039,-0.0,1.1102230246251565e-16,0.0,0.0,0.0,1.0,0.0,0.0,0.0
core_005,always_10pct,fixed_or_rule_policy,recovered_calibration,recovered_calibration,False,False,4,core_005__recovered_calibration__episode_04,short_shelf_life,balanced_inventory,uniform,medium_margin,moderate_disposal_cost,recovered_demand,recovered_target_response,0.3231352132697628,0.32313521326976274,0.5040439157796301,1.3641694241602287,0.8579199737274122,0.0022055346531863725,0.044110693063727446,0.028278722873933848,0.9717212771260662,0.3333333333333333,0.10000000000000002,0.1,0,0.0,3,1.5598544976862039,-0.0,5.551115123125783e-17,0.0,0.0,0.0,1.0,0.0,0.0,0.0
core_005,always_10pct,fixed_or_rule_policy,recovered_calibration,recovered_calibration,False,False,5,core_005__recovered_calibration__episode_05,short_shelf_life,balanced_inventory,uniform,medium_margin,moderate_disposal_cost,recovered_demand,recovered_target_response,0.35000000000000003,0.35,0.5459490741901714,1.4038690479175835,0.8579199737274122,0.0,0.0,0.0,1.0,0.3333333333333333,0.10000000000000002,0.1,0,0.0,3,1.5598544976862039,-0.0,0.0,0.0,0.0,0.0,1.0,0.0,0.0,0.0
core_005,always_10pct,fixed_or_rule_policy,recovered_calibration,recovered_calibration,False,False,6,core_005__recovered_calibration__episode_06,short_shelf_life,balanced_inventory,uniform,medium_margin,moderate_disposal_cost,recovered_demand,recovered_target_response,0.35,0.35,0.5459490741901714,1.4038690479175835,0.8579199737274122,0.0,0.0,0.0,1.0,0.3333333333333333,0.10000000000000002,0.1,0,0.0,3,1.5598544976862039,-0.0,0.0,0.0,0.0,0.0,1.0,0.0,0.0,0.0
core_005,always_10pct,fixed_or_rule_policy,recovered_calibration,recovered_calibration,False,False,7,core_005__recovered_calibration__episode_07,short_shelf_life,balanced_inventory,uniform,medium_margin,moderate_disposal_cost,recovered_demand,recovered_target_response,0.35,0.3499999999999999,0.5459490741901712,1.4038690479175835,0.8579199737274122,0.0,0.0,0.0,1.0,0.3333333333333333,0.10000000000000002,0.1,0,0.0,3,1.5598544976862039,-0.0,0.0,0.0,0.0,0.0,1.0,0.0,0.0,0.0
core_005,always_20pct,fixed_or_rule_policy,recovered_calibration,recovered_calibration,False,False,0,core_005__recovered_calibration__episode_00,short_shelf_life,balanced_inventory,uniform,medium_margin,moderate_disposal_cost,recovered_demand,recovered_target_response,0.24999999999999992,0.24999999999999992,0.38996362442155086,1.247883598148963,0.8579199737274122,0.0,0.0,0.0,1.0,1.0,0.2,0.2,0,0.0,1,1.5598544976862039,-0.0,0.0,0.0,0.0,0.0,0.0,1.0,0.0,0.0
core_005,always_20pct,fixed_or_rule_policy,recovered_calibration,recovered_calibration,False,False,1,core_005__recovered_calibration__episode_01,short_shelf_life,balanced_inventory,uniform,medium_margin,moderate_disposal_cost,recovered_demand,recovered_target_response,0.23049264802361125,0.23049264802361125,0.3595349937032331,1.2192448868846641,0.8579199737274122,0.001789919454018696,0.035798389080373916,0.022949825854574984,0.977050174145425,0.3333333333333333,0.20000000000000004,0.2,0,0.0,3,1.5598544976862039,-0.0,0.0,0.0,0.0,0.0,0.0,1.0,0.0,0.0
core_005,always_20pct,fixed_or_rule_policy,recovered_calibration,recovered_calibration,False,False,2,core_005__recovered_calibration__episode_02,short_shelf_life,balanced_inventory,uniform,medium_margin,moderate_disposal_cost,recovered_demand,recovered_target_response,0.24999999999999994,0.24999999999999997,0.3899636244215509,1.247883598148963,0.8579199737274122,0.0,0.0,0.0,1.0,0.3333333333333333,0.20000000000000004,0.2,0,0.0,3,1.5598544976862039,-0.0,0.0,0.0,0.0,0.0,0.0,1.0,0.0,0.0
core_005,always_20pct,fixed_or_rule_policy,recovered_calibration,recovered_calibration,False,False,3,core_005__recovered_calibration__episode_03,short_shelf_life,balanced_inventory,uniform,medium_margin,moderate_disposal_cost,recovered_demand,recovered_target_response,0.24999999999999994,0.24999999999999997,0.3899636244215509,1.247883598148963,0.8579199737274122,0.0,0.0,0.0,1.0,0.3333333333333333,0.20000000000000004,0.2,0,0.0,3,1.5598544976862039,-0.0,0.0,0.0,0.0,0.0,0.0,1.0,0.0,0.0
core_005,always_20pct,fixed_or_rule_policy,recovered_calibration,recovered_calibration,False,False,4,core_005__recovered_calibration__episode_04,short_shelf_life,balanced_inventory,uniform,medium_margin,moderate_disposal_cost,recovered_demand,recovered_target_response,0.24999999999999994,0.24999999999999997,0.3899636244215509,1.247883598148963,0.8579199737274122,0.0,0.0,0.0,1.0,0.3333333333333333,0.20000000000000004,0.2,0,0.0,3,1.5598544976862039,-0.0,0.0,0.0,0.0,0.0,0.0,1.0,0.0,0.0
core_005,always_20pct,fixed_or_rule_policy,recovered_calibration,recovered_calibration,False,False,5,core_005__recovered_calibration__episode_05,short_shelf_life,balanced_inventory,uniform,medium_margin,moderate_disposal_cost,recovered_demand,recovered_target_response,0.25,0.25,0.38996362442155097,1.247883598148963,0.8579199737274122,0.0,0.0,0.0,1.0,0.3333333333333333,0.20000000000000004,0.2,0,0.0,3,1.5598544976862039,-0.0,0.0,0.0,0.0,0.0,0.0,1.0,0.0,0.0
core_005,always_20pct,fixed_or_rule_policy,recovered_calibration,recovered_calibration,False,False,6,core_005__recovered_calibration__episode_06,short_shelf_life,balanced_inventory,uniform,medium_margin,moderate_disposal_cost,recovered_demand,recovered_target_response,0.24999999999999997,0.25,0.38996362442155097,1.247883598148963,0.8579199737274122,0.0,0.0,0.0,1.0,0.3333333333333333,0.20000000000000004,0.2,0,0.0,3,1.5598544976862039,-0.0,0.0,0.0,0.0,0.0,0.0,1.0,0.0,0.0
core_005,always_20pct,fixed_or_rule_policy,recovered_calibration,recovered_calibration,False,False,7,core_005__recovered_calibration__episode_07,short_shelf_life,balanced_inventory,uniform,medium_margin,moderate_disposal_cost,recovered_demand,recovered_target_response,0.24999999999999994,0.24999999999999997,0.3899636244215509,1.2478835981489633,0.8579199737274122,0.0,0.0,0.0,1.0,0.3333333333333333,0.20000000000000004,0.2,0,0.0,3,1.5598544976862039,-0.0,0.0,0.0,0.0,0.0,0.0,1.0,0.0,0.0
core_005,always_40pct,fixed_or_rule_policy,recovered_calibration,recovered_calibration,False,False,0,core_005__recovered_calibration__episode_00,short_shelf_life,balanced_inventory,uniform,medium_margin,moderate_disposal_cost,recovered_demand,recovered_target_response,0.049999999999999926,0.049999999999999926,0.07799272488431008,0.9359126986117223,0.8579199737274122,0.0,0.0,0.0,1.0,1.0,0.4,0.4,0,0.0,1,1.5598544976862039,-0.0,0.0,0.0,0.0,0.0,0.0,0.0,0.0,1.0
core_005,always_40pct,fixed_or_rule_policy,recovered_calibration,recovered_calibration,False,False,1,core_005__recovered_calibration__episode_01,short_shelf_life,balanced_inventory,uniform,medium_margin,moderate_disposal_cost,recovered_demand,recovered_target_response,0.049999999999999906,0.049999999999999926,0.07799272488431008,0.9359126986117223,0.8579199737274122,0.0,0.0,0.0,1.0,0.5,0.4,0.4,0,0.0,2,1.5598544976862039,-0.0,0.0,0.0,0.0,0.0,0.0,0.0,0.0,1.0
core_005,always_40pct,fixed_or_rule_policy,recovered_calibration,recovered_calibration,False,False,2,core_005__recovered_calibration__episode_02,short_shelf_life,balanced_inventory,uniform,medium_margin,moderate_disposal_cost,recovered_demand,recovered_target_response,0.04999999999999988,0.04999999999999989,0.07799272488431003,0.9359126986117223,0.8579199737274122,0.0,0.0,0.0,1.0,0.5,0.4,0.4,0,0.0,2,1.5598544976862039,-0.0,0.0,0.0,0.0,0.0,0.0,0.0,0.0,1.0
core_005,always_40pct,fixed_or_rule_policy,recovered_calibration,recovered_calibration,False,False,3,core_005__recovered_calibration__episode_03,short_shelf_life,balanced_inventory,uniform,medium_margin,moderate_disposal_cost,recovered_demand,recovered_target_response,0.049999999999999906,0.04999999999999989,0.07799272488431003,0.9359126986117223,0.8579199737274122,0.0,0.0,0.0,1.0,0.5,0.4,0.4,0,0.0,2,1.5598544976862039,-0.0,0.0,0.0,0.0,0.0,0.0,0.0,0.0,1.0
core_005,always_40pct,fixed_or_rule_policy,recovered_calibration,recovered_calibration,False,False,4,core_005__recovered_calibration__episode_04,short_shelf_life,balanced_inventory,uniform,medium_margin,moderate_disposal_cost,recovered_demand,recovered_target_response,0.04999999999999993,0.049999999999999926,0.07799272488431008,0.9359126986117223,0.8579199737274122,0.0,0.0,0.0,1.0,0.5,0.4,0.4,0,0.0,2,1.5598544976862039,-0.0,0.0,0.0,0.0,0.0,0.0,0.0,0.0,1.0
core_005,always_40pct,fixed_or_rule_policy,recovered_calibration,recovered_calibration,False,False,5,core_005__recovered_calibration__episode_05,short_shelf_life,balanced_inventory,uniform,medium_margin,moderate_disposal_cost,recovered_demand,recovered_target_response,0.049999999999999906,0.04999999999999989,0.07799272488431003,0.9359126986117223,0.8579199737274122,0.0,0.0,0.0,1.0,0.5,0.4,0.4,0,0.0,2,1.5598544976862039,-0.0,0.0,0.0,0.0,0.0,0.0,0.0,0.0,1.0
core_005,always_40pct,fixed_or_rule_policy,recovered_calibration,recovered_calibration,False,False,6,core_005__recovered_calibration__episode_06,short_shelf_life,balanced_inventory,uniform,medium_margin,moderate_disposal_cost,recovered_demand,recovered_target_response,0.04999999999999993,0.049999999999999926,0.07799272488431008,0.9359126986117223,0.8579199737274122,0.0,0.0,0.0,1.0,0.5,0.4,0.4,0,0.0,2,1.5598544976862039,-0.0,0.0,0.0,0.0,0.0,0.0,0.0,0.0,1.0
core_005,always_40pct,fixed_or_rule_policy,recovered_calibration,recovered_calibration,False,False,7,core_005__recovered_calibration__episode_07,short_shelf_life,balanced_inventory,uniform,medium_margin,moderate_disposal_cost,recovered_demand,recovered_target_response,0.04999999999999993,0.049999999999999926,0.07799272488431008,0.9359126986117223,0.8579199737274122,0.0,0.0,0.0,1.0,0.5,0.4,0.4,0,0.0,2,1.5598544976862039,-0.0,0.0,0.0,0.0,0.0,0.0,0.0,0.0,1.0
core_005,expiry_threshold_rule,fixed_or_rule_policy,recovered_calibration,recovered_calibration,False,False,0,core_005__recovered_calibration__episode_00,short_shelf_life,balanced_inventory,uniform,medium_margin,moderate_disposal_cost,recovered_demand,recovered_target_response,0.049999999999999926,0.049999999999999926,0.07799272488431008,0.9359126986117223,0.8579199737274122,0.0,0.0,0.0,1.0,1.0,0.4,0.4,0,0.0,1,1.5598544976862039,-0.0,0.0,0.0,0.0,0.0,0.0,0.0,0.0,1.0
core_005,expiry_threshold_rule,fixed_or_rule_policy,recovered_calibration,recovered_calibration,False,False,1,core_005__recovered_calibration__episode_01,short_shelf_life,balanced_inventory,uniform,medium_margin,moderate_disposal_cost,recovered_demand,recovered_target_response,0.049999999999999906,0.049999999999999926,0.07799272488431008,0.9359126986117223,0.8579199737274122,0.0,0.0,0.0,1.0,0.5,0.4,0.4,0,0.0,2,1.5598544976862039,-0.0,0.0,0.0,0.0,0.0,0.0,0.0,0.0,1.0
core_005,expiry_threshold_rule,fixed_or_rule_policy,recovered_calibration,recovered_calibration,False,False,2,core_005__recovered_calibration__episode_02,short_shelf_life,balanced_inventory,uniform,medium_margin,moderate_disposal_cost,recovered_demand,recovered_target_response,0.04999999999999988,0.04999999999999989,0.07799272488431003,0.9359126986117223,0.8579199737274122,0.0,0.0,0.0,1.0,0.5,0.4,0.4,0,0.0,2,1.5598544976862039,-0.0,0.0,0.0,0.0,0.0,0.0,0.0,0.0,1.0
core_005,expiry_threshold_rule,fixed_or_rule_policy,recovered_calibration,recovered_calibration,False,False,3,core_005__recovered_calibration__episode_03,short_shelf_life,balanced_inventory,uniform,medium_margin,moderate_disposal_cost,recovered_demand,recovered_target_response,0.049999999999999906,0.04999999999999989,0.07799272488431003,0.9359126986117223,0.8579199737274122,0.0,0.0,0.0,1.0,0.5,0.4,0.4,0,0.0,2,1.5598544976862039,-0.0,0.0,0.0,0.0,0.0,0.0,0.0,0.0,1.0
core_005,expiry_threshold_rule,fixed_or_rule_policy,recovered_calibration,recovered_calibration,False,False,4,core_005__recovered_calibration__episode_04,short_shelf_life,balanced_inventory,uniform,medium_margin,moderate_disposal_cost,recovered_demand,recovered_target_response,0.04999999999999993,0.049999999999999926,0.07799272488431008,0.9359126986117223,0.8579199737274122,0.0,0.0,0.0,1.0,0.5,0.4,0.4,0,0.0,2,1.5598544976862039,-0.0,0.0,0.0,0.0,0.0,0.0,0.0,0.0,1.0
core_005,expiry_threshold_rule,fixed_or_rule_policy,recovered_calibration,recovered_calibration,False,False,5,core_005__recovered_calibration__episode_05,short_shelf_life,balanced_inventory,uniform,medium_margin,moderate_disposal_cost,recovered_demand,recovered_target_response,0.049999999999999906,0.04999999999999989,0.07799272488431003,0.9359126986117223,0.8579199737274122,0.0,0.0,0.0,1.0,0.5,0.4,0.4,0,0.0,2,1.5598544976862039,-0.0,0.0,0.0,0.0,0.0,0.0,0.0,0.0,1.0
core_005,expiry_threshold_rule,fixed_or_rule_policy,recovered_calibration,recovered_calibration,False,False,6,core_005__recovered_calibration__episode_06,short_shelf_life,balanced_inventory,uniform,medium_margin,moderate_disposal_cost,recovered_demand,recovered_target_response,0.04999999999999993,0.049999999999999926,0.07799272488431008,0.9359126986117223,0.8579199737274122,0.0,0.0,0.0,1.0,0.5,0.4,0.4,0,0.0,2,1.5598544976862039,-0.0,0.0,0.0,0.0,0.0,0.0,0.0,0.0,1.0
core_005,expiry_threshold_rule,fixed_or_rule_policy,recovered_calibration,recovered_calibration,False,False,7,core_005__recovered_calibration__episode_07,short_shelf_life,balanced_inventory,uniform,medium_margin,moderate_disposal_cost,recovered_demand,recovered_target_response,0.04999999999999993,0.049999999999999926,0.07799272488431008,0.9359126986117223,0.8579199737274122,0.0,0.0,0.0,1.0,0.5,0.4,0.4,0,0.0,2,1.5598544976862039,-0.0,0.0,0.0,0.0,0.0,0.0,0.0,0.0,1.0
core_005,inventory_coverage_rule,fixed_or_rule_policy,recovered_calibration,recovered_calibration,False,False,0,core_005__recovered_calibration__episode_00,short_shelf_life,balanced_inventory,uniform,medium_margin,moderate_disposal_cost,recovered_demand,recovered_target_response,0.24999999999999992,0.24999999999999992,0.38996362442155086,1.247883598148963,0.8579199737274122,0.0,0.0,0.0,1.0,1.0,0.2,0.2,0,0.0,1,1.5598544976862039,-0.0,0.0,0.0,0.0,0.0,0.0,1.0,0.0,0.0
core_005,inventory_coverage_rule,fixed_or_rule_policy,recovered_calibration,recovered_calibration,False,False,1,core_005__recovered_calibration__episode_01,short_shelf_life,balanced_inventory,uniform,medium_margin,moderate_disposal_cost,recovered_demand,recovered_target_response,0.20089224466443112,0.20089224466443112,0.31336267139009016,1.1712826451175025,0.8579199737274122,0.0,0.0,0.0,1.0,0.3333333333333333,0.19999999999999998,0.3,0,0.0,3,1.5598544976862039,0.6365141682948128,0.0,0.0,0.3333333333333333,0.0,0.0,0.0,0.6666666666666666,0.0
core_005,inventory_coverage_rule,fixed_or_rule_policy,recovered_calibration,recovered_calibration,False,False,2,core_005__recovered_calibration__episode_02,short_shelf_life,balanced_inventory,uniform,medium_margin,moderate_disposal_cost,recovered_demand,recovered_target_response,0.19437828175383443,0.19437828175383443,0.3032018370462348,1.161121810773647,0.8579199737274122,0.0,0.0,0.0,1.0,0.3333333333333333,0.19999999999999998,0.3,0,0.0,3,1.5598544976862039,0.6365141682948128,0.0,0.0,0.3333333333333333,0.0,0.0,0.0,0.6666666666666666,0.0
core_005,inventory_coverage_rule,fixed_or_rule_policy,recovered_calibration,recovered_calibration,False,False,3,core_005__recovered_calibration__episode_03,short_shelf_life,balanced_inventory,uniform,medium_margin,moderate_disposal_cost,recovered_demand,recovered_target_response,0.19572717187636332,0.1957271718763633,0.305305909370746,1.1632258830981583,0.8579199737274122,0.0,0.0,0.0,1.0,0.3333333333333333,0.19999999999999998,0.3,0,0.0,3,1.5598544976862039,0.6365141682948128,0.0,0.0,0.3333333333333333,0.0,0.0,0.0,0.6666666666666666,0.0
core_005,inventory_coverage_rule,fixed_or_rule_policy,recovered_calibration,recovered_calibration,False,False,4,core_005__recovered_calibration__episode_04,short_shelf_life,balanced_inventory,uniform,medium_margin,moderate_disposal_cost,recovered_demand,recovered_target_response,0.18995530272984845,0.18995530272984845,0.29630263332249857,1.1542226070499109,0.8579199737274122,0.0,0.0,0.0,1.0,0.3333333333333333,0.19999999999999998,0.3,0,0.0,3,1.5598544976862039,0.6365141682948128,0.0,0.0,0.3333333333333333,0.0,0.0,0.0,0.6666666666666666,0.0
core_005,inventory_coverage_rule,fixed_or_rule_policy,recovered_calibration,recovered_calibration,False,False,5,core_005__recovered_calibration__episode_05,short_shelf_life,balanced_inventory,uniform,medium_margin,moderate_disposal_cost,recovered_demand,recovered_target_response,0.15675047620548702,0.15675047620548704,0.24450793532358323,1.1024279090509954,0.8579199737274122,0.0,0.0,0.0,1.0,0.3333333333333333,0.19999999999999998,0.3,0,0.0,3,1.5598544976862039,0.6365141682948128,0.0,0.0,0.3333333333333333,0.0,0.0,0.0,0.6666666666666666,0.0
core_005,inventory_coverage_rule,fixed_or_rule_policy,recovered_calibration,recovered_calibration,False,False,6,core_005__recovered_calibration__episode_06,short_shelf_life,balanced_inventory,uniform,medium_margin,moderate_disposal_cost,recovered_demand,recovered_target_response,0.19781113282459636,0.19781113282459634,0.30855658522884966,1.166476558956262,0.8579199737274122,0.0,0.0,0.0,1.0,0.5,0.25,0.3,0,0.0,2,1.5598544976862039,0.6931471805599453,0.0,0.0,0.0,0.0,0.0,0.5,0.5,0.0
core_005,inventory_coverage_rule,fixed_or_rule_policy,recovered_calibration,recovered_calibration,False,False,7,core_005__recovered_calibration__episode_07,short_shelf_life,balanced_inventory,uniform,medium_margin,moderate_disposal_cost,recovered_demand,recovered_target_response,0.2037510180191911,0.20375101801919113,0.31782194186537804,1.1757419155927904,0.8579199737274122,0.0,0.0,0.0,1.0,0.3333333333333333,0.16666666666666666,0.3,0,0.0,3,1.5598544976862039,1.0986122886681096,0.0,0.0,0.3333333333333333,0.0,0.0,0.3333333333333333,0.3333333333333333,0.0
core_005,selected_observed_financial_ppo,ppo_cross_scenario_financial_policy,recovered_calibration,observed_calibration,True,True,0,core_005__recovered_calibration__episode_00,short_shelf_life,balanced_inventory,uniform,medium_margin,moderate_disposal_cost,recovered_demand,recovered_target_response,0.3499999999999999,0.3499999999999999,0.5459490741901712,1.4038690479175835,0.8579199737274122,0.0,0.0,0.0,1.0,1.0,0.1,0.1,0,0.0,1,1.5598544976862039,-0.0,0.0,0.0,0.0,0.0,1.0,0.0,0.0,0.0
core_005,selected_observed_financial_ppo,ppo_cross_scenario_financial_policy,recovered_calibration,observed_calibration,True,True,1,core_005__recovered_calibration__episode_01,short_shelf_life,balanced_inventory,uniform,medium_margin,moderate_disposal_cost,recovered_demand,recovered_target_response,0.21815193171288122,0.2181519317128812,0.34028527186127133,1.2037210599892454,0.8579199737274122,0.005515814400561709,0.11031628801123416,0.07072216554484462,0.9292778344551554,0.0,0.16666666666666666,0.2,0,0.0,3,1.5598544976862039,0.6365141682948128,1.1102230246251565e-16,0.0,0.0,0.0,0.3333333333333333,0.6666666666666666,0.0,0.0
core_005,selected_observed_financial_ppo,ppo_cross_scenario_financial_policy,recovered_calibration,observed_calibration,True,True,2,core_005__recovered_calibration__episode_02,short_shelf_life,balanced_inventory,uniform,medium_margin,moderate_disposal_cost,recovered_demand,recovered_target_response,0.2565424384266105,0.2565424384266105,0.40016887642713445,1.260288318465983,0.8579199737274122,0.002199468311436309,0.04398936622872618,0.028200942007076565,0.9717990579929233,0.3333333333333333,0.16666666666666666,0.2,0,0.0,3,1.5598544976862039,0.6365141682948128,1.1102230246251565e-16,0.0,0.0,0.0,0.3333333333333333,0.6666666666666666,0.0,0.0
core_005,selected_observed_financial_ppo,ppo_cross_scenario_financial_policy,recovered_calibration,observed_calibration,True,True,3,core_005__recovered_calibration__episode_03,short_shelf_life,balanced_inventory,uniform,medium_margin,moderate_disposal_cost,recovered_demand,recovered_target_response,0.25906579104365424,0.25906579104365424,0.40410493935607833,1.2640172201881403,0.8579199737274122,0.0019923071046497906,0.03984614209299581,0.02554478135755689,0.9744552186424431,0.3333333333333333,0.16666666666666666,0.2,0,0.0,3,1.5598544976862039,0.6365141682948128,5.551115123125783e-17,0.0,0.0,0.0,0.3333333333333333,0.6666666666666666,0.0,0.0
core_005,selected_observed_financial_ppo,ppo_cross_scenario_financial_policy,recovered_calibration,observed_calibration,True,True,4,core_005__recovered_calibration__episode_04,short_shelf_life,balanced_inventory,uniform,medium_margin,moderate_disposal_cost,recovered_demand,recovered_target_response,0.2641055193339539,0.2641055193339538,0.4119661821968186,1.2714647134056838,0.8579199737274122,0.0015785574814529387,0.03157114962905877,0.020239804209873133,0.9797601957901269,0.3333333333333333,0.16666666666666666,0.2,0,0.0,3,1.5598544976862039,0.6365141682948128,5.551115123125783e-17,0.0,0.0,0.0,0.3333333333333333,0.6666666666666666,0.0,0.0
core_005,selected_observed_financial_ppo,ppo_cross_scenario_financial_policy,recovered_calibration,observed_calibration,True,True,5,core_005__recovered_calibration__episode_05,short_shelf_life,balanced_inventory,uniform,medium_margin,moderate_disposal_cost,recovered_demand,recovered_target_response,0.2837435645182943,0.28374356451829424,0.4425986753033768,1.3005186490307892,0.8579199737274122,0.0,0.0,0.0,1.0,0.3333333333333333,0.16666666666666666,0.2,0,0.0,3,1.5598544976862039,0.6365141682948128,0.0,0.0,0.0,0.0,0.3333333333333333,0.6666666666666666,0.0,0.0
core_005,selected_observed_financial_ppo,ppo_cross_scenario_financial_policy,recovered_calibration,observed_calibration,True,True,6,core_005__recovered_calibration__episode_06,short_shelf_life,balanced_inventory,uniform,medium_margin,moderate_disposal_cost,recovered_demand,recovered_target_response,0.2993516453099596,0.2993516453099596,0.46694501032650576,1.324864984053918,0.8579199737274122,0.0,0.0,0.0,1.0,0.3333333333333333,0.13333333333333333,0.2,0,0.0,3,1.5598544976862039,0.6365141682948128,0.0,0.0,0.0,0.0,0.6666666666666666,0.3333333333333333,0.0,0.0
core_005,selected_observed_financial_ppo,ppo_cross_scenario_financial_policy,recovered_calibration,observed_calibration,True,True,7,core_005__recovered_calibration__episode_07,short_shelf_life,balanced_inventory,uniform,medium_margin,moderate_disposal_cost,recovered_demand,recovered_target_response,0.33970796887077465,0.3397079688707747,0.5298950031429228,1.387814976870335,0.8579199737274122,0.0,0.0,0.0,1.0,0.3333333333333333,0.13333333333333333,0.2,0,0.0,3,1.5598544976862039,0.6365141682948128,0.0,0.0,0.0,0.0,0.6666666666666666,0.3333333333333333,0.0,0.0
core_005,selected_recovered_financial_ppo,ppo_cross_scenario_financial_policy,recovered_calibration,recovered_calibration,True,False,0,core_005__recovered_calibration__episode_00,short_shelf_life,balanced_inventory,uniform,medium_margin,moderate_disposal_cost,recovered_demand,recovered_target_response,0.3999999999999999,0.3999999999999999,0.6239417990744814,1.4818617728018937,0.8579199737274122,0.0,0.0,0.0,1.0,1.0,0.05,0.05,0,0.0,1,1.5598544976862039,-0.0,0.0,0.0,0.0,1.0,0.0,0.0,0.0,0.0
core_005,selected_recovered_financial_ppo,ppo_cross_scenario_financial_policy,recovered_calibration,recovered_calibration,True,False,1,core_005__recovered_calibration__episode_01,short_shelf_life,balanced_inventory,uniform,medium_margin,moderate_disposal_cost,recovered_demand,recovered_target_response,0.21552508822718058,0.21552508822718056,0.3361877782353835,1.2008765606788412,0.8579199737274122,0.006768808716045377,0.13537617432090754,0.0867876936738116,0.9132123063261884,0.3333333333333333,0.15,0.3,0,0.0,3,1.5598544976862039,1.0986122886681096,1.1102230246251565e-16,0.0,0.0,0.3333333333333333,0.3333333333333333,0.0,0.3333333333333333,0.0
core_005,selected_recovered_financial_ppo,ppo_cross_scenario_financial_policy,recovered_calibration,recovered_calibration,True,False,2,core_005__recovered_calibration__episode_02,short_shelf_life,balanced_inventory,uniform,medium_margin,moderate_disposal_cost,recovered_demand,recovered_target_response,0.2469375085679829,0.2469375085679829,0.38518658338719364,1.2473897502202167,0.8579199737274122,0.0042831931056107,0.085663862112214,0.054917854350699194,0.9450821456493009,0.3333333333333333,0.15,0.3,0,0.0,3,1.5598544976862039,1.0986122886681096,1.1102230246251565e-16,0.0,0.0,0.3333333333333333,0.3333333333333333,0.0,0.3333333333333333,0.0
core_005,selected_recovered_financial_ppo,ppo_cross_scenario_financial_policy,recovered_calibration,recovered_calibration,True,False,3,core_005__recovered_calibration__episode_03,short_shelf_life,balanced_inventory,uniform,medium_margin,moderate_disposal_cost,recovered_demand,recovered_target_response,0.2522847225660667,0.2522847225660667,0.3935274591921953,1.2553026555106523,0.8579199737274122,0.003855222591044871,0.07710445182089742,0.04943054107627962,0.9505694589237204,0.3333333333333333,0.15,0.3,0,0.0,3,1.5598544976862039,1.0986122886681096,0.0,0.0,0.0,0.3333333333333333,0.3333333333333333,0.0,0.3333333333333333,0.0
core_005,selected_recovered_financial_ppo,ppo_cross_scenario_financial_policy,recovered_calibration,recovered_calibration,True,False,4,core_005__recovered_calibration__episode_04,short_shelf_life,balanced_inventory,uniform,medium_margin,moderate_disposal_cost,recovered_demand,recovered_target_response,0.2826009897382762,0.2826009897382762,0.4408164248938229,1.3001247437004237,0.8579199737274122,0.0013883450791885798,0.027766901583771597,0.01780095619492676,0.9821990438050733,0.3333333333333333,0.15,0.3,0,0.0,3,1.5598544976862039,1.0986122886681096,0.0,0.0,0.0,0.3333333333333333,0.3333333333333333,0.0,0.3333333333333333,0.0
core_005,selected_recovered_financial_ppo,ppo_cross_scenario_financial_policy,recovered_calibration,recovered_calibration,True,False,5,core_005__recovered_calibration__episode_05,short_shelf_life,balanced_inventory,uniform,medium_margin,moderate_disposal_cost,recovered_demand,recovered_target_response,0.2853539936222303,0.2853539936222303,0.4451107103843563,1.3030306841117687,0.8579199737274122,0.0,0.0,0.0,1.0,0.3333333333333333,0.18333333333333335,0.3,0,0.0,3,1.5598544976862039,1.0986122886681096,0.0,0.0,0.0,0.3333333333333333,0.0,0.3333333333333333,0.3333333333333333,0.0
core_005,selected_recovered_financial_ppo,ppo_cross_scenario_financial_policy,recovered_calibration,recovered_calibration,True,False,6,core_005__recovered_calibration__episode_06,short_shelf_life,balanced_inventory,uniform,medium_margin,moderate_disposal_cost,recovered_demand,recovered_target_response,0.375019051484885,0.37501905148488496,0.5849751541767119,1.4428951279041242,0.8579199737274122,0.0,0.0,0.0,1.0,0.5,0.07500000000000001,0.1,0,0.0,2,1.5598544976862039,0.6931471805599453,0.0,0.0,0.0,0.5,0.5,0.0,0.0,0.0
core_005,selected_recovered_financial_ppo,ppo_cross_scenario_financial_policy,recovered_calibration,recovered_calibration,True,False,7,core_005__recovered_calibration__episode_07,short_shelf_life,balanced_inventory,uniform,medium_margin,moderate_disposal_cost,recovered_demand,recovered_target_response,0.38143073913906683,0.3814307391390668,0.5949764540018465,1.4528964277292586,0.8579199737274122,0.0,0.0,0.0,1.0,0.3333333333333333,0.13333333333333333,0.3,0,0.0,3,1.5598544976862039,0.6365141682948128,0.0,0.0,0.0,0.6666666666666666,0.0,0.0,0.3333333333333333,0.0
core_005,always_0pct,fixed_or_rule_policy,observed_calibration,observed_calibration,False,False,0,core_005__observed_calibration__episode_00,short_shelf_life,balanced_inventory,uniform,medium_margin,moderate_disposal_cost,recovered_demand,recovered_target_response,0.44999999999999996,0.44999999999999996,0.5565789473684211,1.236842105263158,0.6802631578947369,0.0,0.0,0.0,1.0,1.0,0.0,0.0,-1,1.1102230246251565e-16,1,1.236842105263158,-0.0,1.1102230246251565e-16,0.0,1.0,0.0,0.0,0.0,0.0,0.0
core_005,always_0pct,fixed_or_rule_policy,observed_calibration,observed_calibration,False,False,1,core_005__observed_calibration__episode_01,short_shelf_life,balanced_inventory,uniform,medium_margin,moderate_disposal_cost,recovered_demand,recovered_target_response,0.45000000000000007,0.45000000000000007,0.5565789473684212,1.236842105263158,0.6802631578947369,0.0,0.0,0.0,1.0,0.3333333333333333,0.0,0.0,-1,0.0,3,1.236842105263158,-0.0,0.0,0.0,1.0,0.0,0.0,0.0,0.0,0.0
core_005,always_0pct,fixed_or_rule_policy,observed_calibration,observed_calibration,False,False,2,core_005__observed_calibration__episode_02,short_shelf_life,balanced_inventory,uniform,medium_margin,moderate_disposal_cost,recovered_demand,recovered_target_response,0.45000000000000007,0.45000000000000007,0.5565789473684212,1.236842105263158,0.6802631578947369,0.0,0.0,0.0,1.0,0.3333333333333333,0.0,0.0,-1,0.0,3,1.236842105263158,-0.0,0.0,0.0,1.0,0.0,0.0,0.0,0.0,0.0
core_005,always_0pct,fixed_or_rule_policy,observed_calibration,observed_calibration,False,False,3,core_005__observed_calibration__episode_03,short_shelf_life,balanced_inventory,uniform,medium_margin,moderate_disposal_cost,recovered_demand,recovered_target_response,0.45000000000000007,0.45000000000000007,0.5565789473684212,1.236842105263158,0.6802631578947369,0.0,0.0,0.0,1.0,0.3333333333333333,0.0,0.0,-1,0.0,3,1.236842105263158,-0.0,0.0,0.0,1.0,0.0,0.0,0.0,0.0,0.0
core_005,always_0pct,fixed_or_rule_policy,observed_calibration,observed_calibration,False,False,4,core_005__observed_calibration__episode_04,short_shelf_life,balanced_inventory,uniform,medium_margin,moderate_disposal_cost,recovered_demand,recovered_target_response,0.45000000000000007,0.45000000000000007,0.5565789473684212,1.236842105263158,0.6802631578947369,0.0,0.0,0.0,1.0,0.3333333333333333,0.0,0.0,-1,0.0,3,1.236842105263158,-0.0,0.0,0.0,1.0,0.0,0.0,0.0,0.0,0.0
core_005,always_0pct,fixed_or_rule_policy,observed_calibration,observed_calibration,False,False,5,core_005__observed_calibration__episode_05,short_shelf_life,balanced_inventory,uniform,medium_margin,moderate_disposal_cost,recovered_demand,recovered_target_response,0.45000000000000007,0.45000000000000007,0.5565789473684212,1.236842105263158,0.6802631578947369,0.0,0.0,0.0,1.0,0.5,0.0,0.0,-1,0.0,2,1.236842105263158,-0.0,0.0,0.0,1.0,0.0,0.0,0.0,0.0,0.0
core_005,always_0pct,fixed_or_rule_policy,observed_calibration,observed_calibration,False,False,6,core_005__observed_calibration__episode_06,short_shelf_life,balanced_inventory,uniform,medium_margin,moderate_disposal_cost,recovered_demand,recovered_target_response,0.45000000000000007,0.45000000000000007,0.5565789473684212,1.236842105263158,0.6802631578947369,0.0,0.0,0.0,1.0,0.5,0.0,0.0,-1,0.0,2,1.236842105263158,-0.0,0.0,0.0,1.0,0.0,0.0,0.0,0.0,0.0
core_005,always_0pct,fixed_or_rule_policy,observed_calibration,observed_calibration,False,False,7,core_005__observed_calibration__episode_07,short_shelf_life,balanced_inventory,uniform,medium_margin,moderate_disposal_cost,recovered_demand,recovered_target_response,0.45000000000000007,0.4500000000000002,0.5565789473684213,1.2368421052631582,0.6802631578947369,0.0,0.0,0.0,1.0000000000000002,0.3333333333333333,0.0,0.0,-1,0.0,3,1.236842105263158,-0.0,2.220446049250313e-16,1.1102230246251565e-16,1.0,0.0,0.0,0.0,0.0,0.0
core_005,always_5pct,fixed_or_rule_policy,observed_calibration,observed_calibration,False,False,0,core_005__observed_calibration__episode_00,short_shelf_life,balanced_inventory,uniform,medium_margin,moderate_disposal_cost,recovered_demand,recovered_target_response,0.39999999999999997,0.39999999999999997,0.49473684210526314,1.175,0.6802631578947369,0.0,0.0,0.0,1.0,1.0,0.05,0.05,0,1.1102230246251565e-16,1,1.236842105263158,-0.0,1.1102230246251565e-16,0.0,0.0,1.0,0.0,0.0,0.0,0.0
core_005,always_5pct,fixed_or_rule_policy,observed_calibration,observed_calibration,False,False,1,core_005__observed_calibration__episode_01,short_shelf_life,balanced_inventory,uniform,medium_margin,moderate_disposal_cost,recovered_demand,recovered_target_response,0.4,0.4,0.4947368421052632,1.1750000000000003,0.6802631578947369,0.0,0.0,0.0,1.0,0.3333333333333333,0.05000000000000001,0.05,0,0.0,3,1.236842105263158,-0.0,0.0,0.0,0.0,1.0,0.0,0.0,0.0,0.0
core_005,always_5pct,fixed_or_rule_policy,observed_calibration,observed_calibration,False,False,2,core_005__observed_calibration__episode_02,short_shelf_life,balanced_inventory,uniform,medium_margin,moderate_disposal_cost,recovered_demand,recovered_target_response,0.4000000000000001,0.4000000000000001,0.49473684210526325,1.1750000000000003,0.6802631578947369,0.0,0.0,0.0,1.0,0.3333333333333333,0.05000000000000001,0.05,0,0.0,3,1.236842105263158,-0.0,0.0,0.0,0.0,1.0,0.0,0.0,0.0,0.0
core_005,always_5pct,fixed_or_rule_policy,observed_calibration,observed_calibration,False,False,3,core_005__observed_calibration__episode_03,short_shelf_life,balanced_inventory,uniform,medium_margin,moderate_disposal_cost,recovered_demand,recovered_target_response,0.4,0.4000000000000001,0.49473684210526325,1.175,0.6802631578947369,0.0,0.0,0.0,1.0,0.3333333333333333,0.05000000000000001,0.05,0,0.0,3,1.236842105263158,-0.0,0.0,0.0,0.0,1.0,0.0,0.0,0.0,0.0
core_005,always_5pct,fixed_or_rule_policy,observed_calibration,observed_calibration,False,False,4,core_005__observed_calibration__episode_04,short_shelf_life,balanced_inventory,uniform,medium_margin,moderate_disposal_cost,recovered_demand,recovered_target_response,0.4,0.4,0.4947368421052632,1.175,0.6802631578947369,0.0,0.0,0.0,1.0000000000000002,0.3333333333333333,0.05000000000000001,0.05,0,0.0,3,1.236842105263158,-0.0,2.220446049250313e-16,0.0,0.0,1.0,0.0,0.0,0.0,0.0
core_005,always_5pct,fixed_or_rule_policy,observed_calibration,observed_calibration,False,False,5,core_005__observed_calibration__episode_05,short_shelf_life,balanced_inventory,uniform,medium_margin,moderate_disposal_cost,recovered_demand,recovered_target_response,0.4000000000000001,0.4000000000000001,0.49473684210526325,1.175,0.6802631578947369,0.0,0.0,0.0,1.0,0.3333333333333333,0.05000000000000001,0.05,0,0.0,3,1.236842105263158,-0.0,0.0,0.0,0.0,1.0,0.0,0.0,0.0,0.0
core_005,always_5pct,fixed_or_rule_policy,observed_calibration,observed_calibration,False,False,6,core_005__observed_calibration__episode_06,short_shelf_life,balanced_inventory,uniform,medium_margin,moderate_disposal_cost,recovered_demand,recovered_target_response,0.4000000000000001,0.4000000000000001,0.49473684210526325,1.1750000000000003,0.6802631578947369,0.0,0.0,0.0,1.0,0.5,0.05,0.05,0,0.0,2,1.236842105263158,-0.0,0.0,0.0,0.0,1.0,0.0,0.0,0.0,0.0
core_005,always_5pct,fixed_or_rule_policy,observed_calibration,observed_calibration,False,False,7,core_005__observed_calibration__episode_07,short_shelf_life,balanced_inventory,uniform,medium_margin,moderate_disposal_cost,recovered_demand,recovered_target_response,0.39999999999999997,0.4,0.4947368421052632,1.175,0.6802631578947369,0.0,0.0,0.0,1.0,0.5,0.05,0.05,0,0.0,2,1.236842105263158,-0.0,0.0,0.0,0.0,1.0,0.0,0.0,0.0,0.0
core_005,always_10pct,fixed_or_rule_policy,observed_calibration,observed_calibration,False,False,0,core_005__observed_calibration__episode_00,short_shelf_life,balanced_inventory,uniform,medium_margin,moderate_disposal_cost,recovered_demand,recovered_target_response,0.3499999999999999,0.3499999999999999,0.4328947368421052,1.1131578947368421,0.6802631578947369,0.0,0.0,0.0,1.0,1.0,0.1,0.1,0,1.1102230246251565e-16,1,1.236842105263158,-0.0,1.1102230246251565e-16,0.0,0.0,0.0,1.0,0.0,0.0,0.0
core_005,always_10pct,fixed_or_rule_policy,observed_calibration,observed_calibration,False,False,1,core_005__observed_calibration__episode_01,short_shelf_life,balanced_inventory,uniform,medium_margin,moderate_disposal_cost,recovered_demand,recovered_target_response,0.3500000000000001,0.3500000000000001,0.4328947368421054,1.1131578947368421,0.6802631578947369,0.0,0.0,0.0,1.0,0.3333333333333333,0.10000000000000002,0.1,0,0.0,3,1.236842105263158,-0.0,0.0,0.0,0.0,0.0,1.0,0.0,0.0,0.0
core_005,always_10pct,fixed_or_rule_policy,observed_calibration,observed_calibration,False,False,2,core_005__observed_calibration__episode_02,short_shelf_life,balanced_inventory,uniform,medium_margin,moderate_disposal_cost,recovered_demand,recovered_target_response,0.3500000000000001,0.3500000000000001,0.4328947368421054,1.1131578947368423,0.6802631578947369,0.0,0.0,0.0,1.0,0.3333333333333333,0.10000000000000002,0.1,0,0.0,3,1.236842105263158,-0.0,0.0,0.0,0.0,0.0,1.0,0.0,0.0,0.0
core_005,always_10pct,fixed_or_rule_policy,observed_calibration,observed_calibration,False,False,3,core_005__observed_calibration__episode_03,short_shelf_life,balanced_inventory,uniform,medium_margin,moderate_disposal_cost,recovered_demand,recovered_target_response,0.35000000000000003,0.35000000000000003,0.43289473684210533,1.1131578947368423,0.6802631578947369,0.0,0.0,0.0,1.0000000000000002,0.3333333333333333,0.10000000000000002,0.1,0,0.0,3,1.236842105263158,-0.0,2.220446049250313e-16,0.0,0.0,0.0,1.0,0.0,0.0,0.0
core_005,always_10pct,fixed_or_rule_policy,observed_calibration,observed_calibration,False,False,4,core_005__observed_calibration__episode_04,short_shelf_life,balanced_inventory,uniform,medium_margin,moderate_disposal_cost,recovered_demand,recovered_target_response,0.3500000000000001,0.35000000000000014,0.43289473684210544,1.1131578947368423,0.6802631578947369,0.0,0.0,0.0,1.0,0.3333333333333333,0.10000000000000002,0.1,0,0.0,3,1.236842105263158,-0.0,0.0,0.0,0.0,0.0,1.0,0.0,0.0,0.0
core_005,always_10pct,fixed_or_rule_policy,observed_calibration,observed_calibration,False,False,5,core_005__observed_calibration__episode_05,short_shelf_life,balanced_inventory,uniform,medium_margin,moderate_disposal_cost,recovered_demand,recovered_target_response,0.35000000000000003,0.3500000000000001,0.4328947368421054,1.1131578947368423,0.6802631578947369,0.0,0.0,0.0,1.0,0.3333333333333333,0.10000000000000002,0.1,0,0.0,3,1.236842105263158,-0.0,0.0,0.0,0.0,0.0,1.0,0.0,0.0,0.0
core_005,always_10pct,fixed_or_rule_policy,observed_calibration,observed_calibration,False,False,6,core_005__observed_calibration__episode_06,short_shelf_life,balanced_inventory,uniform,medium_margin,moderate_disposal_cost,recovered_demand,recovered_target_response,0.35000000000000003,0.3500000000000001,0.4328947368421054,1.1131578947368423,0.6802631578947369,0.0,0.0,0.0,1.0,0.5,0.1,0.1,0,0.0,2,1.236842105263158,-0.0,0.0,0.0,0.0,0.0,1.0,0.0,0.0,0.0
core_005,always_10pct,fixed_or_rule_policy,observed_calibration,observed_calibration,False,False,7,core_005__observed_calibration__episode_07,short_shelf_life,balanced_inventory,uniform,medium_margin,moderate_disposal_cost,recovered_demand,recovered_target_response,0.35000000000000014,0.35000000000000014,0.43289473684210544,1.1131578947368423,0.6802631578947369,0.0,0.0,0.0,1.0,0.5,0.1,0.1,0,0.0,2,1.236842105263158,-0.0,0.0,0.0,0.0,0.0,1.0,0.0,0.0,0.0
core_005,always_20pct,fixed_or_rule_policy,observed_calibration,observed_calibration,False,False,0,core_005__observed_calibration__episode_00,short_shelf_life,balanced_inventory,uniform,medium_margin,moderate_disposal_cost,recovered_demand,recovered_target_response,0.25,0.25,0.3092105263157895,0.9894736842105264,0.6802631578947369,0.0,0.0,0.0,1.0,1.0,0.2,0.2,0,1.1102230246251565e-16,1,1.236842105263158,-0.0,1.1102230246251565e-16,0.0,0.0,0.0,0.0,1.0,0.0,0.0
core_005,always_20pct,fixed_or_rule_policy,observed_calibration,observed_calibration,False,False,1,core_005__observed_calibration__episode_01,short_shelf_life,balanced_inventory,uniform,medium_margin,moderate_disposal_cost,recovered_demand,recovered_target_response,0.2500000000000001,0.2500000000000001,0.30921052631578966,0.9894736842105265,0.6802631578947369,0.0,0.0,0.0,1.0,0.3333333333333333,0.20000000000000004,0.2,0,0.0,3,1.236842105263158,-0.0,0.0,0.0,0.0,0.0,0.0,1.0,0.0,0.0
core_005,always_20pct,fixed_or_rule_policy,observed_calibration,observed_calibration,False,False,2,core_005__observed_calibration__episode_02,short_shelf_life,balanced_inventory,uniform,medium_margin,moderate_disposal_cost,recovered_demand,recovered_target_response,0.2500000000000001,0.2500000000000001,0.3092105263157896,0.9894736842105265,0.6802631578947369,0.0,0.0,0.0,1.0,0.3333333333333333,0.20000000000000004,0.2,0,0.0,3,1.236842105263158,-0.0,0.0,0.0,0.0,0.0,0.0,1.0,0.0,0.0
core_005,always_20pct,fixed_or_rule_policy,observed_calibration,observed_calibration,False,False,3,core_005__observed_calibration__episode_03,short_shelf_life,balanced_inventory,uniform,medium_margin,moderate_disposal_cost,recovered_demand,recovered_target_response,0.2500000000000001,0.2500000000000001,0.3092105263157896,0.9894736842105265,0.6802631578947369,0.0,0.0,0.0,1.0,0.3333333333333333,0.20000000000000004,0.2,0,0.0,3,1.236842105263158,-0.0,0.0,0.0,0.0,0.0,0.0,1.0,0.0,0.0
core_005,always_20pct,fixed_or_rule_policy,observed_calibration,observed_calibration,False,False,4,core_005__observed_calibration__episode_04,short_shelf_life,balanced_inventory,uniform,medium_margin,moderate_disposal_cost,recovered_demand,recovered_target_response,0.2500000000000001,0.2500000000000001,0.3092105263157896,0.9894736842105265,0.6802631578947369,0.0,0.0,0.0,1.0,0.3333333333333333,0.20000000000000004,0.2,0,0.0,3,1.236842105263158,-0.0,0.0,0.0,0.0,0.0,0.0,1.0,0.0,0.0
core_005,always_20pct,fixed_or_rule_policy,observed_calibration,observed_calibration,False,False,5,core_005__observed_calibration__episode_05,short_shelf_life,balanced_inventory,uniform,medium_margin,moderate_disposal_cost,recovered_demand,recovered_target_response,0.25000000000000006,0.25000000000000006,0.30921052631578955,0.9894736842105265,0.6802631578947369,0.0,0.0,0.0,1.0,0.5,0.2,0.2,0,0.0,2,1.236842105263158,-0.0,0.0,0.0,0.0,0.0,0.0,1.0,0.0,0.0
core_005,always_20pct,fixed_or_rule_policy,observed_calibration,observed_calibration,False,False,6,core_005__observed_calibration__episode_06,short_shelf_life,balanced_inventory,uniform,medium_margin,moderate_disposal_cost,recovered_demand,recovered_target_response,0.2500000000000001,0.2500000000000001,0.30921052631578966,0.9894736842105265,0.6802631578947369,0.0,0.0,0.0,1.0,0.5,0.2,0.2,0,0.0,2,1.236842105263158,-0.0,0.0,0.0,0.0,0.0,0.0,1.0,0.0,0.0
core_005,always_20pct,fixed_or_rule_policy,observed_calibration,observed_calibration,False,False,7,core_005__observed_calibration__episode_07,short_shelf_life,balanced_inventory,uniform,medium_margin,moderate_disposal_cost,recovered_demand,recovered_target_response,0.2500000000000001,0.2500000000000001,0.3092105263157896,0.9894736842105265,0.6802631578947369,0.0,0.0,0.0,1.0,0.3333333333333333,0.20000000000000004,0.2,0,0.0,3,1.236842105263158,-0.0,0.0,0.0,0.0,0.0,0.0,1.0,0.0,0.0
core_005,always_40pct,fixed_or_rule_policy,observed_calibration,observed_calibration,False,False,0,core_005__observed_calibration__episode_00,short_shelf_life,balanced_inventory,uniform,medium_margin,moderate_disposal_cost,recovered_demand,recovered_target_response,0.049999999999999926,0.049999999999999926,0.06184210526315781,0.7421052631578947,0.6802631578947369,0.0,0.0,0.0,1.0,1.0,0.4,0.4,0,1.1102230246251565e-16,1,1.236842105263158,-0.0,1.1102230246251565e-16,0.0,0.0,0.0,0.0,0.0,0.0,1.0
core_005,always_40pct,fixed_or_rule_policy,observed_calibration,observed_calibration,False,False,1,core_005__observed_calibration__episode_01,short_shelf_life,balanced_inventory,uniform,medium_margin,moderate_disposal_cost,recovered_demand,recovered_target_response,0.05000000000000006,0.05000000000000005,0.06184210526315796,0.7421052631578948,0.6802631578947369,0.0,0.0,0.0,1.0,0.5,0.4,0.4,0,0.0,2,1.236842105263158,-0.0,0.0,0.0,0.0,0.0,0.0,0.0,0.0,1.0
core_005,always_40pct,fixed_or_rule_policy,observed_calibration,observed_calibration,False,False,2,core_005__observed_calibration__episode_02,short_shelf_life,balanced_inventory,uniform,medium_margin,moderate_disposal_cost,recovered_demand,recovered_target_response,0.05000000000000004,0.05000000000000003,0.061842105263157934,0.7421052631578948,0.6802631578947369,0.0,0.0,0.0,1.0,0.5,0.4,0.4,0,0.0,2,1.236842105263158,-0.0,0.0,0.0,0.0,0.0,0.0,0.0,0.0,1.0
core_005,always_40pct,fixed_or_rule_policy,observed_calibration,observed_calibration,False,False,3,core_005__observed_calibration__episode_03,short_shelf_life,balanced_inventory,uniform,medium_margin,moderate_disposal_cost,recovered_demand,recovered_target_response,0.05000000000000005,0.05000000000000005,0.06184210526315796,0.7421052631578948,0.6802631578947369,0.0,0.0,0.0,1.0,0.5,0.4,0.4,0,0.0,2,1.236842105263158,-0.0,0.0,0.0,0.0,0.0,0.0,0.0,0.0,1.0
core_005,always_40pct,fixed_or_rule_policy,observed_calibration,observed_calibration,False,False,4,core_005__observed_calibration__episode_04,short_shelf_life,balanced_inventory,uniform,medium_margin,moderate_disposal_cost,recovered_demand,recovered_target_response,0.050000000000000044,0.05000000000000004,0.06184210526315795,0.7421052631578948,0.6802631578947369,0.0,0.0,0.0,1.0,0.5,0.4,0.4,0,0.0,2,1.236842105263158,-0.0,0.0,0.0,0.0,0.0,0.0,0.0,0.0,1.0
core_005,always_40pct,fixed_or_rule_policy,observed_calibration,observed_calibration,False,False,5,core_005__observed_calibration__episode_05,short_shelf_life,balanced_inventory,uniform,medium_margin,moderate_disposal_cost,recovered_demand,recovered_target_response,0.050000000000000044,0.05000000000000005,0.06184210526315796,0.7421052631578948,0.6802631578947369,0.0,0.0,0.0,1.0,0.5,0.4,0.4,0,0.0,2,1.236842105263158,-0.0,0.0,0.0,0.0,0.0,0.0,0.0,0.0,1.0
core_005,always_40pct,fixed_or_rule_policy,observed_calibration,observed_calibration,False,False,6,core_005__observed_calibration__episode_06,short_shelf_life,balanced_inventory,uniform,medium_margin,moderate_disposal_cost,recovered_demand,recovered_target_response,0.05000000000000005,0.05000000000000005,0.06184210526315796,0.7421052631578948,0.6802631578947369,0.0,0.0,0.0,1.0,0.5,0.4,0.4,0,0.0,2,1.236842105263158,-0.0,0.0,0.0,0.0,0.0,0.0,0.0,0.0,1.0
core_005,always_40pct,fixed_or_rule_policy,observed_calibration,observed_calibration,False,False,7,core_005__observed_calibration__episode_07,short_shelf_life,balanced_inventory,uniform,medium_margin,moderate_disposal_cost,recovered_demand,recovered_target_response,0.05000000000000006,0.05000000000000005,0.06184210526315796,0.7421052631578948,0.6802631578947369,0.0,0.0,0.0,1.0,0.5,0.4,0.4,0,0.0,2,1.236842105263158,-0.0,0.0,0.0,0.0,0.0,0.0,0.0,0.0,1.0
core_005,expiry_threshold_rule,fixed_or_rule_policy,observed_calibration,observed_calibration,False,False,0,core_005__observed_calibration__episode_00,short_shelf_life,balanced_inventory,uniform,medium_margin,moderate_disposal_cost,recovered_demand,recovered_target_response,0.049999999999999926,0.049999999999999926,0.06184210526315781,0.7421052631578947,0.6802631578947369,0.0,0.0,0.0,1.0,1.0,0.4,0.4,0,1.1102230246251565e-16,1,1.236842105263158,-0.0,1.1102230246251565e-16,0.0,0.0,0.0,0.0,0.0,0.0,1.0
core_005,expiry_threshold_rule,fixed_or_rule_policy,observed_calibration,observed_calibration,False,False,1,core_005__observed_calibration__episode_01,short_shelf_life,balanced_inventory,uniform,medium_margin,moderate_disposal_cost,recovered_demand,recovered_target_response,0.05000000000000006,0.05000000000000005,0.06184210526315796,0.7421052631578948,0.6802631578947369,0.0,0.0,0.0,1.0,0.5,0.4,0.4,0,0.0,2,1.236842105263158,-0.0,0.0,0.0,0.0,0.0,0.0,0.0,0.0,1.0
core_005,expiry_threshold_rule,fixed_or_rule_policy,observed_calibration,observed_calibration,False,False,2,core_005__observed_calibration__episode_02,short_shelf_life,balanced_inventory,uniform,medium_margin,moderate_disposal_cost,recovered_demand,recovered_target_response,0.05000000000000004,0.05000000000000003,0.061842105263157934,0.7421052631578948,0.6802631578947369,0.0,0.0,0.0,1.0,0.5,0.4,0.4,0,0.0,2,1.236842105263158,-0.0,0.0,0.0,0.0,0.0,0.0,0.0,0.0,1.0
core_005,expiry_threshold_rule,fixed_or_rule_policy,observed_calibration,observed_calibration,False,False,3,core_005__observed_calibration__episode_03,short_shelf_life,balanced_inventory,uniform,medium_margin,moderate_disposal_cost,recovered_demand,recovered_target_response,0.05000000000000005,0.05000000000000005,0.06184210526315796,0.7421052631578948,0.6802631578947369,0.0,0.0,0.0,1.0,0.5,0.4,0.4,0,0.0,2,1.236842105263158,-0.0,0.0,0.0,0.0,0.0,0.0,0.0,0.0,1.0
core_005,expiry_threshold_rule,fixed_or_rule_policy,observed_calibration,observed_calibration,False,False,4,core_005__observed_calibration__episode_04,short_shelf_life,balanced_inventory,uniform,medium_margin,moderate_disposal_cost,recovered_demand,recovered_target_response,0.050000000000000044,0.05000000000000004,0.06184210526315795,0.7421052631578948,0.6802631578947369,0.0,0.0,0.0,1.0,0.5,0.4,0.4,0,0.0,2,1.236842105263158,-0.0,0.0,0.0,0.0,0.0,0.0,0.0,0.0,1.0
core_005,expiry_threshold_rule,fixed_or_rule_policy,observed_calibration,observed_calibration,False,False,5,core_005__observed_calibration__episode_05,short_shelf_life,balanced_inventory,uniform,medium_margin,moderate_disposal_cost,recovered_demand,recovered_target_response,0.050000000000000044,0.05000000000000005,0.06184210526315796,0.7421052631578948,0.6802631578947369,0.0,0.0,0.0,1.0,0.5,0.4,0.4,0,0.0,2,1.236842105263158,-0.0,0.0,0.0,0.0,0.0,0.0,0.0,0.0,1.0
core_005,expiry_threshold_rule,fixed_or_rule_policy,observed_calibration,observed_calibration,False,False,6,core_005__observed_calibration__episode_06,short_shelf_life,balanced_inventory,uniform,medium_margin,moderate_disposal_cost,recovered_demand,recovered_target_response,0.05000000000000005,0.05000000000000005,0.06184210526315796,0.7421052631578948,0.6802631578947369,0.0,0.0,0.0,1.0,0.5,0.4,0.4,0,0.0,2,1.236842105263158,-0.0,0.0,0.0,0.0,0.0,0.0,0.0,0.0,1.0
core_005,expiry_threshold_rule,fixed_or_rule_policy,observed_calibration,observed_calibration,False,False,7,core_005__observed_calibration__episode_07,short_shelf_life,balanced_inventory,uniform,medium_margin,moderate_disposal_cost,recovered_demand,recovered_target_response,0.05000000000000006,0.05000000000000005,0.06184210526315796,0.7421052631578948,0.6802631578947369,0.0,0.0,0.0,1.0,0.5,0.4,0.4,0,0.0,2,1.236842105263158,-0.0,0.0,0.0,0.0,0.0,0.0,0.0,0.0,1.0
core_005,inventory_coverage_rule,fixed_or_rule_policy,observed_calibration,observed_calibration,False,False,0,core_005__observed_calibration__episode_00,short_shelf_life,balanced_inventory,uniform,medium_margin,moderate_disposal_cost,recovered_demand,recovered_target_response,0.25,0.25,0.3092105263157895,0.9894736842105264,0.6802631578947369,0.0,0.0,0.0,1.0,1.0,0.2,0.2,0,1.1102230246251565e-16,1,1.236842105263158,-0.0,1.1102230246251565e-16,0.0,0.0,0.0,0.0,1.0,0.0,0.0
core_005,inventory_coverage_rule,fixed_or_rule_policy,observed_calibration,observed_calibration,False,False,1,core_005__observed_calibration__episode_01,short_shelf_life,balanced_inventory,uniform,medium_margin,moderate_disposal_cost,recovered_demand,recovered_target_response,0.20162199763295083,0.20162199763295083,0.24937457601970237,0.9296377339144393,0.6802631578947369,0.0,0.0,0.0,1.0,0.3333333333333333,0.16666666666666666,0.3,0,0.0,3,1.236842105263158,1.0986122886681096,0.0,0.0,0.3333333333333333,0.0,0.0,0.3333333333333333,0.3333333333333333,0.0
core_005,inventory_coverage_rule,fixed_or_rule_policy,observed_calibration,observed_calibration,False,False,2,core_005__observed_calibration__episode_02,short_shelf_life,balanced_inventory,uniform,medium_margin,moderate_disposal_cost,recovered_demand,recovered_target_response,0.19213234344382507,0.19213234344382507,0.23763737215420472,0.9179005300489416,0.6802631578947369,0.0,0.0,0.0,1.0,0.5,0.25,0.3,0,0.0,2,1.236842105263158,0.6931471805599453,0.0,0.0,0.0,0.0,0.0,0.5,0.5,0.0
core_005,inventory_coverage_rule,fixed_or_rule_policy,observed_calibration,observed_calibration,False,False,3,core_005__observed_calibration__episode_03,short_shelf_life,balanced_inventory,uniform,medium_margin,moderate_disposal_cost,recovered_demand,recovered_target_response,0.19896706166289005,0.19896706166289002,0.24609083942515347,0.9263539973198903,0.6802631578947369,0.0,0.0,0.0,1.0,0.3333333333333333,0.16666666666666666,0.3,0,0.0,3,1.236842105263158,1.0986122886681096,0.0,0.0,0.3333333333333333,0.0,0.0,0.3333333333333333,0.3333333333333333,0.0
core_005,inventory_coverage_rule,fixed_or_rule_policy,observed_calibration,observed_calibration,False,False,4,core_005__observed_calibration__episode_04,short_shelf_life,balanced_inventory,uniform,medium_margin,moderate_disposal_cost,recovered_demand,recovered_target_response,0.20405467589695364,0.20405467589695364,0.2523834149251795,0.9326465728199164,0.6802631578947369,0.0,0.0,0.0,1.0,0.3333333333333333,0.16666666666666666,0.3,0,0.0,3,1.236842105263158,1.0986122886681096,0.0,0.0,0.3333333333333333,0.0,0.0,0.3333333333333333,0.3333333333333333,0.0
core_005,inventory_coverage_rule,fixed_or_rule_policy,observed_calibration,observed_calibration,False,False,5,core_005__observed_calibration__episode_05,short_shelf_life,balanced_inventory,uniform,medium_margin,moderate_disposal_cost,recovered_demand,recovered_target_response,0.23561300018892714,0.2356130001889271,0.29141607918104145,0.9716792370757783,0.6802631578947369,0.0,0.0,0.0,1.0,0.5,0.2,0.3,0,0.0,2,1.236842105263158,0.6931471805599453,0.0,0.0,0.0,0.0,0.5,0.0,0.5,0.0
core_005,inventory_coverage_rule,fixed_or_rule_policy,observed_calibration,observed_calibration,False,False,6,core_005__observed_calibration__episode_06,short_shelf_life,balanced_inventory,uniform,medium_margin,moderate_disposal_cost,recovered_demand,recovered_target_response,0.21817766466312813,0.21817766466312816,0.2698513220833427,0.9501144799780796,0.6802631578947369,0.0,0.0,0.0,1.0,0.5,0.2,0.3,0,0.0,2,1.236842105263158,0.6931471805599453,0.0,0.0,0.0,0.0,0.5,0.0,0.5,0.0
core_005,inventory_coverage_rule,fixed_or_rule_policy,observed_calibration,observed_calibration,False,False,7,core_005__observed_calibration__episode_07,short_shelf_life,balanced_inventory,uniform,medium_margin,moderate_disposal_cost,recovered_demand,recovered_target_response,0.21733387725340958,0.21733387725340958,0.2688076902871119,0.9490708481818488,0.6802631578947369,0.0,0.0,0.0,1.0,0.5,0.2,0.3,0,0.0,2,1.236842105263158,0.6931471805599453,0.0,0.0,0.0,0.0,0.5,0.0,0.5,0.0
core_005,selected_observed_financial_ppo,ppo_cross_scenario_financial_policy,observed_calibration,observed_calibration,True,False,0,core_005__observed_calibration__episode_00,short_shelf_life,balanced_inventory,uniform,medium_margin,moderate_disposal_cost,recovered_demand,recovered_target_response,0.3499999999999999,0.3499999999999999,0.4328947368421052,1.1131578947368421,0.6802631578947369,0.0,0.0,0.0,1.0,1.0,0.1,0.1,0,1.1102230246251565e-16,1,1.236842105263158,-0.0,1.1102230246251565e-16,0.0,0.0,0.0,1.0,0.0,0.0,0.0
core_005,selected_observed_financial_ppo,ppo_cross_scenario_financial_policy,observed_calibration,observed_calibration,True,False,1,core_005__observed_calibration__episode_01,short_shelf_life,balanced_inventory,uniform,medium_margin,moderate_disposal_cost,recovered_demand,recovered_target_response,0.32659784210298887,0.32659784210298887,0.4039499626010652,1.084213120495802,0.6802631578947369,0.0,0.0,0.0,1.0,0.3333333333333333,0.13333333333333333,0.2,0,0.0,3,1.236842105263158,0.6365141682948128,0.0,0.0,0.0,0.0,0.6666666666666666,0.3333333333333333,0.0,0.0
core_005,selected_observed_financial_ppo,ppo_cross_scenario_financial_policy,observed_calibration,observed_calibration,True,False,2,core_005__observed_calibration__episode_02,short_shelf_life,balanced_inventory,uniform,medium_margin,moderate_disposal_cost,recovered_demand,recovered_target_response,0.33039373708805064,0.3303937370880506,0.40864488534574683,1.0889080432404838,0.6802631578947369,0.0,0.0,0.0,1.0,0.3333333333333333,0.13333333333333333,0.2,0,0.0,3,1.236842105263158,0.6365141682948128,0.0,0.0,0.0,0.0,0.6666666666666666,0.3333333333333333,0.0,0.0
core_005,selected_observed_financial_ppo,ppo_cross_scenario_financial_policy,observed_calibration,observed_calibration,True,False,3,core_005__observed_calibration__episode_03,short_shelf_life,balanced_inventory,uniform,medium_margin,moderate_disposal_cost,recovered_demand,recovered_target_response,0.32883850685683497,0.32883850685683497,0.4067213111124012,1.0869844690071382,0.6802631578947369,0.0,0.0,0.0,1.0000000000000002,0.3333333333333333,0.13333333333333333,0.2,0,0.0,3,1.236842105263158,0.6365141682948128,2.220446049250313e-16,0.0,0.0,0.0,0.6666666666666666,0.3333333333333333,0.0,0.0
core_005,selected_observed_financial_ppo,ppo_cross_scenario_financial_policy,observed_calibration,observed_calibration,True,False,4,core_005__observed_calibration__episode_04,short_shelf_life,balanced_inventory,uniform,medium_margin,moderate_disposal_cost,recovered_demand,recovered_target_response,0.32945498664653583,0.32945498664653583,0.407483799273347,1.0877469571680838,0.6802631578947369,0.0,0.0,0.0,1.0,0.3333333333333333,0.13333333333333333,0.2,0,0.0,3,1.236842105263158,0.6365141682948128,0.0,0.0,0.0,0.0,0.6666666666666666,0.3333333333333333,0.0,0.0
core_005,selected_observed_financial_ppo,ppo_cross_scenario_financial_policy,observed_calibration,observed_calibration,True,False,5,core_005__observed_calibration__episode_05,short_shelf_life,balanced_inventory,uniform,medium_margin,moderate_disposal_cost,recovered_demand,recovered_target_response,0.3496883590670851,0.3496883590670852,0.43250928621455276,1.1127724441092897,0.6802631578947369,0.0,0.0,0.0,1.0,0.3333333333333333,0.13333333333333333,0.2,0,0.0,3,1.236842105263158,0.6365141682948128,0.0,0.0,0.0,0.0,0.6666666666666666,0.3333333333333333,0.0,0.0
core_005,selected_observed_financial_ppo,ppo_cross_scenario_financial_policy,observed_calibration,observed_calibration,True,False,6,core_005__observed_calibration__episode_06,short_shelf_life,balanced_inventory,uniform,medium_margin,moderate_disposal_cost,recovered_demand,recovered_target_response,0.35000000000000003,0.3500000000000001,0.4328947368421054,1.1131578947368423,0.6802631578947369,0.0,0.0,0.0,1.0,0.5,0.1,0.1,0,0.0,2,1.236842105263158,-0.0,0.0,0.0,0.0,0.0,1.0,0.0,0.0,0.0
core_005,selected_observed_financial_ppo,ppo_cross_scenario_financial_policy,observed_calibration,observed_calibration,True,False,7,core_005__observed_calibration__episode_07,short_shelf_life,balanced_inventory,uniform,medium_margin,moderate_disposal_cost,recovered_demand,recovered_target_response,0.35000000000000014,0.35000000000000014,0.43289473684210544,1.1131578947368423,0.6802631578947369,0.0,0.0,0.0,1.0,0.5,0.1,0.1,0,0.0,2,1.236842105263158,-0.0,0.0,0.0,0.0,0.0,1.0,0.0,0.0,0.0
core_005,selected_recovered_financial_ppo,ppo_cross_scenario_financial_policy,observed_calibration,recovered_calibration,True,True,0,core_005__observed_calibration__episode_00,short_shelf_life,balanced_inventory,uniform,medium_margin,moderate_disposal_cost,recovered_demand,recovered_target_response,0.39999999999999997,0.39999999999999997,0.49473684210526314,1.175,0.6802631578947369,0.0,0.0,0.0,1.0,1.0,0.05,0.05,0,1.1102230246251565e-16,1,1.236842105263158,-0.0,1.1102230246251565e-16,0.0,0.0,1.0,0.0,0.0,0.0,0.0
core_005,selected_recovered_financial_ppo,ppo_cross_scenario_financial_policy,observed_calibration,recovered_calibration,True,True,1,core_005__observed_calibration__episode_01,short_shelf_life,balanced_inventory,uniform,medium_margin,moderate_disposal_cost,recovered_demand,recovered_target_response,0.3883261698274294,0.3883261698274294,0.4802981574181364,1.1605613153128733,0.6802631578947369,0.0,0.0,0.0,1.0,0.3333333333333333,0.06666666666666667,0.1,0,0.0,3,1.236842105263158,0.6365141682948128,0.0,0.0,0.0,0.6666666666666666,0.3333333333333333,0.0,0.0,0.0
core_005,selected_recovered_financial_ppo,ppo_cross_scenario_financial_policy,observed_calibration,recovered_calibration,True,True,2,core_005__observed_calibration__episode_02,short_shelf_life,balanced_inventory,uniform,medium_margin,moderate_disposal_cost,recovered_demand,recovered_target_response,0.39022455136740075,0.3902245513674007,0.48264615563862723,1.1629093135333641,0.6802631578947369,0.0,0.0,0.0,1.0,0.3333333333333333,0.06666666666666667,0.1,0,0.0,3,1.236842105263158,0.6365141682948128,0.0,0.0,0.0,0.6666666666666666,0.3333333333333333,0.0,0.0,0.0
core_005,selected_recovered_financial_ppo,ppo_cross_scenario_financial_policy,observed_calibration,recovered_calibration,True,True,3,core_005__observed_calibration__episode_03,short_shelf_life,balanced_inventory,uniform,medium_margin,moderate_disposal_cost,recovered_demand,recovered_target_response,0.38944675841660414,0.38944675841660414,0.48168414856790515,1.161947306462642,0.6802631578947369,0.0,0.0,0.0,1.0,0.3333333333333333,0.06666666666666667,0.1,0,0.0,3,1.236842105263158,0.6365141682948128,0.0,0.0,0.0,0.6666666666666666,0.3333333333333333,0.0,0.0,0.0
core_005,selected_recovered_financial_ppo,ppo_cross_scenario_financial_policy,observed_calibration,recovered_calibration,True,True,4,core_005__observed_calibration__episode_04,short_shelf_life,balanced_inventory,uniform,medium_margin,moderate_disposal_cost,recovered_demand,recovered_target_response,0.38975506880378263,0.38975506880378263,0.4820654798362575,1.1623286377309943,0.6802631578947369,0.0,0.0,0.0,1.0000000000000002,0.3333333333333333,0.06666666666666667,0.1,0,0.0,3,1.236842105263158,0.6365141682948128,2.220446049250313e-16,0.0,0.0,0.6666666666666666,0.3333333333333333,0.0,0.0,0.0
core_005,selected_recovered_financial_ppo,ppo_cross_scenario_financial_policy,observed_calibration,recovered_calibration,True,True,5,core_005__observed_calibration__episode_05,short_shelf_life,balanced_inventory,uniform,medium_margin,moderate_disposal_cost,recovered_demand,recovered_target_response,0.3998740686300937,0.39987406863009367,0.4945810848845896,1.1748442427793264,0.6802631578947369,0.0,0.0,0.0,1.0,0.3333333333333333,0.06666666666666667,0.1,0,0.0,3,1.236842105263158,0.6365141682948128,0.0,0.0,0.0,0.6666666666666666,0.3333333333333333,0.0,0.0,0.0
core_005,selected_recovered_financial_ppo,ppo_cross_scenario_financial_policy,observed_calibration,recovered_calibration,True,True,6,core_005__observed_calibration__episode_06,short_shelf_life,balanced_inventory,uniform,medium_margin,moderate_disposal_cost,recovered_demand,recovered_target_response,0.4000000000000001,0.4000000000000001,0.49473684210526325,1.1750000000000003,0.6802631578947369,0.0,0.0,0.0,1.0,0.5,0.05,0.05,0,0.0,2,1.236842105263158,-0.0,0.0,0.0,0.0,1.0,0.0,0.0,0.0,0.0
core_005,selected_recovered_financial_ppo,ppo_cross_scenario_financial_policy,observed_calibration,recovered_calibration,True,True,7,core_005__observed_calibration__episode_07,short_shelf_life,balanced_inventory,uniform,medium_margin,moderate_disposal_cost,recovered_demand,recovered_target_response,0.39999999999999997,0.4,0.4947368421052632,1.175,0.6802631578947369,0.0,0.0,0.0,1.0,0.5,0.05,0.05,0,0.0,2,1.236842105263158,-0.0,0.0,0.0,0.0,1.0,0.0,0.0,0.0,0.0
core_006,always_0pct,fixed_or_rule_policy,recovered_calibration,recovered_calibration,False,False,0,core_006__recovered_calibration__episode_00,short_shelf_life,high_inventory,uniform,medium_margin,moderate_disposal_cost,recovered_demand,recovered_target_response,0.4499999999999999,0.44999999999999996,1.4038690479175833,3.1197089953724078,1.7158399474548245,0.0,0.0,0.0,1.0,0.3333333333333333,0.0,0.0,-1,0.0,3,3.1197089953724078,-0.0,0.0,0.0,1.0,0.0,0.0,0.0,0.0,0.0
core_006,always_0pct,fixed_or_rule_policy,recovered_calibration,recovered_calibration,False,False,1,core_006__recovered_calibration__episode_01,short_shelf_life,high_inventory,uniform,medium_margin,moderate_disposal_cost,recovered_demand,recovered_target_response,-0.15219932794739757,-0.15219932794739763,-0.47481761248713145,1.3304836045107749,1.7158399474548245,0.08946126954308165,1.789225390861633,0.5735231694737118,0.4264768305262881,0.0,0.0,0.0,-1,0.0,3,3.1197089953724078,-0.0,0.0,0.0,1.0,0.0,0.0,0.0,0.0,0.0
core_006,always_0pct,fixed_or_rule_policy,recovered_calibration,recovered_calibration,False,False,2,core_006__recovered_calibration__episode_02,short_shelf_life,high_inventory,uniform,medium_margin,moderate_disposal_cost,recovered_demand,recovered_target_response,-0.13589567676166947,-0.1358956767616695,-0.4239549652256014,1.3789242209503272,1.7158399474548245,0.08703923872110403,1.7407847744220806,0.5579958826301613,0.4420041173698387,0.0,0.0,0.0,-1,0.0,3,3.1197089953724078,-0.0,0.0,5.551115123125783e-17,1.0,0.0,0.0,0.0,0.0,0.0
core_006,always_0pct,fixed_or_rule_policy,recovered_calibration,recovered_calibration,False,False,3,core_006__recovered_calibration__episode_03,short_shelf_life,high_inventory,uniform,medium_margin,moderate_disposal_cost,recovered_demand,recovered_target_response,-0.11493563925180864,-0.11493563925180866,-0.35856574766274546,1.441199666248285,1.7158399474548245,0.08392546645620613,1.6785093291241227,0.5380339421445797,0.4619660578554204,0.0,0.0,0.0,-1,0.0,3,3.1197089953724078,-0.0,0.0,5.551115123125783e-17,1.0,0.0,0.0,0.0,0.0,0.0
core_006,always_0pct,fixed_or_rule_policy,recovered_calibration,recovered_calibration,False,False,4,core_006__recovered_calibration__episode_04,short_shelf_life,high_inventory,uniform,medium_margin,moderate_disposal_cost,recovered_demand,recovered_target_response,-0.03214982733397284,-0.03214982733397283,-0.10029810553346474,1.6871688492285526,1.7158399474548245,0.07162700730719276,1.4325401461438552,0.4591903117466407,0.5408096882533593,0.0,0.0,0.0,-1,0.0,3,3.1197089953724078,-0.0,0.0,0.0,1.0,0.0,0.0,0.0,0.0,0.0
core_006,always_0pct,fixed_or_rule_policy,recovered_calibration,recovered_calibration,False,False,5,core_006__recovered_calibration__episode_05,short_shelf_life,high_inventory,uniform,medium_margin,moderate_disposal_cost,recovered_demand,recovered_target_response,0.07844600142737151,0.07844600142737151,0.24472869630396765,2.0157658033594403,1.7158399474548245,0.05519715960064836,1.1039431920129672,0.35386095102155085,0.6461390489784491,0.0,0.0,0.0,-1,0.0,3,3.1197089953724078,-0.0,2.220446049250313e-16,0.0,1.0,0.0,0.0,0.0,0.0,0.0
core_006,always_0pct,fixed_or_rule_policy,recovered_calibration,recovered_calibration,False,False,6,core_006__recovered_calibration__episode_06,short_shelf_life,high_inventory,uniform,medium_margin,moderate_disposal_cost,recovered_demand,recovered_target_response,0.09971259646932643,0.09971259646932643,0.31107428415729665,2.078952077505468,1.7158399474548245,0.05203784589334698,1.0407569178669396,0.33360705098159377,0.6663929490184062,0.0,0.0,0.0,-1,0.0,3,3.1197089953724078,-0.0,2.220446049250313e-16,0.0,1.0,0.0,0.0,0.0,0.0,0.0
core_006,always_0pct,fixed_or_rule_policy,recovered_calibration,recovered_calibration,False,False,7,core_006__recovered_calibration__episode_07,short_shelf_life,high_inventory,uniform,medium_margin,moderate_disposal_cost,recovered_demand,recovered_target_response,0.05266028067931511,0.05266028067931511,0.16428475133409515,1.9391525224357524,1.7158399474548245,0.05902782364683277,1.1805564729366553,0.3784187803054141,0.6215812196945859,0.0,0.0,0.0,-1,0.0,3,3.1197089953724078,-0.0,0.0,0.0,1.0,0.0,0.0,0.0,0.0,0.0
core_006,always_5pct,fixed_or_rule_policy,recovered_calibration,recovered_calibration,False,False,0,core_006__recovered_calibration__episode_00,short_shelf_life,high_inventory,uniform,medium_margin,moderate_disposal_cost,recovered_demand,recovered_target_response,0.39999999999999986,0.39999999999999986,1.2478835981489627,2.9637235456037874,1.7158399474548245,0.0,0.0,0.0,1.0,0.3333333333333333,0.05000000000000001,0.05,0,0.0,3,3.1197089953724078,-0.0,0.0,0.0,0.0,1.0,0.0,0.0,0.0,0.0
core_006,always_5pct,fixed_or_rule_policy,recovered_calibration,recovered_calibration,False,False,1,core_006__recovered_calibration__episode_01,short_shelf_life,high_inventory,uniform,medium_margin,moderate_disposal_cost,recovered_demand,recovered_target_response,-0.15551671610060233,-0.15551671610060228,-0.4851668981498259,1.3173255741199381,1.7158399474548245,0.08665252481493943,1.7330504962987885,0.5555167161006022,0.4444832838993978,0.0,0.05000000000000001,0.05,0,0.0,3,3.1197089953724078,-0.0,2.220446049250313e-16,5.551115123125783e-17,0.0,1.0,0.0,0.0,0.0,0.0
core_006,always_5pct,fixed_or_rule_policy,recovered_calibration,recovered_calibration,False,False,2,core_006__recovered_calibration__episode_02,short_shelf_life,high_inventory,uniform,medium_margin,moderate_disposal_cost,recovered_demand,recovered_target_response,-0.13032050580936344,-0.13032050580936344,-0.4065620542549533,1.3920001758200669,1.7158399474548245,0.08272228262019582,1.6544456524039162,0.5303205058093634,0.4696794941906366,0.0,0.05000000000000001,0.05,0,0.0,3,3.1197089953724078,-0.0,0.0,0.0,0.0,1.0,0.0,0.0,0.0,0.0
core_006,always_5pct,fixed_or_rule_policy,recovered_calibration,recovered_calibration,False,False,3,core_006__recovered_calibration__episode_03,short_shelf_life,high_inventory,uniform,medium_margin,moderate_disposal_cost,recovered_demand,recovered_target_response,-0.1126129432664704,-0.11261294326647041,-0.35131961210377033,1.444480495863691,1.7158399474548245,0.07996016051263666,1.5992032102527332,0.5126129432664703,0.48738705673352967,0.0,0.05000000000000001,0.05,0,0.0,3,3.1197089953724078,-0.0,0.0,5.551115123125783e-17,0.0,1.0,0.0,0.0,0.0,0.0
core_006,always_5pct,fixed_or_rule_policy,recovered_calibration,recovered_calibration,False,False,4,core_006__recovered_calibration__episode_04,short_shelf_life,high_inventory,uniform,medium_margin,moderate_disposal_cost,recovered_demand,recovered_target_response,-0.01241623341941156,-0.012416233419411572,-0.03873503508718179,1.74143584402945,1.7158399474548245,0.06433093166180723,1.2866186332361447,0.4124162334194115,0.5875837665805885,0.0,0.05000000000000001,0.05,0,0.0,3,3.1197089953724078,-0.0,0.0,5.551115123125783e-17,0.0,1.0,0.0,0.0,0.0,0.0
core_006,always_5pct,fixed_or_rule_policy,recovered_calibration,recovered_calibration,False,False,5,core_006__recovered_calibration__episode_05,short_shelf_life,high_inventory,uniform,medium_margin,moderate_disposal_cost,recovered_demand,recovered_target_response,0.0884569339455451,0.0884569339455451,0.2759598925329799,2.0403960252686035,1.7158399474548245,0.04859618528079914,0.9719237056159828,0.3115430660544548,0.6884569339455452,0.0,0.05000000000000001,0.05,0,0.0,3,3.1197089953724078,-0.0,0.0,0.0,0.0,1.0,0.0,0.0,0.0,0.0
core_006,always_5pct,fixed_or_rule_policy,recovered_calibration,recovered_calibration,False,False,6,core_006__recovered_calibration__episode_06,short_shelf_life,high_inventory,uniform,medium_margin,moderate_disposal_cost,recovered_demand,recovered_target_response,0.11003787902746931,0.11003787902746931,0.3432861610336968,2.104355980344285,1.7158399474548245,0.0452298718557633,0.9045974371152659,0.28996212097253055,0.7100378790274695,0.0,0.05000000000000001,0.05,0,0.0,3,3.1197089953724078,-0.0,2.220446049250313e-16,0.0,0.0,1.0,0.0,0.0,0.0,0.0
core_006,always_5pct,fixed_or_rule_policy,recovered_calibration,recovered_calibration,False,False,7,core_006__recovered_calibration__episode_07,short_shelf_life,high_inventory,uniform,medium_margin,moderate_disposal_cost,recovered_demand,recovered_target_response,0.061941455278322566,0.061941455278322545,0.19323931521824056,1.961811476819601,1.7158399474548245,0.05273221414653612,1.0546442829307223,0.3380585447216774,0.6619414552783227,0.0,0.05000000000000001,0.05,0,0.0,3,3.1197089953724078,-0.0,2.220446049250313e-16,0.0,0.0,1.0,0.0,0.0,0.0,0.0
core_006,always_10pct,fixed_or_rule_policy,recovered_calibration,recovered_calibration,False,False,0,core_006__recovered_calibration__episode_00,short_shelf_life,high_inventory,uniform,medium_margin,moderate_disposal_cost,recovered_demand,recovered_target_response,0.34999999999999987,0.3499999999999999,1.0918981483803425,2.807738095835167,1.7158399474548245,0.0,0.0,0.0,1.0,0.3333333333333333,0.10000000000000002,0.1,0,0.0,3,3.1197089953724078,-0.0,0.0,0.0,0.0,0.0,1.0,0.0,0.0,0.0
core_006,always_10pct,fixed_or_rule_policy,recovered_calibration,recovered_calibration,False,False,1,core_006__recovered_calibration__episode_01,short_shelf_life,high_inventory,uniform,medium_margin,moderate_disposal_cost,recovered_demand,recovered_target_response,-0.19224994007903465,-0.19224994007903468,-0.5997638674243708,1.2051109229675436,1.7158399474548245,0.08903484293709019,1.7806968587418035,0.57078941060951,0.42921058939048984,0.0,0.10000000000000002,0.1,0,0.0,3,3.1197089953724078,-0.0,2.220446049250313e-16,0.0,0.0,0.0,1.0,0.0,0.0,0.0
core_006,always_10pct,fixed_or_rule_policy,recovered_calibration,recovered_calibration,False,False,2,core_006__recovered_calibration__episode_02,short_shelf_life,high_inventory,uniform,medium_margin,moderate_disposal_cost,recovered_demand,recovered_target_response,-0.16857352917078272,-0.1685735291707827,-0.5259003553357637,1.2750868817883296,1.7158399474548245,0.08514728966926875,1.702945793385375,0.5458668728113502,0.45413312718864984,0.0,0.10000000000000002,0.1,0,0.0,3,3.1197089953724078,-0.0,0.0,0.0,0.0,0.0,1.0,0.0,0.0,0.0
core_006,always_10pct,fixed_or_rule_policy,recovered_calibration,recovered_calibration,False,False,3,core_006__recovered_calibration__episode_03,short_shelf_life,high_inventory,uniform,medium_margin,moderate_disposal_cost,recovered_demand,recovered_target_response,-0.15060805904237093,-0.15060805904237093,-0.4698533165700633,1.3281840764084667,1.7158399474548245,0.08219744552370556,1.6439489104741112,0.5269558516235482,0.4730441483764517,0.0,0.10000000000000002,0.1,0,0.0,3,3.1197089953724078,-0.0,2.220446049250313e-16,5.551115123125783e-17,0.0,0.0,1.0,0.0,0.0,0.0
core_006,always_10pct,fixed_or_rule_policy,recovered_calibration,recovered_calibration,False,False,4,core_006__recovered_calibration__episode_04,short_shelf_life,high_inventory,uniform,medium_margin,moderate_disposal_cost,recovered_demand,recovered_target_response,-0.060772664361196965,-0.06077266436119701,-0.18959302768037445,1.5936938237776457,1.7158399474548245,0.06744690400319563,1.3489380800639126,0.43239227827494414,0.5676077217250558,0.0,0.10000000000000002,0.1,0,0.0,3,3.1197089953724078,-0.0,0.0,0.0,0.0,0.0,1.0,0.0,0.0,0.0
core_006,always_10pct,fixed_or_rule_policy,recovered_calibration,recovered_calibration,False,False,5,core_006__recovered_calibration__episode_05,short_shelf_life,high_inventory,uniform,medium_margin,moderate_disposal_cost,recovered_demand,recovered_target_response,0.03606260464677258,0.03606260464677259,0.11250483211309525,1.8798917962135644,1.7158399474548245,0.051547016645644594,1.0309403329128919,0.33046041616129196,0.6695395838387079,0.0,0.10000000000000002,0.1,0,0.0,3,3.1197089953724078,-0.0,2.220446049250313e-16,0.0,0.0,0.0,1.0,0.0,0.0,0.0
core_006,always_10pct,fixed_or_rule_policy,recovered_calibration,recovered_calibration,False,False,6,core_006__recovered_calibration__episode_06,short_shelf_life,high_inventory,uniform,medium_margin,moderate_disposal_cost,recovered_demand,recovered_target_response,0.05622769464860966,0.056227694648609695,0.17541404478432066,1.9394899976915674,1.7158399474548245,0.04823600545242221,0.9647201090484441,0.3092340056330424,0.6907659943669577,0.0,0.10000000000000002,0.1,0,0.0,3,3.1197089953724078,-0.0,2.220446049250313e-16,0.0,0.0,0.0,1.0,0.0,0.0,0.0
core_006,always_10pct,fixed_or_rule_policy,recovered_calibration,recovered_calibration,False,False,7,core_006__recovered_calibration__episode_07,short_shelf_life,high_inventory,uniform,medium_margin,moderate_disposal_cost,recovered_demand,recovered_target_response,0.008618346608253558,0.008618346608253533,0.026886733439005828,1.7987799132591638,1.7158399474548245,0.05605323236533352,1.1210646473066703,0.3593491088334173,0.6406508911665827,0.0,0.10000000000000002,0.1,0,0.0,3,3.1197089953724078,-0.0,0.0,0.0,0.0,0.0,1.0,0.0,0.0,0.0
core_006,always_20pct,fixed_or_rule_policy,recovered_calibration,recovered_calibration,False,False,0,core_006__recovered_calibration__episode_00,short_shelf_life,high_inventory,uniform,medium_margin,moderate_disposal_cost,recovered_demand,recovered_target_response,0.25000000000000006,0.25,0.7799272488431019,2.495767196297926,1.7158399474548245,0.0,0.0,0.0,1.0,0.3333333333333333,0.20000000000000004,0.2,0,0.0,3,3.1197089953724078,-0.0,0.0,0.0,0.0,0.0,0.0,1.0,0.0,0.0
core_006,always_20pct,fixed_or_rule_policy,recovered_calibration,recovered_calibration,False,False,1,core_006__recovered_calibration__episode_01,short_shelf_life,high_inventory,uniform,medium_margin,moderate_disposal_cost,recovered_demand,recovered_target_response,-0.1774451862238577,-0.17744518622385763,-0.5535773436481007,1.2407040504238531,1.7158399474548245,0.07844144661712957,1.5688289323425912,0.5028766896751266,0.4971233103248734,0.0,0.20000000000000004,0.2,0,0.0,3,3.1197089953724078,-0.0,0.0,1.1102230246251565e-16,0.0,0.0,0.0,1.0,0.0,0.0
core_006,always_20pct,fixed_or_rule_policy,recovered_calibration,recovered_calibration,False,False,2,core_006__recovered_calibration__episode_02,short_shelf_life,high_inventory,uniform,medium_margin,moderate_disposal_cost,recovered_demand,recovered_target_response,-0.16186562682488648,-0.16186562682488648,-0.5049736520471917,1.2864487013423558,1.7158399474548245,0.07558240593472315,1.511648118694463,0.48454779626457234,0.5154522037354277,0.0,0.20000000000000004,0.2,0,0.0,3,3.1197089953724078,-0.0,0.0,0.0,0.0,0.0,0.0,1.0,0.0,0.0
core_006,always_20pct,fixed_or_rule_policy,recovered_calibration,recovered_calibration,False,False,3,core_006__recovered_calibration__episode_03,short_shelf_life,high_inventory,uniform,medium_margin,moderate_disposal_cost,recovered_demand,recovered_target_response,-0.15197144975728627,-0.1519714497572863,-0.474106698847592,1.3154999514125674,1.7158399474548245,0.07376670280533493,1.4753340561066985,0.4729075879497485,0.5270924120502515,0.0,0.20000000000000004,0.2,0,0.0,3,3.1197089953724078,-0.0,0.0,0.0,0.0,0.0,0.0,1.0,0.0,0.0
core_006,always_20pct,fixed_or_rule_policy,recovered_calibration,recovered_calibration,False,False,4,core_006__recovered_calibration__episode_04,short_shelf_life,high_inventory,uniform,medium_margin,moderate_disposal_cost,recovered_demand,recovered_target_response,-0.08934624326853899,-0.08934624326853895,-0.2787342788275924,1.4993798761372727,1.7158399474548245,0.06227420751004084,1.2454841502008167,0.3992308744335752,0.6007691255664248,0.0,0.20000000000000004,0.2,0,0.0,3,3.1197089953724078,-0.0,0.0,5.551115123125783e-17,0.0,0.0,0.0,1.0,0.0,0.0
core_006,always_20pct,fixed_or_rule_policy,recovered_calibration,recovered_calibration,False,False,5,core_006__recovered_calibration__episode_05,short_shelf_life,high_inventory,uniform,medium_margin,moderate_disposal_cost,recovered_demand,recovered_target_response,-0.018072841828342345,-0.01807284182834232,-0.05638200722382225,1.7086526023525859,1.7158399474548245,0.049194662121583764,0.9838932424316753,0.3153798139156968,0.6846201860843032,0.0,0.20000000000000004,0.2,0,0.0,3,3.1197089953724078,-0.0,0.0,0.0,0.0,0.0,0.0,1.0,0.0,0.0
core_006,always_20pct,fixed_or_rule_policy,recovered_calibration,recovered_calibration,False,False,6,core_006__recovered_calibration__episode_06,short_shelf_life,high_inventory,uniform,medium_margin,moderate_disposal_cost,recovered_demand,recovered_target_response,8.544398469376158e-05,8.544398469374824e-05,0.0002665603676495487,1.7619689012622066,1.7158399474548245,0.04586239343973249,0.9172478687946497,0.29401712472388963,0.7059828752761104,0.0,0.20000000000000004,0.2,0,0.0,3,3.1197089953724078,-0.0,0.0,0.0,0.0,0.0,0.0,1.0,0.0,0.0
core_006,always_20pct,fixed_or_rule_policy,recovered_calibration,recovered_calibration,False,False,7,core_006__recovered_calibration__episode_07,short_shelf_life,high_inventory,uniform,medium_margin,moderate_disposal_cost,recovered_demand,recovered_target_response,-0.029257677765407525,-0.02925767776540751,-0.0912754405084491,1.6758117239670551,1.7158399474548245,0.05124721702067946,1.0249443404135892,0.3285384444298911,0.6714615555701088,0.0,0.20000000000000004,0.2,0,0.0,3,3.1197089953724078,-0.0,2.220446049250313e-16,0.0,0.0,0.0,0.0,1.0,0.0,0.0
core_006,always_40pct,fixed_or_rule_policy,recovered_calibration,recovered_calibration,False,False,0,core_006__recovered_calibration__episode_00,short_shelf_life,high_inventory,uniform,medium_margin,moderate_disposal_cost,recovered_demand,recovered_target_response,0.04999999999999988,0.04999999999999989,0.15598544976862005,1.8718253972234447,1.7158399474548245,0.0,0.0,0.0,1.0,0.5,0.4,0.4,0,0.0,2,3.1197089953724078,-0.0,0.0,0.0,0.0,0.0,0.0,0.0,0.0,1.0
core_006,always_40pct,fixed_or_rule_policy,recovered_calibration,recovered_calibration,False,False,1,core_006__recovered_calibration__episode_01,short_shelf_life,high_inventory,uniform,medium_margin,moderate_disposal_cost,recovered_demand,recovered_target_response,-0.06476424145503953,-0.0647642414550395,-0.20204558664575734,1.5413352097640192,1.7158399474548245,0.027540848954952103,0.550816979099042,0.17656037146929135,0.8234396285307086,0.0,0.4000000000000001,0.4,0,0.0,3,3.1197089953724078,-0.0,0.0,0.0,0.0,0.0,0.0,0.0,0.0,1.0
core_006,always_40pct,fixed_or_rule_policy,recovered_calibration,recovered_calibration,False,False,2,core_006__recovered_calibration__episode_02,short_shelf_life,high_inventory,uniform,medium_margin,moderate_disposal_cost,recovered_demand,recovered_target_response,-0.06568123481319885,-0.06568123481319886,-0.20490633907390382,1.538694515214961,1.7158399474548245,0.0277609068340403,0.555218136680806,0.17797113048184424,0.8220288695181557,0.0,0.4000000000000001,0.4,0,0.0,3,3.1197089953724078,-0.0,2.220446049250313e-16,0.0,0.0,0.0,0.0,0.0,0.0,1.0
core_006,always_40pct,fixed_or_rule_policy,recovered_calibration,recovered_calibration,False,False,3,core_006__recovered_calibration__episode_03,short_shelf_life,high_inventory,uniform,medium_margin,moderate_disposal_cost,recovered_demand,recovered_target_response,-0.06429925708410375,-0.06429925708410375,-0.2005949707210415,1.5426742398483724,1.7158399474548245,0.027429263114589354,0.5485852622917871,0.175845010898621,0.824154989101379,0.0,0.4000000000000001,0.4,0,0.0,3,3.1197089953724078,-0.0,0.0,0.0,0.0,0.0,0.0,0.0,0.0,1.0
core_006,always_40pct,fixed_or_rule_policy,recovered_calibration,recovered_calibration,False,False,4,core_006__recovered_calibration__episode_04,short_shelf_life,high_inventory,uniform,medium_margin,moderate_disposal_cost,recovered_demand,recovered_target_response,-0.036160968538528765,-0.0361609685385288,-0.11281169883102693,1.623704952362232,1.7158399474548245,0.02067670373843438,0.41353407476868753,0.13255533621312102,0.867444663786879,0.0,0.4000000000000001,0.4,0,0.0,3,3.1197089953724078,-0.0,0.0,0.0,0.0,0.0,0.0,0.0,0.0,1.0
core_006,always_40pct,fixed_or_rule_policy,recovered_calibration,recovered_calibration,False,False,5,core_006__recovered_calibration__episode_05,short_shelf_life,high_inventory,uniform,medium_margin,moderate_disposal_cost,recovered_demand,recovered_target_response,-0.014630222974742368,-0.014630222974742356,-0.045642038218607794,1.685707716004465,1.7158399474548245,0.015509806768248303,0.31019613536496604,0.09943111226883426,0.9005688877311658,0.0,0.4000000000000001,0.4,0,0.0,3,3.1197089953724078,-0.0,2.220446049250313e-16,0.0,0.0,0.0,0.0,0.0,0.0,1.0
core_006,always_40pct,fixed_or_rule_policy,recovered_calibration,recovered_calibration,False,False,6,core_006__recovered_calibration__episode_06,short_shelf_life,high_inventory,uniform,medium_margin,moderate_disposal_cost,recovered_demand,recovered_target_response,-0.026911268581809866,-0.02691126858180988,-0.08395532667155514,1.6503416035863596,1.7158399474548245,0.018456982803090417,0.3691396560618083,0.11832502858739975,0.8816749714126003,0.0,0.4000000000000001,0.4,0,0.0,3,3.1197089953724078,-0.0,2.220446049250313e-16,0.0,0.0,0.0,0.0,0.0,0.0,1.0
core_006,always_40pct,fixed_or_rule_policy,recovered_calibration,recovered_calibration,False,False,7,core_006__recovered_calibration__episode_07,short_shelf_life,high_inventory,uniform,medium_margin,moderate_disposal_cost,recovered_demand,recovered_target_response,-0.048714666683456975,-0.048714666683456975,-0.15197558385894927,1.5875536738749192,1.7158399474548245,0.023689310279043786,0.4737862055808757,0.15186871797454898,0.8481312820254511,0.0,0.4000000000000001,0.4,0,0.0,3,3.1197089953724078,-0.0,2.220446049250313e-16,5.551115123125783e-17,0.0,0.0,0.0,0.0,0.0,1.0
core_006,expiry_threshold_rule,fixed_or_rule_policy,recovered_calibration,recovered_calibration,False,False,0,core_006__recovered_calibration__episode_00,short_shelf_life,high_inventory,uniform,medium_margin,moderate_disposal_cost,recovered_demand,recovered_target_response,0.04999999999999988,0.04999999999999989,0.15598544976862005,1.8718253972234447,1.7158399474548245,0.0,0.0,0.0,1.0,0.5,0.4,0.4,0,0.0,2,3.1197089953724078,-0.0,0.0,0.0,0.0,0.0,0.0,0.0,0.0,1.0
core_006,expiry_threshold_rule,fixed_or_rule_policy,recovered_calibration,recovered_calibration,False,False,1,core_006__recovered_calibration__episode_01,short_shelf_life,high_inventory,uniform,medium_margin,moderate_disposal_cost,recovered_demand,recovered_target_response,-0.06476424145503953,-0.0647642414550395,-0.20204558664575734,1.5413352097640192,1.7158399474548245,0.027540848954952103,0.550816979099042,0.17656037146929135,0.8234396285307086,0.0,0.4000000000000001,0.4,0,0.0,3,3.1197089953724078,-0.0,0.0,0.0,0.0,0.0,0.0,0.0,0.0,1.0
core_006,expiry_threshold_rule,fixed_or_rule_policy,recovered_calibration,recovered_calibration,False,False,2,core_006__recovered_calibration__episode_02,short_shelf_life,high_inventory,uniform,medium_margin,moderate_disposal_cost,recovered_demand,recovered_target_response,-0.06568123481319885,-0.06568123481319886,-0.20490633907390382,1.538694515214961,1.7158399474548245,0.0277609068340403,0.555218136680806,0.17797113048184424,0.8220288695181557,0.0,0.4000000000000001,0.4,0,0.0,3,3.1197089953724078,-0.0,2.220446049250313e-16,0.0,0.0,0.0,0.0,0.0,0.0,1.0
core_006,expiry_threshold_rule,fixed_or_rule_policy,recovered_calibration,recovered_calibration,False,False,3,core_006__recovered_calibration__episode_03,short_shelf_life,high_inventory,uniform,medium_margin,moderate_disposal_cost,recovered_demand,recovered_target_response,-0.06429925708410375,-0.06429925708410375,-0.2005949707210415,1.5426742398483724,1.7158399474548245,0.027429263114589354,0.5485852622917871,0.175845010898621,0.824154989101379,0.0,0.4000000000000001,0.4,0,0.0,3,3.1197089953724078,-0.0,0.0,0.0,0.0,0.0,0.0,0.0,0.0,1.0
core_006,expiry_threshold_rule,fixed_or_rule_policy,recovered_calibration,recovered_calibration,False,False,4,core_006__recovered_calibration__episode_04,short_shelf_life,high_inventory,uniform,medium_margin,moderate_disposal_cost,recovered_demand,recovered_target_response,-0.036160968538528765,-0.0361609685385288,-0.11281169883102693,1.623704952362232,1.7158399474548245,0.02067670373843438,0.41353407476868753,0.13255533621312102,0.867444663786879,0.0,0.4000000000000001,0.4,0,0.0,3,3.1197089953724078,-0.0,0.0,0.0,0.0,0.0,0.0,0.0,0.0,1.0
core_006,expiry_threshold_rule,fixed_or_rule_policy,recovered_calibration,recovered_calibration,False,False,5,core_006__recovered_calibration__episode_05,short_shelf_life,high_inventory,uniform,medium_margin,moderate_disposal_cost,recovered_demand,recovered_target_response,-0.014630222974742368,-0.014630222974742356,-0.045642038218607794,1.685707716004465,1.7158399474548245,0.015509806768248303,0.31019613536496604,0.09943111226883426,0.9005688877311658,0.0,0.4000000000000001,0.4,0,0.0,3,3.1197089953724078,-0.0,2.220446049250313e-16,0.0,0.0,0.0,0.0,0.0,0.0,1.0
core_006,expiry_threshold_rule,fixed_or_rule_policy,recovered_calibration,recovered_calibration,False,False,6,core_006__recovered_calibration__episode_06,short_shelf_life,high_inventory,uniform,medium_margin,moderate_disposal_cost,recovered_demand,recovered_target_response,-0.026911268581809866,-0.02691126858180988,-0.08395532667155514,1.6503416035863596,1.7158399474548245,0.018456982803090417,0.3691396560618083,0.11832502858739975,0.8816749714126003,0.0,0.4000000000000001,0.4,0,0.0,3,3.1197089953724078,-0.0,2.220446049250313e-16,0.0,0.0,0.0,0.0,0.0,0.0,1.0
core_006,expiry_threshold_rule,fixed_or_rule_policy,recovered_calibration,recovered_calibration,False,False,7,core_006__recovered_calibration__episode_07,short_shelf_life,high_inventory,uniform,medium_margin,moderate_disposal_cost,recovered_demand,recovered_target_response,-0.048714666683456975,-0.048714666683456975,-0.15197558385894927,1.5875536738749192,1.7158399474548245,0.023689310279043786,0.4737862055808757,0.15186871797454898,0.8481312820254511,0.0,0.4000000000000001,0.4,0,0.0,3,3.1197089953724078,-0.0,2.220446049250313e-16,5.551115123125783e-17,0.0,0.0,0.0,0.0,0.0,1.0
core_006,inventory_coverage_rule,fixed_or_rule_policy,recovered_calibration,recovered_calibration,False,False,0,core_006__recovered_calibration__episode_00,short_shelf_life,high_inventory,uniform,medium_margin,moderate_disposal_cost,recovered_demand,recovered_target_response,0.23724465334855413,0.23724465334855416,0.740134279155493,2.4559742266103175,1.7158399474548245,0.0,0.0,0.0,1.0,0.3333333333333333,0.13333333333333333,0.3,0,0.0,3,3.1197089953724078,1.0986122886681096,0.0,0.0,0.3333333333333333,0.0,0.3333333333333333,0.0,0.3333333333333333,0.0
core_006,inventory_coverage_rule,fixed_or_rule_policy,recovered_calibration,recovered_calibration,False,False,1,core_006__recovered_calibration__episode_01,short_shelf_life,high_inventory,uniform,medium_margin,moderate_disposal_cost,recovered_demand,recovered_target_response,-0.1279725815853317,-0.12797258158533167,-0.3992372139327886,1.3744156377379457,1.7158399474548245,0.05781290421590997,1.1562580843181993,0.3706301087804421,0.6293698912195579,0.0,0.3,0.3,0,0.0,3,3.1197089953724078,-0.0,0.0,5.551115123125783e-17,0.0,0.0,0.0,0.0,1.0,0.0
core_006,inventory_coverage_rule,fixed_or_rule_policy,recovered_calibration,recovered_calibration,False,False,2,core_006__recovered_calibration__episode_02,short_shelf_life,high_inventory,uniform,medium_margin,moderate_disposal_cost,recovered_demand,recovered_target_response,-0.12271370855539115,-0.12271370855539117,-0.3828310604357618,1.389728047668504,1.7158399474548245,0.05671916064944152,1.1343832129888303,0.3636182780738548,0.6363817219261453,0.0,0.3,0.3,0,0.0,3,3.1197089953724078,-0.0,0.0,0.0,0.0,0.0,0.0,0.0,1.0,0.0
core_006,inventory_coverage_rule,fixed_or_rule_policy,recovered_calibration,recovered_calibration,False,False,3,core_006__recovered_calibration__episode_03,short_shelf_life,high_inventory,uniform,medium_margin,moderate_disposal_cost,recovered_demand,recovered_target_response,-0.11560358460803355,-0.11560358460803348,-0.36064954279897726,1.4104307974628365,1.7158399474548245,0.055240392806989204,1.104807856139784,0.3541381128107111,0.6458618871892888,0.0,0.3,0.3,0,0.0,3,3.1197089953724078,-0.0,0.0,5.551115123125783e-17,0.0,0.0,0.0,0.0,1.0,0.0
core_006,inventory_coverage_rule,fixed_or_rule_policy,recovered_calibration,recovered_calibration,False,False,4,core_006__recovered_calibration__episode_04,short_shelf_life,high_inventory,uniform,medium_margin,moderate_disposal_cost,recovered_demand,recovered_target_response,-0.07180330608089278,-0.07180330608089276,-0.22400541987803946,1.537965312189045,1.7158399474548245,0.046130784612260015,0.9226156922452002,0.29573774144119014,0.7042622585588099,0.0,0.3,0.3,0,0.0,3,3.1197089953724078,-0.0,0.0,5.551115123125783e-17,0.0,0.0,0.0,0.0,1.0,0.0
core_006,inventory_coverage_rule,fixed_or_rule_policy,recovered_calibration,recovered_calibration,False,False,5,core_006__recovered_calibration__episode_05,short_shelf_life,high_inventory,uniform,medium_margin,moderate_disposal_cost,recovered_demand,recovered_target_response,-0.0164778170685817,-0.016477817068581698,-0.051405994132955324,1.6990581095511237,1.7158399474548245,0.03462415622925441,0.6924831245850882,0.2219704227581088,0.7780295772418913,0.0,0.3,0.3,0,0.0,3,3.1197089953724078,-0.0,0.0,0.0,0.0,0.0,0.0,0.0,1.0,0.0
core_006,inventory_coverage_rule,fixed_or_rule_policy,recovered_calibration,recovered_calibration,False,False,6,core_006__recovered_calibration__episode_06,short_shelf_life,high_inventory,uniform,medium_margin,moderate_disposal_cost,recovered_demand,recovered_target_response,-0.026946231216999572,-0.02694623121699955,-0.08406439991905829,1.6685769308174276,1.7158399474548245,0.03680138328166127,0.7360276656332254,0.23592830828933256,0.7640716917106675,0.0,0.3,0.3,0,0.0,3,3.1197089953724078,-0.0,0.0,0.0,0.0,0.0,0.0,0.0,1.0,0.0
core_006,inventory_coverage_rule,fixed_or_rule_policy,recovered_calibration,recovered_calibration,False,False,7,core_006__recovered_calibration__episode_07,short_shelf_life,high_inventory,uniform,medium_margin,moderate_disposal_cost,recovered_demand,recovered_target_response,-0.04538639833560312,-0.04538639833560313,-0.14159235515513635,1.614884172597088,1.7158399474548245,0.04063658029739982,0.8127316059479963,0.26051519778080406,0.739484802219196,0.0,0.3,0.3,0,0.0,3,3.1197089953724078,-0.0,2.220446049250313e-16,5.551115123125783e-17,0.0,0.0,0.0,0.0,1.0,0.0
core_006,selected_observed_financial_ppo,ppo_cross_scenario_financial_policy,recovered_calibration,observed_calibration,True,True,0,core_006__recovered_calibration__episode_00,short_shelf_life,high_inventory,uniform,medium_margin,moderate_disposal_cost,recovered_demand,recovered_target_response,0.3492030715452422,0.3492030715452422,1.0894119635113666,2.8052519109661915,1.7158399474548245,0.0,0.0,0.0,1.0,0.3333333333333333,0.13333333333333333,0.2,0,0.0,3,3.1197089953724078,0.6365141682948128,0.0,0.0,0.0,0.0,0.6666666666666666,0.3333333333333333,0.0,0.0
core_006,selected_observed_financial_ppo,ppo_cross_scenario_financial_policy,recovered_calibration,observed_calibration,True,True,1,core_006__recovered_calibration__episode_01,short_shelf_life,high_inventory,uniform,medium_margin,moderate_disposal_cost,recovered_demand,recovered_target_response,-0.1774451862238577,-0.17744518622385763,-0.5535773436481007,1.2407040504238531,1.7158399474548245,0.07844144661712957,1.5688289323425912,0.5028766896751266,0.4971233103248734,0.0,0.20000000000000004,0.2,0,0.0,3,3.1197089953724078,-0.0,0.0,1.1102230246251565e-16,0.0,0.0,0.0,1.0,0.0,0.0
core_006,selected_observed_financial_ppo,ppo_cross_scenario_financial_policy,recovered_calibration,observed_calibration,True,True,2,core_006__recovered_calibration__episode_02,short_shelf_life,high_inventory,uniform,medium_margin,moderate_disposal_cost,recovered_demand,recovered_target_response,-0.16186562682488648,-0.16186562682488648,-0.5049736520471917,1.2864487013423558,1.7158399474548245,0.07558240593472315,1.511648118694463,0.48454779626457234,0.5154522037354277,0.0,0.20000000000000004,0.2,0,0.0,3,3.1197089953724078,-0.0,0.0,0.0,0.0,0.0,0.0,1.0,0.0,0.0
core_006,selected_observed_financial_ppo,ppo_cross_scenario_financial_policy,recovered_calibration,observed_calibration,True,True,3,core_006__recovered_calibration__episode_03,short_shelf_life,high_inventory,uniform,medium_margin,moderate_disposal_cost,recovered_demand,recovered_target_response,-0.15197144975728627,-0.1519714497572863,-0.474106698847592,1.3154999514125674,1.7158399474548245,0.07376670280533493,1.4753340561066985,0.4729075879497485,0.5270924120502515,0.0,0.20000000000000004,0.2,0,0.0,3,3.1197089953724078,-0.0,0.0,0.0,0.0,0.0,0.0,1.0,0.0,0.0
core_006,selected_observed_financial_ppo,ppo_cross_scenario_financial_policy,recovered_calibration,observed_calibration,True,True,4,core_006__recovered_calibration__episode_04,short_shelf_life,high_inventory,uniform,medium_margin,moderate_disposal_cost,recovered_demand,recovered_target_response,-0.08934624326853899,-0.08934624326853895,-0.2787342788275924,1.4993798761372727,1.7158399474548245,0.06227420751004084,1.2454841502008167,0.3992308744335752,0.6007691255664248,0.0,0.20000000000000004,0.2,0,0.0,3,3.1197089953724078,-0.0,0.0,5.551115123125783e-17,0.0,0.0,0.0,1.0,0.0,0.0
core_006,selected_observed_financial_ppo,ppo_cross_scenario_financial_policy,recovered_calibration,observed_calibration,True,True,5,core_006__recovered_calibration__episode_05,short_shelf_life,high_inventory,uniform,medium_margin,moderate_disposal_cost,recovered_demand,recovered_target_response,-0.018072841828342345,-0.01807284182834232,-0.05638200722382225,1.7086526023525859,1.7158399474548245,0.049194662121583764,0.9838932424316753,0.3153798139156968,0.6846201860843032,0.0,0.20000000000000004,0.2,0,0.0,3,3.1197089953724078,-0.0,0.0,0.0,0.0,0.0,0.0,1.0,0.0,0.0
core_006,selected_observed_financial_ppo,ppo_cross_scenario_financial_policy,recovered_calibration,observed_calibration,True,True,6,core_006__recovered_calibration__episode_06,short_shelf_life,high_inventory,uniform,medium_margin,moderate_disposal_cost,recovered_demand,recovered_target_response,8.544398469376158e-05,8.544398469374824e-05,0.0002665603676495487,1.7619689012622066,1.7158399474548245,0.04586239343973249,0.9172478687946497,0.29401712472388963,0.7059828752761104,0.0,0.20000000000000004,0.2,0,0.0,3,3.1197089953724078,-0.0,0.0,0.0,0.0,0.0,0.0,1.0,0.0,0.0
core_006,selected_observed_financial_ppo,ppo_cross_scenario_financial_policy,recovered_calibration,observed_calibration,True,True,7,core_006__recovered_calibration__episode_07,short_shelf_life,high_inventory,uniform,medium_margin,moderate_disposal_cost,recovered_demand,recovered_target_response,-0.029257677765407525,-0.02925767776540751,-0.0912754405084491,1.6758117239670551,1.7158399474548245,0.05124721702067946,1.0249443404135892,0.3285384444298911,0.6714615555701088,0.0,0.20000000000000004,0.2,0,0.0,3,3.1197089953724078,-0.0,2.220446049250313e-16,0.0,0.0,0.0,0.0,1.0,0.0,0.0
core_006,selected_recovered_financial_ppo,ppo_cross_scenario_financial_policy,recovered_calibration,recovered_calibration,True,False,0,core_006__recovered_calibration__episode_00,short_shelf_life,high_inventory,uniform,medium_margin,moderate_disposal_cost,recovered_demand,recovered_target_response,0.39698464373623027,0.39698464373623027,1.2384765640886282,2.954316511543453,1.7158399474548245,0.0,0.0,0.0,1.0,0.3333333333333333,0.13333333333333333,0.3,0,0.0,3,3.1197089953724078,0.6365141682948128,0.0,0.0,0.0,0.6666666666666666,0.0,0.0,0.3333333333333333,0.0
core_006,selected_recovered_financial_ppo,ppo_cross_scenario_financial_policy,recovered_calibration,recovered_calibration,True,False,1,core_006__recovered_calibration__episode_01,short_shelf_life,high_inventory,uniform,medium_margin,moderate_disposal_cost,recovered_demand,recovered_target_response,-0.13768573726164793,-0.13768573726164787,-0.4295394330696448,1.3538580022843254,1.7158399474548245,0.06755748789914588,1.3511497579829175,0.4331012155259139,0.5668987844740861,0.0,0.21666666666666667,0.3,0,0.0,3,3.1197089953724078,0.6365141682948128,0.0,0.0,0.0,0.3333333333333333,0.0,0.0,0.6666666666666666,0.0
core_006,selected_recovered_financial_ppo,ppo_cross_scenario_financial_policy,recovered_calibration,recovered_calibration,True,False,2,core_006__recovered_calibration__episode_02,short_shelf_life,high_inventory,uniform,medium_margin,moderate_disposal_cost,recovered_demand,recovered_target_response,-0.1353155265792855,-0.1353155265792855,-0.4221450654829511,1.3594721745121328,1.7158399474548245,0.06577729254025932,1.3155458508051865,0.42168864235625486,0.5783113576437451,0.0,0.2333333333333333,0.3,0,0.0,3,3.1197089953724078,0.6365141682948128,0.0,5.551115123125783e-17,0.0,0.0,0.3333333333333333,0.0,0.6666666666666666,0.0
core_006,selected_recovered_financial_ppo,ppo_cross_scenario_financial_policy,recovered_calibration,recovered_calibration,True,False,3,core_006__recovered_calibration__episode_03,short_shelf_life,high_inventory,uniform,medium_margin,moderate_disposal_cost,recovered_demand,recovered_target_response,-0.1296713138577804,-0.1296713138577804,-0.4045367642838763,1.3759620875046266,1.7158399474548245,0.06465890433367832,1.2931780866735663,0.41451881845126914,0.5854811815487309,0.0,0.2333333333333333,0.3,0,0.0,3,3.1197089953724078,0.6365141682948128,0.0,0.0,0.0,0.0,0.3333333333333333,0.0,0.6666666666666666,0.0
core_006,selected_recovered_financial_ppo,ppo_cross_scenario_financial_policy,recovered_calibration,recovered_calibration,True,False,4,core_006__recovered_calibration__episode_04,short_shelf_life,high_inventory,uniform,medium_margin,moderate_disposal_cost,recovered_demand,recovered_target_response,-0.0837610816756778,-0.0837610816756778,-0.261310199965735,1.5097510578309188,1.7158399474548245,0.055221310341829255,1.104426206836585,0.35401577790583216,0.6459842220941677,0.0,0.2333333333333333,0.3,0,0.0,3,3.1197089953724078,0.6365141682948128,2.220446049250313e-16,0.0,0.0,0.0,0.3333333333333333,0.0,0.6666666666666666,0.0
core_006,selected_recovered_financial_ppo,ppo_cross_scenario_financial_policy,recovered_calibration,recovered_calibration,True,False,5,core_006__recovered_calibration__episode_05,short_shelf_life,high_inventory,uniform,medium_margin,moderate_disposal_cost,recovered_demand,recovered_target_response,-0.03373465778659562,-0.03373465778659561,-0.10524231535265216,1.6559025866189085,1.7158399474548245,0.04530495451673627,0.9060990903347255,0.29044346497663065,0.7095565350233692,0.0,0.2333333333333333,0.3,0,0.0,3,3.1197089953724078,0.6365141682948128,2.220446049250313e-16,0.0,0.0,0.0,0.3333333333333333,0.0,0.6666666666666666,0.0
core_006,selected_recovered_financial_ppo,ppo_cross_scenario_financial_policy,recovered_calibration,recovered_calibration,True,False,6,core_006__recovered_calibration__episode_06,short_shelf_life,high_inventory,uniform,medium_margin,moderate_disposal_cost,recovered_demand,recovered_target_response,0.010556423454478991,0.010556423454479021,0.032932969209898466,1.7879528335880757,1.7158399474548245,0.03917991692335272,0.7835983384670544,0.2511767410452058,0.7488232589547942,0.0,0.2333333333333333,0.3,0,0.0,3,3.1197089953724078,0.6365141682948128,0.0,0.0,0.0,0.0,0.3333333333333333,0.0,0.6666666666666666,0.0
core_006,selected_recovered_financial_ppo,ppo_cross_scenario_financial_policy,recovered_calibration,recovered_calibration,True,False,7,core_006__recovered_calibration__episode_07,short_shelf_life,high_inventory,uniform,medium_margin,moderate_disposal_cost,recovered_demand,recovered_target_response,0.016709767311213625,0.016709767311213607,0.0521296113913729,1.8096963138638251,1.7158399474548245,0.04172675501762783,0.8345351003525565,0.2675041491339278,0.7324958508660723,0.0,0.21666666666666667,0.3,0,0.0,3,3.1197089953724078,0.6365141682948128,2.220446049250313e-16,0.0,0.0,0.3333333333333333,0.0,0.0,0.6666666666666666,0.0
core_006,always_0pct,fixed_or_rule_policy,observed_calibration,observed_calibration,False,False,0,core_006__observed_calibration__episode_00,short_shelf_life,high_inventory,uniform,medium_margin,moderate_disposal_cost,recovered_demand,recovered_target_response,0.45000000000000007,0.45000000000000007,1.1131578947368423,2.473684210526316,1.3605263157894738,0.0,0.0,0.0,1.0,0.5,0.0,0.0,-1,0.0,2,2.473684210526316,-0.0,0.0,0.0,1.0,0.0,0.0,0.0,0.0,0.0
core_006,always_0pct,fixed_or_rule_policy,observed_calibration,observed_calibration,False,False,1,core_006__observed_calibration__episode_01,short_shelf_life,high_inventory,uniform,medium_margin,moderate_disposal_cost,recovered_demand,recovered_target_response,-0.002682367794693996,-0.0026823677946939996,-0.006635330860558841,1.4072144718621244,1.3605263157894738,0.05332348693320958,1.0664697386641917,0.43112606456637537,0.5688739354336247,0.0,0.0,0.0,-1,0.0,3,2.473684210526316,-0.0,2.220446049250313e-16,0.0,1.0,0.0,0.0,0.0,0.0,0.0
core_006,always_0pct,fixed_or_rule_policy,observed_calibration,observed_calibration,False,False,2,core_006__observed_calibration__episode_02,short_shelf_life,high_inventory,uniform,medium_margin,moderate_disposal_cost,recovered_demand,recovered_target_response,0.02686407039370542,0.02686407039370544,0.06645322676337662,1.4768226219801583,1.3605263157894738,0.049843079427307896,0.9968615885461578,0.4029865996250425,0.5970134003749576,0.0,0.0,0.0,-1,0.0,3,2.473684210526316,-0.0,2.220446049250313e-16,0.0,1.0,0.0,0.0,0.0,0.0,0.0
core_006,always_0pct,fixed_or_rule_policy,observed_calibration,observed_calibration,False,False,3,core_006__observed_calibration__episode_03,short_shelf_life,high_inventory,uniform,medium_margin,moderate_disposal_cost,recovered_demand,recovered_target_response,0.02046527727068495,0.02046527727068499,0.050624633248536555,1.461747771013644,1.3605263157894738,0.05059682197563361,1.0119364395126722,0.4090806883136334,0.5909193116863667,0.0,0.0,0.0,-1,0.0,3,2.473684210526316,-0.0,2.220446049250313e-16,0.0,1.0,0.0,0.0,0.0,0.0,0.0
core_006,always_0pct,fixed_or_rule_policy,observed_calibration,observed_calibration,False,False,4,core_006__observed_calibration__episode_04,short_shelf_life,high_inventory,uniform,medium_margin,moderate_disposal_cost,recovered_demand,recovered_target_response,0.09640016461817438,0.09640016461817434,0.2384635651081155,1.6406419918322905,1.3605263157894738,0.04165211093470128,0.8330422186940255,0.33676174798269115,0.6632382520173089,0.0,0.0,0.0,-1,0.0,3,2.473684210526316,-0.0,1.1102230246251565e-16,0.0,1.0,0.0,0.0,0.0,0.0,0.0
core_006,always_0pct,fixed_or_rule_policy,observed_calibration,observed_calibration,False,False,5,core_006__observed_calibration__episode_05,short_shelf_life,high_inventory,uniform,medium_margin,moderate_disposal_cost,recovered_demand,recovered_target_response,0.2401689727655104,0.2401689727655104,0.5941021957883679,1.9793454496230072,1.3605263157894738,0.024716938045165452,0.49433876090330897,0.1998390735566568,0.8001609264433432,0.0,0.0,0.0,-1,0.0,3,2.473684210526316,-0.0,2.220446049250313e-16,0.0,1.0,0.0,0.0,0.0,0.0,0.0
core_006,always_0pct,fixed_or_rule_policy,observed_calibration,observed_calibration,False,False,6,core_006__observed_calibration__episode_06,short_shelf_life,high_inventory,uniform,medium_margin,moderate_disposal_cost,recovered_demand,recovered_target_response,0.2637154983869933,0.2637154983869933,0.6523488644309835,2.034818467377879,1.3605263157894738,0.021943287157421856,0.43886574314843707,0.17741381106000648,0.8225861889399936,0.0,0.0,0.0,-1,0.0,3,2.473684210526316,-0.0,2.220446049250313e-16,0.0,1.0,0.0,0.0,0.0,0.0,0.0
core_006,always_0pct,fixed_or_rule_policy,observed_calibration,observed_calibration,False,False,7,core_006__observed_calibration__episode_07,short_shelf_life,high_inventory,uniform,medium_margin,moderate_disposal_cost,recovered_demand,recovered_target_response,0.16653226383151798,0.166532263831518,0.4119482315832288,1.8058654837133508,1.3605263157894738,0.03339093634064827,0.6678187268129654,0.2699692725414115,0.7300307274585885,0.0,0.0,0.0,-1,0.0,3,2.473684210526316,-0.0,2.220446049250313e-16,0.0,1.0,0.0,0.0,0.0,0.0,0.0
core_006,always_5pct,fixed_or_rule_policy,observed_calibration,observed_calibration,False,False,0,core_006__observed_calibration__episode_00,short_shelf_life,high_inventory,uniform,medium_margin,moderate_disposal_cost,recovered_demand,recovered_target_response,0.4,0.4,0.9894736842105264,2.35,1.3605263157894738,0.0,0.0,0.0,1.0,0.5,0.05,0.05,0,0.0,2,2.473684210526316,-0.0,0.0,0.0,0.0,1.0,0.0,0.0,0.0,0.0
core_006,always_5pct,fixed_or_rule_policy,observed_calibration,observed_calibration,False,False,1,core_006__observed_calibration__episode_01,short_shelf_life,high_inventory,uniform,medium_margin,moderate_disposal_cost,recovered_demand,recovered_target_response,-0.029031393978714654,-0.02903139397871465,-0.0718145008947152,1.3417762241500206,1.3605263157894738,0.05306440925526208,1.0612881851052416,0.42903139397871465,0.5709686060212854,0.0,0.05000000000000001,0.05,0,0.0,3,2.473684210526316,-0.0,2.220446049250313e-16,0.0,0.0,1.0,0.0,0.0,0.0,0.0
core_006,always_5pct,fixed_or_rule_policy,observed_calibration,observed_calibration,False,False,2,core_006__observed_calibration__episode_02,short_shelf_life,high_inventory,uniform,medium_margin,moderate_disposal_cost,recovered_demand,recovered_target_response,-0.006848010049799708,-0.006848010049799724,-0.01693981433371511,1.3939071763829707,1.3605263157894738,0.05032067492721208,1.0064134985442417,0.4068480100497998,0.5931519899502004,0.0,0.05000000000000001,0.05,0,0.0,3,2.473684210526316,-0.0,4.440892098500626e-16,0.0,0.0,1.0,0.0,0.0,0.0,0.0
core_006,always_5pct,fixed_or_rule_policy,observed_calibration,observed_calibration,False,False,3,core_006__observed_calibration__episode_03,short_shelf_life,high_inventory,uniform,medium_margin,moderate_disposal_cost,recovered_demand,recovered_target_response,-0.00901020363871316,-0.009010203638713151,-0.02228839847471148,1.3888260214490242,1.3605263157894738,0.0505881041342619,1.011762082685238,0.4090102036387132,0.5909897963612869,0.0,0.05000000000000001,0.05,0,0.0,3,2.473684210526316,-0.0,2.220446049250313e-16,0.0,0.0,1.0,0.0,0.0,0.0,0.0
core_006,always_5pct,fixed_or_rule_policy,observed_calibration,observed_calibration,False,False,4,core_006__observed_calibration__episode_04,short_shelf_life,high_inventory,uniform,medium_margin,moderate_disposal_cost,recovered_demand,recovered_target_response,0.06944279702423625,0.0694427970242362,0.17177955053363692,1.5731905730069553,1.3605263157894738,0.04088470668384448,0.8176941336768895,0.3305572029757638,0.6694427970242363,0.0,0.05000000000000001,0.05,0,0.0,3,2.473684210526316,-0.0,2.220446049250313e-16,0.0,0.0,1.0,0.0,0.0,0.0,0.0
core_006,always_5pct,fixed_or_rule_policy,observed_calibration,observed_calibration,False,False,5,core_006__observed_calibration__episode_05,short_shelf_life,high_inventory,uniform,medium_margin,moderate_disposal_cost,recovered_demand,recovered_target_response,0.1967771970331318,0.19677719703313176,0.48676464529248387,1.8724264130278598,1.3605263157894738,0.02513545194590213,0.5027090389180426,0.2032228029668683,0.7967771970331318,0.0,0.05000000000000001,0.05,0,0.0,3,2.473684210526316,-0.0,2.220446049250313e-16,0.0,0.0,1.0,0.0,0.0,0.0,0.0
core_006,always_5pct,fixed_or_rule_policy,observed_calibration,observed_calibration,False,False,6,core_006__observed_calibration__episode_06,short_shelf_life,high_inventory,uniform,medium_margin,moderate_disposal_cost,recovered_demand,recovered_target_response,0.22002430806631898,0.220024308066319,0.5442706567956312,1.9270571239558496,1.3605263157894738,0.022260151370744764,0.44520302741489526,0.17997569193368104,0.820024308066319,0.0,0.05000000000000001,0.05,0,0.0,3,2.473684210526316,-0.0,2.220446049250313e-16,0.0,0.0,1.0,0.0,0.0,0.0,0.0
core_006,always_5pct,fixed_or_rule_policy,observed_calibration,observed_calibration,False,False,7,core_006__observed_calibration__episode_07,short_shelf_life,high_inventory,uniform,medium_margin,moderate_disposal_cost,recovered_demand,recovered_target_response,0.1233506572020878,0.12335065720208778,0.3051305730788487,1.6998740444249063,1.3605263157894738,0.03421715555658389,0.6843431111316778,0.27664934279791226,0.7233506572020878,0.0,0.05000000000000001,0.05,0,0.0,3,2.473684210526316,-0.0,2.220446049250313e-16,0.0,0.0,1.0,0.0,0.0,0.0,0.0
core_006,always_10pct,fixed_or_rule_policy,observed_calibration,observed_calibration,False,False,0,core_006__observed_calibration__episode_00,short_shelf_life,high_inventory,uniform,medium_margin,moderate_disposal_cost,recovered_demand,recovered_target_response,0.35000000000000014,0.35000000000000014,0.8657894736842109,2.2263157894736847,1.3605263157894738,0.0,0.0,0.0,1.0,0.5,0.1,0.1,0,0.0,2,2.473684210526316,-0.0,0.0,0.0,0.0,0.0,1.0,0.0,0.0,0.0
core_006,always_10pct,fixed_or_rule_policy,observed_calibration,observed_calibration,False,False,1,core_006__observed_calibration__episode_01,short_shelf_life,high_inventory,uniform,medium_margin,moderate_disposal_cost,recovered_demand,recovered_target_response,-0.0579672670224749,-0.057967267022474865,-0.1433927131608589,1.2702484545678292,1.3605263157894738,0.0531148519392142,1.0622970387842838,0.42943922844471044,0.5705607715552896,0.0,0.10000000000000002,0.1,0,0.0,3,2.473684210526316,-0.0,2.220446049250313e-16,5.551115123125783e-17,0.0,0.0,1.0,0.0,0.0,0.0
core_006,always_10pct,fixed_or_rule_policy,observed_calibration,observed_calibration,False,False,2,core_006__observed_calibration__episode_02,short_shelf_life,high_inventory,uniform,medium_margin,moderate_disposal_cost,recovered_demand,recovered_target_response,-0.036897870714948405,-0.03689787071494841,-0.09127368018960924,1.3196243805405918,1.3605263157894738,0.05037174494072737,1.0074348988145474,0.40726091654205104,0.592739083457949,0.0,0.10000000000000002,0.1,0,0.0,3,2.473684210526316,-0.0,2.220446049250313e-16,5.551115123125783e-17,0.0,0.0,1.0,0.0,0.0,0.0
core_006,always_10pct,fixed_or_rule_policy,observed_calibration,observed_calibration,False,False,3,core_006__observed_calibration__episode_03,short_shelf_life,high_inventory,uniform,medium_margin,moderate_disposal_cost,recovered_demand,recovered_target_response,-0.03895148497706427,-0.03895148497706429,-0.09635367336431694,1.314811755427711,1.3605263157894738,0.05063911300255409,1.0127822600510816,0.40942261576533084,0.5905773842346691,0.0,0.10000000000000002,0.1,0,0.0,3,2.473684210526316,-0.0,0.0,5.551115123125783e-17,0.0,0.0,1.0,0.0,0.0,0.0
core_006,always_10pct,fixed_or_rule_policy,observed_calibration,observed_calibration,False,False,4,core_006__observed_calibration__episode_04,short_shelf_life,high_inventory,uniform,medium_margin,moderate_disposal_cost,recovered_demand,recovered_target_response,0.03556182497506502,0.03556182497506503,0.08796872493831875,1.4894329748723134,1.3605263157894738,0.04093793414452063,0.8187586828904125,0.3309875526578263,0.6690124473421738,0.0,0.10000000000000002,0.1,0,0.0,3,2.473684210526316,-0.0,2.220446049250313e-16,5.551115123125783e-17,0.0,0.0,1.0,0.0,0.0,0.0
core_006,always_10pct,fixed_or_rule_policy,observed_calibration,observed_calibration,False,False,5,core_006__observed_calibration__episode_05,short_shelf_life,high_inventory,uniform,medium_margin,moderate_disposal_cost,recovered_demand,recovered_target_response,0.15663457836070427,0.1566345783607043,0.3874644833133212,1.7731657985959997,1.3605263157894738,0.02517499949320472,0.5034999898640944,0.20354254909399558,0.7964574509060045,0.0,0.10000000000000002,0.1,0,0.0,3,2.473684210526316,-0.0,2.220446049250313e-16,0.0,0.0,0.0,1.0,0.0,0.0,0.0
core_006,always_10pct,fixed_or_rule_policy,observed_calibration,observed_calibration,False,False,6,core_006__observed_calibration__episode_06,short_shelf_life,high_inventory,uniform,medium_margin,moderate_disposal_cost,recovered_demand,recovered_target_response,0.17871363384253675,0.17871363384253675,0.4420810942420646,1.8249078510548093,1.3605263157894738,0.022300441023270855,0.4460088204654171,0.18030143806048776,0.8196985619395123,0.0,0.10000000000000002,0.1,0,0.0,3,2.473684210526316,-0.0,2.220446049250313e-16,0.0,0.0,0.0,1.0,0.0,0.0,0.0
core_006,always_10pct,fixed_or_rule_policy,observed_calibration,observed_calibration,False,False,7,core_006__observed_calibration__episode_07,short_shelf_life,high_inventory,uniform,medium_margin,moderate_disposal_cost,recovered_demand,recovered_target_response,0.08376554867835806,0.08376554867835802,0.20720951515172775,1.6023979340218586,1.3605263157894738,0.034662103080657,0.6932420616131401,0.2802467908648864,0.7197532091351136,0.0,0.10000000000000002,0.1,0,0.0,3,2.473684210526316,-0.0,2.220446049250313e-16,0.0,0.0,0.0,1.0,0.0,0.0,0.0
core_006,always_20pct,fixed_or_rule_policy,observed_calibration,observed_calibration,False,False,0,core_006__observed_calibration__episode_00,short_shelf_life,high_inventory,uniform,medium_margin,moderate_disposal_cost,recovered_demand,recovered_target_response,0.2500000000000001,0.2500000000000001,0.6184210526315793,1.978947368421053,1.3605263157894738,0.0,0.0,0.0,1.0,0.5,0.2,0.2,0,0.0,2,2.473684210526316,-0.0,0.0,0.0,0.0,0.0,0.0,1.0,0.0,0.0
core_006,always_20pct,fixed_or_rule_policy,observed_calibration,observed_calibration,False,False,1,core_006__observed_calibration__episode_01,short_shelf_life,high_inventory,uniform,medium_margin,moderate_disposal_cost,recovered_demand,recovered_target_response,-0.08202439807654344,-0.08202439807654342,-0.2029024583998706,1.2059370050973355,1.3605263157894738,0.048313147707732346,0.9662629541546468,0.3906169389135806,0.6093830610864195,0.0,0.20000000000000004,0.2,0,0.0,3,2.473684210526316,-0.0,2.220446049250313e-16,0.0,0.0,0.0,0.0,1.0,0.0,0.0
core_006,always_20pct,fixed_or_rule_policy,observed_calibration,observed_calibration,False,False,2,core_006__observed_calibration__episode_02,short_shelf_life,high_inventory,uniform,medium_margin,moderate_disposal_cost,recovered_demand,recovered_target_response,-0.06842534116773669,-0.06842534116773667,-0.16926268604650652,1.2375979673122666,1.3605263157894738,0.04633433756929916,0.9266867513859831,0.37461804843263147,0.6253819515673686,0.0,0.20000000000000004,0.2,0,0.0,3,2.473684210526316,-0.0,2.220446049250313e-16,0.0,0.0,0.0,0.0,1.0,0.0,0.0
core_006,always_20pct,fixed_or_rule_policy,observed_calibration,observed_calibration,False,False,3,core_006__observed_calibration__episode_03,short_shelf_life,high_inventory,uniform,medium_margin,moderate_disposal_cost,recovered_demand,recovered_target_response,-0.07090066848549956,-0.07090066848549956,-0.175385864148341,1.2318349761575986,1.3605263157894738,0.0466945245164659,0.9338904903293179,0.37753019821823486,0.6224698017817653,0.0,0.20000000000000004,0.2,0,0.0,3,2.473684210526316,-0.0,2.220446049250313e-16,0.0,0.0,0.0,0.0,1.0,0.0,0.0
core_006,always_20pct,fixed_or_rule_policy,observed_calibration,observed_calibration,False,False,4,core_006__observed_calibration__episode_04,short_shelf_life,high_inventory,uniform,medium_margin,moderate_disposal_cost,recovered_demand,recovered_target_response,0.002444795118915183,0.002444795118915167,0.006047651083632255,1.4025959316700443,1.3605263157894738,0.03602196479693805,0.7204392959387609,0.29124141750715865,0.7087585824928414,0.0,0.20000000000000004,0.2,0,0.0,3,2.473684210526316,-0.0,2.220446049250313e-16,5.551115123125783e-17,0.0,0.0,0.0,1.0,0.0,0.0
core_006,always_20pct,fixed_or_rule_policy,observed_calibration,observed_calibration,False,False,5,core_006__observed_calibration__episode_05,short_shelf_life,high_inventory,uniform,medium_margin,moderate_disposal_cost,recovered_demand,recovered_target_response,0.09319231126516009,0.0931923112651601,0.23052834891908025,1.6138718825739953,1.3605263157894738,0.02281721786544111,0.45634435730882217,0.18447963380569407,0.8155203661943059,0.0,0.20000000000000004,0.2,0,0.0,3,2.473684210526316,-0.0,0.0,0.0,0.0,0.0,0.0,1.0,0.0,0.0
core_006,always_20pct,fixed_or_rule_policy,observed_calibration,observed_calibration,False,False,6,core_006__observed_calibration__episode_06,short_shelf_life,high_inventory,uniform,medium_margin,moderate_disposal_cost,recovered_demand,recovered_target_response,0.11052556379488629,0.1105255637948863,0.2734053420189293,1.654226699609147,1.3605263157894738,0.02029504180074411,0.40590083601488214,0.16408757200601617,0.8359124279939838,0.0,0.20000000000000004,0.2,0,0.0,3,2.473684210526316,-0.0,0.0,0.0,0.0,0.0,0.0,1.0,0.0,0.0
core_006,always_20pct,fixed_or_rule_policy,observed_calibration,observed_calibration,False,False,7,core_006__observed_calibration__episode_07,short_shelf_life,high_inventory,uniform,medium_margin,moderate_disposal_cost,recovered_demand,recovered_target_response,0.031965596965748966,0.03196559696574898,0.07907279249422117,1.4713254765270687,1.3605263157894738,0.031726368243374006,0.6345273648674801,0.2565110623932366,0.7434889376067635,0.0,0.20000000000000004,0.2,0,0.0,3,2.473684210526316,-0.0,2.220446049250313e-16,0.0,0.0,0.0,0.0,1.0,0.0,0.0
core_006,always_40pct,fixed_or_rule_policy,observed_calibration,observed_calibration,False,False,0,core_006__observed_calibration__episode_00,short_shelf_life,high_inventory,uniform,medium_margin,moderate_disposal_cost,recovered_demand,recovered_target_response,0.05000000000000004,0.05000000000000003,0.12368421052631587,1.4842105263157896,1.3605263157894738,0.0,0.0,0.0,1.0,0.5,0.4,0.4,0,0.0,2,2.473684210526316,-0.0,0.0,0.0,0.0,0.0,0.0,0.0,0.0,1.0
core_006,always_40pct,fixed_or_rule_policy,observed_calibration,observed_calibration,False,False,1,core_006__observed_calibration__episode_01,short_shelf_life,high_inventory,uniform,medium_margin,moderate_disposal_cost,recovered_demand,recovered_target_response,0.04999999999999996,0.049999999999999996,0.12368421052631579,1.4842105263157896,1.3605263157894738,0.0,0.0,0.0,1.0,0.3333333333333333,0.4000000000000001,0.4,0,0.0,3,2.473684210526316,-0.0,0.0,0.0,0.0,0.0,0.0,0.0,0.0,1.0
core_006,always_40pct,fixed_or_rule_policy,observed_calibration,observed_calibration,False,False,2,core_006__observed_calibration__episode_02,short_shelf_life,high_inventory,uniform,medium_margin,moderate_disposal_cost,recovered_demand,recovered_target_response,0.050000000000000044,0.05000000000000003,0.12368421052631587,1.4842105263157896,1.3605263157894738,0.0,0.0,0.0,1.0,0.3333333333333333,0.4000000000000001,0.4,0,0.0,3,2.473684210526316,-0.0,0.0,0.0,0.0,0.0,0.0,0.0,0.0,1.0
core_006,always_40pct,fixed_or_rule_policy,observed_calibration,observed_calibration,False,False,3,core_006__observed_calibration__episode_03,short_shelf_life,high_inventory,uniform,medium_margin,moderate_disposal_cost,recovered_demand,recovered_target_response,0.04999999999999999,0.049999999999999996,0.12368421052631579,1.4842105263157896,1.3605263157894738,0.0,0.0,0.0,1.0,0.3333333333333333,0.4000000000000001,0.4,0,0.0,3,2.473684210526316,-0.0,0.0,0.0,0.0,0.0,0.0,0.0,0.0,1.0
core_006,always_40pct,fixed_or_rule_policy,observed_calibration,observed_calibration,False,False,4,core_006__observed_calibration__episode_04,short_shelf_life,high_inventory,uniform,medium_margin,moderate_disposal_cost,recovered_demand,recovered_target_response,0.04999999999999996,0.04999999999999998,0.12368421052631576,1.4842105263157896,1.3605263157894738,0.0,0.0,0.0,1.0,0.3333333333333333,0.4000000000000001,0.4,0,0.0,3,2.473684210526316,-0.0,0.0,0.0,0.0,0.0,0.0,0.0,0.0,1.0
core_006,always_40pct,fixed_or_rule_policy,observed_calibration,observed_calibration,False,False,5,core_006__observed_calibration__episode_05,short_shelf_life,high_inventory,uniform,medium_margin,moderate_disposal_cost,recovered_demand,recovered_target_response,0.04999999999999999,0.04999999999999998,0.12368421052631576,1.4842105263157896,1.3605263157894738,0.0,0.0,0.0,1.0,0.3333333333333333,0.4000000000000001,0.4,0,0.0,3,2.473684210526316,-0.0,0.0,0.0,0.0,0.0,0.0,0.0,0.0,1.0
core_006,always_40pct,fixed_or_rule_policy,observed_calibration,observed_calibration,False,False,6,core_006__observed_calibration__episode_06,short_shelf_life,high_inventory,uniform,medium_margin,moderate_disposal_cost,recovered_demand,recovered_target_response,0.05000000000000002,0.05000000000000004,0.1236842105263159,1.4842105263157896,1.3605263157894738,0.0,0.0,0.0,1.0,0.3333333333333333,0.4000000000000001,0.4,0,0.0,3,2.473684210526316,-0.0,0.0,0.0,0.0,0.0,0.0,0.0,0.0,1.0
core_006,always_40pct,fixed_or_rule_policy,observed_calibration,observed_calibration,False,False,7,core_006__observed_calibration__episode_07,short_shelf_life,high_inventory,uniform,medium_margin,moderate_disposal_cost,recovered_demand,recovered_target_response,0.04999999999999996,0.04999999999999998,0.12368421052631576,1.4842105263157896,1.3605263157894738,0.0,0.0,0.0,1.0,0.3333333333333333,0.4000000000000001,0.4,0,0.0,3,2.473684210526316,-0.0,0.0,0.0,0.0,0.0,0.0,0.0,0.0,1.0
core_006,expiry_threshold_rule,fixed_or_rule_policy,observed_calibration,observed_calibration,False,False,0,core_006__observed_calibration__episode_00,short_shelf_life,high_inventory,uniform,medium_margin,moderate_disposal_cost,recovered_demand,recovered_target_response,0.05000000000000004,0.05000000000000003,0.12368421052631587,1.4842105263157896,1.3605263157894738,0.0,0.0,0.0,1.0,0.5,0.4,0.4,0,0.0,2,2.473684210526316,-0.0,0.0,0.0,0.0,0.0,0.0,0.0,0.0,1.0
core_006,expiry_threshold_rule,fixed_or_rule_policy,observed_calibration,observed_calibration,False,False,1,core_006__observed_calibration__episode_01,short_shelf_life,high_inventory,uniform,medium_margin,moderate_disposal_cost,recovered_demand,recovered_target_response,0.04999999999999996,0.049999999999999996,0.12368421052631579,1.4842105263157896,1.3605263157894738,0.0,0.0,0.0,1.0,0.3333333333333333,0.4000000000000001,0.4,0,0.0,3,2.473684210526316,-0.0,0.0,0.0,0.0,0.0,0.0,0.0,0.0,1.0
core_006,expiry_threshold_rule,fixed_or_rule_policy,observed_calibration,observed_calibration,False,False,2,core_006__observed_calibration__episode_02,short_shelf_life,high_inventory,uniform,medium_margin,moderate_disposal_cost,recovered_demand,recovered_target_response,0.050000000000000044,0.05000000000000003,0.12368421052631587,1.4842105263157896,1.3605263157894738,0.0,0.0,0.0,1.0,0.3333333333333333,0.4000000000000001,0.4,0,0.0,3,2.473684210526316,-0.0,0.0,0.0,0.0,0.0,0.0,0.0,0.0,1.0
core_006,expiry_threshold_rule,fixed_or_rule_policy,observed_calibration,observed_calibration,False,False,3,core_006__observed_calibration__episode_03,short_shelf_life,high_inventory,uniform,medium_margin,moderate_disposal_cost,recovered_demand,recovered_target_response,0.04999999999999999,0.049999999999999996,0.12368421052631579,1.4842105263157896,1.3605263157894738,0.0,0.0,0.0,1.0,0.3333333333333333,0.4000000000000001,0.4,0,0.0,3,2.473684210526316,-0.0,0.0,0.0,0.0,0.0,0.0,0.0,0.0,1.0
core_006,expiry_threshold_rule,fixed_or_rule_policy,observed_calibration,observed_calibration,False,False,4,core_006__observed_calibration__episode_04,short_shelf_life,high_inventory,uniform,medium_margin,moderate_disposal_cost,recovered_demand,recovered_target_response,0.04999999999999996,0.04999999999999998,0.12368421052631576,1.4842105263157896,1.3605263157894738,0.0,0.0,0.0,1.0,0.3333333333333333,0.4000000000000001,0.4,0,0.0,3,2.473684210526316,-0.0,0.0,0.0,0.0,0.0,0.0,0.0,0.0,1.0
core_006,expiry_threshold_rule,fixed_or_rule_policy,observed_calibration,observed_calibration,False,False,5,core_006__observed_calibration__episode_05,short_shelf_life,high_inventory,uniform,medium_margin,moderate_disposal_cost,recovered_demand,recovered_target_response,0.04999999999999999,0.04999999999999998,0.12368421052631576,1.4842105263157896,1.3605263157894738,0.0,0.0,0.0,1.0,0.3333333333333333,0.4000000000000001,0.4,0,0.0,3,2.473684210526316,-0.0,0.0,0.0,0.0,0.0,0.0,0.0,0.0,1.0
core_006,expiry_threshold_rule,fixed_or_rule_policy,observed_calibration,observed_calibration,False,False,6,core_006__observed_calibration__episode_06,short_shelf_life,high_inventory,uniform,medium_margin,moderate_disposal_cost,recovered_demand,recovered_target_response,0.05000000000000002,0.05000000000000004,0.1236842105263159,1.4842105263157896,1.3605263157894738,0.0,0.0,0.0,1.0,0.3333333333333333,0.4000000000000001,0.4,0,0.0,3,2.473684210526316,-0.0,0.0,0.0,0.0,0.0,0.0,0.0,0.0,1.0
core_006,expiry_threshold_rule,fixed_or_rule_policy,observed_calibration,observed_calibration,False,False,7,core_006__observed_calibration__episode_07,short_shelf_life,high_inventory,uniform,medium_margin,moderate_disposal_cost,recovered_demand,recovered_target_response,0.04999999999999996,0.04999999999999998,0.12368421052631576,1.4842105263157896,1.3605263157894738,0.0,0.0,0.0,1.0,0.3333333333333333,0.4000000000000001,0.4,0,0.0,3,2.473684210526316,-0.0,0.0,0.0,0.0,0.0,0.0,0.0,0.0,1.0
core_006,inventory_coverage_rule,fixed_or_rule_policy,observed_calibration,observed_calibration,False,False,0,core_006__observed_calibration__episode_00,short_shelf_life,high_inventory,uniform,medium_margin,moderate_disposal_cost,recovered_demand,recovered_target_response,0.26403119395127955,0.2640311939512796,0.6531297955636917,2.0136561113531655,1.3605263157894738,0.0,0.0,0.0,1.0,0.5,0.15,0.3,0,0.0,2,2.473684210526316,0.6931471805599453,0.0,0.0,0.5,0.0,0.0,0.0,0.5,0.0
core_006,inventory_coverage_rule,fixed_or_rule_policy,observed_calibration,observed_calibration,False,False,1,core_006__observed_calibration__episode_01,short_shelf_life,high_inventory,uniform,medium_margin,moderate_disposal_cost,recovered_demand,recovered_target_response,0.027340868827178233,0.02734086882717824,0.06763267551986196,1.4483869883799416,1.3605263157894738,0.0202279970706057,0.40455994141211393,0.16354550823042902,0.8364544917695712,0.0,0.3,0.3,0,0.0,3,2.473684210526316,-0.0,4.440892098500626e-16,0.0,0.0,0.0,0.0,0.0,1.0,0.0
core_006,inventory_coverage_rule,fixed_or_rule_policy,observed_calibration,observed_calibration,False,False,2,core_006__observed_calibration__episode_02,short_shelf_life,high_inventory,uniform,medium_margin,moderate_disposal_cost,recovered_demand,recovered_target_response,0.023776346645686813,0.023776346645686817,0.05881517328143582,1.4401573196240771,1.3605263157894738,0.020815830553167436,0.4163166110633487,0.16829820447241756,0.8317017955275825,0.0,0.3,0.3,0,0.0,3,2.473684210526316,-0.0,2.220446049250313e-16,0.0,0.0,0.0,0.0,0.0,1.0,0.0
core_006,inventory_coverage_rule,fixed_or_rule_policy,observed_calibration,observed_calibration,False,False,3,core_006__observed_calibration__episode_03,short_shelf_life,high_inventory,uniform,medium_margin,moderate_disposal_cost,recovered_demand,recovered_target_response,0.018316625466244574,0.018316625466244546,0.045309547205973355,1.427552068620312,1.3605263157894738,0.021716205624864936,0.43432411249729874,0.17557783271167396,0.8244221672883261,0.0,0.3,0.3,0,0.0,3,2.473684210526316,-0.0,0.0,0.0,0.0,0.0,0.0,0.0,1.0,0.0
core_006,inventory_coverage_rule,fixed_or_rule_policy,observed_calibration,observed_calibration,False,False,4,core_006__observed_calibration__episode_04,short_shelf_life,high_inventory,uniform,medium_margin,moderate_disposal_cost,recovered_demand,recovered_target_response,0.04992493658300068,0.0499249365830007,0.12349852733689648,1.5005284500758405,1.3605263157894738,0.01650360694947005,0.330072138989401,0.13343341788933233,0.8665665821106677,0.0,0.3,0.3,0,0.0,3,2.473684210526316,-0.0,2.220446049250313e-16,0.0,0.0,0.0,0.0,0.0,1.0,0.0
core_006,inventory_coverage_rule,fixed_or_rule_policy,observed_calibration,observed_calibration,False,False,5,core_006__observed_calibration__episode_05,short_shelf_life,high_inventory,uniform,medium_margin,moderate_disposal_cost,recovered_demand,recovered_target_response,0.09926328945136809,0.09926328945136807,0.24554603180075263,1.614439454242106,1.3605263157894738,0.008367106651879654,0.16734213303759304,0.06764894739817591,0.932351052601824,0.3333333333333333,0.3,0.3,0,0.0,3,2.473684210526316,-0.0,0.0,0.0,0.0,0.0,0.0,0.0,1.0,0.0
core_006,inventory_coverage_rule,fixed_or_rule_policy,observed_calibration,observed_calibration,False,False,6,core_006__observed_calibration__episode_06,short_shelf_life,high_inventory,uniform,medium_margin,moderate_disposal_cost,recovered_demand,recovered_target_response,0.09769049161322343,0.09769049161322342,0.24165542662218426,1.6149014888608422,1.3605263157894738,0.012719746449184145,0.2543949289836829,0.10284050320616966,0.8971594967938306,0.0,0.26666666666666666,0.3,0,0.0,3,2.473684210526316,0.6365141682948128,4.440892098500626e-16,0.0,0.0,0.0,0.0,0.3333333333333333,0.6666666666666666,0.0
core_006,inventory_coverage_rule,fixed_or_rule_policy,observed_calibration,observed_calibration,False,False,7,core_006__observed_calibration__episode_07,short_shelf_life,high_inventory,uniform,medium_margin,moderate_disposal_cost,recovered_demand,recovered_target_response,0.06182132665056364,0.06182132665056363,0.15292643960928898,1.5279945015300733,1.3605263157894738,0.014541746131310564,0.29083492262621125,0.11757156446591517,0.8824284355340848,0.0,0.3,0.3,0,0.0,3,2.473684210526316,-0.0,0.0,0.0,0.0,0.0,0.0,0.0,1.0,0.0
core_006,selected_observed_financial_ppo,ppo_cross_scenario_financial_policy,observed_calibration,observed_calibration,True,False,0,core_006__observed_calibration__episode_00,short_shelf_life,high_inventory,uniform,medium_margin,moderate_disposal_cost,recovered_demand,recovered_target_response,0.35000000000000014,0.35000000000000014,0.8657894736842109,2.2263157894736847,1.3605263157894738,0.0,0.0,0.0,1.0,0.5,0.1,0.1,0,0.0,2,2.473684210526316,-0.0,0.0,0.0,0.0,0.0,1.0,0.0,0.0,0.0
core_006,selected_observed_financial_ppo,ppo_cross_scenario_financial_policy,observed_calibration,observed_calibration,True,False,1,core_006__observed_calibration__episode_01,short_shelf_life,high_inventory,uniform,medium_margin,moderate_disposal_cost,recovered_demand,recovered_target_response,-0.06935060433786391,-0.06935060433786389,-0.17155149494103172,1.240899127236774,1.3605263157894738,0.05192430638833191,1.038486127766638,0.4198135410120451,0.5801864589879548,0.0,0.13333333333333333,0.2,0,0.0,3,2.473684210526316,0.6365141682948128,0.0,5.551115123125783e-17,0.0,0.0,0.6666666666666666,0.3333333333333333,0.0,0.0
core_006,selected_observed_financial_ppo,ppo_cross_scenario_financial_policy,observed_calibration,observed_calibration,True,False,2,core_006__observed_calibration__episode_02,short_shelf_life,high_inventory,uniform,medium_margin,moderate_disposal_cost,recovered_demand,recovered_target_response,-0.04870333185778378,-0.04870333185778379,-0.12047666301662308,1.289243856349733,1.3605263157894738,0.049194203576882395,0.9838840715376479,0.39774036934500656,0.6022596306549935,0.0,0.13333333333333333,0.2,0,0.0,3,2.473684210526316,0.6365141682948128,3.3306690738754696e-16,5.551115123125783e-17,0.0,0.0,0.6666666666666666,0.3333333333333333,0.0,0.0
core_006,selected_observed_financial_ppo,ppo_cross_scenario_financial_policy,observed_calibration,observed_calibration,True,False,3,core_006__observed_calibration__episode_03,short_shelf_life,high_inventory,uniform,medium_margin,moderate_disposal_cost,recovered_demand,recovered_target_response,-0.051710660376902196,-0.0517106603769022,-0.12791584409023177,1.2821298900736198,1.3605263157894738,0.04951941837437765,0.990388367487553,0.4003697655800746,0.5996302344199256,0.0,0.13333333333333333,0.2,0,0.0,3,2.473684210526316,0.6365141682948128,3.3306690738754696e-16,5.551115123125783e-17,0.0,0.0,0.6666666666666666,0.3333333333333333,0.0,0.0
core_006,selected_observed_financial_ppo,ppo_cross_scenario_financial_policy,observed_calibration,observed_calibration,True,False,4,core_006__observed_calibration__episode_04,short_shelf_life,high_inventory,uniform,medium_margin,moderate_disposal_cost,recovered_demand,recovered_target_response,0.01127876463215341,0.011278764632153404,0.02790010198480053,1.4287399352053973,1.3605263157894738,0.04031351743112292,0.8062703486224585,0.325939077102696,0.6740609228973041,0.0,0.13333333333333333,0.2,0,0.0,3,2.473684210526316,0.6365141682948128,2.220446049250313e-16,5.551115123125783e-17,0.0,0.0,0.6666666666666666,0.3333333333333333,0.0,0.0
core_006,selected_observed_financial_ppo,ppo_cross_scenario_financial_policy,observed_calibration,observed_calibration,True,False,5,core_006__observed_calibration__episode_05,short_shelf_life,high_inventory,uniform,medium_margin,moderate_disposal_cost,recovered_demand,recovered_target_response,0.1304924759244262,0.1304924759244262,0.3227971772867385,1.707856136708937,1.3605263157894738,0.024532643632724626,0.49065287265449253,0.1983490336262842,0.8016509663737159,0.0,0.13333333333333333,0.2,0,0.0,3,2.473684210526316,0.6365141682948128,2.220446049250313e-16,0.0,0.0,0.0,0.6666666666666666,0.3333333333333333,0.0,0.0
core_006,selected_observed_financial_ppo,ppo_cross_scenario_financial_policy,observed_calibration,observed_calibration,True,False,6,core_006__observed_calibration__episode_06,short_shelf_life,high_inventory,uniform,medium_margin,moderate_disposal_cost,recovered_demand,recovered_target_response,0.13634141487743154,0.1363414148774315,0.3372656052231201,1.7187261704551515,1.3605263157894738,0.02093424944255754,0.4186849888511508,0.16925563379089073,0.8307443662091093,0.0,0.16666666666666666,0.2,0,0.0,3,2.473684210526316,0.6365141682948128,2.220446049250313e-16,0.0,0.0,0.0,0.3333333333333333,0.6666666666666666,0.0,0.0
core_006,selected_observed_financial_ppo,ppo_cross_scenario_financial_policy,observed_calibration,observed_calibration,True,False,7,core_006__observed_calibration__episode_07,short_shelf_life,high_inventory,uniform,medium_margin,moderate_disposal_cost,recovered_demand,recovered_target_response,0.06877117429392429,0.06877117429392426,0.17011816799023372,1.5642776449283669,1.3605263157894738,0.033633161148659454,0.672663222973189,0.27192768588277855,0.7280723141172215,0.0,0.13333333333333333,0.2,0,0.0,3,2.473684210526316,0.6365141682948128,2.220446049250313e-16,0.0,0.0,0.0,0.6666666666666666,0.3333333333333333,0.0,0.0
core_006,selected_recovered_financial_ppo,ppo_cross_scenario_financial_policy,observed_calibration,recovered_calibration,True,True,0,core_006__observed_calibration__episode_00,short_shelf_life,high_inventory,uniform,medium_margin,moderate_disposal_cost,recovered_demand,recovered_target_response,0.4,0.4,0.9894736842105264,2.35,1.3605263157894738,0.0,0.0,0.0,1.0,0.5,0.05,0.05,0,0.0,2,2.473684210526316,-0.0,0.0,0.0,0.0,1.0,0.0,0.0,0.0,0.0
core_006,selected_recovered_financial_ppo,ppo_cross_scenario_financial_policy,observed_calibration,recovered_calibration,True,True,1,core_006__observed_calibration__episode_01,short_shelf_life,high_inventory,uniform,medium_margin,moderate_disposal_cost,recovered_demand,recovered_target_response,-0.025145632539891632,-0.02514563253989169,-0.06220235417762682,1.3410984362467828,1.3605263157894738,0.042774474634935715,0.8554894926987142,0.3458361778994802,0.6541638221005199,0.0,0.15,0.3,0,0.0,3,2.473684210526316,1.0986122886681096,2.220446049250313e-16,5.551115123125783e-17,0.0,0.3333333333333333,0.3333333333333333,0.0,0.3333333333333333,0.0
core_006,selected_recovered_financial_ppo,ppo_cross_scenario_financial_policy,observed_calibration,recovered_calibration,True,True,2,core_006__observed_calibration__episode_02,short_shelf_life,high_inventory,uniform,medium_margin,moderate_disposal_cost,recovered_demand,recovered_target_response,-0.010147456769278501,-0.010147456769278506,-0.025101603587162624,1.3764470765966565,1.3605263157894738,0.04102236439434534,0.8204472878869067,0.33167018020960054,0.6683298197903995,0.0,0.15,0.3,0,0.0,3,2.473684210526316,1.0986122886681096,2.220446049250313e-16,0.0,0.0,0.3333333333333333,0.3333333333333333,0.0,0.3333333333333333,0.0
core_006,selected_recovered_financial_ppo,ppo_cross_scenario_financial_policy,observed_calibration,recovered_calibration,True,True,3,core_006__observed_calibration__episode_03,short_shelf_life,high_inventory,uniform,medium_margin,moderate_disposal_cost,recovered_demand,recovered_target_response,-0.009021784685952827,-0.009021784685952832,-0.02231704632840964,1.3787603244165956,1.3605263157894738,0.04055105495553141,0.8110210991106281,0.327859593257488,0.6721404067425122,0.0,0.15,0.3,0,0.0,3,2.473684210526316,1.0986122886681096,2.220446049250313e-16,5.551115123125783e-17,0.0,0.3333333333333333,0.3333333333333333,0.0,0.3333333333333333,0.0
core_006,selected_recovered_financial_ppo,ppo_cross_scenario_financial_policy,observed_calibration,recovered_calibration,True,True,4,core_006__observed_calibration__episode_04,short_shelf_life,high_inventory,uniform,medium_margin,moderate_disposal_cost,recovered_demand,recovered_target_response,0.014411958563300825,0.014411958563300763,0.03565063434079663,1.4327396808526722,1.3605263157894738,0.0365627307224017,0.7312546144480341,0.29561356754282225,0.7043864324571778,0.0,0.15,0.3,0,0.0,3,2.473684210526316,1.0986122886681096,2.220446049250313e-16,5.551115123125783e-17,0.0,0.3333333333333333,0.3333333333333333,0.0,0.3333333333333333,0.0
core_006,selected_recovered_financial_ppo,ppo_cross_scenario_financial_policy,observed_calibration,recovered_calibration,True,True,5,core_006__observed_calibration__episode_05,short_shelf_life,high_inventory,uniform,medium_margin,moderate_disposal_cost,recovered_demand,recovered_target_response,0.12650587258562557,0.12650587258562554,0.3129355795539158,1.6951853990247503,1.3605263157894738,0.0217235036813607,0.43447007362721396,0.17563683827483118,0.8243631617251689,0.3333333333333333,0.15,0.3,0,0.0,3,2.473684210526316,1.0986122886681096,1.6653345369377348e-16,0.0,0.0,0.3333333333333333,0.3333333333333333,0.0,0.3333333333333333,0.0
core_006,selected_recovered_financial_ppo,ppo_cross_scenario_financial_policy,observed_calibration,recovered_calibration,True,True,6,core_006__observed_calibration__episode_06,short_shelf_life,high_inventory,uniform,medium_margin,moderate_disposal_cost,recovered_demand,recovered_target_response,0.20881561409815347,0.2088156140981535,0.5165438875059587,1.891808621935136,1.3605263157894738,0.014738418639703568,0.2947683727940713,0.11916168261887988,0.8808383173811202,0.0,0.13333333333333333,0.3,0,0.0,3,2.473684210526316,0.6365141682948128,2.220446049250313e-16,0.0,0.0,0.6666666666666666,0.0,0.0,0.3333333333333333,0.0
core_006,selected_recovered_financial_ppo,ppo_cross_scenario_financial_policy,observed_calibration,recovered_calibration,True,True,7,core_006__observed_calibration__episode_07,short_shelf_life,high_inventory,uniform,medium_margin,moderate_disposal_cost,recovered_demand,recovered_target_response,0.11924759107910432,0.11924759107910429,0.29498088319567906,1.6811621238421224,1.3605263157894738,0.02565492485696952,0.5130984971393904,0.20742279671592376,0.7925772032840763,0.0,0.13333333333333333,0.3,0,0.0,3,2.473684210526316,0.6365141682948128,2.220446049250313e-16,0.0,0.0,0.6666666666666666,0.0,0.0,0.3333333333333333,0.0
core_009,always_0pct,fixed_or_rule_policy,recovered_calibration,recovered_calibration,False,False,0,core_009__recovered_calibration__episode_00,medium_shelf_life,high_inventory,uniform,medium_margin,moderate_disposal_cost,observed_sales_demand,observed_target_response,0.4499999999999999,0.44999999999999996,1.4038690479175833,3.1197089953724078,1.7158399474548245,0.0,0.0,0.0,1.0,0.3333333333333333,0.0,0.0,-1,0.0,3,3.1197089953724078,-0.0,0.0,0.0,1.0,0.0,0.0,0.0,0.0,0.0
core_009,always_0pct,fixed_or_rule_policy,recovered_calibration,recovered_calibration,False,False,1,core_009__recovered_calibration__episode_01,medium_shelf_life,high_inventory,uniform,medium_margin,moderate_disposal_cost,observed_sales_demand,observed_target_response,0.448760645657286,0.448760645657286,1.4000026230261648,3.116026685952009,1.7158399474548245,0.00018411547101992166,0.003682309420398433,0.0011803374692513158,0.9988196625307486,0.14285714285714285,0.0,0.0,-1,0.0,7,3.1197089953724078,-0.0,1.6653345369377348e-16,0.0,1.0,0.0,0.0,0.0,0.0,0.0
core_009,always_0pct,fixed_or_rule_policy,recovered_calibration,recovered_calibration,False,False,2,core_009__recovered_calibration__episode_02,medium_shelf_life,high_inventory,uniform,medium_margin,moderate_disposal_cost,observed_sales_demand,observed_target_response,0.44999999999999996,0.44999999999999996,1.4038690479175833,3.1197089953724073,1.7158399474548245,0.0,0.0,0.0,0.9999999999999999,0.16666666666666666,0.0,0.0,-1,0.0,6,3.1197089953724078,-0.0,4.440892098500626e-16,0.0,1.0,0.0,0.0,0.0,0.0,0.0
core_009,always_0pct,fixed_or_rule_policy,recovered_calibration,recovered_calibration,False,False,3,core_009__recovered_calibration__episode_03,medium_shelf_life,high_inventory,uniform,medium_margin,moderate_disposal_cost,observed_sales_demand,observed_target_response,0.44999999999999996,0.45,1.4038690479175835,3.119708995372408,1.7158399474548245,0.0,0.0,0.0,1.0000000000000002,0.16666666666666666,0.0,0.0,-1,0.0,6,3.1197089953724078,-0.0,4.440892098500626e-16,2.220446049250313e-16,1.0,0.0,0.0,0.0,0.0,0.0
core_009,always_0pct,fixed_or_rule_policy,recovered_calibration,recovered_calibration,False,False,4,core_009__recovered_calibration__episode_04,medium_shelf_life,high_inventory,uniform,medium_margin,moderate_disposal_cost,observed_sales_demand,observed_target_response,0.44999999999999984,0.44999999999999984,1.403869047917583,3.119708995372408,1.7158399474548245,0.0,0.0,0.0,1.0000000000000002,0.16666666666666666,0.0,0.0,-1,0.0,6,3.1197089953724078,-0.0,4.440892098500626e-16,0.0,1.0,0.0,0.0,0.0,0.0,0.0
core_009,always_0pct,fixed_or_rule_policy,recovered_calibration,recovered_calibration,False,False,5,core_009__recovered_calibration__episode_05,medium_shelf_life,high_inventory,uniform,medium_margin,moderate_disposal_cost,observed_sales_demand,observed_target_response,0.44999999999999996,0.44999999999999996,1.4038690479175833,3.1197089953724078,1.7158399474548245,0.0,0.0,0.0,1.0,0.2,0.0,0.0,-1,0.0,5,3.1197089953724078,-0.0,0.0,0.0,1.0,0.0,0.0,0.0,0.0,0.0
core_009,always_0pct,fixed_or_rule_policy,recovered_calibration,recovered_calibration,False,False,6,core_009__recovered_calibration__episode_06,medium_shelf_life,high_inventory,uniform,medium_margin,moderate_disposal_cost,observed_sales_demand,observed_target_response,0.44999999999999996,0.44999999999999996,1.4038690479175833,3.1197089953724078,1.7158399474548245,0.0,0.0,0.0,1.0,0.2,0.0,0.0,-1,0.0,5,3.1197089953724078,-0.0,0.0,0.0,1.0,0.0,0.0,0.0,0.0,0.0
core_009,always_0pct,fixed_or_rule_policy,recovered_calibration,recovered_calibration,False,False,7,core_009__recovered_calibration__episode_07,medium_shelf_life,high_inventory,uniform,medium_margin,moderate_disposal_cost,observed_sales_demand,observed_target_response,0.44999999999999996,0.44999999999999996,1.4038690479175833,3.1197089953724078,1.7158399474548245,0.0,0.0,0.0,1.0,0.2,0.0,0.0,-1,0.0,5,3.1197089953724078,-0.0,0.0,0.0,1.0,0.0,0.0,0.0,0.0,0.0
core_009,always_5pct,fixed_or_rule_policy,recovered_calibration,recovered_calibration,False,False,0,core_009__recovered_calibration__episode_00,medium_shelf_life,high_inventory,uniform,medium_margin,moderate_disposal_cost,observed_sales_demand,observed_target_response,0.39999999999999986,0.39999999999999986,1.2478835981489627,2.9637235456037874,1.7158399474548245,0.0,0.0,0.0,1.0,0.3333333333333333,0.05000000000000001,0.05,0,0.0,3,3.1197089953724078,-0.0,0.0,0.0,0.0,1.0,0.0,0.0,0.0,0.0
core_009,always_5pct,fixed_or_rule_policy,recovered_calibration,recovered_calibration,False,False,1,core_009__recovered_calibration__episode_01,medium_shelf_life,high_inventory,uniform,medium_margin,moderate_disposal_cost,observed_sales_demand,observed_target_response,0.3999999999999999,0.39999999999999986,1.2478835981489627,2.963723545603787,1.7158399474548245,0.0,0.0,0.0,1.0,0.16666666666666666,0.05000000000000001,0.05,0,0.0,6,3.1197089953724078,-0.0,0.0,0.0,0.0,1.0,0.0,0.0,0.0,0.0
core_009,always_5pct,fixed_or_rule_policy,recovered_calibration,recovered_calibration,False,False,2,core_009__recovered_calibration__episode_02,medium_shelf_life,high_inventory,uniform,medium_margin,moderate_disposal_cost,observed_sales_demand,observed_target_response,0.39999999999999986,0.39999999999999986,1.2478835981489627,2.963723545603787,1.7158399474548245,0.0,0.0,0.0,1.0,0.16666666666666666,0.05000000000000001,0.05,0,0.0,6,3.1197089953724078,-0.0,0.0,0.0,0.0,1.0,0.0,0.0,0.0,0.0
core_009,always_5pct,fixed_or_rule_policy,recovered_calibration,recovered_calibration,False,False,3,core_009__recovered_calibration__episode_03,medium_shelf_life,high_inventory,uniform,medium_margin,moderate_disposal_cost,observed_sales_demand,observed_target_response,0.39999999999999986,0.3999999999999998,1.2478835981489624,2.9637235456037874,1.7158399474548245,0.0,0.0,0.0,1.0,0.16666666666666666,0.05000000000000001,0.05,0,0.0,6,3.1197089953724078,-0.0,0.0,2.220446049250313e-16,0.0,1.0,0.0,0.0,0.0,0.0
core_009,always_5pct,fixed_or_rule_policy,recovered_calibration,recovered_calibration,False,False,4,core_009__recovered_calibration__episode_04,medium_shelf_life,high_inventory,uniform,medium_margin,moderate_disposal_cost,observed_sales_demand,observed_target_response,0.39999999999999986,0.39999999999999986,1.2478835981489627,2.963723545603787,1.7158399474548245,0.0,0.0,0.0,1.0,0.2,0.05,0.05,0,0.0,5,3.1197089953724078,-0.0,0.0,0.0,0.0,1.0,0.0,0.0,0.0,0.0
core_009,always_5pct,fixed_or_rule_policy,recovered_calibration,recovered_calibration,False,False,5,core_009__recovered_calibration__episode_05,medium_shelf_life,high_inventory,uniform,medium_margin,moderate_disposal_cost,observed_sales_demand,observed_target_response,0.3999999999999999,0.3999999999999999,1.2478835981489629,2.9637235456037874,1.7158399474548245,0.0,0.0,0.0,1.0,0.2,0.05,0.05,0,0.0,5,3.1197089953724078,-0.0,0.0,0.0,0.0,1.0,0.0,0.0,0.0,0.0
core_009,always_5pct,fixed_or_rule_policy,recovered_calibration,recovered_calibration,False,False,6,core_009__recovered_calibration__episode_06,medium_shelf_life,high_inventory,uniform,medium_margin,moderate_disposal_cost,observed_sales_demand,observed_target_response,0.3999999999999999,0.39999999999999986,1.2478835981489627,2.9637235456037874,1.7158399474548245,0.0,0.0,0.0,1.0,0.2,0.05,0.05,0,0.0,5,3.1197089953724078,-0.0,0.0,0.0,0.0,1.0,0.0,0.0,0.0,0.0
core_009,always_5pct,fixed_or_rule_policy,recovered_calibration,recovered_calibration,False,False,7,core_009__recovered_calibration__episode_07,medium_shelf_life,high_inventory,uniform,medium_margin,moderate_disposal_cost,observed_sales_demand,observed_target_response,0.3999999999999999,0.39999999999999986,1.2478835981489627,2.963723545603787,1.7158399474548245,0.0,0.0,0.0,1.0,0.2,0.05,0.05,0,0.0,5,3.1197089953724078,-0.0,0.0,0.0,0.0,1.0,0.0,0.0,0.0,0.0
core_009,always_10pct,fixed_or_rule_policy,recovered_calibration,recovered_calibration,False,False,0,core_009__recovered_calibration__episode_00,medium_shelf_life,high_inventory,uniform,medium_margin,moderate_disposal_cost,observed_sales_demand,observed_target_response,0.34999999999999987,0.3499999999999999,1.0918981483803425,2.807738095835167,1.7158399474548245,0.0,0.0,0.0,1.0,0.3333333333333333,0.10000000000000002,0.1,0,0.0,3,3.1197089953724078,-0.0,0.0,0.0,0.0,0.0,1.0,0.0,0.0,0.0
core_009,always_10pct,fixed_or_rule_policy,recovered_calibration,recovered_calibration,False,False,1,core_009__recovered_calibration__episode_01,medium_shelf_life,high_inventory,uniform,medium_margin,moderate_disposal_cost,observed_sales_demand,observed_target_response,0.35,0.3499999999999999,1.0918981483803425,2.807738095835167,1.7158399474548245,0.0,0.0,0.0,1.0,0.14285714285714285,0.1,0.1,0,0.0,7,3.1197089953724078,-0.0,0.0,0.0,0.0,0.0,1.0,0.0,0.0,0.0
core_009,always_10pct,fixed_or_rule_policy,recovered_calibration,recovered_calibration,False,False,2,core_009__recovered_calibration__episode_02,medium_shelf_life,high_inventory,uniform,medium_margin,moderate_disposal_cost,observed_sales_demand,observed_target_response,0.3499999999999999,0.3499999999999999,1.0918981483803425,2.807738095835167,1.7158399474548245,0.0,0.0,0.0,1.0000000000000002,0.16666666666666666,0.10000000000000002,0.1,0,0.0,6,3.1197089953724078,-0.0,4.440892098500626e-16,0.0,0.0,0.0,1.0,0.0,0.0,0.0
core_009,always_10pct,fixed_or_rule_policy,recovered_calibration,recovered_calibration,False,False,3,core_009__recovered_calibration__episode_03,medium_shelf_life,high_inventory,uniform,medium_margin,moderate_disposal_cost,observed_sales_demand,observed_target_response,0.35000000000000003,0.35,1.0918981483803427,2.8077380958351674,1.7158399474548245,0.0,0.0,0.0,0.9999999999999999,0.16666666666666666,0.10000000000000002,0.1,0,0.0,6,3.1197089953724078,-0.0,4.440892098500626e-16,0.0,0.0,0.0,1.0,0.0,0.0,0.0
core_009,always_10pct,fixed_or_rule_policy,recovered_calibration,recovered_calibration,False,False,4,core_009__recovered_calibration__episode_04,medium_shelf_life,high_inventory,uniform,medium_margin,moderate_disposal_cost,observed_sales_demand,observed_target_response,0.34999999999999987,0.3499999999999999,1.0918981483803425,2.807738095835167,1.7158399474548245,0.0,0.0,0.0,1.0,0.2,0.1,0.1,0,0.0,5,3.1197089953724078,-0.0,0.0,0.0,0.0,0.0,1.0,0.0,0.0,0.0
core_009,always_10pct,fixed_or_rule_policy,recovered_calibration,recovered_calibration,False,False,5,core_009__recovered_calibration__episode_05,medium_shelf_life,high_inventory,uniform,medium_margin,moderate_disposal_cost,observed_sales_demand,observed_target_response,0.3499999999999999,0.3499999999999999,1.0918981483803425,2.8077380958351665,1.7158399474548245,0.0,0.0,0.0,1.0,0.2,0.1,0.1,0,0.0,5,3.1197089953724078,-0.0,0.0,0.0,0.0,0.0,1.0,0.0,0.0,0.0
core_009,always_10pct,fixed_or_rule_policy,recovered_calibration,recovered_calibration,False,False,6,core_009__recovered_calibration__episode_06,medium_shelf_life,high_inventory,uniform,medium_margin,moderate_disposal_cost,observed_sales_demand,observed_target_response,0.35,0.35,1.0918981483803427,2.807738095835167,1.7158399474548245,0.0,0.0,0.0,1.0,0.2,0.1,0.1,0,0.0,5,3.1197089953724078,-0.0,0.0,0.0,0.0,0.0,1.0,0.0,0.0,0.0
core_009,always_10pct,fixed_or_rule_policy,recovered_calibration,recovered_calibration,False,False,7,core_009__recovered_calibration__episode_07,medium_shelf_life,high_inventory,uniform,medium_margin,moderate_disposal_cost,observed_sales_demand,observed_target_response,0.35,0.35,1.0918981483803427,2.807738095835167,1.7158399474548245,0.0,0.0,0.0,1.0,0.2,0.1,0.1,0,0.0,5,3.1197089953724078,-0.0,0.0,0.0,0.0,0.0,1.0,0.0,0.0,0.0
core_009,always_20pct,fixed_or_rule_policy,recovered_calibration,recovered_calibration,False,False,0,core_009__recovered_calibration__episode_00,medium_shelf_life,high_inventory,uniform,medium_margin,moderate_disposal_cost,observed_sales_demand,observed_target_response,0.25000000000000006,0.25,0.7799272488431019,2.495767196297926,1.7158399474548245,0.0,0.0,0.0,1.0,0.3333333333333333,0.20000000000000004,0.2,0,0.0,3,3.1197089953724078,-0.0,0.0,0.0,0.0,0.0,0.0,1.0,0.0,0.0
core_009,always_20pct,fixed_or_rule_policy,recovered_calibration,recovered_calibration,False,False,1,core_009__recovered_calibration__episode_01,medium_shelf_life,high_inventory,uniform,medium_margin,moderate_disposal_cost,observed_sales_demand,observed_target_response,0.24999999999999994,0.24999999999999997,0.7799272488431018,2.495767196297926,1.7158399474548245,0.0,0.0,0.0,1.0,0.16666666666666666,0.20000000000000004,0.2,0,0.0,6,3.1197089953724078,-0.0,0.0,0.0,0.0,0.0,0.0,1.0,0.0,0.0
core_009,always_20pct,fixed_or_rule_policy,recovered_calibration,recovered_calibration,False,False,2,core_009__recovered_calibration__episode_02,medium_shelf_life,high_inventory,uniform,medium_margin,moderate_disposal_cost,observed_sales_demand,observed_target_response,0.25,0.25,0.7799272488431019,2.495767196297926,1.7158399474548245,0.0,0.0,0.0,1.0,0.16666666666666666,0.20000000000000004,0.2,0,0.0,6,3.1197089953724078,-0.0,0.0,0.0,0.0,0.0,0.0,1.0,0.0,0.0
core_009,always_20pct,fixed_or_rule_policy,recovered_calibration,recovered_calibration,False,False,3,core_009__recovered_calibration__episode_03,medium_shelf_life,high_inventory,uniform,medium_margin,moderate_disposal_cost,observed_sales_demand,observed_target_response,0.24999999999999994,0.24999999999999997,0.7799272488431018,2.495767196297926,1.7158399474548245,0.0,0.0,0.0,1.0,0.2,0.2,0.2,0,0.0,5,3.1197089953724078,-0.0,0.0,1.1102230246251565e-16,0.0,0.0,0.0,1.0,0.0,0.0
core_009,always_20pct,fixed_or_rule_policy,recovered_calibration,recovered_calibration,False,False,4,core_009__recovered_calibration__episode_04,medium_shelf_life,high_inventory,uniform,medium_margin,moderate_disposal_cost,observed_sales_demand,observed_target_response,0.24999999999999994,0.24999999999999997,0.7799272488431018,2.495767196297926,1.7158399474548245,0.0,0.0,0.0,1.0,0.2,0.2,0.2,0,0.0,5,3.1197089953724078,-0.0,0.0,1.1102230246251565e-16,0.0,0.0,0.0,1.0,0.0,0.0
core_009,always_20pct,fixed_or_rule_policy,recovered_calibration,recovered_calibration,False,False,5,core_009__recovered_calibration__episode_05,medium_shelf_life,high_inventory,uniform,medium_margin,moderate_disposal_cost,observed_sales_demand,observed_target_response,0.25,0.25,0.7799272488431019,2.495767196297926,1.7158399474548245,0.0,0.0,0.0,0.9999999999999999,0.2,0.2,0.2,0,0.0,5,3.1197089953724078,-0.0,4.440892098500626e-16,0.0,0.0,0.0,0.0,1.0,0.0,0.0
core_009,always_20pct,fixed_or_rule_policy,recovered_calibration,recovered_calibration,False,False,6,core_009__recovered_calibration__episode_06,medium_shelf_life,high_inventory,uniform,medium_margin,moderate_disposal_cost,observed_sales_demand,observed_target_response,0.25,0.24999999999999997,0.7799272488431018,2.4957671962979266,1.7158399474548245,0.0,0.0,0.0,1.0,0.2,0.2,0.2,0,0.0,5,3.1197089953724078,-0.0,0.0,0.0,0.0,0.0,0.0,1.0,0.0,0.0
core_009,always_20pct,fixed_or_rule_policy,recovered_calibration,recovered_calibration,False,False,7,core_009__recovered_calibration__episode_07,medium_shelf_life,high_inventory,uniform,medium_margin,moderate_disposal_cost,observed_sales_demand,observed_target_response,0.24999999999999994,0.24999999999999992,0.7799272488431017,2.495767196297926,1.7158399474548245,0.0,0.0,0.0,1.0,0.2,0.2,0.2,0,0.0,5,3.1197089953724078,-0.0,0.0,0.0,0.0,0.0,0.0,1.0,0.0,0.0
core_009,always_40pct,fixed_or_rule_policy,recovered_calibration,recovered_calibration,False,False,0,core_009__recovered_calibration__episode_00,medium_shelf_life,high_inventory,uniform,medium_margin,moderate_disposal_cost,observed_sales_demand,observed_target_response,0.04999999999999988,0.04999999999999989,0.15598544976862005,1.8718253972234447,1.7158399474548245,0.0,0.0,0.0,1.0,0.5,0.4,0.4,0,0.0,2,3.1197089953724078,-0.0,0.0,0.0,0.0,0.0,0.0,0.0,0.0,1.0
core_009,always_40pct,fixed_or_rule_policy,recovered_calibration,recovered_calibration,False,False,1,core_009__recovered_calibration__episode_01,medium_shelf_life,high_inventory,uniform,medium_margin,moderate_disposal_cost,observed_sales_demand,observed_target_response,0.049999999999999906,0.04999999999999988,0.15598544976862,1.8718253972234444,1.7158399474548245,0.0,0.0,0.0,1.0,0.25,0.4,0.4,0,0.0,4,3.1197089953724078,-0.0,0.0,0.0,0.0,0.0,0.0,0.0,0.0,1.0
core_009,always_40pct,fixed_or_rule_policy,recovered_calibration,recovered_calibration,False,False,2,core_009__recovered_calibration__episode_02,medium_shelf_life,high_inventory,uniform,medium_margin,moderate_disposal_cost,observed_sales_demand,observed_target_response,0.049999999999999906,0.04999999999999991,0.1559854497686201,1.8718253972234444,1.7158399474548245,0.0,0.0,0.0,1.0,0.25,0.4,0.4,0,0.0,4,3.1197089953724078,-0.0,0.0,0.0,0.0,0.0,0.0,0.0,0.0,1.0
core_009,always_40pct,fixed_or_rule_policy,recovered_calibration,recovered_calibration,False,False,3,core_009__recovered_calibration__episode_03,medium_shelf_life,high_inventory,uniform,medium_margin,moderate_disposal_cost,observed_sales_demand,observed_target_response,0.04999999999999993,0.04999999999999991,0.1559854497686201,1.8718253972234447,1.7158399474548245,0.0,0.0,0.0,1.0,0.25,0.4,0.4,0,0.0,4,3.1197089953724078,-0.0,0.0,0.0,0.0,0.0,0.0,0.0,0.0,1.0
core_009,always_40pct,fixed_or_rule_policy,recovered_calibration,recovered_calibration,False,False,4,core_009__recovered_calibration__episode_04,medium_shelf_life,high_inventory,uniform,medium_margin,moderate_disposal_cost,observed_sales_demand,observed_target_response,0.04999999999999989,0.04999999999999992,0.15598544976862014,1.8718253972234444,1.7158399474548245,0.0,0.0,0.0,1.0,0.25,0.4,0.4,0,0.0,4,3.1197089953724078,-0.0,0.0,0.0,0.0,0.0,0.0,0.0,0.0,1.0
core_009,always_40pct,fixed_or_rule_policy,recovered_calibration,recovered_calibration,False,False,5,core_009__recovered_calibration__episode_05,medium_shelf_life,high_inventory,uniform,medium_margin,moderate_disposal_cost,observed_sales_demand,observed_target_response,0.049999999999999864,0.049999999999999885,0.15598544976862003,1.8718253972234444,1.7158399474548245,0.0,0.0,0.0,1.0,0.25,0.4,0.4,0,0.0,4,3.1197089953724078,-0.0,0.0,0.0,0.0,0.0,0.0,0.0,0.0,1.0
core_009,always_40pct,fixed_or_rule_policy,recovered_calibration,recovered_calibration,False,False,6,core_009__recovered_calibration__episode_06,medium_shelf_life,high_inventory,uniform,medium_margin,moderate_disposal_cost,observed_sales_demand,observed_target_response,0.04999999999999995,0.04999999999999995,0.15598544976862022,1.8718253972234447,1.7158399474548245,0.0,0.0,0.0,1.0,0.25,0.4,0.4,0,0.0,4,3.1197089953724078,-0.0,0.0,0.0,0.0,0.0,0.0,0.0,0.0,1.0
core_009,always_40pct,fixed_or_rule_policy,recovered_calibration,recovered_calibration,False,False,7,core_009__recovered_calibration__episode_07,medium_shelf_life,high_inventory,uniform,medium_margin,moderate_disposal_cost,observed_sales_demand,observed_target_response,0.04999999999999989,0.04999999999999988,0.15598544976862,1.8718253972234447,1.7158399474548245,0.0,0.0,0.0,1.0,0.25,0.4,0.4,0,0.0,4,3.1197089953724078,-0.0,0.0,5.551115123125783e-17,0.0,0.0,0.0,0.0,0.0,1.0
core_009,expiry_threshold_rule,fixed_or_rule_policy,recovered_calibration,recovered_calibration,False,False,0,core_009__recovered_calibration__episode_00,medium_shelf_life,high_inventory,uniform,medium_margin,moderate_disposal_cost,observed_sales_demand,observed_target_response,0.33964474468586875,0.33964474468586875,1.0595927652274695,2.775432712682294,1.7158399474548245,0.0,0.0,0.0,1.0,0.3333333333333333,0.06666666666666667,0.2,0,0.0,3,3.1197089953724078,0.6365141682948128,0.0,0.0,0.6666666666666666,0.0,0.0,0.3333333333333333,0.0,0.0
core_009,expiry_threshold_rule,fixed_or_rule_policy,recovered_calibration,recovered_calibration,False,False,1,core_009__recovered_calibration__episode_01,medium_shelf_life,high_inventory,uniform,medium_margin,moderate_disposal_cost,observed_sales_demand,observed_target_response,0.18527268119034404,0.18527268119034407,0.5779968501062807,2.2938367975611054,1.7158399474548245,0.0,0.0,0.0,1.0,0.16666666666666666,0.26666666666666666,0.4,0,0.0,6,3.1197089953724078,0.6365141682948128,0.0,0.0,0.0,0.0,0.0,0.6666666666666666,0.0,0.3333333333333333
core_009,expiry_threshold_rule,fixed_or_rule_policy,recovered_calibration,recovered_calibration,False,False,2,core_009__recovered_calibration__episode_02,medium_shelf_life,high_inventory,uniform,medium_margin,moderate_disposal_cost,observed_sales_demand,observed_target_response,0.18995328555665927,0.18995328555665925,0.5925989736516535,2.308438921106478,1.7158399474548245,0.0,0.0,0.0,1.0,0.2,0.24000000000000005,0.4,0,0.0,5,3.1197089953724078,0.5004024235381879,0.0,0.0,0.0,0.0,0.0,0.8,0.0,0.2
core_009,expiry_threshold_rule,fixed_or_rule_policy,recovered_calibration,recovered_calibration,False,False,3,core_009__recovered_calibration__episode_03,medium_shelf_life,high_inventory,uniform,medium_margin,moderate_disposal_cost,observed_sales_demand,observed_target_response,0.24999999999999994,0.24999999999999997,0.7799272488431018,2.495767196297926,1.7158399474548245,0.0,0.0,0.0,1.0,0.2,0.2,0.2,0,0.0,5,3.1197089953724078,-0.0,0.0,1.1102230246251565e-16,0.0,0.0,0.0,1.0,0.0,0.0
core_009,expiry_threshold_rule,fixed_or_rule_policy,recovered_calibration,recovered_calibration,False,False,4,core_009__recovered_calibration__episode_04,medium_shelf_life,high_inventory,uniform,medium_margin,moderate_disposal_cost,observed_sales_demand,observed_target_response,0.27792215784323626,0.2779221578432363,0.8670362558368545,2.582876203291679,1.7158399474548245,0.0,0.0,0.0,1.0,0.2,0.16,0.2,0,0.0,5,3.1197089953724078,0.5004024235381879,0.0,0.0,0.2,0.0,0.0,0.8,0.0,0.0
core_009,expiry_threshold_rule,fixed_or_rule_policy,recovered_calibration,recovered_calibration,False,False,5,core_009__recovered_calibration__episode_05,medium_shelf_life,high_inventory,uniform,medium_margin,moderate_disposal_cost,observed_sales_demand,observed_target_response,0.33778458639531883,0.3377845863953189,1.0537896126756245,2.769629560130449,1.7158399474548245,0.0,0.0,0.0,1.0,0.2,0.1,0.2,0,0.0,5,3.1197089953724078,1.0549201679861442,0.0,0.0,0.4,0.0,0.2,0.4,0.0,0.0
core_009,expiry_threshold_rule,fixed_or_rule_policy,recovered_calibration,recovered_calibration,False,False,6,core_009__recovered_calibration__episode_06,medium_shelf_life,high_inventory,uniform,medium_margin,moderate_disposal_cost,observed_sales_demand,observed_target_response,0.356389429624151,0.356389429624151,1.1118313094541055,2.82767125690893,1.7158399474548245,0.0,0.0,0.0,1.0,0.2,0.08,0.2,0,0.0,5,3.1197089953724078,1.0549201679861442,0.0,0.0,0.4,0.0,0.4,0.2,0.0,0.0
core_009,expiry_threshold_rule,fixed_or_rule_policy,recovered_calibration,recovered_calibration,False,False,7,core_009__recovered_calibration__episode_07,medium_shelf_life,high_inventory,uniform,medium_margin,moderate_disposal_cost,observed_sales_demand,observed_target_response,0.32385583836608856,0.32385583836608856,1.010335972154559,2.7261759196093838,1.7158399474548245,0.0,0.0,0.0,1.0,0.2,0.12000000000000002,0.2,0,0.0,5,3.1197089953724078,0.5004024235381879,0.0,0.0,0.0,0.0,0.8,0.2,0.0,0.0
core_009,inventory_coverage_rule,fixed_or_rule_policy,recovered_calibration,recovered_calibration,False,False,0,core_009__recovered_calibration__episode_00,medium_shelf_life,high_inventory,uniform,medium_margin,moderate_disposal_cost,observed_sales_demand,observed_target_response,0.23724465334855413,0.23724465334855416,0.740134279155493,2.4559742266103175,1.7158399474548245,0.0,0.0,0.0,1.0,0.3333333333333333,0.13333333333333333,0.3,0,0.0,3,3.1197089953724078,1.0986122886681096,0.0,0.0,0.3333333333333333,0.0,0.3333333333333333,0.0,0.3333333333333333,0.0
core_009,inventory_coverage_rule,fixed_or_rule_policy,recovered_calibration,recovered_calibration,False,False,1,core_009__recovered_calibration__episode_01,medium_shelf_life,high_inventory,uniform,medium_margin,moderate_disposal_cost,observed_sales_demand,observed_target_response,0.18254830441890807,0.18254830441890804,0.569497587385648,2.2853375348404725,1.7158399474548245,0.0,0.0,0.0,1.0,0.2,0.26,0.3,0,0.0,5,3.1197089953724078,0.5004024235381879,0.0,0.0,0.0,0.0,0.2,0.0,0.8,0.0
core_009,inventory_coverage_rule,fixed_or_rule_policy,recovered_calibration,recovered_calibration,False,False,2,core_009__recovered_calibration__episode_02,medium_shelf_life,high_inventory,uniform,medium_margin,moderate_disposal_cost,observed_sales_demand,observed_target_response,0.19320452169806981,0.1932045216980698,0.6027418842880918,2.3185818317429163,1.7158399474548245,0.0,0.0,0.0,1.0,0.2,0.24,0.3,0,0.0,5,3.1197089953724078,0.5004024235381879,0.0,0.0,0.2,0.0,0.0,0.0,0.8,0.0
core_009,inventory_coverage_rule,fixed_or_rule_policy,recovered_calibration,recovered_calibration,False,False,3,core_009__recovered_calibration__episode_03,medium_shelf_life,high_inventory,uniform,medium_margin,moderate_disposal_cost,observed_sales_demand,observed_target_response,0.17572411866531687,0.17572411866531681,0.5482081137040773,2.264048061158902,1.7158399474548245,0.0,0.0,0.0,1.0,0.2,0.24,0.3,0,0.0,5,3.1197089953724078,0.5004024235381879,0.0,0.0,0.2,0.0,0.0,0.0,0.8,0.0
core_009,inventory_coverage_rule,fixed_or_rule_policy,recovered_calibration,recovered_calibration,False,False,4,core_009__recovered_calibration__episode_04,medium_shelf_life,high_inventory,uniform,medium_margin,moderate_disposal_cost,observed_sales_demand,observed_target_response,0.15314175192503046,0.15314175192503046,0.4777577010476073,2.1935976485024318,1.7158399474548245,0.0,0.0,0.0,1.0,0.2,0.24,0.3,0,0.0,5,3.1197089953724078,0.5004024235381879,0.0,5.551115123125783e-17,0.2,0.0,0.0,0.0,0.8,0.0
core_009,inventory_coverage_rule,fixed_or_rule_policy,recovered_calibration,recovered_calibration,False,False,5,core_009__recovered_calibration__episode_05,medium_shelf_life,high_inventory,uniform,medium_margin,moderate_disposal_cost,observed_sales_demand,observed_target_response,0.1988581354702359,0.1988581354702359,0.6203795140294798,2.336219461484304,1.7158399474548245,0.0,0.0,0.0,1.0,0.2,0.19999999999999998,0.3,0,0.0,5,3.1197089953724078,0.9502705392332347,0.0,0.0,0.2,0.0,0.2,0.0,0.6,0.0
core_009,inventory_coverage_rule,fixed_or_rule_policy,recovered_calibration,recovered_calibration,False,False,6,core_009__recovered_calibration__episode_06,medium_shelf_life,high_inventory,uniform,medium_margin,moderate_disposal_cost,observed_sales_demand,observed_target_response,0.1789668543609384,0.1789668543609384,0.5583245054233231,2.2741644528781477,1.7158399474548245,0.0,0.0,0.0,1.0,0.2,0.21999999999999997,0.3,0,0.0,5,3.1197089953724078,0.9502705392332347,0.0,0.0,0.2,0.0,0.0,0.2,0.6,0.0
core_009,inventory_coverage_rule,fixed_or_rule_policy,recovered_calibration,recovered_calibration,False,False,7,core_009__recovered_calibration__episode_07,medium_shelf_life,high_inventory,uniform,medium_margin,moderate_disposal_cost,observed_sales_demand,observed_target_response,0.18830292399098467,0.18830292399098467,0.5874503258296017,2.303290273284426,1.7158399474548245,0.0,0.0,0.0,1.0,0.2,0.21999999999999997,0.3,0,0.0,5,3.1197089953724078,0.9502705392332347,0.0,1.1102230246251565e-16,0.2,0.0,0.0,0.2,0.6,0.0
core_009,selected_observed_financial_ppo,ppo_cross_scenario_financial_policy,recovered_calibration,observed_calibration,True,True,0,core_009__recovered_calibration__episode_00,medium_shelf_life,high_inventory,uniform,medium_margin,moderate_disposal_cost,observed_sales_demand,observed_target_response,0.4499999999999999,0.44999999999999996,1.4038690479175833,3.1197089953724078,1.7158399474548245,0.0,0.0,0.0,1.0,0.3333333333333333,0.0,0.0,-1,0.0,3,3.1197089953724078,-0.0,0.0,0.0,1.0,0.0,0.0,0.0,0.0,0.0
core_009,selected_observed_financial_ppo,ppo_cross_scenario_financial_policy,recovered_calibration,observed_calibration,True,True,1,core_009__recovered_calibration__episode_01,medium_shelf_life,high_inventory,uniform,medium_margin,moderate_disposal_cost,observed_sales_demand,observed_target_response,0.3065904572410975,0.3065904572410975,0.9564730073503915,2.6724970702762363,1.7158399474548245,0.00018411547101992166,0.003682309420398433,0.0011803374692513158,0.9988196625307487,0.16666666666666666,0.13333333333333333,0.2,1,5.551115123125783e-17,6,3.1197089953724078,1.0114042647073518,3.3306690738754696e-16,0.0,0.16666666666666666,0.0,0.3333333333333333,0.5,0.0,0.0
core_009,selected_observed_financial_ppo,ppo_cross_scenario_financial_policy,recovered_calibration,observed_calibration,True,True,2,core_009__recovered_calibration__episode_02,medium_shelf_life,high_inventory,uniform,medium_margin,moderate_disposal_cost,observed_sales_demand,observed_target_response,0.29926754181972537,0.2992675418197253,0.9336276422379852,2.6494675896928097,1.7158399474548245,0.0,0.0,0.0,1.0,0.16666666666666666,0.15000000000000002,0.4,1,0.0,6,3.1197089953724078,1.242453324894,0.0,0.0,0.16666666666666666,0.0,0.5,0.16666666666666666,0.0,0.16666666666666666
core_009,selected_observed_financial_ppo,ppo_cross_scenario_financial_policy,recovered_calibration,observed_calibration,True,True,3,core_009__recovered_calibration__episode_03,medium_shelf_life,high_inventory,uniform,medium_margin,moderate_disposal_cost,observed_sales_demand,observed_target_response,0.3652880401478192,0.36528804014781907,1.1395923847511085,2.855432332205933,1.7158399474548245,0.0,0.0,0.0,0.9999999999999999,0.16666666666666666,0.08333333333333333,0.1,1,0.0,6,3.1197089953724078,0.45056120886630463,4.440892098500626e-16,2.220446049250313e-16,0.16666666666666666,0.0,0.8333333333333334,0.0,0.0,0.0
core_009,selected_observed_financial_ppo,ppo_cross_scenario_financial_policy,recovered_calibration,observed_calibration,True,True,4,core_009__recovered_calibration__episode_04,medium_shelf_life,high_inventory,uniform,medium_margin,moderate_disposal_cost,observed_sales_demand,observed_target_response,0.3992298289009536,0.39922982890095354,1.245480888443292,2.961320835898117,1.7158399474548245,0.0,0.0,0.0,1.0,0.2,0.05,0.1,1,0.0,5,3.1197089953724078,0.9502705392332347,0.0,2.220446049250313e-16,0.2,0.6,0.2,0.0,0.0,0.0
core_009,selected_observed_financial_ppo,ppo_cross_scenario_financial_policy,recovered_calibration,observed_calibration,True,True,5,core_009__recovered_calibration__episode_05,medium_shelf_life,high_inventory,uniform,medium_margin,moderate_disposal_cost,observed_sales_demand,observed_target_response,0.42954200840632156,0.4295420084063216,1.340046067515532,3.0558860149703566,1.7158399474548245,0.0,0.0,0.0,1.0,0.2,0.02,0.05,2,0.0,5,3.1197089953724078,0.6730116670092565,0.0,0.0,0.6,0.4,0.0,0.0,0.0,0.0
core_009,selected_observed_financial_ppo,ppo_cross_scenario_financial_policy,recovered_calibration,observed_calibration,True,True,6,core_009__recovered_calibration__episode_06,medium_shelf_life,high_inventory,uniform,medium_margin,moderate_disposal_cost,observed_sales_demand,observed_target_response,0.42414360417632974,0.42414360417632974,1.3232046172785699,3.0390445647333943,1.7158399474548245,0.0,0.0,0.0,1.0,0.2,0.030000000000000006,0.05,2,0.0,5,3.1197089953724078,0.6730116670092565,0.0,0.0,0.4,0.6,0.0,0.0,0.0,0.0
core_009,selected_observed_financial_ppo,ppo_cross_scenario_financial_policy,recovered_calibration,observed_calibration,True,True,7,core_009__recovered_calibration__episode_07,medium_shelf_life,high_inventory,uniform,medium_margin,moderate_disposal_cost,observed_sales_demand,observed_target_response,0.4217998455394218,0.4217998455394218,1.3158927723760263,3.031732719830851,1.7158399474548245,0.0,0.0,0.0,1.0,0.2,0.030000000000000006,0.05,2,0.0,5,3.1197089953724078,0.6730116670092565,0.0,0.0,0.4,0.6,0.0,0.0,0.0,0.0
core_009,selected_recovered_financial_ppo,ppo_cross_scenario_financial_policy,recovered_calibration,recovered_calibration,True,False,0,core_009__recovered_calibration__episode_00,medium_shelf_life,high_inventory,uniform,medium_margin,moderate_disposal_cost,observed_sales_demand,observed_target_response,0.42198483600457215,0.4219848360045722,1.3164698887942141,3.0323098362490386,1.7158399474548245,0.0,0.0,0.0,1.0,0.3333333333333333,0.016666666666666666,0.05,0,0.0,3,3.1197089953724078,0.6365141682948128,0.0,0.0,0.6666666666666666,0.3333333333333333,0.0,0.0,0.0,0.0
core_009,selected_recovered_financial_ppo,ppo_cross_scenario_financial_policy,recovered_calibration,recovered_calibration,True,False,1,core_009__recovered_calibration__episode_01,medium_shelf_life,high_inventory,uniform,medium_margin,moderate_disposal_cost,observed_sales_demand,observed_target_response,0.36258713369748174,0.36258713369748174,1.1311663426023317,2.8471904055281763,1.7158399474548245,0.00018411547101992166,0.003682309420398433,0.0011803374692513158,0.9988196625307487,0.14285714285714285,0.09999999999999999,0.3,3,0.0,7,3.1197089953724078,1.277034259466139,2.7755575615628914e-16,0.0,0.42857142857142855,0.0,0.2857142857142857,0.14285714285714285,0.14285714285714285,0.0
core_009,selected_recovered_financial_ppo,ppo_cross_scenario_financial_policy,recovered_calibration,recovered_calibration,True,False,2,core_009__recovered_calibration__episode_02,medium_shelf_life,high_inventory,uniform,medium_margin,moderate_disposal_cost,observed_sales_demand,observed_target_response,0.3948881583773053,0.3948881583773054,1.2319361398557236,2.947776087310548,1.7158399474548245,0.0,0.0,0.0,1.0,0.16666666666666666,0.05000000000000001,0.1,3,0.0,6,3.1197089953724078,0.6931471805599453,0.0,0.0,0.5,0.0,0.5,0.0,0.0,0.0
core_009,selected_recovered_financial_ppo,ppo_cross_scenario_financial_policy,recovered_calibration,recovered_calibration,True,False,3,core_009__recovered_calibration__episode_03,medium_shelf_life,high_inventory,uniform,medium_margin,moderate_disposal_cost,observed_sales_demand,observed_target_response,0.411480048271311,0.41148004827131096,1.2836980080082814,2.999537955463106,1.7158399474548245,0.0,0.0,0.0,0.9999999999999999,0.16666666666666666,0.03333333333333333,0.1,3,0.0,6,3.1197089953724078,1.0114042647073518,4.440892098500626e-16,2.220446049250313e-16,0.5,0.3333333333333333,0.16666666666666666,0.0,0.0,0.0
core_009,selected_recovered_financial_ppo,ppo_cross_scenario_financial_policy,recovered_calibration,recovered_calibration,True,False,4,core_009__recovered_calibration__episode_04,medium_shelf_life,high_inventory,uniform,medium_margin,moderate_disposal_cost,observed_sales_demand,observed_target_response,0.40344994535384565,0.40344994535384565,1.2586464237028987,2.974486371157723,1.7158399474548245,0.0,0.0,0.0,1.0,0.2,0.04,0.1,2,0.0,5,3.1197089953724078,1.0549201679861442,0.0,0.0,0.4,0.4,0.2,0.0,0.0,0.0
core_009,selected_recovered_financial_ppo,ppo_cross_scenario_financial_policy,recovered_calibration,recovered_calibration,True,False,5,core_009__recovered_calibration__episode_05,medium_shelf_life,high_inventory,uniform,medium_margin,moderate_disposal_cost,observed_sales_demand,observed_target_response,0.4082871353053982,0.4082871353053982,1.273737048707082,2.9895769961619068,1.7158399474548245,0.0,0.0,0.0,1.0,0.2,0.04,0.05,1,0.0,5,3.1197089953724078,0.5004024235381879,0.0,0.0,0.2,0.8,0.0,0.0,0.0,0.0
core_009,selected_recovered_financial_ppo,ppo_cross_scenario_financial_policy,recovered_calibration,recovered_calibration,True,False,6,core_009__recovered_calibration__episode_06,medium_shelf_life,high_inventory,uniform,medium_margin,moderate_disposal_cost,observed_sales_demand,observed_target_response,0.42112416969455196,0.42112416969455196,1.31378486036483,3.0296248078196544,1.7158399474548245,0.0,0.0,0.0,1.0,0.2,0.030000000000000006,0.05,1,0.0,5,3.1197089953724078,0.6730116670092565,0.0,0.0,0.4,0.6,0.0,0.0,0.0,0.0
core_009,selected_recovered_financial_ppo,ppo_cross_scenario_financial_policy,recovered_calibration,recovered_calibration,True,False,7,core_009__recovered_calibration__episode_07,medium_shelf_life,high_inventory,uniform,medium_margin,moderate_disposal_cost,observed_sales_demand,observed_target_response,0.4093721846025517,0.40937218460255165,1.2771220867598343,2.992962034214659,1.7158399474548245,0.0,0.0,0.0,0.9999999999999999,0.2,0.04,0.05,0,0.0,5,3.1197089953724078,0.5004024235381879,4.440892098500626e-16,0.0,0.2,0.8,0.0,0.0,0.0,0.0
core_009,always_0pct,fixed_or_rule_policy,observed_calibration,observed_calibration,False,False,0,core_009__observed_calibration__episode_00,medium_shelf_life,high_inventory,uniform,medium_margin,moderate_disposal_cost,observed_sales_demand,observed_target_response,0.45000000000000007,0.45000000000000007,1.1131578947368426,2.473684210526317,1.360526315789474,0.0,0.0,0.0,1.0000000000000002,0.5,0.0,0.0,-1,0.0,2,2.4736842105263164,-0.0,4.440892098500626e-16,0.0,1.0,0.0,0.0,0.0,0.0,0.0
core_009,always_0pct,fixed_or_rule_policy,observed_calibration,observed_calibration,False,False,1,core_009__observed_calibration__episode_01,medium_shelf_life,high_inventory,uniform,medium_margin,moderate_disposal_cost,observed_sales_demand,observed_target_response,0.45,0.45,1.1131578947368423,2.473684210526317,1.360526315789474,0.0,0.0,0.0,1.0000000000000002,0.16666666666666666,0.0,0.0,-1,0.0,6,2.4736842105263164,-0.0,4.440892098500626e-16,0.0,1.0,0.0,0.0,0.0,0.0,0.0
core_009,always_0pct,fixed_or_rule_policy,observed_calibration,observed_calibration,False,False,2,core_009__observed_calibration__episode_02,medium_shelf_life,high_inventory,uniform,medium_margin,moderate_disposal_cost,observed_sales_demand,observed_target_response,0.45,0.45,1.1131578947368423,2.4736842105263164,1.360526315789474,0.0,0.0,0.0,1.0,0.2,0.0,0.0,-1,0.0,5,2.4736842105263164,-0.0,0.0,0.0,1.0,0.0,0.0,0.0,0.0,0.0
core_009,always_0pct,fixed_or_rule_policy,observed_calibration,observed_calibration,False,False,3,core_009__observed_calibration__episode_03,medium_shelf_life,high_inventory,uniform,medium_margin,moderate_disposal_cost,observed_sales_demand,observed_target_response,0.45,0.45,1.1131578947368423,2.473684210526316,1.360526315789474,0.0,0.0,0.0,0.9999999999999998,0.2,0.0,0.0,-1,0.0,5,2.4736842105263164,-0.0,4.440892098500626e-16,0.0,1.0,0.0,0.0,0.0,0.0,0.0
core_009,always_0pct,fixed_or_rule_policy,observed_calibration,observed_calibration,False,False,4,core_009__observed_calibration__episode_04,medium_shelf_life,high_inventory,uniform,medium_margin,moderate_disposal_cost,observed_sales_demand,observed_target_response,0.45,0.45000000000000007,1.1131578947368426,2.473684210526317,1.360526315789474,0.0,0.0,0.0,1.0000000000000002,0.2,0.0,0.0,-1,0.0,5,2.4736842105263164,-0.0,4.440892098500626e-16,0.0,1.0,0.0,0.0,0.0,0.0,0.0
core_009,always_0pct,fixed_or_rule_policy,observed_calibration,observed_calibration,False,False,5,core_009__observed_calibration__episode_05,medium_shelf_life,high_inventory,uniform,medium_margin,moderate_disposal_cost,observed_sales_demand,observed_target_response,0.44999999999999996,0.45,1.1131578947368423,2.473684210526317,1.360526315789474,0.0,0.0,0.0,1.0000000000000002,0.2,0.0,0.0,-1,0.0,5,2.4736842105263164,-0.0,4.440892098500626e-16,0.0,1.0,0.0,0.0,0.0,0.0,0.0
core_009,always_0pct,fixed_or_rule_policy,observed_calibration,observed_calibration,False,False,6,core_009__observed_calibration__episode_06,medium_shelf_life,high_inventory,uniform,medium_margin,moderate_disposal_cost,observed_sales_demand,observed_target_response,0.45,0.45,1.1131578947368423,2.4736842105263164,1.360526315789474,0.0,0.0,0.0,1.0,0.25,0.0,0.0,-1,0.0,4,2.4736842105263164,-0.0,0.0,0.0,1.0,0.0,0.0,0.0,0.0,0.0
core_009,always_0pct,fixed_or_rule_policy,observed_calibration,observed_calibration,False,False,7,core_009__observed_calibration__episode_07,medium_shelf_life,high_inventory,uniform,medium_margin,moderate_disposal_cost,observed_sales_demand,observed_target_response,0.45,0.45,1.1131578947368423,2.4736842105263164,1.360526315789474,0.0,0.0,0.0,1.0,0.2,0.0,0.0,-1,0.0,5,2.4736842105263164,-0.0,0.0,0.0,1.0,0.0,0.0,0.0,0.0,0.0
core_009,always_5pct,fixed_or_rule_policy,observed_calibration,observed_calibration,False,False,0,core_009__observed_calibration__episode_00,medium_shelf_life,high_inventory,uniform,medium_margin,moderate_disposal_cost,observed_sales_demand,observed_target_response,0.4,0.4,0.9894736842105266,2.3500000000000005,1.360526315789474,0.0,0.0,0.0,1.0000000000000002,0.5,0.05,0.05,0,0.0,2,2.4736842105263164,-0.0,4.440892098500626e-16,0.0,0.0,1.0,0.0,0.0,0.0,0.0
core_009,always_5pct,fixed_or_rule_policy,observed_calibration,observed_calibration,False,False,1,core_009__observed_calibration__episode_01,medium_shelf_life,high_inventory,uniform,medium_margin,moderate_disposal_cost,observed_sales_demand,observed_target_response,0.39999999999999997,0.39999999999999997,0.9894736842105265,2.3500000000000005,1.360526315789474,0.0,0.0,0.0,1.0000000000000002,0.16666666666666666,0.05000000000000001,0.05,0,0.0,6,2.4736842105263164,-0.0,4.440892098500626e-16,0.0,0.0,1.0,0.0,0.0,0.0,0.0
core_009,always_5pct,fixed_or_rule_policy,observed_calibration,observed_calibration,False,False,2,core_009__observed_calibration__episode_02,medium_shelf_life,high_inventory,uniform,medium_margin,moderate_disposal_cost,observed_sales_demand,observed_target_response,0.4,0.39999999999999997,0.9894736842105265,2.3500000000000005,1.360526315789474,0.0,0.0,0.0,1.0000000000000002,0.2,0.05,0.05,0,0.0,5,2.4736842105263164,-0.0,4.440892098500626e-16,0.0,0.0,1.0,0.0,0.0,0.0,0.0
core_009,always_5pct,fixed_or_rule_policy,observed_calibration,observed_calibration,False,False,3,core_009__observed_calibration__episode_03,medium_shelf_life,high_inventory,uniform,medium_margin,moderate_disposal_cost,observed_sales_demand,observed_target_response,0.3999999999999999,0.3999999999999999,0.9894736842105264,2.3500000000000005,1.360526315789474,0.0,0.0,0.0,1.0,0.2,0.05,0.05,0,0.0,5,2.4736842105263164,-0.0,0.0,1.1102230246251565e-16,0.0,1.0,0.0,0.0,0.0,0.0
core_009,always_5pct,fixed_or_rule_policy,observed_calibration,observed_calibration,False,False,4,core_009__observed_calibration__episode_04,medium_shelf_life,high_inventory,uniform,medium_margin,moderate_disposal_cost,observed_sales_demand,observed_target_response,0.39999999999999997,0.3999999999999999,0.9894736842105264,2.3500000000000005,1.360526315789474,0.0,0.0,0.0,1.0,0.2,0.05,0.05,0,0.0,5,2.4736842105263164,-0.0,0.0,0.0,0.0,1.0,0.0,0.0,0.0,0.0
core_009,always_5pct,fixed_or_rule_policy,observed_calibration,observed_calibration,False,False,5,core_009__observed_calibration__episode_05,medium_shelf_life,high_inventory,uniform,medium_margin,moderate_disposal_cost,observed_sales_demand,observed_target_response,0.4,0.39999999999999997,0.9894736842105265,2.3500000000000005,1.360526315789474,0.0,0.0,0.0,1.0,0.25,0.05,0.05,0,0.0,4,2.4736842105263164,-0.0,0.0,0.0,0.0,1.0,0.0,0.0,0.0,0.0
core_009,always_5pct,fixed_or_rule_policy,observed_calibration,observed_calibration,False,False,6,core_009__observed_calibration__episode_06,medium_shelf_life,high_inventory,uniform,medium_margin,moderate_disposal_cost,observed_sales_demand,observed_target_response,0.4,0.39999999999999997,0.9894736842105265,2.3500000000000005,1.360526315789474,0.0,0.0,0.0,1.0,0.25,0.05,0.05,0,0.0,4,2.4736842105263164,-0.0,0.0,0.0,0.0,1.0,0.0,0.0,0.0,0.0
core_009,always_5pct,fixed_or_rule_policy,observed_calibration,observed_calibration,False,False,7,core_009__observed_calibration__episode_07,medium_shelf_life,high_inventory,uniform,medium_margin,moderate_disposal_cost,observed_sales_demand,observed_target_response,0.39999999999999997,0.39999999999999997,0.9894736842105265,2.3500000000000005,1.360526315789474,0.0,0.0,0.0,1.0000000000000002,0.2,0.05,0.05,0,0.0,5,2.4736842105263164,-0.0,4.440892098500626e-16,1.1102230246251565e-16,0.0,1.0,0.0,0.0,0.0,0.0
core_009,always_10pct,fixed_or_rule_policy,observed_calibration,observed_calibration,False,False,0,core_009__observed_calibration__episode_00,medium_shelf_life,high_inventory,uniform,medium_margin,moderate_disposal_cost,observed_sales_demand,observed_target_response,0.3500000000000001,0.3500000000000001,0.865789473684211,2.226315789473685,1.360526315789474,0.0,0.0,0.0,1.0000000000000002,0.5,0.1,0.1,0,0.0,2,2.4736842105263164,-0.0,4.440892098500626e-16,0.0,0.0,0.0,1.0,0.0,0.0,0.0
core_009,always_10pct,fixed_or_rule_policy,observed_calibration,observed_calibration,False,False,1,core_009__observed_calibration__episode_01,medium_shelf_life,high_inventory,uniform,medium_margin,moderate_disposal_cost,observed_sales_demand,observed_target_response,0.35000000000000003,0.3500000000000001,0.8657894736842109,2.226315789473685,1.360526315789474,0.0,0.0,0.0,1.0000000000000002,0.16666666666666666,0.10000000000000002,0.1,0,0.0,6,2.4736842105263164,-0.0,4.440892098500626e-16,1.1102230246251565e-16,0.0,0.0,1.0,0.0,0.0,0.0
core_009,always_10pct,fixed_or_rule_policy,observed_calibration,observed_calibration,False,False,2,core_009__observed_calibration__episode_02,medium_shelf_life,high_inventory,uniform,medium_margin,moderate_disposal_cost,observed_sales_demand,observed_target_response,0.35000000000000003,0.3500000000000001,0.8657894736842109,2.2263157894736847,1.360526315789474,0.0,0.0,0.0,1.0,0.2,0.1,0.1,0,0.0,5,2.4736842105263164,-0.0,0.0,0.0,0.0,0.0,1.0,0.0,0.0,0.0
core_009,always_10pct,fixed_or_rule_policy,observed_calibration,observed_calibration,False,False,3,core_009__observed_calibration__episode_03,medium_shelf_life,high_inventory,uniform,medium_margin,moderate_disposal_cost,observed_sales_demand,observed_target_response,0.35000000000000003,0.35,0.8657894736842107,2.2263157894736847,1.360526315789474,0.0,0.0,0.0,0.9999999999999998,0.2,0.1,0.1,0,0.0,5,2.4736842105263164,-0.0,4.440892098500626e-16,1.1102230246251565e-16,0.0,0.0,1.0,0.0,0.0,0.0
core_009,always_10pct,fixed_or_rule_policy,observed_calibration,observed_calibration,False,False,4,core_009__observed_calibration__episode_04,medium_shelf_life,high_inventory,uniform,medium_margin,moderate_disposal_cost,observed_sales_demand,observed_target_response,0.35000000000000003,0.3500000000000001,0.8657894736842109,2.226315789473685,1.360526315789474,0.0,0.0,0.0,1.0,0.2,0.1,0.1,0,0.0,5,2.4736842105263164,-0.0,0.0,1.1102230246251565e-16,0.0,0.0,1.0,0.0,0.0,0.0
core_009,always_10pct,fixed_or_rule_policy,observed_calibration,observed_calibration,False,False,5,core_009__observed_calibration__episode_05,medium_shelf_life,high_inventory,uniform,medium_margin,moderate_disposal_cost,observed_sales_demand,observed_target_response,0.3500000000000001,0.3500000000000001,0.8657894736842109,2.2263157894736847,1.360526315789474,0.0,0.0,0.0,1.0,0.25,0.1,0.1,0,5.551115123125783e-17,4,2.4736842105263164,-0.0,5.551115123125783e-17,0.0,0.0,0.0,1.0,0.0,0.0,0.0
core_009,always_10pct,fixed_or_rule_policy,observed_calibration,observed_calibration,False,False,6,core_009__observed_calibration__episode_06,medium_shelf_life,high_inventory,uniform,medium_margin,moderate_disposal_cost,observed_sales_demand,observed_target_response,0.3500000000000001,0.3500000000000001,0.8657894736842109,2.226315789473685,1.360526315789474,0.0,0.0,0.0,1.0,0.25,0.1,0.1,0,0.0,4,2.4736842105263164,-0.0,0.0,0.0,0.0,0.0,1.0,0.0,0.0,0.0
core_009,always_10pct,fixed_or_rule_policy,observed_calibration,observed_calibration,False,False,7,core_009__observed_calibration__episode_07,medium_shelf_life,high_inventory,uniform,medium_margin,moderate_disposal_cost,observed_sales_demand,observed_target_response,0.3500000000000001,0.3500000000000001,0.8657894736842109,2.2263157894736847,1.360526315789474,0.0,0.0,0.0,1.0,0.2,0.1,0.1,0,0.0,5,2.4736842105263164,-0.0,0.0,0.0,0.0,0.0,1.0,0.0,0.0,0.0
core_009,always_20pct,fixed_or_rule_policy,observed_calibration,observed_calibration,False,False,0,core_009__observed_calibration__episode_00,medium_shelf_life,high_inventory,uniform,medium_margin,moderate_disposal_cost,observed_sales_demand,observed_target_response,0.2500000000000001,0.2500000000000001,0.6184210526315794,1.9789473684210535,1.360526315789474,0.0,0.0,0.0,1.0000000000000002,0.5,0.2,0.2,0,0.0,2,2.4736842105263164,-0.0,4.440892098500626e-16,0.0,0.0,0.0,0.0,1.0,0.0,0.0
core_009,always_20pct,fixed_or_rule_policy,observed_calibration,observed_calibration,False,False,1,core_009__observed_calibration__episode_01,medium_shelf_life,high_inventory,uniform,medium_margin,moderate_disposal_cost,observed_sales_demand,observed_target_response,0.2500000000000001,0.2500000000000001,0.6184210526315793,1.9789473684210532,1.360526315789474,0.0,0.0,0.0,1.0000000000000002,0.2,0.2,0.2,0,0.0,5,2.4736842105263164,-0.0,4.440892098500626e-16,0.0,0.0,0.0,0.0,1.0,0.0,0.0
core_009,always_20pct,fixed_or_rule_policy,observed_calibration,observed_calibration,False,False,2,core_009__observed_calibration__episode_02,medium_shelf_life,high_inventory,uniform,medium_margin,moderate_disposal_cost,observed_sales_demand,observed_target_response,0.25000000000000006,0.25000000000000006,0.6184210526315792,1.9789473684210535,1.360526315789474,0.0,0.0,0.0,1.0,0.2,0.2,0.2,0,0.0,5,2.4736842105263164,-0.0,0.0,0.0,0.0,0.0,0.0,1.0,0.0,0.0
core_009,always_20pct,fixed_or_rule_policy,observed_calibration,observed_calibration,False,False,3,core_009__observed_calibration__episode_03,medium_shelf_life,high_inventory,uniform,medium_margin,moderate_disposal_cost,observed_sales_demand,observed_target_response,0.2500000000000001,0.2500000000000001,0.6184210526315793,1.9789473684210532,1.360526315789474,0.0,0.0,0.0,1.0,0.2,0.2,0.2,0,0.0,5,2.4736842105263164,-0.0,0.0,0.0,0.0,0.0,0.0,1.0,0.0,0.0
core_009,always_20pct,fixed_or_rule_policy,observed_calibration,observed_calibration,False,False,4,core_009__observed_calibration__episode_04,medium_shelf_life,high_inventory,uniform,medium_margin,moderate_disposal_cost,observed_sales_demand,observed_target_response,0.25,0.25,0.6184210526315791,1.9789473684210532,1.360526315789474,0.0,0.0,0.0,1.0,0.25,0.2,0.2,0,0.0,4,2.4736842105263164,-0.0,0.0,1.1102230246251565e-16,0.0,0.0,0.0,1.0,0.0,0.0
core_009,always_20pct,fixed_or_rule_policy,observed_calibration,observed_calibration,False,False,5,core_009__observed_calibration__episode_05,medium_shelf_life,high_inventory,uniform,medium_margin,moderate_disposal_cost,observed_sales_demand,observed_target_response,0.25,0.25,0.6184210526315791,1.9789473684210532,1.360526315789474,0.0,0.0,0.0,1.0,0.25,0.2,0.2,0,0.0,4,2.4736842105263164,-0.0,0.0,0.0,0.0,0.0,0.0,1.0,0.0,0.0
core_009,always_20pct,fixed_or_rule_policy,observed_calibration,observed_calibration,False,False,6,core_009__observed_calibration__episode_06,medium_shelf_life,high_inventory,uniform,medium_margin,moderate_disposal_cost,observed_sales_demand,observed_target_response,0.25000000000000006,0.25000000000000006,0.6184210526315792,1.978947368421053,1.360526315789474,0.0,0.0,0.0,1.0,0.25,0.2,0.2,0,0.0,4,2.4736842105263164,-0.0,0.0,0.0,0.0,0.0,0.0,1.0,0.0,0.0
core_009,always_20pct,fixed_or_rule_policy,observed_calibration,observed_calibration,False,False,7,core_009__observed_calibration__episode_07,medium_shelf_life,high_inventory,uniform,medium_margin,moderate_disposal_cost,observed_sales_demand,observed_target_response,0.25000000000000006,0.25000000000000006,0.6184210526315792,1.978947368421053,1.360526315789474,0.0,0.0,0.0,1.0,0.2,0.2,0.2,0,0.0,5,2.4736842105263164,-0.0,0.0,0.0,0.0,0.0,0.0,1.0,0.0,0.0
core_009,always_40pct,fixed_or_rule_policy,observed_calibration,observed_calibration,False,False,0,core_009__observed_calibration__episode_00,medium_shelf_life,high_inventory,uniform,medium_margin,moderate_disposal_cost,observed_sales_demand,observed_target_response,0.05000000000000005,0.05000000000000005,0.12368421052631595,1.48421052631579,1.360526315789474,0.0,0.0,0.0,1.0000000000000002,0.5,0.4,0.4,0,0.0,2,2.4736842105263164,-0.0,4.440892098500626e-16,0.0,0.0,0.0,0.0,0.0,0.0,1.0
core_009,always_40pct,fixed_or_rule_policy,observed_calibration,observed_calibration,False,False,1,core_009__observed_calibration__episode_01,medium_shelf_life,high_inventory,uniform,medium_margin,moderate_disposal_cost,observed_sales_demand,observed_target_response,0.05000000000000007,0.050000000000000024,0.12368421052631587,1.4842105263157899,1.360526315789474,0.0,0.0,0.0,1.0000000000000002,0.3333333333333333,0.4000000000000001,0.4,0,0.0,3,2.4736842105263164,-0.0,4.440892098500626e-16,0.0,0.0,0.0,0.0,0.0,0.0,1.0
core_009,always_40pct,fixed_or_rule_policy,observed_calibration,observed_calibration,False,False,2,core_009__observed_calibration__episode_02,medium_shelf_life,high_inventory,uniform,medium_margin,moderate_disposal_cost,observed_sales_demand,observed_target_response,0.050000000000000086,0.05000000000000005,0.12368421052631595,1.48421052631579,1.360526315789474,0.0,0.0,0.0,1.0000000000000002,0.3333333333333333,0.4000000000000001,0.4,0,0.0,3,2.4736842105263164,-0.0,4.440892098500626e-16,0.0,0.0,0.0,0.0,0.0,0.0,1.0
core_009,always_40pct,fixed_or_rule_policy,observed_calibration,observed_calibration,False,False,3,core_009__observed_calibration__episode_03,medium_shelf_life,high_inventory,uniform,medium_margin,moderate_disposal_cost,observed_sales_demand,observed_target_response,0.050000000000000044,0.050000000000000024,0.12368421052631587,1.4842105263157899,1.360526315789474,0.0,0.0,0.0,1.0000000000000002,0.3333333333333333,0.4000000000000001,0.4,0,0.0,3,2.4736842105263164,-0.0,4.440892098500626e-16,0.0,0.0,0.0,0.0,0.0,0.0,1.0
core_009,always_40pct,fixed_or_rule_policy,observed_calibration,observed_calibration,False,False,4,core_009__observed_calibration__episode_04,medium_shelf_life,high_inventory,uniform,medium_margin,moderate_disposal_cost,observed_sales_demand,observed_target_response,0.05000000000000002,0.05000000000000001,0.12368421052631584,1.48421052631579,1.360526315789474,0.0,0.0,0.0,1.0000000000000002,0.3333333333333333,0.4000000000000001,0.4,0,0.0,3,2.4736842105263164,-0.0,4.440892098500626e-16,0.0,0.0,0.0,0.0,0.0,0.0,1.0
core_009,always_40pct,fixed_or_rule_policy,observed_calibration,observed_calibration,False,False,5,core_009__observed_calibration__episode_05,medium_shelf_life,high_inventory,uniform,medium_margin,moderate_disposal_cost,observed_sales_demand,observed_target_response,0.050000000000000044,0.05000000000000001,0.12368421052631584,1.48421052631579,1.360526315789474,0.0,0.0,0.0,1.0000000000000002,0.3333333333333333,0.4000000000000001,0.4,0,0.0,3,2.4736842105263164,-0.0,4.440892098500626e-16,0.0,0.0,0.0,0.0,0.0,0.0,1.0
core_009,always_40pct,fixed_or_rule_policy,observed_calibration,observed_calibration,False,False,6,core_009__observed_calibration__episode_06,medium_shelf_life,high_inventory,uniform,medium_margin,moderate_disposal_cost,observed_sales_demand,observed_target_response,0.05000000000000007,0.050000000000000065,0.12368421052631598,1.4842105263157899,1.360526315789474,0.0,0.0,0.0,1.0000000000000002,0.3333333333333333,0.4000000000000001,0.4,0,0.0,3,2.4736842105263164,-0.0,4.440892098500626e-16,0.0,0.0,0.0,0.0,0.0,0.0,1.0
core_009,always_40pct,fixed_or_rule_policy,observed_calibration,observed_calibration,False,False,7,core_009__observed_calibration__episode_07,medium_shelf_life,high_inventory,uniform,medium_margin,moderate_disposal_cost,observed_sales_demand,observed_target_response,0.04999999999999995,0.049999999999999996,0.12368421052631581,1.4842105263157899,1.360526315789474,0.0,0.0,0.0,1.0000000000000002,0.3333333333333333,0.4000000000000001,0.4,0,0.0,3,2.4736842105263164,-0.0,4.440892098500626e-16,0.0,0.0,0.0,0.0,0.0,0.0,1.0
core_009,expiry_threshold_rule,fixed_or_rule_policy,observed_calibration,observed_calibration,False,False,0,core_009__observed_calibration__episode_00,medium_shelf_life,high_inventory,uniform,medium_margin,moderate_disposal_cost,observed_sales_demand,observed_target_response,0.32787770635591384,0.32787770635591384,0.8110659051962081,2.171592220985682,1.360526315789474,0.0,0.0,0.0,1.0000000000000002,0.5,0.1,0.2,0,0.0,2,2.4736842105263164,0.6931471805599453,4.440892098500626e-16,0.0,0.5,0.0,0.0,0.5,0.0,0.0
core_009,expiry_threshold_rule,fixed_or_rule_policy,observed_calibration,observed_calibration,False,False,1,core_009__observed_calibration__episode_01,medium_shelf_life,high_inventory,uniform,medium_margin,moderate_disposal_cost,observed_sales_demand,observed_target_response,0.2682117129113305,0.2682117129113305,0.6634710793069756,2.0239973950964494,1.360526315789474,0.0,0.0,0.0,1.0000000000000002,0.2,0.18,0.2,0,0.0,5,2.4736842105263164,0.5004024235381879,4.440892098500626e-16,0.0,0.0,0.0,0.2,0.8,0.0,0.0
core_009,expiry_threshold_rule,fixed_or_rule_policy,observed_calibration,observed_calibration,False,False,2,core_009__observed_calibration__episode_02,medium_shelf_life,high_inventory,uniform,medium_margin,moderate_disposal_cost,observed_sales_demand,observed_target_response,0.2874618048432632,0.28746180484326317,0.7110897277701775,2.0716160435596516,1.360526315789474,0.0,0.0,0.0,1.0,0.2,0.16,0.2,0,0.0,5,2.4736842105263164,0.6730116670092565,0.0,0.0,0.0,0.0,0.4,0.6,0.0,0.0
core_009,expiry_threshold_rule,fixed_or_rule_policy,observed_calibration,observed_calibration,False,False,3,core_009__observed_calibration__episode_03,medium_shelf_life,high_inventory,uniform,medium_margin,moderate_disposal_cost,observed_sales_demand,observed_target_response,0.29611595816741026,0.29611595816741026,0.732497370203594,2.0930236859930678,1.360526315789474,0.0,0.0,0.0,1.0,0.2,0.14,0.2,0,0.0,5,2.4736842105263164,0.9502705392332347,0.0,0.0,0.2,0.0,0.2,0.6,0.0,0.0
core_009,expiry_threshold_rule,fixed_or_rule_policy,observed_calibration,observed_calibration,False,False,4,core_009__observed_calibration__episode_04,medium_shelf_life,high_inventory,uniform,medium_margin,moderate_disposal_cost,observed_sales_demand,observed_target_response,0.30824828350143174,0.30824828350143174,0.7625089118193313,2.1230352276088054,1.360526315789474,0.0,0.0,0.0,1.0,0.25,0.15000000000000002,0.2,0,0.0,4,2.4736842105263164,0.5623351446188083,0.0,0.0,0.25,0.0,0.0,0.75,0.0,0.0
core_009,expiry_threshold_rule,fixed_or_rule_policy,observed_calibration,observed_calibration,False,False,5,core_009__observed_calibration__episode_05,medium_shelf_life,high_inventory,uniform,medium_margin,moderate_disposal_cost,observed_sales_demand,observed_target_response,0.31835352523801996,0.31835352523801996,0.7875060887466812,2.1480324045361554,1.360526315789474,0.0,0.0,0.0,1.0,0.25,0.125,0.2,0,0.0,4,2.4736842105263164,1.0397207708399179,0.0,0.0,0.25,0.0,0.25,0.5,0.0,0.0
core_009,expiry_threshold_rule,fixed_or_rule_policy,observed_calibration,observed_calibration,False,False,6,core_009__observed_calibration__episode_06,medium_shelf_life,high_inventory,uniform,medium_margin,moderate_disposal_cost,observed_sales_demand,observed_target_response,0.36067884704243147,0.36067884704243147,0.892205568999699,2.2527318847891733,1.360526315789474,0.0,0.0,0.0,1.0,0.25,0.07500000000000001,0.2,0,0.0,4,2.4736842105263164,1.0397207708399179,0.0,0.0,0.5,0.0,0.25,0.25,0.0,0.0
core_009,expiry_threshold_rule,fixed_or_rule_policy,observed_calibration,observed_calibration,False,False,7,core_009__observed_calibration__episode_07,medium_shelf_life,high_inventory,uniform,medium_margin,moderate_disposal_cost,observed_sales_demand,observed_target_response,0.34766111095059854,0.3476611109505985,0.8600038007725332,2.2205301165620073,1.360526315789474,0.0,0.0,0.0,1.0,0.2,0.08,0.2,0,0.0,5,2.4736842105263164,1.0549201679861442,0.0,1.1102230246251565e-16,0.4,0.0,0.4,0.2,0.0,0.0
core_009,inventory_coverage_rule,fixed_or_rule_policy,observed_calibration,observed_calibration,False,False,0,core_009__observed_calibration__episode_00,medium_shelf_life,high_inventory,uniform,medium_margin,moderate_disposal_cost,observed_sales_demand,observed_target_response,0.2640311939512796,0.2640311939512796,0.6531297955636919,2.013656111353166,1.360526315789474,0.0,0.0,0.0,1.0000000000000002,0.5,0.15,0.3,0,0.0,2,2.4736842105263164,0.6931471805599453,4.440892098500626e-16,0.0,0.5,0.0,0.0,0.0,0.5,0.0
core_009,inventory_coverage_rule,fixed_or_rule_policy,observed_calibration,observed_calibration,False,False,1,core_009__observed_calibration__episode_01,medium_shelf_life,high_inventory,uniform,medium_margin,moderate_disposal_cost,observed_sales_demand,observed_target_response,0.1990636524691287,0.1990636524691287,0.49242061400258164,1.8529469297920558,1.360526315789474,0.0,0.0,0.0,1.0000000000000002,0.25,0.22499999999999998,0.3,0,0.0,4,2.4736842105263164,0.5623351446188083,4.440892098500626e-16,0.0,0.25,0.0,0.0,0.0,0.75,0.0
core_009,inventory_coverage_rule,fixed_or_rule_policy,observed_calibration,observed_calibration,False,False,2,core_009__observed_calibration__episode_02,medium_shelf_life,high_inventory,uniform,medium_margin,moderate_disposal_cost,observed_sales_demand,observed_target_response,0.20048946134172527,0.20048946134172524,0.495947614897952,1.856473930687426,1.360526315789474,0.0,0.0,0.0,1.0,0.25,0.22499999999999998,0.3,0,0.0,4,2.4736842105263164,0.5623351446188083,0.0,0.0,0.25,0.0,0.0,0.0,0.75,0.0
core_009,inventory_coverage_rule,fixed_or_rule_policy,observed_calibration,observed_calibration,False,False,3,core_009__observed_calibration__episode_03,medium_shelf_life,high_inventory,uniform,medium_margin,moderate_disposal_cost,observed_sales_demand,observed_target_response,0.1851155665423348,0.18511556654233477,0.45791745407840717,1.8184437698678813,1.360526315789474,0.0,0.0,0.0,1.0,0.25,0.24999999999999997,0.3,0,0.0,4,2.4736842105263164,0.5623351446188083,0.0,0.0,0.0,0.0,0.25,0.0,0.75,0.0
core_009,inventory_coverage_rule,fixed_or_rule_policy,observed_calibration,observed_calibration,False,False,4,core_009__observed_calibration__episode_04,medium_shelf_life,high_inventory,uniform,medium_margin,moderate_disposal_cost,observed_sales_demand,observed_target_response,0.19003002536679975,0.1900300253667997,0.4700742732757678,1.8306005890652417,1.360526315789474,0.0,0.0,0.0,1.0,0.25,0.22499999999999998,0.3,0,0.0,4,2.4736842105263164,0.5623351446188083,0.0,0.0,0.25,0.0,0.0,0.0,0.75,0.0
core_009,inventory_coverage_rule,fixed_or_rule_policy,observed_calibration,observed_calibration,False,False,5,core_009__observed_calibration__episode_05,medium_shelf_life,high_inventory,uniform,medium_margin,moderate_disposal_cost,observed_sales_demand,observed_target_response,0.16713302142773429,0.16713302142773429,0.4134343161633428,1.773960631952817,1.360526315789474,0.0,0.0,0.0,1.0,0.25,0.22499999999999998,0.3,0,0.0,4,2.4736842105263164,0.5623351446188083,0.0,0.0,0.25,0.0,0.0,0.0,0.75,0.0
core_009,inventory_coverage_rule,fixed_or_rule_policy,observed_calibration,observed_calibration,False,False,6,core_009__observed_calibration__episode_06,medium_shelf_life,high_inventory,uniform,medium_margin,moderate_disposal_cost,observed_sales_demand,observed_target_response,0.1663432207167379,0.1663432207167379,0.41148059861508857,1.7720069144045625,1.360526315789474,0.0,0.0,0.0,1.0,0.25,0.22499999999999998,0.3,0,0.0,4,2.4736842105263164,0.5623351446188083,0.0,0.0,0.25,0.0,0.0,0.0,0.75,0.0
core_009,inventory_coverage_rule,fixed_or_rule_policy,observed_calibration,observed_calibration,False,False,7,core_009__observed_calibration__episode_07,medium_shelf_life,high_inventory,uniform,medium_margin,moderate_disposal_cost,observed_sales_demand,observed_target_response,0.18527146933977456,0.18527146933977454,0.4583031083668108,1.8188294241562848,1.360526315789474,0.0,0.0,0.0,1.0,0.25,0.22499999999999998,0.3,0,0.0,4,2.4736842105263164,0.5623351446188083,0.0,0.0,0.25,0.0,0.0,0.0,0.75,0.0
core_009,selected_observed_financial_ppo,ppo_cross_scenario_financial_policy,observed_calibration,observed_calibration,True,False,0,core_009__observed_calibration__episode_00,medium_shelf_life,high_inventory,uniform,medium_margin,moderate_disposal_cost,observed_sales_demand,observed_target_response,0.41949892999557425,0.41949892999557425,1.0377078794627366,2.3982341952522104,1.360526315789474,0.0,0.0,0.0,1.0000000000000002,0.5,0.025,0.05,0,0.0,2,2.4736842105263164,0.6931471805599453,4.440892098500626e-16,0.0,0.5,0.5,0.0,0.0,0.0,0.0
core_009,selected_observed_financial_ppo,ppo_cross_scenario_financial_policy,observed_calibration,observed_calibration,True,False,1,core_009__observed_calibration__episode_01,medium_shelf_life,high_inventory,uniform,medium_margin,moderate_disposal_cost,observed_sales_demand,observed_target_response,0.3876682746011556,0.3876682746011556,0.9589688898028588,2.319495205592333,1.360526315789474,0.0,0.0,0.0,0.9999999999999998,0.16666666666666666,0.06666666666666667,0.1,1,0.0,6,2.4736842105263164,1.0114042647073518,4.440892098500626e-16,0.0,0.16666666666666666,0.3333333333333333,0.5,0.0,0.0,0.0
core_009,selected_observed_financial_ppo,ppo_cross_scenario_financial_policy,observed_calibration,observed_calibration,True,False,2,core_009__observed_calibration__episode_02,medium_shelf_life,high_inventory,uniform,medium_margin,moderate_disposal_cost,observed_sales_demand,observed_target_response,0.3894997833718702,0.3894997833718702,0.963499464130416,2.32402577991989,1.360526315789474,0.0,0.0,0.0,1.0,0.2,0.06000000000000001,0.1,1,0.0,5,2.4736842105263164,1.0549201679861442,0.0,0.0,0.2,0.4,0.4,0.0,0.0,0.0
core_009,selected_observed_financial_ppo,ppo_cross_scenario_financial_policy,observed_calibration,observed_calibration,True,False,3,core_009__observed_calibration__episode_03,medium_shelf_life,high_inventory,uniform,medium_margin,moderate_disposal_cost,observed_sales_demand,observed_target_response,0.3999999999999999,0.3999999999999999,0.9894736842105264,2.3500000000000005,1.360526315789474,0.0,0.0,0.0,1.0,0.2,0.05,0.05,0,0.0,5,2.4736842105263164,-0.0,0.0,1.1102230246251565e-16,0.0,1.0,0.0,0.0,0.0,0.0
core_009,selected_observed_financial_ppo,ppo_cross_scenario_financial_policy,observed_calibration,observed_calibration,True,False,4,core_009__observed_calibration__episode_04,medium_shelf_life,high_inventory,uniform,medium_margin,moderate_disposal_cost,observed_sales_demand,observed_target_response,0.4013513949213004,0.4013513949213004,0.9928166084895328,2.353342924279007,1.360526315789474,0.0,0.0,0.0,1.0,0.2,0.04,0.05,0,0.0,5,2.4736842105263164,0.5004024235381879,0.0,0.0,0.2,0.8,0.0,0.0,0.0,0.0
core_009,selected_observed_financial_ppo,ppo_cross_scenario_financial_policy,observed_calibration,observed_calibration,True,False,5,core_009__observed_calibration__episode_05,medium_shelf_life,high_inventory,uniform,medium_margin,moderate_disposal_cost,observed_sales_demand,observed_target_response,0.41016114014834343,0.41016114014834343,1.0146091361564287,2.3751354519459027,1.360526315789474,0.0,0.0,0.0,1.0,0.25,0.037500000000000006,0.05,0,0.0,4,2.4736842105263164,0.5623351446188083,0.0,0.0,0.25,0.75,0.0,0.0,0.0,0.0
core_009,selected_observed_financial_ppo,ppo_cross_scenario_financial_policy,observed_calibration,observed_calibration,True,False,6,core_009__observed_calibration__episode_06,medium_shelf_life,high_inventory,uniform,medium_margin,moderate_disposal_cost,observed_sales_demand,observed_target_response,0.4113159120091988,0.41131591200919876,1.0174656770753867,2.3779919928648607,1.360526315789474,0.0,0.0,0.0,1.0000000000000002,0.25,0.037500000000000006,0.05,0,0.0,4,2.4736842105263164,0.5623351446188083,4.440892098500626e-16,0.0,0.25,0.75,0.0,0.0,0.0,0.0
core_009,selected_observed_financial_ppo,ppo_cross_scenario_financial_policy,observed_calibration,observed_calibration,True,False,7,core_009__observed_calibration__episode_07,medium_shelf_life,high_inventory,uniform,medium_margin,moderate_disposal_cost,observed_sales_demand,observed_target_response,0.39999999999999997,0.39999999999999997,0.9894736842105265,2.3500000000000005,1.360526315789474,0.0,0.0,0.0,1.0000000000000002,0.2,0.05,0.05,0,0.0,5,2.4736842105263164,-0.0,4.440892098500626e-16,1.1102230246251565e-16,0.0,1.0,0.0,0.0,0.0,0.0
core_009,selected_recovered_financial_ppo,ppo_cross_scenario_financial_policy,observed_calibration,recovered_calibration,True,True,0,core_009__observed_calibration__episode_00,medium_shelf_life,high_inventory,uniform,medium_margin,moderate_disposal_cost,observed_sales_demand,observed_target_response,0.41949892999557425,0.41949892999557425,1.0377078794627366,2.3982341952522104,1.360526315789474,0.0,0.0,0.0,1.0000000000000002,0.5,0.025,0.05,0,0.0,2,2.4736842105263164,0.6931471805599453,4.440892098500626e-16,0.0,0.5,0.5,0.0,0.0,0.0,0.0
core_009,selected_recovered_financial_ppo,ppo_cross_scenario_financial_policy,observed_calibration,recovered_calibration,True,True,1,core_009__observed_calibration__episode_01,medium_shelf_life,high_inventory,uniform,medium_margin,moderate_disposal_cost,observed_sales_demand,observed_target_response,0.39999999999999997,0.39999999999999997,0.9894736842105265,2.3500000000000005,1.360526315789474,0.0,0.0,0.0,1.0000000000000002,0.16666666666666666,0.05000000000000001,0.05,0,0.0,6,2.4736842105263164,-0.0,4.440892098500626e-16,0.0,0.0,1.0,0.0,0.0,0.0,0.0
core_009,selected_recovered_financial_ppo,ppo_cross_scenario_financial_policy,observed_calibration,recovered_calibration,True,True,2,core_009__observed_calibration__episode_02,medium_shelf_life,high_inventory,uniform,medium_margin,moderate_disposal_cost,observed_sales_demand,observed_target_response,0.4,0.39999999999999997,0.9894736842105265,2.3500000000000005,1.360526315789474,0.0,0.0,0.0,1.0000000000000002,0.2,0.05,0.05,0,0.0,5,2.4736842105263164,-0.0,4.440892098500626e-16,0.0,0.0,1.0,0.0,0.0,0.0,0.0
core_009,selected_recovered_financial_ppo,ppo_cross_scenario_financial_policy,observed_calibration,recovered_calibration,True,True,3,core_009__observed_calibration__episode_03,medium_shelf_life,high_inventory,uniform,medium_margin,moderate_disposal_cost,observed_sales_demand,observed_target_response,0.3999999999999999,0.3999999999999999,0.9894736842105264,2.3500000000000005,1.360526315789474,0.0,0.0,0.0,1.0,0.2,0.05,0.05,0,0.0,5,2.4736842105263164,-0.0,0.0,1.1102230246251565e-16,0.0,1.0,0.0,0.0,0.0,0.0
core_009,selected_recovered_financial_ppo,ppo_cross_scenario_financial_policy,observed_calibration,recovered_calibration,True,True,4,core_009__observed_calibration__episode_04,medium_shelf_life,high_inventory,uniform,medium_margin,moderate_disposal_cost,observed_sales_demand,observed_target_response,0.39999999999999997,0.3999999999999999,0.9894736842105264,2.3500000000000005,1.360526315789474,0.0,0.0,0.0,1.0,0.2,0.05,0.05,0,0.0,5,2.4736842105263164,-0.0,0.0,0.0,0.0,1.0,0.0,0.0,0.0,0.0
core_009,selected_recovered_financial_ppo,ppo_cross_scenario_financial_policy,observed_calibration,recovered_calibration,True,True,5,core_009__observed_calibration__episode_05,medium_shelf_life,high_inventory,uniform,medium_margin,moderate_disposal_cost,observed_sales_demand,observed_target_response,0.4,0.39999999999999997,0.9894736842105265,2.3500000000000005,1.360526315789474,0.0,0.0,0.0,1.0,0.25,0.05,0.05,0,0.0,4,2.4736842105263164,-0.0,0.0,0.0,0.0,1.0,0.0,0.0,0.0,0.0
core_009,selected_recovered_financial_ppo,ppo_cross_scenario_financial_policy,observed_calibration,recovered_calibration,True,True,6,core_009__observed_calibration__episode_06,medium_shelf_life,high_inventory,uniform,medium_margin,moderate_disposal_cost,observed_sales_demand,observed_target_response,0.4,0.39999999999999997,0.9894736842105265,2.3500000000000005,1.360526315789474,0.0,0.0,0.0,1.0,0.25,0.05,0.05,0,0.0,4,2.4736842105263164,-0.0,0.0,0.0,0.0,1.0,0.0,0.0,0.0,0.0
core_009,selected_recovered_financial_ppo,ppo_cross_scenario_financial_policy,observed_calibration,recovered_calibration,True,True,7,core_009__observed_calibration__episode_07,medium_shelf_life,high_inventory,uniform,medium_margin,moderate_disposal_cost,observed_sales_demand,observed_target_response,0.39999999999999997,0.39999999999999997,0.9894736842105265,2.3500000000000005,1.360526315789474,0.0,0.0,0.0,1.0000000000000002,0.2,0.05,0.05,0,0.0,5,2.4736842105263164,-0.0,4.440892098500626e-16,1.1102230246251565e-16,0.0,1.0,0.0,0.0,0.0,0.0
core_012,always_0pct,fixed_or_rule_policy,recovered_calibration,recovered_calibration,False,False,0,core_012__recovered_calibration__episode_00,medium_shelf_life,high_inventory,uniform,medium_margin,moderate_disposal_cost,recovered_demand,recovered_target_response,0.4499999999999999,0.44999999999999996,1.4038690479175833,3.1197089953724078,1.7158399474548245,0.0,0.0,0.0,1.0,0.3333333333333333,0.0,0.0,-1,0.0,3,3.1197089953724078,-0.0,0.0,0.0,1.0,0.0,0.0,0.0,0.0,0.0
core_012,always_0pct,fixed_or_rule_policy,recovered_calibration,recovered_calibration,False,False,1,core_012__recovered_calibration__episode_01,medium_shelf_life,high_inventory,uniform,medium_margin,moderate_disposal_cost,recovered_demand,recovered_target_response,0.448760645657286,0.448760645657286,1.4000026230261648,3.116026685952009,1.7158399474548245,0.00018411547101992166,0.003682309420398433,0.0011803374692513158,0.9988196625307486,0.14285714285714285,0.0,0.0,-1,0.0,7,3.1197089953724078,-0.0,1.6653345369377348e-16,0.0,1.0,0.0,0.0,0.0,0.0,0.0
core_012,always_0pct,fixed_or_rule_policy,recovered_calibration,recovered_calibration,False,False,2,core_012__recovered_calibration__episode_02,medium_shelf_life,high_inventory,uniform,medium_margin,moderate_disposal_cost,recovered_demand,recovered_target_response,0.44999999999999996,0.44999999999999996,1.4038690479175833,3.1197089953724073,1.7158399474548245,0.0,0.0,0.0,0.9999999999999999,0.16666666666666666,0.0,0.0,-1,0.0,6,3.1197089953724078,-0.0,4.440892098500626e-16,0.0,1.0,0.0,0.0,0.0,0.0,0.0
core_012,always_0pct,fixed_or_rule_policy,recovered_calibration,recovered_calibration,False,False,3,core_012__recovered_calibration__episode_03,medium_shelf_life,high_inventory,uniform,medium_margin,moderate_disposal_cost,recovered_demand,recovered_target_response,0.44999999999999996,0.45,1.4038690479175835,3.119708995372408,1.7158399474548245,0.0,0.0,0.0,1.0000000000000002,0.16666666666666666,0.0,0.0,-1,0.0,6,3.1197089953724078,-0.0,4.440892098500626e-16,2.220446049250313e-16,1.0,0.0,0.0,0.0,0.0,0.0
core_012,always_0pct,fixed_or_rule_policy,recovered_calibration,recovered_calibration,False,False,4,core_012__recovered_calibration__episode_04,medium_shelf_life,high_inventory,uniform,medium_margin,moderate_disposal_cost,recovered_demand,recovered_target_response,0.44999999999999984,0.44999999999999984,1.403869047917583,3.119708995372408,1.7158399474548245,0.0,0.0,0.0,1.0000000000000002,0.16666666666666666,0.0,0.0,-1,0.0,6,3.1197089953724078,-0.0,4.440892098500626e-16,0.0,1.0,0.0,0.0,0.0,0.0,0.0
core_012,always_0pct,fixed_or_rule_policy,recovered_calibration,recovered_calibration,False,False,5,core_012__recovered_calibration__episode_05,medium_shelf_life,high_inventory,uniform,medium_margin,moderate_disposal_cost,recovered_demand,recovered_target_response,0.44999999999999996,0.44999999999999996,1.4038690479175833,3.1197089953724078,1.7158399474548245,0.0,0.0,0.0,1.0,0.2,0.0,0.0,-1,0.0,5,3.1197089953724078,-0.0,0.0,0.0,1.0,0.0,0.0,0.0,0.0,0.0
core_012,always_0pct,fixed_or_rule_policy,recovered_calibration,recovered_calibration,False,False,6,core_012__recovered_calibration__episode_06,medium_shelf_life,high_inventory,uniform,medium_margin,moderate_disposal_cost,recovered_demand,recovered_target_response,0.44999999999999996,0.44999999999999996,1.4038690479175833,3.1197089953724078,1.7158399474548245,0.0,0.0,0.0,1.0,0.2,0.0,0.0,-1,0.0,5,3.1197089953724078,-0.0,0.0,0.0,1.0,0.0,0.0,0.0,0.0,0.0
core_012,always_0pct,fixed_or_rule_policy,recovered_calibration,recovered_calibration,False,False,7,core_012__recovered_calibration__episode_07,medium_shelf_life,high_inventory,uniform,medium_margin,moderate_disposal_cost,recovered_demand,recovered_target_response,0.44999999999999996,0.44999999999999996,1.4038690479175833,3.1197089953724078,1.7158399474548245,0.0,0.0,0.0,1.0,0.2,0.0,0.0,-1,0.0,5,3.1197089953724078,-0.0,0.0,0.0,1.0,0.0,0.0,0.0,0.0,0.0
core_012,always_5pct,fixed_or_rule_policy,recovered_calibration,recovered_calibration,False,False,0,core_012__recovered_calibration__episode_00,medium_shelf_life,high_inventory,uniform,medium_margin,moderate_disposal_cost,recovered_demand,recovered_target_response,0.39999999999999986,0.39999999999999986,1.2478835981489627,2.9637235456037874,1.7158399474548245,0.0,0.0,0.0,1.0,0.3333333333333333,0.05000000000000001,0.05,0,0.0,3,3.1197089953724078,-0.0,0.0,0.0,0.0,1.0,0.0,0.0,0.0,0.0
core_012,always_5pct,fixed_or_rule_policy,recovered_calibration,recovered_calibration,False,False,1,core_012__recovered_calibration__episode_01,medium_shelf_life,high_inventory,uniform,medium_margin,moderate_disposal_cost,recovered_demand,recovered_target_response,0.3999999999999999,0.39999999999999986,1.2478835981489627,2.963723545603787,1.7158399474548245,0.0,0.0,0.0,1.0,0.16666666666666666,0.05000000000000001,0.05,0,0.0,6,3.1197089953724078,-0.0,0.0,0.0,0.0,1.0,0.0,0.0,0.0,0.0
core_012,always_5pct,fixed_or_rule_policy,recovered_calibration,recovered_calibration,False,False,2,core_012__recovered_calibration__episode_02,medium_shelf_life,high_inventory,uniform,medium_margin,moderate_disposal_cost,recovered_demand,recovered_target_response,0.39999999999999986,0.39999999999999986,1.2478835981489627,2.963723545603787,1.7158399474548245,0.0,0.0,0.0,1.0,0.16666666666666666,0.05000000000000001,0.05,0,0.0,6,3.1197089953724078,-0.0,0.0,0.0,0.0,1.0,0.0,0.0,0.0,0.0
core_012,always_5pct,fixed_or_rule_policy,recovered_calibration,recovered_calibration,False,False,3,core_012__recovered_calibration__episode_03,medium_shelf_life,high_inventory,uniform,medium_margin,moderate_disposal_cost,recovered_demand,recovered_target_response,0.39999999999999986,0.3999999999999998,1.2478835981489624,2.9637235456037874,1.7158399474548245,0.0,0.0,0.0,1.0,0.16666666666666666,0.05000000000000001,0.05,0,0.0,6,3.1197089953724078,-0.0,0.0,2.220446049250313e-16,0.0,1.0,0.0,0.0,0.0,0.0
core_012,always_5pct,fixed_or_rule_policy,recovered_calibration,recovered_calibration,False,False,4,core_012__recovered_calibration__episode_04,medium_shelf_life,high_inventory,uniform,medium_margin,moderate_disposal_cost,recovered_demand,recovered_target_response,0.39999999999999986,0.39999999999999986,1.2478835981489627,2.963723545603787,1.7158399474548245,0.0,0.0,0.0,1.0,0.2,0.05,0.05,0,0.0,5,3.1197089953724078,-0.0,0.0,0.0,0.0,1.0,0.0,0.0,0.0,0.0
core_012,always_5pct,fixed_or_rule_policy,recovered_calibration,recovered_calibration,False,False,5,core_012__recovered_calibration__episode_05,medium_shelf_life,high_inventory,uniform,medium_margin,moderate_disposal_cost,recovered_demand,recovered_target_response,0.3999999999999999,0.3999999999999999,1.2478835981489629,2.9637235456037874,1.7158399474548245,0.0,0.0,0.0,1.0,0.2,0.05,0.05,0,0.0,5,3.1197089953724078,-0.0,0.0,0.0,0.0,1.0,0.0,0.0,0.0,0.0
core_012,always_5pct,fixed_or_rule_policy,recovered_calibration,recovered_calibration,False,False,6,core_012__recovered_calibration__episode_06,medium_shelf_life,high_inventory,uniform,medium_margin,moderate_disposal_cost,recovered_demand,recovered_target_response,0.3999999999999999,0.39999999999999986,1.2478835981489627,2.9637235456037874,1.7158399474548245,0.0,0.0,0.0,1.0,0.2,0.05,0.05,0,0.0,5,3.1197089953724078,-0.0,0.0,0.0,0.0,1.0,0.0,0.0,0.0,0.0
core_012,always_5pct,fixed_or_rule_policy,recovered_calibration,recovered_calibration,False,False,7,core_012__recovered_calibration__episode_07,medium_shelf_life,high_inventory,uniform,medium_margin,moderate_disposal_cost,recovered_demand,recovered_target_response,0.3999999999999999,0.39999999999999986,1.2478835981489627,2.963723545603787,1.7158399474548245,0.0,0.0,0.0,1.0,0.2,0.05,0.05,0,0.0,5,3.1197089953724078,-0.0,0.0,0.0,0.0,1.0,0.0,0.0,0.0,0.0
core_012,always_10pct,fixed_or_rule_policy,recovered_calibration,recovered_calibration,False,False,0,core_012__recovered_calibration__episode_00,medium_shelf_life,high_inventory,uniform,medium_margin,moderate_disposal_cost,recovered_demand,recovered_target_response,0.34999999999999987,0.3499999999999999,1.0918981483803425,2.807738095835167,1.7158399474548245,0.0,0.0,0.0,1.0,0.3333333333333333,0.10000000000000002,0.1,0,0.0,3,3.1197089953724078,-0.0,0.0,0.0,0.0,0.0,1.0,0.0,0.0,0.0
core_012,always_10pct,fixed_or_rule_policy,recovered_calibration,recovered_calibration,False,False,1,core_012__recovered_calibration__episode_01,medium_shelf_life,high_inventory,uniform,medium_margin,moderate_disposal_cost,recovered_demand,recovered_target_response,0.35,0.3499999999999999,1.0918981483803425,2.807738095835167,1.7158399474548245,0.0,0.0,0.0,1.0,0.14285714285714285,0.1,0.1,0,0.0,7,3.1197089953724078,-0.0,0.0,0.0,0.0,0.0,1.0,0.0,0.0,0.0
core_012,always_10pct,fixed_or_rule_policy,recovered_calibration,recovered_calibration,False,False,2,core_012__recovered_calibration__episode_02,medium_shelf_life,high_inventory,uniform,medium_margin,moderate_disposal_cost,recovered_demand,recovered_target_response,0.3499999999999999,0.3499999999999999,1.0918981483803425,2.807738095835167,1.7158399474548245,0.0,0.0,0.0,1.0000000000000002,0.16666666666666666,0.10000000000000002,0.1,0,0.0,6,3.1197089953724078,-0.0,4.440892098500626e-16,0.0,0.0,0.0,1.0,0.0,0.0,0.0
core_012,always_10pct,fixed_or_rule_policy,recovered_calibration,recovered_calibration,False,False,3,core_012__recovered_calibration__episode_03,medium_shelf_life,high_inventory,uniform,medium_margin,moderate_disposal_cost,recovered_demand,recovered_target_response,0.35000000000000003,0.35,1.0918981483803427,2.8077380958351674,1.7158399474548245,0.0,0.0,0.0,0.9999999999999999,0.16666666666666666,0.10000000000000002,0.1,0,0.0,6,3.1197089953724078,-0.0,4.440892098500626e-16,0.0,0.0,0.0,1.0,0.0,0.0,0.0
core_012,always_10pct,fixed_or_rule_policy,recovered_calibration,recovered_calibration,False,False,4,core_012__recovered_calibration__episode_04,medium_shelf_life,high_inventory,uniform,medium_margin,moderate_disposal_cost,recovered_demand,recovered_target_response,0.34999999999999987,0.3499999999999999,1.0918981483803425,2.807738095835167,1.7158399474548245,0.0,0.0,0.0,1.0,0.2,0.1,0.1,0,0.0,5,3.1197089953724078,-0.0,0.0,0.0,0.0,0.0,1.0,0.0,0.0,0.0
core_012,always_10pct,fixed_or_rule_policy,recovered_calibration,recovered_calibration,False,False,5,core_012__recovered_calibration__episode_05,medium_shelf_life,high_inventory,uniform,medium_margin,moderate_disposal_cost,recovered_demand,recovered_target_response,0.3499999999999999,0.3499999999999999,1.0918981483803425,2.8077380958351665,1.7158399474548245,0.0,0.0,0.0,1.0,0.2,0.1,0.1,0,0.0,5,3.1197089953724078,-0.0,0.0,0.0,0.0,0.0,1.0,0.0,0.0,0.0
core_012,always_10pct,fixed_or_rule_policy,recovered_calibration,recovered_calibration,False,False,6,core_012__recovered_calibration__episode_06,medium_shelf_life,high_inventory,uniform,medium_margin,moderate_disposal_cost,recovered_demand,recovered_target_response,0.35,0.35,1.0918981483803427,2.807738095835167,1.7158399474548245,0.0,0.0,0.0,1.0,0.2,0.1,0.1,0,0.0,5,3.1197089953724078,-0.0,0.0,0.0,0.0,0.0,1.0,0.0,0.0,0.0
core_012,always_10pct,fixed_or_rule_policy,recovered_calibration,recovered_calibration,False,False,7,core_012__recovered_calibration__episode_07,medium_shelf_life,high_inventory,uniform,medium_margin,moderate_disposal_cost,recovered_demand,recovered_target_response,0.35,0.35,1.0918981483803427,2.807738095835167,1.7158399474548245,0.0,0.0,0.0,1.0,0.2,0.1,0.1,0,0.0,5,3.1197089953724078,-0.0,0.0,0.0,0.0,0.0,1.0,0.0,0.0,0.0
core_012,always_20pct,fixed_or_rule_policy,recovered_calibration,recovered_calibration,False,False,0,core_012__recovered_calibration__episode_00,medium_shelf_life,high_inventory,uniform,medium_margin,moderate_disposal_cost,recovered_demand,recovered_target_response,0.25000000000000006,0.25,0.7799272488431019,2.495767196297926,1.7158399474548245,0.0,0.0,0.0,1.0,0.3333333333333333,0.20000000000000004,0.2,0,0.0,3,3.1197089953724078,-0.0,0.0,0.0,0.0,0.0,0.0,1.0,0.0,0.0
core_012,always_20pct,fixed_or_rule_policy,recovered_calibration,recovered_calibration,False,False,1,core_012__recovered_calibration__episode_01,medium_shelf_life,high_inventory,uniform,medium_margin,moderate_disposal_cost,recovered_demand,recovered_target_response,0.24999999999999994,0.24999999999999997,0.7799272488431018,2.495767196297926,1.7158399474548245,0.0,0.0,0.0,1.0,0.16666666666666666,0.20000000000000004,0.2,0,0.0,6,3.1197089953724078,-0.0,0.0,0.0,0.0,0.0,0.0,1.0,0.0,0.0
core_012,always_20pct,fixed_or_rule_policy,recovered_calibration,recovered_calibration,False,False,2,core_012__recovered_calibration__episode_02,medium_shelf_life,high_inventory,uniform,medium_margin,moderate_disposal_cost,recovered_demand,recovered_target_response,0.25,0.25,0.7799272488431019,2.495767196297926,1.7158399474548245,0.0,0.0,0.0,1.0,0.16666666666666666,0.20000000000000004,0.2,0,0.0,6,3.1197089953724078,-0.0,0.0,0.0,0.0,0.0,0.0,1.0,0.0,0.0
core_012,always_20pct,fixed_or_rule_policy,recovered_calibration,recovered_calibration,False,False,3,core_012__recovered_calibration__episode_03,medium_shelf_life,high_inventory,uniform,medium_margin,moderate_disposal_cost,recovered_demand,recovered_target_response,0.24999999999999994,0.24999999999999997,0.7799272488431018,2.495767196297926,1.7158399474548245,0.0,0.0,0.0,1.0,0.2,0.2,0.2,0,0.0,5,3.1197089953724078,-0.0,0.0,1.1102230246251565e-16,0.0,0.0,0.0,1.0,0.0,0.0
core_012,always_20pct,fixed_or_rule_policy,recovered_calibration,recovered_calibration,False,False,4,core_012__recovered_calibration__episode_04,medium_shelf_life,high_inventory,uniform,medium_margin,moderate_disposal_cost,recovered_demand,recovered_target_response,0.24999999999999994,0.24999999999999997,0.7799272488431018,2.495767196297926,1.7158399474548245,0.0,0.0,0.0,1.0,0.2,0.2,0.2,0,0.0,5,3.1197089953724078,-0.0,0.0,1.1102230246251565e-16,0.0,0.0,0.0,1.0,0.0,0.0
core_012,always_20pct,fixed_or_rule_policy,recovered_calibration,recovered_calibration,False,False,5,core_012__recovered_calibration__episode_05,medium_shelf_life,high_inventory,uniform,medium_margin,moderate_disposal_cost,recovered_demand,recovered_target_response,0.25,0.25,0.7799272488431019,2.495767196297926,1.7158399474548245,0.0,0.0,0.0,0.9999999999999999,0.2,0.2,0.2,0,0.0,5,3.1197089953724078,-0.0,4.440892098500626e-16,0.0,0.0,0.0,0.0,1.0,0.0,0.0
core_012,always_20pct,fixed_or_rule_policy,recovered_calibration,recovered_calibration,False,False,6,core_012__recovered_calibration__episode_06,medium_shelf_life,high_inventory,uniform,medium_margin,moderate_disposal_cost,recovered_demand,recovered_target_response,0.25,0.24999999999999997,0.7799272488431018,2.4957671962979266,1.7158399474548245,0.0,0.0,0.0,1.0,0.2,0.2,0.2,0,0.0,5,3.1197089953724078,-0.0,0.0,0.0,0.0,0.0,0.0,1.0,0.0,0.0
core_012,always_20pct,fixed_or_rule_policy,recovered_calibration,recovered_calibration,False,False,7,core_012__recovered_calibration__episode_07,medium_shelf_life,high_inventory,uniform,medium_margin,moderate_disposal_cost,recovered_demand,recovered_target_response,0.24999999999999994,0.24999999999999992,0.7799272488431017,2.495767196297926,1.7158399474548245,0.0,0.0,0.0,1.0,0.2,0.2,0.2,0,0.0,5,3.1197089953724078,-0.0,0.0,0.0,0.0,0.0,0.0,1.0,0.0,0.0
core_012,always_40pct,fixed_or_rule_policy,recovered_calibration,recovered_calibration,False,False,0,core_012__recovered_calibration__episode_00,medium_shelf_life,high_inventory,uniform,medium_margin,moderate_disposal_cost,recovered_demand,recovered_target_response,0.04999999999999988,0.04999999999999989,0.15598544976862005,1.8718253972234447,1.7158399474548245,0.0,0.0,0.0,1.0,0.5,0.4,0.4,0,0.0,2,3.1197089953724078,-0.0,0.0,0.0,0.0,0.0,0.0,0.0,0.0,1.0
core_012,always_40pct,fixed_or_rule_policy,recovered_calibration,recovered_calibration,False,False,1,core_012__recovered_calibration__episode_01,medium_shelf_life,high_inventory,uniform,medium_margin,moderate_disposal_cost,recovered_demand,recovered_target_response,0.049999999999999906,0.04999999999999988,0.15598544976862,1.8718253972234444,1.7158399474548245,0.0,0.0,0.0,1.0,0.25,0.4,0.4,0,0.0,4,3.1197089953724078,-0.0,0.0,0.0,0.0,0.0,0.0,0.0,0.0,1.0
core_012,always_40pct,fixed_or_rule_policy,recovered_calibration,recovered_calibration,False,False,2,core_012__recovered_calibration__episode_02,medium_shelf_life,high_inventory,uniform,medium_margin,moderate_disposal_cost,recovered_demand,recovered_target_response,0.049999999999999906,0.04999999999999991,0.1559854497686201,1.8718253972234444,1.7158399474548245,0.0,0.0,0.0,1.0,0.25,0.4,0.4,0,0.0,4,3.1197089953724078,-0.0,0.0,0.0,0.0,0.0,0.0,0.0,0.0,1.0
core_012,always_40pct,fixed_or_rule_policy,recovered_calibration,recovered_calibration,False,False,3,core_012__recovered_calibration__episode_03,medium_shelf_life,high_inventory,uniform,medium_margin,moderate_disposal_cost,recovered_demand,recovered_target_response,0.04999999999999993,0.04999999999999991,0.1559854497686201,1.8718253972234447,1.7158399474548245,0.0,0.0,0.0,1.0,0.25,0.4,0.4,0,0.0,4,3.1197089953724078,-0.0,0.0,0.0,0.0,0.0,0.0,0.0,0.0,1.0
core_012,always_40pct,fixed_or_rule_policy,recovered_calibration,recovered_calibration,False,False,4,core_012__recovered_calibration__episode_04,medium_shelf_life,high_inventory,uniform,medium_margin,moderate_disposal_cost,recovered_demand,recovered_target_response,0.04999999999999989,0.04999999999999992,0.15598544976862014,1.8718253972234444,1.7158399474548245,0.0,0.0,0.0,1.0,0.25,0.4,0.4,0,0.0,4,3.1197089953724078,-0.0,0.0,0.0,0.0,0.0,0.0,0.0,0.0,1.0
core_012,always_40pct,fixed_or_rule_policy,recovered_calibration,recovered_calibration,False,False,5,core_012__recovered_calibration__episode_05,medium_shelf_life,high_inventory,uniform,medium_margin,moderate_disposal_cost,recovered_demand,recovered_target_response,0.049999999999999864,0.049999999999999885,0.15598544976862003,1.8718253972234444,1.7158399474548245,0.0,0.0,0.0,1.0,0.25,0.4,0.4,0,0.0,4,3.1197089953724078,-0.0,0.0,0.0,0.0,0.0,0.0,0.0,0.0,1.0
core_012,always_40pct,fixed_or_rule_policy,recovered_calibration,recovered_calibration,False,False,6,core_012__recovered_calibration__episode_06,medium_shelf_life,high_inventory,uniform,medium_margin,moderate_disposal_cost,recovered_demand,recovered_target_response,0.04999999999999995,0.04999999999999995,0.15598544976862022,1.8718253972234447,1.7158399474548245,0.0,0.0,0.0,1.0,0.25,0.4,0.4,0,0.0,4,3.1197089953724078,-0.0,0.0,0.0,0.0,0.0,0.0,0.0,0.0,1.0
core_012,always_40pct,fixed_or_rule_policy,recovered_calibration,recovered_calibration,False,False,7,core_012__recovered_calibration__episode_07,medium_shelf_life,high_inventory,uniform,medium_margin,moderate_disposal_cost,recovered_demand,recovered_target_response,0.04999999999999989,0.04999999999999988,0.15598544976862,1.8718253972234447,1.7158399474548245,0.0,0.0,0.0,1.0,0.25,0.4,0.4,0,0.0,4,3.1197089953724078,-0.0,0.0,5.551115123125783e-17,0.0,0.0,0.0,0.0,0.0,1.0
core_012,expiry_threshold_rule,fixed_or_rule_policy,recovered_calibration,recovered_calibration,False,False,0,core_012__recovered_calibration__episode_00,medium_shelf_life,high_inventory,uniform,medium_margin,moderate_disposal_cost,recovered_demand,recovered_target_response,0.33964474468586875,0.33964474468586875,1.0595927652274695,2.775432712682294,1.7158399474548245,0.0,0.0,0.0,1.0,0.3333333333333333,0.06666666666666667,0.2,0,0.0,3,3.1197089953724078,0.6365141682948128,0.0,0.0,0.6666666666666666,0.0,0.0,0.3333333333333333,0.0,0.0
core_012,expiry_threshold_rule,fixed_or_rule_policy,recovered_calibration,recovered_calibration,False,False,1,core_012__recovered_calibration__episode_01,medium_shelf_life,high_inventory,uniform,medium_margin,moderate_disposal_cost,recovered_demand,recovered_target_response,0.18527268119034404,0.18527268119034407,0.5779968501062807,2.2938367975611054,1.7158399474548245,0.0,0.0,0.0,1.0,0.16666666666666666,0.26666666666666666,0.4,0,0.0,6,3.1197089953724078,0.6365141682948128,0.0,0.0,0.0,0.0,0.0,0.6666666666666666,0.0,0.3333333333333333
core_012,expiry_threshold_rule,fixed_or_rule_policy,recovered_calibration,recovered_calibration,False,False,2,core_012__recovered_calibration__episode_02,medium_shelf_life,high_inventory,uniform,medium_margin,moderate_disposal_cost,recovered_demand,recovered_target_response,0.18995328555665927,0.18995328555665925,0.5925989736516535,2.308438921106478,1.7158399474548245,0.0,0.0,0.0,1.0,0.2,0.24000000000000005,0.4,0,0.0,5,3.1197089953724078,0.5004024235381879,0.0,0.0,0.0,0.0,0.0,0.8,0.0,0.2
core_012,expiry_threshold_rule,fixed_or_rule_policy,recovered_calibration,recovered_calibration,False,False,3,core_012__recovered_calibration__episode_03,medium_shelf_life,high_inventory,uniform,medium_margin,moderate_disposal_cost,recovered_demand,recovered_target_response,0.24999999999999994,0.24999999999999997,0.7799272488431018,2.495767196297926,1.7158399474548245,0.0,0.0,0.0,1.0,0.2,0.2,0.2,0,0.0,5,3.1197089953724078,-0.0,0.0,1.1102230246251565e-16,0.0,0.0,0.0,1.0,0.0,0.0
core_012,expiry_threshold_rule,fixed_or_rule_policy,recovered_calibration,recovered_calibration,False,False,4,core_012__recovered_calibration__episode_04,medium_shelf_life,high_inventory,uniform,medium_margin,moderate_disposal_cost,recovered_demand,recovered_target_response,0.27792215784323626,0.2779221578432363,0.8670362558368545,2.582876203291679,1.7158399474548245,0.0,0.0,0.0,1.0,0.2,0.16,0.2,0,0.0,5,3.1197089953724078,0.5004024235381879,0.0,0.0,0.2,0.0,0.0,0.8,0.0,0.0
core_012,expiry_threshold_rule,fixed_or_rule_policy,recovered_calibration,recovered_calibration,False,False,5,core_012__recovered_calibration__episode_05,medium_shelf_life,high_inventory,uniform,medium_margin,moderate_disposal_cost,recovered_demand,recovered_target_response,0.33778458639531883,0.3377845863953189,1.0537896126756245,2.769629560130449,1.7158399474548245,0.0,0.0,0.0,1.0,0.2,0.1,0.2,0,0.0,5,3.1197089953724078,1.0549201679861442,0.0,0.0,0.4,0.0,0.2,0.4,0.0,0.0
core_012,expiry_threshold_rule,fixed_or_rule_policy,recovered_calibration,recovered_calibration,False,False,6,core_012__recovered_calibration__episode_06,medium_shelf_life,high_inventory,uniform,medium_margin,moderate_disposal_cost,recovered_demand,recovered_target_response,0.356389429624151,0.356389429624151,1.1118313094541055,2.82767125690893,1.7158399474548245,0.0,0.0,0.0,1.0,0.2,0.08,0.2,0,0.0,5,3.1197089953724078,1.0549201679861442,0.0,0.0,0.4,0.0,0.4,0.2,0.0,0.0
core_012,expiry_threshold_rule,fixed_or_rule_policy,recovered_calibration,recovered_calibration,False,False,7,core_012__recovered_calibration__episode_07,medium_shelf_life,high_inventory,uniform,medium_margin,moderate_disposal_cost,recovered_demand,recovered_target_response,0.32385583836608856,0.32385583836608856,1.010335972154559,2.7261759196093838,1.7158399474548245,0.0,0.0,0.0,1.0,0.2,0.12000000000000002,0.2,0,0.0,5,3.1197089953724078,0.5004024235381879,0.0,0.0,0.0,0.0,0.8,0.2,0.0,0.0
core_012,inventory_coverage_rule,fixed_or_rule_policy,recovered_calibration,recovered_calibration,False,False,0,core_012__recovered_calibration__episode_00,medium_shelf_life,high_inventory,uniform,medium_margin,moderate_disposal_cost,recovered_demand,recovered_target_response,0.23724465334855413,0.23724465334855416,0.740134279155493,2.4559742266103175,1.7158399474548245,0.0,0.0,0.0,1.0,0.3333333333333333,0.13333333333333333,0.3,0,0.0,3,3.1197089953724078,1.0986122886681096,0.0,0.0,0.3333333333333333,0.0,0.3333333333333333,0.0,0.3333333333333333,0.0
core_012,inventory_coverage_rule,fixed_or_rule_policy,recovered_calibration,recovered_calibration,False,False,1,core_012__recovered_calibration__episode_01,medium_shelf_life,high_inventory,uniform,medium_margin,moderate_disposal_cost,recovered_demand,recovered_target_response,0.18254830441890807,0.18254830441890804,0.569497587385648,2.2853375348404725,1.7158399474548245,0.0,0.0,0.0,1.0,0.2,0.26,0.3,0,0.0,5,3.1197089953724078,0.5004024235381879,0.0,0.0,0.0,0.0,0.2,0.0,0.8,0.0
core_012,inventory_coverage_rule,fixed_or_rule_policy,recovered_calibration,recovered_calibration,False,False,2,core_012__recovered_calibration__episode_02,medium_shelf_life,high_inventory,uniform,medium_margin,moderate_disposal_cost,recovered_demand,recovered_target_response,0.19320452169806981,0.1932045216980698,0.6027418842880918,2.3185818317429163,1.7158399474548245,0.0,0.0,0.0,1.0,0.2,0.24,0.3,0,0.0,5,3.1197089953724078,0.5004024235381879,0.0,0.0,0.2,0.0,0.0,0.0,0.8,0.0
core_012,inventory_coverage_rule,fixed_or_rule_policy,recovered_calibration,recovered_calibration,False,False,3,core_012__recovered_calibration__episode_03,medium_shelf_life,high_inventory,uniform,medium_margin,moderate_disposal_cost,recovered_demand,recovered_target_response,0.17572411866531687,0.17572411866531681,0.5482081137040773,2.264048061158902,1.7158399474548245,0.0,0.0,0.0,1.0,0.2,0.24,0.3,0,0.0,5,3.1197089953724078,0.5004024235381879,0.0,0.0,0.2,0.0,0.0,0.0,0.8,0.0
core_012,inventory_coverage_rule,fixed_or_rule_policy,recovered_calibration,recovered_calibration,False,False,4,core_012__recovered_calibration__episode_04,medium_shelf_life,high_inventory,uniform,medium_margin,moderate_disposal_cost,recovered_demand,recovered_target_response,0.15314175192503046,0.15314175192503046,0.4777577010476073,2.1935976485024318,1.7158399474548245,0.0,0.0,0.0,1.0,0.2,0.24,0.3,0,0.0,5,3.1197089953724078,0.5004024235381879,0.0,5.551115123125783e-17,0.2,0.0,0.0,0.0,0.8,0.0
core_012,inventory_coverage_rule,fixed_or_rule_policy,recovered_calibration,recovered_calibration,False,False,5,core_012__recovered_calibration__episode_05,medium_shelf_life,high_inventory,uniform,medium_margin,moderate_disposal_cost,recovered_demand,recovered_target_response,0.1988581354702359,0.1988581354702359,0.6203795140294798,2.336219461484304,1.7158399474548245,0.0,0.0,0.0,1.0,0.2,0.19999999999999998,0.3,0,0.0,5,3.1197089953724078,0.9502705392332347,0.0,0.0,0.2,0.0,0.2,0.0,0.6,0.0
core_012,inventory_coverage_rule,fixed_or_rule_policy,recovered_calibration,recovered_calibration,False,False,6,core_012__recovered_calibration__episode_06,medium_shelf_life,high_inventory,uniform,medium_margin,moderate_disposal_cost,recovered_demand,recovered_target_response,0.1789668543609384,0.1789668543609384,0.5583245054233231,2.2741644528781477,1.7158399474548245,0.0,0.0,0.0,1.0,0.2,0.21999999999999997,0.3,0,0.0,5,3.1197089953724078,0.9502705392332347,0.0,0.0,0.2,0.0,0.0,0.2,0.6,0.0
core_012,inventory_coverage_rule,fixed_or_rule_policy,recovered_calibration,recovered_calibration,False,False,7,core_012__recovered_calibration__episode_07,medium_shelf_life,high_inventory,uniform,medium_margin,moderate_disposal_cost,recovered_demand,recovered_target_response,0.18830292399098467,0.18830292399098467,0.5874503258296017,2.303290273284426,1.7158399474548245,0.0,0.0,0.0,1.0,0.2,0.21999999999999997,0.3,0,0.0,5,3.1197089953724078,0.9502705392332347,0.0,1.1102230246251565e-16,0.2,0.0,0.0,0.2,0.6,0.0
core_012,selected_observed_financial_ppo,ppo_cross_scenario_financial_policy,recovered_calibration,observed_calibration,True,True,0,core_012__recovered_calibration__episode_00,medium_shelf_life,high_inventory,uniform,medium_margin,moderate_disposal_cost,recovered_demand,recovered_target_response,0.4499999999999999,0.44999999999999996,1.4038690479175833,3.1197089953724078,1.7158399474548245,0.0,0.0,0.0,1.0,0.3333333333333333,0.0,0.0,-1,0.0,3,3.1197089953724078,-0.0,0.0,0.0,1.0,0.0,0.0,0.0,0.0,0.0
core_012,selected_observed_financial_ppo,ppo_cross_scenario_financial_policy,recovered_calibration,observed_calibration,True,True,1,core_012__recovered_calibration__episode_01,medium_shelf_life,high_inventory,uniform,medium_margin,moderate_disposal_cost,recovered_demand,recovered_target_response,0.3065904572410975,0.3065904572410975,0.9564730073503915,2.6724970702762363,1.7158399474548245,0.00018411547101992166,0.003682309420398433,0.0011803374692513158,0.9988196625307487,0.16666666666666666,0.13333333333333333,0.2,1,5.551115123125783e-17,6,3.1197089953724078,1.0114042647073518,3.3306690738754696e-16,0.0,0.16666666666666666,0.0,0.3333333333333333,0.5,0.0,0.0
core_012,selected_observed_financial_ppo,ppo_cross_scenario_financial_policy,recovered_calibration,observed_calibration,True,True,2,core_012__recovered_calibration__episode_02,medium_shelf_life,high_inventory,uniform,medium_margin,moderate_disposal_cost,recovered_demand,recovered_target_response,0.29926754181972537,0.2992675418197253,0.9336276422379852,2.6494675896928097,1.7158399474548245,0.0,0.0,0.0,1.0,0.16666666666666666,0.15000000000000002,0.4,1,0.0,6,3.1197089953724078,1.242453324894,0.0,0.0,0.16666666666666666,0.0,0.5,0.16666666666666666,0.0,0.16666666666666666
core_012,selected_observed_financial_ppo,ppo_cross_scenario_financial_policy,recovered_calibration,observed_calibration,True,True,3,core_012__recovered_calibration__episode_03,medium_shelf_life,high_inventory,uniform,medium_margin,moderate_disposal_cost,recovered_demand,recovered_target_response,0.3652880401478192,0.36528804014781907,1.1395923847511085,2.855432332205933,1.7158399474548245,0.0,0.0,0.0,0.9999999999999999,0.16666666666666666,0.08333333333333333,0.1,1,0.0,6,3.1197089953724078,0.45056120886630463,4.440892098500626e-16,2.220446049250313e-16,0.16666666666666666,0.0,0.8333333333333334,0.0,0.0,0.0
core_012,selected_observed_financial_ppo,ppo_cross_scenario_financial_policy,recovered_calibration,observed_calibration,True,True,4,core_012__recovered_calibration__episode_04,medium_shelf_life,high_inventory,uniform,medium_margin,moderate_disposal_cost,recovered_demand,recovered_target_response,0.3992298289009536,0.39922982890095354,1.245480888443292,2.961320835898117,1.7158399474548245,0.0,0.0,0.0,1.0,0.2,0.05,0.1,1,0.0,5,3.1197089953724078,0.9502705392332347,0.0,2.220446049250313e-16,0.2,0.6,0.2,0.0,0.0,0.0
core_012,selected_observed_financial_ppo,ppo_cross_scenario_financial_policy,recovered_calibration,observed_calibration,True,True,5,core_012__recovered_calibration__episode_05,medium_shelf_life,high_inventory,uniform,medium_margin,moderate_disposal_cost,recovered_demand,recovered_target_response,0.42954200840632156,0.4295420084063216,1.340046067515532,3.0558860149703566,1.7158399474548245,0.0,0.0,0.0,1.0,0.2,0.02,0.05,2,0.0,5,3.1197089953724078,0.6730116670092565,0.0,0.0,0.6,0.4,0.0,0.0,0.0,0.0
core_012,selected_observed_financial_ppo,ppo_cross_scenario_financial_policy,recovered_calibration,observed_calibration,True,True,6,core_012__recovered_calibration__episode_06,medium_shelf_life,high_inventory,uniform,medium_margin,moderate_disposal_cost,recovered_demand,recovered_target_response,0.42414360417632974,0.42414360417632974,1.3232046172785699,3.0390445647333943,1.7158399474548245,0.0,0.0,0.0,1.0,0.2,0.030000000000000006,0.05,2,0.0,5,3.1197089953724078,0.6730116670092565,0.0,0.0,0.4,0.6,0.0,0.0,0.0,0.0
core_012,selected_observed_financial_ppo,ppo_cross_scenario_financial_policy,recovered_calibration,observed_calibration,True,True,7,core_012__recovered_calibration__episode_07,medium_shelf_life,high_inventory,uniform,medium_margin,moderate_disposal_cost,recovered_demand,recovered_target_response,0.4217998455394218,0.4217998455394218,1.3158927723760263,3.031732719830851,1.7158399474548245,0.0,0.0,0.0,1.0,0.2,0.030000000000000006,0.05,2,0.0,5,3.1197089953724078,0.6730116670092565,0.0,0.0,0.4,0.6,0.0,0.0,0.0,0.0
core_012,selected_recovered_financial_ppo,ppo_cross_scenario_financial_policy,recovered_calibration,recovered_calibration,True,False,0,core_012__recovered_calibration__episode_00,medium_shelf_life,high_inventory,uniform,medium_margin,moderate_disposal_cost,recovered_demand,recovered_target_response,0.42198483600457215,0.4219848360045722,1.3164698887942141,3.0323098362490386,1.7158399474548245,0.0,0.0,0.0,1.0,0.3333333333333333,0.016666666666666666,0.05,0,0.0,3,3.1197089953724078,0.6365141682948128,0.0,0.0,0.6666666666666666,0.3333333333333333,0.0,0.0,0.0,0.0
core_012,selected_recovered_financial_ppo,ppo_cross_scenario_financial_policy,recovered_calibration,recovered_calibration,True,False,1,core_012__recovered_calibration__episode_01,medium_shelf_life,high_inventory,uniform,medium_margin,moderate_disposal_cost,recovered_demand,recovered_target_response,0.36258713369748174,0.36258713369748174,1.1311663426023317,2.8471904055281763,1.7158399474548245,0.00018411547101992166,0.003682309420398433,0.0011803374692513158,0.9988196625307487,0.14285714285714285,0.09999999999999999,0.3,3,0.0,7,3.1197089953724078,1.277034259466139,2.7755575615628914e-16,0.0,0.42857142857142855,0.0,0.2857142857142857,0.14285714285714285,0.14285714285714285,0.0
core_012,selected_recovered_financial_ppo,ppo_cross_scenario_financial_policy,recovered_calibration,recovered_calibration,True,False,2,core_012__recovered_calibration__episode_02,medium_shelf_life,high_inventory,uniform,medium_margin,moderate_disposal_cost,recovered_demand,recovered_target_response,0.3948881583773053,0.3948881583773054,1.2319361398557236,2.947776087310548,1.7158399474548245,0.0,0.0,0.0,1.0,0.16666666666666666,0.05000000000000001,0.1,3,0.0,6,3.1197089953724078,0.6931471805599453,0.0,0.0,0.5,0.0,0.5,0.0,0.0,0.0
core_012,selected_recovered_financial_ppo,ppo_cross_scenario_financial_policy,recovered_calibration,recovered_calibration,True,False,3,core_012__recovered_calibration__episode_03,medium_shelf_life,high_inventory,uniform,medium_margin,moderate_disposal_cost,recovered_demand,recovered_target_response,0.411480048271311,0.41148004827131096,1.2836980080082814,2.999537955463106,1.7158399474548245,0.0,0.0,0.0,0.9999999999999999,0.16666666666666666,0.03333333333333333,0.1,3,0.0,6,3.1197089953724078,1.0114042647073518,4.440892098500626e-16,2.220446049250313e-16,0.5,0.3333333333333333,0.16666666666666666,0.0,0.0,0.0
core_012,selected_recovered_financial_ppo,ppo_cross_scenario_financial_policy,recovered_calibration,recovered_calibration,True,False,4,core_012__recovered_calibration__episode_04,medium_shelf_life,high_inventory,uniform,medium_margin,moderate_disposal_cost,recovered_demand,recovered_target_response,0.40344994535384565,0.40344994535384565,1.2586464237028987,2.974486371157723,1.7158399474548245,0.0,0.0,0.0,1.0,0.2,0.04,0.1,2,0.0,5,3.1197089953724078,1.0549201679861442,0.0,0.0,0.4,0.4,0.2,0.0,0.0,0.0
core_012,selected_recovered_financial_ppo,ppo_cross_scenario_financial_policy,recovered_calibration,recovered_calibration,True,False,5,core_012__recovered_calibration__episode_05,medium_shelf_life,high_inventory,uniform,medium_margin,moderate_disposal_cost,recovered_demand,recovered_target_response,0.4082871353053982,0.4082871353053982,1.273737048707082,2.9895769961619068,1.7158399474548245,0.0,0.0,0.0,1.0,0.2,0.04,0.05,1,0.0,5,3.1197089953724078,0.5004024235381879,0.0,0.0,0.2,0.8,0.0,0.0,0.0,0.0
core_012,selected_recovered_financial_ppo,ppo_cross_scenario_financial_policy,recovered_calibration,recovered_calibration,True,False,6,core_012__recovered_calibration__episode_06,medium_shelf_life,high_inventory,uniform,medium_margin,moderate_disposal_cost,recovered_demand,recovered_target_response,0.42112416969455196,0.42112416969455196,1.31378486036483,3.0296248078196544,1.7158399474548245,0.0,0.0,0.0,1.0,0.2,0.030000000000000006,0.05,1,0.0,5,3.1197089953724078,0.6730116670092565,0.0,0.0,0.4,0.6,0.0,0.0,0.0,0.0
core_012,selected_recovered_financial_ppo,ppo_cross_scenario_financial_policy,recovered_calibration,recovered_calibration,True,False,7,core_012__recovered_calibration__episode_07,medium_shelf_life,high_inventory,uniform,medium_margin,moderate_disposal_cost,recovered_demand,recovered_target_response,0.4093721846025517,0.40937218460255165,1.2771220867598343,2.992962034214659,1.7158399474548245,0.0,0.0,0.0,0.9999999999999999,0.2,0.04,0.05,0,0.0,5,3.1197089953724078,0.5004024235381879,4.440892098500626e-16,0.0,0.2,0.8,0.0,0.0,0.0,0.0
core_012,always_0pct,fixed_or_rule_policy,observed_calibration,observed_calibration,False,False,0,core_012__observed_calibration__episode_00,medium_shelf_life,high_inventory,uniform,medium_margin,moderate_disposal_cost,recovered_demand,recovered_target_response,0.45000000000000007,0.45000000000000007,1.1131578947368426,2.473684210526317,1.360526315789474,0.0,0.0,0.0,1.0000000000000002,0.5,0.0,0.0,-1,0.0,2,2.4736842105263164,-0.0,4.440892098500626e-16,0.0,1.0,0.0,0.0,0.0,0.0,0.0
core_012,always_0pct,fixed_or_rule_policy,observed_calibration,observed_calibration,False,False,1,core_012__observed_calibration__episode_01,medium_shelf_life,high_inventory,uniform,medium_margin,moderate_disposal_cost,recovered_demand,recovered_target_response,0.45,0.45,1.1131578947368423,2.473684210526317,1.360526315789474,0.0,0.0,0.0,1.0000000000000002,0.16666666666666666,0.0,0.0,-1,0.0,6,2.4736842105263164,-0.0,4.440892098500626e-16,0.0,1.0,0.0,0.0,0.0,0.0,0.0
core_012,always_0pct,fixed_or_rule_policy,observed_calibration,observed_calibration,False,False,2,core_012__observed_calibration__episode_02,medium_shelf_life,high_inventory,uniform,medium_margin,moderate_disposal_cost,recovered_demand,recovered_target_response,0.45,0.45,1.1131578947368423,2.4736842105263164,1.360526315789474,0.0,0.0,0.0,1.0,0.2,0.0,0.0,-1,0.0,5,2.4736842105263164,-0.0,0.0,0.0,1.0,0.0,0.0,0.0,0.0,0.0
core_012,always_0pct,fixed_or_rule_policy,observed_calibration,observed_calibration,False,False,3,core_012__observed_calibration__episode_03,medium_shelf_life,high_inventory,uniform,medium_margin,moderate_disposal_cost,recovered_demand,recovered_target_response,0.45,0.45,1.1131578947368423,2.473684210526316,1.360526315789474,0.0,0.0,0.0,0.9999999999999998,0.2,0.0,0.0,-1,0.0,5,2.4736842105263164,-0.0,4.440892098500626e-16,0.0,1.0,0.0,0.0,0.0,0.0,0.0
core_012,always_0pct,fixed_or_rule_policy,observed_calibration,observed_calibration,False,False,4,core_012__observed_calibration__episode_04,medium_shelf_life,high_inventory,uniform,medium_margin,moderate_disposal_cost,recovered_demand,recovered_target_response,0.45,0.45000000000000007,1.1131578947368426,2.473684210526317,1.360526315789474,0.0,0.0,0.0,1.0000000000000002,0.2,0.0,0.0,-1,0.0,5,2.4736842105263164,-0.0,4.440892098500626e-16,0.0,1.0,0.0,0.0,0.0,0.0,0.0
core_012,always_0pct,fixed_or_rule_policy,observed_calibration,observed_calibration,False,False,5,core_012__observed_calibration__episode_05,medium_shelf_life,high_inventory,uniform,medium_margin,moderate_disposal_cost,recovered_demand,recovered_target_response,0.44999999999999996,0.45,1.1131578947368423,2.473684210526317,1.360526315789474,0.0,0.0,0.0,1.0000000000000002,0.2,0.0,0.0,-1,0.0,5,2.4736842105263164,-0.0,4.440892098500626e-16,0.0,1.0,0.0,0.0,0.0,0.0,0.0
core_012,always_0pct,fixed_or_rule_policy,observed_calibration,observed_calibration,False,False,6,core_012__observed_calibration__episode_06,medium_shelf_life,high_inventory,uniform,medium_margin,moderate_disposal_cost,recovered_demand,recovered_target_response,0.45,0.45,1.1131578947368423,2.4736842105263164,1.360526315789474,0.0,0.0,0.0,1.0,0.25,0.0,0.0,-1,0.0,4,2.4736842105263164,-0.0,0.0,0.0,1.0,0.0,0.0,0.0,0.0,0.0
core_012,always_0pct,fixed_or_rule_policy,observed_calibration,observed_calibration,False,False,7,core_012__observed_calibration__episode_07,medium_shelf_life,high_inventory,uniform,medium_margin,moderate_disposal_cost,recovered_demand,recovered_target_response,0.45,0.45,1.1131578947368423,2.4736842105263164,1.360526315789474,0.0,0.0,0.0,1.0,0.2,0.0,0.0,-1,0.0,5,2.4736842105263164,-0.0,0.0,0.0,1.0,0.0,0.0,0.0,0.0,0.0
core_012,always_5pct,fixed_or_rule_policy,observed_calibration,observed_calibration,False,False,0,core_012__observed_calibration__episode_00,medium_shelf_life,high_inventory,uniform,medium_margin,moderate_disposal_cost,recovered_demand,recovered_target_response,0.4,0.4,0.9894736842105266,2.3500000000000005,1.360526315789474,0.0,0.0,0.0,1.0000000000000002,0.5,0.05,0.05,0,0.0,2,2.4736842105263164,-0.0,4.440892098500626e-16,0.0,0.0,1.0,0.0,0.0,0.0,0.0
core_012,always_5pct,fixed_or_rule_policy,observed_calibration,observed_calibration,False,False,1,core_012__observed_calibration__episode_01,medium_shelf_life,high_inventory,uniform,medium_margin,moderate_disposal_cost,recovered_demand,recovered_target_response,0.39999999999999997,0.39999999999999997,0.9894736842105265,2.3500000000000005,1.360526315789474,0.0,0.0,0.0,1.0000000000000002,0.16666666666666666,0.05000000000000001,0.05,0,0.0,6,2.4736842105263164,-0.0,4.440892098500626e-16,0.0,0.0,1.0,0.0,0.0,0.0,0.0
core_012,always_5pct,fixed_or_rule_policy,observed_calibration,observed_calibration,False,False,2,core_012__observed_calibration__episode_02,medium_shelf_life,high_inventory,uniform,medium_margin,moderate_disposal_cost,recovered_demand,recovered_target_response,0.4,0.39999999999999997,0.9894736842105265,2.3500000000000005,1.360526315789474,0.0,0.0,0.0,1.0000000000000002,0.2,0.05,0.05,0,0.0,5,2.4736842105263164,-0.0,4.440892098500626e-16,0.0,0.0,1.0,0.0,0.0,0.0,0.0
core_012,always_5pct,fixed_or_rule_policy,observed_calibration,observed_calibration,False,False,3,core_012__observed_calibration__episode_03,medium_shelf_life,high_inventory,uniform,medium_margin,moderate_disposal_cost,recovered_demand,recovered_target_response,0.3999999999999999,0.3999999999999999,0.9894736842105264,2.3500000000000005,1.360526315789474,0.0,0.0,0.0,1.0,0.2,0.05,0.05,0,0.0,5,2.4736842105263164,-0.0,0.0,1.1102230246251565e-16,0.0,1.0,0.0,0.0,0.0,0.0
core_012,always_5pct,fixed_or_rule_policy,observed_calibration,observed_calibration,False,False,4,core_012__observed_calibration__episode_04,medium_shelf_life,high_inventory,uniform,medium_margin,moderate_disposal_cost,recovered_demand,recovered_target_response,0.39999999999999997,0.3999999999999999,0.9894736842105264,2.3500000000000005,1.360526315789474,0.0,0.0,0.0,1.0,0.2,0.05,0.05,0,0.0,5,2.4736842105263164,-0.0,0.0,0.0,0.0,1.0,0.0,0.0,0.0,0.0
core_012,always_5pct,fixed_or_rule_policy,observed_calibration,observed_calibration,False,False,5,core_012__observed_calibration__episode_05,medium_shelf_life,high_inventory,uniform,medium_margin,moderate_disposal_cost,recovered_demand,recovered_target_response,0.4,0.39999999999999997,0.9894736842105265,2.3500000000000005,1.360526315789474,0.0,0.0,0.0,1.0,0.25,0.05,0.05,0,0.0,4,2.4736842105263164,-0.0,0.0,0.0,0.0,1.0,0.0,0.0,0.0,0.0
core_012,always_5pct,fixed_or_rule_policy,observed_calibration,observed_calibration,False,False,6,core_012__observed_calibration__episode_06,medium_shelf_life,high_inventory,uniform,medium_margin,moderate_disposal_cost,recovered_demand,recovered_target_response,0.4,0.39999999999999997,0.9894736842105265,2.3500000000000005,1.360526315789474,0.0,0.0,0.0,1.0,0.25,0.05,0.05,0,0.0,4,2.4736842105263164,-0.0,0.0,0.0,0.0,1.0,0.0,0.0,0.0,0.0
core_012,always_5pct,fixed_or_rule_policy,observed_calibration,observed_calibration,False,False,7,core_012__observed_calibration__episode_07,medium_shelf_life,high_inventory,uniform,medium_margin,moderate_disposal_cost,recovered_demand,recovered_target_response,0.39999999999999997,0.39999999999999997,0.9894736842105265,2.3500000000000005,1.360526315789474,0.0,0.0,0.0,1.0000000000000002,0.2,0.05,0.05,0,0.0,5,2.4736842105263164,-0.0,4.440892098500626e-16,1.1102230246251565e-16,0.0,1.0,0.0,0.0,0.0,0.0
core_012,always_10pct,fixed_or_rule_policy,observed_calibration,observed_calibration,False,False,0,core_012__observed_calibration__episode_00,medium_shelf_life,high_inventory,uniform,medium_margin,moderate_disposal_cost,recovered_demand,recovered_target_response,0.3500000000000001,0.3500000000000001,0.865789473684211,2.226315789473685,1.360526315789474,0.0,0.0,0.0,1.0000000000000002,0.5,0.1,0.1,0,0.0,2,2.4736842105263164,-0.0,4.440892098500626e-16,0.0,0.0,0.0,1.0,0.0,0.0,0.0
core_012,always_10pct,fixed_or_rule_policy,observed_calibration,observed_calibration,False,False,1,core_012__observed_calibration__episode_01,medium_shelf_life,high_inventory,uniform,medium_margin,moderate_disposal_cost,recovered_demand,recovered_target_response,0.35000000000000003,0.3500000000000001,0.8657894736842109,2.226315789473685,1.360526315789474,0.0,0.0,0.0,1.0000000000000002,0.16666666666666666,0.10000000000000002,0.1,0,0.0,6,2.4736842105263164,-0.0,4.440892098500626e-16,1.1102230246251565e-16,0.0,0.0,1.0,0.0,0.0,0.0
core_012,always_10pct,fixed_or_rule_policy,observed_calibration,observed_calibration,False,False,2,core_012__observed_calibration__episode_02,medium_shelf_life,high_inventory,uniform,medium_margin,moderate_disposal_cost,recovered_demand,recovered_target_response,0.35000000000000003,0.3500000000000001,0.8657894736842109,2.2263157894736847,1.360526315789474,0.0,0.0,0.0,1.0,0.2,0.1,0.1,0,0.0,5,2.4736842105263164,-0.0,0.0,0.0,0.0,0.0,1.0,0.0,0.0,0.0
core_012,always_10pct,fixed_or_rule_policy,observed_calibration,observed_calibration,False,False,3,core_012__observed_calibration__episode_03,medium_shelf_life,high_inventory,uniform,medium_margin,moderate_disposal_cost,recovered_demand,recovered_target_response,0.35000000000000003,0.35,0.8657894736842107,2.2263157894736847,1.360526315789474,0.0,0.0,0.0,0.9999999999999998,0.2,0.1,0.1,0,0.0,5,2.4736842105263164,-0.0,4.440892098500626e-16,1.1102230246251565e-16,0.0,0.0,1.0,0.0,0.0,0.0
core_012,always_10pct,fixed_or_rule_policy,observed_calibration,observed_calibration,False,False,4,core_012__observed_calibration__episode_04,medium_shelf_life,high_inventory,uniform,medium_margin,moderate_disposal_cost,recovered_demand,recovered_target_response,0.35000000000000003,0.3500000000000001,0.8657894736842109,2.226315789473685,1.360526315789474,0.0,0.0,0.0,1.0,0.2,0.1,0.1,0,0.0,5,2.4736842105263164,-0.0,0.0,1.1102230246251565e-16,0.0,0.0,1.0,0.0,0.0,0.0
core_012,always_10pct,fixed_or_rule_policy,observed_calibration,observed_calibration,False,False,5,core_012__observed_calibration__episode_05,medium_shelf_life,high_inventory,uniform,medium_margin,moderate_disposal_cost,recovered_demand,recovered_target_response,0.3500000000000001,0.3500000000000001,0.8657894736842109,2.2263157894736847,1.360526315789474,0.0,0.0,0.0,1.0,0.25,0.1,0.1,0,5.551115123125783e-17,4,2.4736842105263164,-0.0,5.551115123125783e-17,0.0,0.0,0.0,1.0,0.0,0.0,0.0
core_012,always_10pct,fixed_or_rule_policy,observed_calibration,observed_calibration,False,False,6,core_012__observed_calibration__episode_06,medium_shelf_life,high_inventory,uniform,medium_margin,moderate_disposal_cost,recovered_demand,recovered_target_response,0.3500000000000001,0.3500000000000001,0.8657894736842109,2.226315789473685,1.360526315789474,0.0,0.0,0.0,1.0,0.25,0.1,0.1,0,0.0,4,2.4736842105263164,-0.0,0.0,0.0,0.0,0.0,1.0,0.0,0.0,0.0
core_012,always_10pct,fixed_or_rule_policy,observed_calibration,observed_calibration,False,False,7,core_012__observed_calibration__episode_07,medium_shelf_life,high_inventory,uniform,medium_margin,moderate_disposal_cost,recovered_demand,recovered_target_response,0.3500000000000001,0.3500000000000001,0.8657894736842109,2.2263157894736847,1.360526315789474,0.0,0.0,0.0,1.0,0.2,0.1,0.1,0,0.0,5,2.4736842105263164,-0.0,0.0,0.0,0.0,0.0,1.0,0.0,0.0,0.0
core_012,always_20pct,fixed_or_rule_policy,observed_calibration,observed_calibration,False,False,0,core_012__observed_calibration__episode_00,medium_shelf_life,high_inventory,uniform,medium_margin,moderate_disposal_cost,recovered_demand,recovered_target_response,0.2500000000000001,0.2500000000000001,0.6184210526315794,1.9789473684210535,1.360526315789474,0.0,0.0,0.0,1.0000000000000002,0.5,0.2,0.2,0,0.0,2,2.4736842105263164,-0.0,4.440892098500626e-16,0.0,0.0,0.0,0.0,1.0,0.0,0.0
core_012,always_20pct,fixed_or_rule_policy,observed_calibration,observed_calibration,False,False,1,core_012__observed_calibration__episode_01,medium_shelf_life,high_inventory,uniform,medium_margin,moderate_disposal_cost,recovered_demand,recovered_target_response,0.2500000000000001,0.2500000000000001,0.6184210526315793,1.9789473684210532,1.360526315789474,0.0,0.0,0.0,1.0000000000000002,0.2,0.2,0.2,0,0.0,5,2.4736842105263164,-0.0,4.440892098500626e-16,0.0,0.0,0.0,0.0,1.0,0.0,0.0
core_012,always_20pct,fixed_or_rule_policy,observed_calibration,observed_calibration,False,False,2,core_012__observed_calibration__episode_02,medium_shelf_life,high_inventory,uniform,medium_margin,moderate_disposal_cost,recovered_demand,recovered_target_response,0.25000000000000006,0.25000000000000006,0.6184210526315792,1.9789473684210535,1.360526315789474,0.0,0.0,0.0,1.0,0.2,0.2,0.2,0,0.0,5,2.4736842105263164,-0.0,0.0,0.0,0.0,0.0,0.0,1.0,0.0,0.0
core_012,always_20pct,fixed_or_rule_policy,observed_calibration,observed_calibration,False,False,3,core_012__observed_calibration__episode_03,medium_shelf_life,high_inventory,uniform,medium_margin,moderate_disposal_cost,recovered_demand,recovered_target_response,0.2500000000000001,0.2500000000000001,0.6184210526315793,1.9789473684210532,1.360526315789474,0.0,0.0,0.0,1.0,0.2,0.2,0.2,0,0.0,5,2.4736842105263164,-0.0,0.0,0.0,0.0,0.0,0.0,1.0,0.0,0.0
core_012,always_20pct,fixed_or_rule_policy,observed_calibration,observed_calibration,False,False,4,core_012__observed_calibration__episode_04,medium_shelf_life,high_inventory,uniform,medium_margin,moderate_disposal_cost,recovered_demand,recovered_target_response,0.25,0.25,0.6184210526315791,1.9789473684210532,1.360526315789474,0.0,0.0,0.0,1.0,0.25,0.2,0.2,0,0.0,4,2.4736842105263164,-0.0,0.0,1.1102230246251565e-16,0.0,0.0,0.0,1.0,0.0,0.0
core_012,always_20pct,fixed_or_rule_policy,observed_calibration,observed_calibration,False,False,5,core_012__observed_calibration__episode_05,medium_shelf_life,high_inventory,uniform,medium_margin,moderate_disposal_cost,recovered_demand,recovered_target_response,0.25,0.25,0.6184210526315791,1.9789473684210532,1.360526315789474,0.0,0.0,0.0,1.0,0.25,0.2,0.2,0,0.0,4,2.4736842105263164,-0.0,0.0,0.0,0.0,0.0,0.0,1.0,0.0,0.0
core_012,always_20pct,fixed_or_rule_policy,observed_calibration,observed_calibration,False,False,6,core_012__observed_calibration__episode_06,medium_shelf_life,high_inventory,uniform,medium_margin,moderate_disposal_cost,recovered_demand,recovered_target_response,0.25000000000000006,0.25000000000000006,0.6184210526315792,1.978947368421053,1.360526315789474,0.0,0.0,0.0,1.0,0.25,0.2,0.2,0,0.0,4,2.4736842105263164,-0.0,0.0,0.0,0.0,0.0,0.0,1.0,0.0,0.0
core_012,always_20pct,fixed_or_rule_policy,observed_calibration,observed_calibration,False,False,7,core_012__observed_calibration__episode_07,medium_shelf_life,high_inventory,uniform,medium_margin,moderate_disposal_cost,recovered_demand,recovered_target_response,0.25000000000000006,0.25000000000000006,0.6184210526315792,1.978947368421053,1.360526315789474,0.0,0.0,0.0,1.0,0.2,0.2,0.2,0,0.0,5,2.4736842105263164,-0.0,0.0,0.0,0.0,0.0,0.0,1.0,0.0,0.0
core_012,always_40pct,fixed_or_rule_policy,observed_calibration,observed_calibration,False,False,0,core_012__observed_calibration__episode_00,medium_shelf_life,high_inventory,uniform,medium_margin,moderate_disposal_cost,recovered_demand,recovered_target_response,0.05000000000000005,0.05000000000000005,0.12368421052631595,1.48421052631579,1.360526315789474,0.0,0.0,0.0,1.0000000000000002,0.5,0.4,0.4,0,0.0,2,2.4736842105263164,-0.0,4.440892098500626e-16,0.0,0.0,0.0,0.0,0.0,0.0,1.0
core_012,always_40pct,fixed_or_rule_policy,observed_calibration,observed_calibration,False,False,1,core_012__observed_calibration__episode_01,medium_shelf_life,high_inventory,uniform,medium_margin,moderate_disposal_cost,recovered_demand,recovered_target_response,0.05000000000000007,0.050000000000000024,0.12368421052631587,1.4842105263157899,1.360526315789474,0.0,0.0,0.0,1.0000000000000002,0.3333333333333333,0.4000000000000001,0.4,0,0.0,3,2.4736842105263164,-0.0,4.440892098500626e-16,0.0,0.0,0.0,0.0,0.0,0.0,1.0
core_012,always_40pct,fixed_or_rule_policy,observed_calibration,observed_calibration,False,False,2,core_012__observed_calibration__episode_02,medium_shelf_life,high_inventory,uniform,medium_margin,moderate_disposal_cost,recovered_demand,recovered_target_response,0.050000000000000086,0.05000000000000005,0.12368421052631595,1.48421052631579,1.360526315789474,0.0,0.0,0.0,1.0000000000000002,0.3333333333333333,0.4000000000000001,0.4,0,0.0,3,2.4736842105263164,-0.0,4.440892098500626e-16,0.0,0.0,0.0,0.0,0.0,0.0,1.0
core_012,always_40pct,fixed_or_rule_policy,observed_calibration,observed_calibration,False,False,3,core_012__observed_calibration__episode_03,medium_shelf_life,high_inventory,uniform,medium_margin,moderate_disposal_cost,recovered_demand,recovered_target_response,0.050000000000000044,0.050000000000000024,0.12368421052631587,1.4842105263157899,1.360526315789474,0.0,0.0,0.0,1.0000000000000002,0.3333333333333333,0.4000000000000001,0.4,0,0.0,3,2.4736842105263164,-0.0,4.440892098500626e-16,0.0,0.0,0.0,0.0,0.0,0.0,1.0
core_012,always_40pct,fixed_or_rule_policy,observed_calibration,observed_calibration,False,False,4,core_012__observed_calibration__episode_04,medium_shelf_life,high_inventory,uniform,medium_margin,moderate_disposal_cost,recovered_demand,recovered_target_response,0.05000000000000002,0.05000000000000001,0.12368421052631584,1.48421052631579,1.360526315789474,0.0,0.0,0.0,1.0000000000000002,0.3333333333333333,0.4000000000000001,0.4,0,0.0,3,2.4736842105263164,-0.0,4.440892098500626e-16,0.0,0.0,0.0,0.0,0.0,0.0,1.0
core_012,always_40pct,fixed_or_rule_policy,observed_calibration,observed_calibration,False,False,5,core_012__observed_calibration__episode_05,medium_shelf_life,high_inventory,uniform,medium_margin,moderate_disposal_cost,recovered_demand,recovered_target_response,0.050000000000000044,0.05000000000000001,0.12368421052631584,1.48421052631579,1.360526315789474,0.0,0.0,0.0,1.0000000000000002,0.3333333333333333,0.4000000000000001,0.4,0,0.0,3,2.4736842105263164,-0.0,4.440892098500626e-16,0.0,0.0,0.0,0.0,0.0,0.0,1.0
core_012,always_40pct,fixed_or_rule_policy,observed_calibration,observed_calibration,False,False,6,core_012__observed_calibration__episode_06,medium_shelf_life,high_inventory,uniform,medium_margin,moderate_disposal_cost,recovered_demand,recovered_target_response,0.05000000000000007,0.050000000000000065,0.12368421052631598,1.4842105263157899,1.360526315789474,0.0,0.0,0.0,1.0000000000000002,0.3333333333333333,0.4000000000000001,0.4,0,0.0,3,2.4736842105263164,-0.0,4.440892098500626e-16,0.0,0.0,0.0,0.0,0.0,0.0,1.0
core_012,always_40pct,fixed_or_rule_policy,observed_calibration,observed_calibration,False,False,7,core_012__observed_calibration__episode_07,medium_shelf_life,high_inventory,uniform,medium_margin,moderate_disposal_cost,recovered_demand,recovered_target_response,0.04999999999999995,0.049999999999999996,0.12368421052631581,1.4842105263157899,1.360526315789474,0.0,0.0,0.0,1.0000000000000002,0.3333333333333333,0.4000000000000001,0.4,0,0.0,3,2.4736842105263164,-0.0,4.440892098500626e-16,0.0,0.0,0.0,0.0,0.0,0.0,1.0
core_012,expiry_threshold_rule,fixed_or_rule_policy,observed_calibration,observed_calibration,False,False,0,core_012__observed_calibration__episode_00,medium_shelf_life,high_inventory,uniform,medium_margin,moderate_disposal_cost,recovered_demand,recovered_target_response,0.32787770635591384,0.32787770635591384,0.8110659051962081,2.171592220985682,1.360526315789474,0.0,0.0,0.0,1.0000000000000002,0.5,0.1,0.2,0,0.0,2,2.4736842105263164,0.6931471805599453,4.440892098500626e-16,0.0,0.5,0.0,0.0,0.5,0.0,0.0
core_012,expiry_threshold_rule,fixed_or_rule_policy,observed_calibration,observed_calibration,False,False,1,core_012__observed_calibration__episode_01,medium_shelf_life,high_inventory,uniform,medium_margin,moderate_disposal_cost,recovered_demand,recovered_target_response,0.2682117129113305,0.2682117129113305,0.6634710793069756,2.0239973950964494,1.360526315789474,0.0,0.0,0.0,1.0000000000000002,0.2,0.18,0.2,0,0.0,5,2.4736842105263164,0.5004024235381879,4.440892098500626e-16,0.0,0.0,0.0,0.2,0.8,0.0,0.0
core_012,expiry_threshold_rule,fixed_or_rule_policy,observed_calibration,observed_calibration,False,False,2,core_012__observed_calibration__episode_02,medium_shelf_life,high_inventory,uniform,medium_margin,moderate_disposal_cost,recovered_demand,recovered_target_response,0.2874618048432632,0.28746180484326317,0.7110897277701775,2.0716160435596516,1.360526315789474,0.0,0.0,0.0,1.0,0.2,0.16,0.2,0,0.0,5,2.4736842105263164,0.6730116670092565,0.0,0.0,0.0,0.0,0.4,0.6,0.0,0.0
core_012,expiry_threshold_rule,fixed_or_rule_policy,observed_calibration,observed_calibration,False,False,3,core_012__observed_calibration__episode_03,medium_shelf_life,high_inventory,uniform,medium_margin,moderate_disposal_cost,recovered_demand,recovered_target_response,0.29611595816741026,0.29611595816741026,0.732497370203594,2.0930236859930678,1.360526315789474,0.0,0.0,0.0,1.0,0.2,0.14,0.2,0,0.0,5,2.4736842105263164,0.9502705392332347,0.0,0.0,0.2,0.0,0.2,0.6,0.0,0.0
core_012,expiry_threshold_rule,fixed_or_rule_policy,observed_calibration,observed_calibration,False,False,4,core_012__observed_calibration__episode_04,medium_shelf_life,high_inventory,uniform,medium_margin,moderate_disposal_cost,recovered_demand,recovered_target_response,0.30824828350143174,0.30824828350143174,0.7625089118193313,2.1230352276088054,1.360526315789474,0.0,0.0,0.0,1.0,0.25,0.15000000000000002,0.2,0,0.0,4,2.4736842105263164,0.5623351446188083,0.0,0.0,0.25,0.0,0.0,0.75,0.0,0.0
core_012,expiry_threshold_rule,fixed_or_rule_policy,observed_calibration,observed_calibration,False,False,5,core_012__observed_calibration__episode_05,medium_shelf_life,high_inventory,uniform,medium_margin,moderate_disposal_cost,recovered_demand,recovered_target_response,0.31835352523801996,0.31835352523801996,0.7875060887466812,2.1480324045361554,1.360526315789474,0.0,0.0,0.0,1.0,0.25,0.125,0.2,0,0.0,4,2.4736842105263164,1.0397207708399179,0.0,0.0,0.25,0.0,0.25,0.5,0.0,0.0
core_012,expiry_threshold_rule,fixed_or_rule_policy,observed_calibration,observed_calibration,False,False,6,core_012__observed_calibration__episode_06,medium_shelf_life,high_inventory,uniform,medium_margin,moderate_disposal_cost,recovered_demand,recovered_target_response,0.36067884704243147,0.36067884704243147,0.892205568999699,2.2527318847891733,1.360526315789474,0.0,0.0,0.0,1.0,0.25,0.07500000000000001,0.2,0,0.0,4,2.4736842105263164,1.0397207708399179,0.0,0.0,0.5,0.0,0.25,0.25,0.0,0.0
core_012,expiry_threshold_rule,fixed_or_rule_policy,observed_calibration,observed_calibration,False,False,7,core_012__observed_calibration__episode_07,medium_shelf_life,high_inventory,uniform,medium_margin,moderate_disposal_cost,recovered_demand,recovered_target_response,0.34766111095059854,0.3476611109505985,0.8600038007725332,2.2205301165620073,1.360526315789474,0.0,0.0,0.0,1.0,0.2,0.08,0.2,0,0.0,5,2.4736842105263164,1.0549201679861442,0.0,1.1102230246251565e-16,0.4,0.0,0.4,0.2,0.0,0.0
core_012,inventory_coverage_rule,fixed_or_rule_policy,observed_calibration,observed_calibration,False,False,0,core_012__observed_calibration__episode_00,medium_shelf_life,high_inventory,uniform,medium_margin,moderate_disposal_cost,recovered_demand,recovered_target_response,0.2640311939512796,0.2640311939512796,0.6531297955636919,2.013656111353166,1.360526315789474,0.0,0.0,0.0,1.0000000000000002,0.5,0.15,0.3,0,0.0,2,2.4736842105263164,0.6931471805599453,4.440892098500626e-16,0.0,0.5,0.0,0.0,0.0,0.5,0.0
core_012,inventory_coverage_rule,fixed_or_rule_policy,observed_calibration,observed_calibration,False,False,1,core_012__observed_calibration__episode_01,medium_shelf_life,high_inventory,uniform,medium_margin,moderate_disposal_cost,recovered_demand,recovered_target_response,0.1990636524691287,0.1990636524691287,0.49242061400258164,1.8529469297920558,1.360526315789474,0.0,0.0,0.0,1.0000000000000002,0.25,0.22499999999999998,0.3,0,0.0,4,2.4736842105263164,0.5623351446188083,4.440892098500626e-16,0.0,0.25,0.0,0.0,0.0,0.75,0.0
core_012,inventory_coverage_rule,fixed_or_rule_policy,observed_calibration,observed_calibration,False,False,2,core_012__observed_calibration__episode_02,medium_shelf_life,high_inventory,uniform,medium_margin,moderate_disposal_cost,recovered_demand,recovered_target_response,0.20048946134172527,0.20048946134172524,0.495947614897952,1.856473930687426,1.360526315789474,0.0,0.0,0.0,1.0,0.25,0.22499999999999998,0.3,0,0.0,4,2.4736842105263164,0.5623351446188083,0.0,0.0,0.25,0.0,0.0,0.0,0.75,0.0
core_012,inventory_coverage_rule,fixed_or_rule_policy,observed_calibration,observed_calibration,False,False,3,core_012__observed_calibration__episode_03,medium_shelf_life,high_inventory,uniform,medium_margin,moderate_disposal_cost,recovered_demand,recovered_target_response,0.1851155665423348,0.18511556654233477,0.45791745407840717,1.8184437698678813,1.360526315789474,0.0,0.0,0.0,1.0,0.25,0.24999999999999997,0.3,0,0.0,4,2.4736842105263164,0.5623351446188083,0.0,0.0,0.0,0.0,0.25,0.0,0.75,0.0
core_012,inventory_coverage_rule,fixed_or_rule_policy,observed_calibration,observed_calibration,False,False,4,core_012__observed_calibration__episode_04,medium_shelf_life,high_inventory,uniform,medium_margin,moderate_disposal_cost,recovered_demand,recovered_target_response,0.19003002536679975,0.1900300253667997,0.4700742732757678,1.8306005890652417,1.360526315789474,0.0,0.0,0.0,1.0,0.25,0.22499999999999998,0.3,0,0.0,4,2.4736842105263164,0.5623351446188083,0.0,0.0,0.25,0.0,0.0,0.0,0.75,0.0
core_012,inventory_coverage_rule,fixed_or_rule_policy,observed_calibration,observed_calibration,False,False,5,core_012__observed_calibration__episode_05,medium_shelf_life,high_inventory,uniform,medium_margin,moderate_disposal_cost,recovered_demand,recovered_target_response,0.16713302142773429,0.16713302142773429,0.4134343161633428,1.773960631952817,1.360526315789474,0.0,0.0,0.0,1.0,0.25,0.22499999999999998,0.3,0,0.0,4,2.4736842105263164,0.5623351446188083,0.0,0.0,0.25,0.0,0.0,0.0,0.75,0.0
core_012,inventory_coverage_rule,fixed_or_rule_policy,observed_calibration,observed_calibration,False,False,6,core_012__observed_calibration__episode_06,medium_shelf_life,high_inventory,uniform,medium_margin,moderate_disposal_cost,recovered_demand,recovered_target_response,0.1663432207167379,0.1663432207167379,0.41148059861508857,1.7720069144045625,1.360526315789474,0.0,0.0,0.0,1.0,0.25,0.22499999999999998,0.3,0,0.0,4,2.4736842105263164,0.5623351446188083,0.0,0.0,0.25,0.0,0.0,0.0,0.75,0.0
core_012,inventory_coverage_rule,fixed_or_rule_policy,observed_calibration,observed_calibration,False,False,7,core_012__observed_calibration__episode_07,medium_shelf_life,high_inventory,uniform,medium_margin,moderate_disposal_cost,recovered_demand,recovered_target_response,0.18527146933977456,0.18527146933977454,0.4583031083668108,1.8188294241562848,1.360526315789474,0.0,0.0,0.0,1.0,0.25,0.22499999999999998,0.3,0,0.0,4,2.4736842105263164,0.5623351446188083,0.0,0.0,0.25,0.0,0.0,0.0,0.75,0.0
core_012,selected_observed_financial_ppo,ppo_cross_scenario_financial_policy,observed_calibration,observed_calibration,True,False,0,core_012__observed_calibration__episode_00,medium_shelf_life,high_inventory,uniform,medium_margin,moderate_disposal_cost,recovered_demand,recovered_target_response,0.41949892999557425,0.41949892999557425,1.0377078794627366,2.3982341952522104,1.360526315789474,0.0,0.0,0.0,1.0000000000000002,0.5,0.025,0.05,0,0.0,2,2.4736842105263164,0.6931471805599453,4.440892098500626e-16,0.0,0.5,0.5,0.0,0.0,0.0,0.0
core_012,selected_observed_financial_ppo,ppo_cross_scenario_financial_policy,observed_calibration,observed_calibration,True,False,1,core_012__observed_calibration__episode_01,medium_shelf_life,high_inventory,uniform,medium_margin,moderate_disposal_cost,recovered_demand,recovered_target_response,0.3876682746011556,0.3876682746011556,0.9589688898028588,2.319495205592333,1.360526315789474,0.0,0.0,0.0,0.9999999999999998,0.16666666666666666,0.06666666666666667,0.1,1,0.0,6,2.4736842105263164,1.0114042647073518,4.440892098500626e-16,0.0,0.16666666666666666,0.3333333333333333,0.5,0.0,0.0,0.0
core_012,selected_observed_financial_ppo,ppo_cross_scenario_financial_policy,observed_calibration,observed_calibration,True,False,2,core_012__observed_calibration__episode_02,medium_shelf_life,high_inventory,uniform,medium_margin,moderate_disposal_cost,recovered_demand,recovered_target_response,0.3894997833718702,0.3894997833718702,0.963499464130416,2.32402577991989,1.360526315789474,0.0,0.0,0.0,1.0,0.2,0.06000000000000001,0.1,1,0.0,5,2.4736842105263164,1.0549201679861442,0.0,0.0,0.2,0.4,0.4,0.0,0.0,0.0
core_012,selected_observed_financial_ppo,ppo_cross_scenario_financial_policy,observed_calibration,observed_calibration,True,False,3,core_012__observed_calibration__episode_03,medium_shelf_life,high_inventory,uniform,medium_margin,moderate_disposal_cost,recovered_demand,recovered_target_response,0.3999999999999999,0.3999999999999999,0.9894736842105264,2.3500000000000005,1.360526315789474,0.0,0.0,0.0,1.0,0.2,0.05,0.05,0,0.0,5,2.4736842105263164,-0.0,0.0,1.1102230246251565e-16,0.0,1.0,0.0,0.0,0.0,0.0
core_012,selected_observed_financial_ppo,ppo_cross_scenario_financial_policy,observed_calibration,observed_calibration,True,False,4,core_012__observed_calibration__episode_04,medium_shelf_life,high_inventory,uniform,medium_margin,moderate_disposal_cost,recovered_demand,recovered_target_response,0.4013513949213004,0.4013513949213004,0.9928166084895328,2.353342924279007,1.360526315789474,0.0,0.0,0.0,1.0,0.2,0.04,0.05,0,0.0,5,2.4736842105263164,0.5004024235381879,0.0,0.0,0.2,0.8,0.0,0.0,0.0,0.0
core_012,selected_observed_financial_ppo,ppo_cross_scenario_financial_policy,observed_calibration,observed_calibration,True,False,5,core_012__observed_calibration__episode_05,medium_shelf_life,high_inventory,uniform,medium_margin,moderate_disposal_cost,recovered_demand,recovered_target_response,0.41016114014834343,0.41016114014834343,1.0146091361564287,2.3751354519459027,1.360526315789474,0.0,0.0,0.0,1.0,0.25,0.037500000000000006,0.05,0,0.0,4,2.4736842105263164,0.5623351446188083,0.0,0.0,0.25,0.75,0.0,0.0,0.0,0.0
core_012,selected_observed_financial_ppo,ppo_cross_scenario_financial_policy,observed_calibration,observed_calibration,True,False,6,core_012__observed_calibration__episode_06,medium_shelf_life,high_inventory,uniform,medium_margin,moderate_disposal_cost,recovered_demand,recovered_target_response,0.4113159120091988,0.41131591200919876,1.0174656770753867,2.3779919928648607,1.360526315789474,0.0,0.0,0.0,1.0000000000000002,0.25,0.037500000000000006,0.05,0,0.0,4,2.4736842105263164,0.5623351446188083,4.440892098500626e-16,0.0,0.25,0.75,0.0,0.0,0.0,0.0
core_012,selected_observed_financial_ppo,ppo_cross_scenario_financial_policy,observed_calibration,observed_calibration,True,False,7,core_012__observed_calibration__episode_07,medium_shelf_life,high_inventory,uniform,medium_margin,moderate_disposal_cost,recovered_demand,recovered_target_response,0.39999999999999997,0.39999999999999997,0.9894736842105265,2.3500000000000005,1.360526315789474,0.0,0.0,0.0,1.0000000000000002,0.2,0.05,0.05,0,0.0,5,2.4736842105263164,-0.0,4.440892098500626e-16,1.1102230246251565e-16,0.0,1.0,0.0,0.0,0.0,0.0
core_012,selected_recovered_financial_ppo,ppo_cross_scenario_financial_policy,observed_calibration,recovered_calibration,True,True,0,core_012__observed_calibration__episode_00,medium_shelf_life,high_inventory,uniform,medium_margin,moderate_disposal_cost,recovered_demand,recovered_target_response,0.41949892999557425,0.41949892999557425,1.0377078794627366,2.3982341952522104,1.360526315789474,0.0,0.0,0.0,1.0000000000000002,0.5,0.025,0.05,0,0.0,2,2.4736842105263164,0.6931471805599453,4.440892098500626e-16,0.0,0.5,0.5,0.0,0.0,0.0,0.0
core_012,selected_recovered_financial_ppo,ppo_cross_scenario_financial_policy,observed_calibration,recovered_calibration,True,True,1,core_012__observed_calibration__episode_01,medium_shelf_life,high_inventory,uniform,medium_margin,moderate_disposal_cost,recovered_demand,recovered_target_response,0.39999999999999997,0.39999999999999997,0.9894736842105265,2.3500000000000005,1.360526315789474,0.0,0.0,0.0,1.0000000000000002,0.16666666666666666,0.05000000000000001,0.05,0,0.0,6,2.4736842105263164,-0.0,4.440892098500626e-16,0.0,0.0,1.0,0.0,0.0,0.0,0.0
core_012,selected_recovered_financial_ppo,ppo_cross_scenario_financial_policy,observed_calibration,recovered_calibration,True,True,2,core_012__observed_calibration__episode_02,medium_shelf_life,high_inventory,uniform,medium_margin,moderate_disposal_cost,recovered_demand,recovered_target_response,0.4,0.39999999999999997,0.9894736842105265,2.3500000000000005,1.360526315789474,0.0,0.0,0.0,1.0000000000000002,0.2,0.05,0.05,0,0.0,5,2.4736842105263164,-0.0,4.440892098500626e-16,0.0,0.0,1.0,0.0,0.0,0.0,0.0
core_012,selected_recovered_financial_ppo,ppo_cross_scenario_financial_policy,observed_calibration,recovered_calibration,True,True,3,core_012__observed_calibration__episode_03,medium_shelf_life,high_inventory,uniform,medium_margin,moderate_disposal_cost,recovered_demand,recovered_target_response,0.3999999999999999,0.3999999999999999,0.9894736842105264,2.3500000000000005,1.360526315789474,0.0,0.0,0.0,1.0,0.2,0.05,0.05,0,0.0,5,2.4736842105263164,-0.0,0.0,1.1102230246251565e-16,0.0,1.0,0.0,0.0,0.0,0.0
core_012,selected_recovered_financial_ppo,ppo_cross_scenario_financial_policy,observed_calibration,recovered_calibration,True,True,4,core_012__observed_calibration__episode_04,medium_shelf_life,high_inventory,uniform,medium_margin,moderate_disposal_cost,recovered_demand,recovered_target_response,0.39999999999999997,0.3999999999999999,0.9894736842105264,2.3500000000000005,1.360526315789474,0.0,0.0,0.0,1.0,0.2,0.05,0.05,0,0.0,5,2.4736842105263164,-0.0,0.0,0.0,0.0,1.0,0.0,0.0,0.0,0.0
core_012,selected_recovered_financial_ppo,ppo_cross_scenario_financial_policy,observed_calibration,recovered_calibration,True,True,5,core_012__observed_calibration__episode_05,medium_shelf_life,high_inventory,uniform,medium_margin,moderate_disposal_cost,recovered_demand,recovered_target_response,0.4,0.39999999999999997,0.9894736842105265,2.3500000000000005,1.360526315789474,0.0,0.0,0.0,1.0,0.25,0.05,0.05,0,0.0,4,2.4736842105263164,-0.0,0.0,0.0,0.0,1.0,0.0,0.0,0.0,0.0
core_012,selected_recovered_financial_ppo,ppo_cross_scenario_financial_policy,observed_calibration,recovered_calibration,True,True,6,core_012__observed_calibration__episode_06,medium_shelf_life,high_inventory,uniform,medium_margin,moderate_disposal_cost,recovered_demand,recovered_target_response,0.4,0.39999999999999997,0.9894736842105265,2.3500000000000005,1.360526315789474,0.0,0.0,0.0,1.0,0.25,0.05,0.05,0,0.0,4,2.4736842105263164,-0.0,0.0,0.0,0.0,1.0,0.0,0.0,0.0,0.0
core_012,selected_recovered_financial_ppo,ppo_cross_scenario_financial_policy,observed_calibration,recovered_calibration,True,True,7,core_012__observed_calibration__episode_07,medium_shelf_life,high_inventory,uniform,medium_margin,moderate_disposal_cost,recovered_demand,recovered_target_response,0.39999999999999997,0.39999999999999997,0.9894736842105265,2.3500000000000005,1.360526315789474,0.0,0.0,0.0,1.0000000000000002,0.2,0.05,0.05,0,0.0,5,2.4736842105263164,-0.0,4.440892098500626e-16,1.1102230246251565e-16,0.0,1.0,0.0,0.0,0.0,0.0
