scenario_id,policy,calibration_mode,reward_mode,lambda_waste,episode_index,initial_inventory,normalized_accounting_profit,raw_accounting_profit,episode_return,physical_waste_units,waste_rate,sell_through_rate,terminal_inventory,average_markdown,maximum_markdown,first_markdown_day,episode_length,stockout_rate,episode_conservation_error,raw_financial_sum_error,action_entropy,action_0_share,action_1_share,action_2_share,action_3_share,action_4_share,action_5_share,grid_type,shelf_life_class,inventory_coverage,age_profile,margin_scenario,disposal_scenario,demand_target,response_model
core_001,always_0pct,recovered_calibration,financial,0.1,0,0.7799272488431019,0.44999999999999996,0.3509672619793958,0.44999999999999996,0.0,0.0,1.0,0.0,0.0,0.0,-1,1,0.0,0.0,0.0,0.0,1.0,0.0,0.0,0.0,0.0,0.0,core,short_shelf_life,lean_inventory,uniform,medium_margin,moderate_disposal_cost,observed_sales_demand,observed_target_response
core_001,always_0pct,recovered_calibration,financial,0.1,1,0.7799272488431019,0.44999999999999996,0.3509672619793958,0.4499999999999999,0.0,0.0,1.0,0.0,0.0,0.0,-1,2,0.0,0.0,0.0,0.0,1.0,0.0,0.0,0.0,0.0,0.0,core,short_shelf_life,lean_inventory,uniform,medium_margin,moderate_disposal_cost,observed_sales_demand,observed_target_response
core_001,always_0pct,recovered_calibration,financial,0.1,2,0.7799272488431019,0.44999999999999996,0.3509672619793958,0.4499999999999999,0.0,0.0,1.0,0.0,0.0,0.0,-1,2,0.0,0.0,0.0,0.0,1.0,0.0,0.0,0.0,0.0,0.0,core,short_shelf_life,lean_inventory,uniform,medium_margin,moderate_disposal_cost,observed_sales_demand,observed_target_response
core_001,always_0pct,recovered_calibration,financial,0.1,3,0.7799272488431019,0.44999999999999996,0.3509672619793958,0.44999999999999996,0.0,0.0,1.0,0.0,0.0,0.0,-1,2,0.0,0.0,0.0,0.0,1.0,0.0,0.0,0.0,0.0,0.0,core,short_shelf_life,lean_inventory,uniform,medium_margin,moderate_disposal_cost,observed_sales_demand,observed_target_response
core_001,always_0pct,recovered_calibration,financial,0.1,4,0.7799272488431019,0.44999999999999996,0.3509672619793958,0.4499999999999999,0.0,0.0,1.0,0.0,0.0,0.0,-1,2,0.0,0.0,0.0,0.0,1.0,0.0,0.0,0.0,0.0,0.0,core,short_shelf_life,lean_inventory,uniform,medium_margin,moderate_disposal_cost,observed_sales_demand,observed_target_response
core_001,always_0pct,recovered_calibration,financial,0.1,5,0.7799272488431019,0.44999999999999996,0.3509672619793958,0.44999999999999996,0.0,0.0,1.0,0.0,0.0,0.0,-1,2,0.0,0.0,0.0,0.0,1.0,0.0,0.0,0.0,0.0,0.0,core,short_shelf_life,lean_inventory,uniform,medium_margin,moderate_disposal_cost,observed_sales_demand,observed_target_response
core_001,always_0pct,recovered_calibration,financial,0.1,6,0.7799272488431019,0.44999999999999996,0.3509672619793958,0.44999999999999996,0.0,0.0,1.0,0.0,0.0,0.0,-1,2,0.0,0.0,0.0,0.0,1.0,0.0,0.0,0.0,0.0,0.0,core,short_shelf_life,lean_inventory,uniform,medium_margin,moderate_disposal_cost,observed_sales_demand,observed_target_response
core_001,always_0pct,recovered_calibration,financial,0.1,7,0.7799272488431019,0.44999999999999996,0.3509672619793958,0.44999999999999996,0.0,0.0,1.0,0.0,0.0,0.0,-1,2,0.0,0.0,0.0,0.0,1.0,0.0,0.0,0.0,0.0,0.0,core,short_shelf_life,lean_inventory,uniform,medium_margin,moderate_disposal_cost,observed_sales_demand,observed_target_response
core_001,always_5pct,recovered_calibration,financial,0.1,0,0.7799272488431019,0.3999999999999999,0.3119708995372407,0.3999999999999999,0.0,0.0,1.0,0.0,0.0,0.05,0,1,0.0,0.0,0.0,0.0,0.0,1.0,0.0,0.0,0.0,0.0,core,short_shelf_life,lean_inventory,uniform,medium_margin,moderate_disposal_cost,observed_sales_demand,observed_target_response
core_001,always_5pct,recovered_calibration,financial,0.1,1,0.7799272488431019,0.39999999999999986,0.31197089953724066,0.39999999999999986,0.0,0.0,1.0,0.0,0.0,0.05,0,2,0.0,0.0,0.0,0.0,0.0,1.0,0.0,0.0,0.0,0.0,core,short_shelf_life,lean_inventory,uniform,medium_margin,moderate_disposal_cost,observed_sales_demand,observed_target_response
core_001,always_5pct,recovered_calibration,financial,0.1,2,0.7799272488431019,0.3999999999999999,0.3119708995372407,0.3999999999999999,0.0,0.0,1.0,0.0,0.0,0.05,0,2,0.0,0.0,0.0,0.0,0.0,1.0,0.0,0.0,0.0,0.0,core,short_shelf_life,lean_inventory,uniform,medium_margin,moderate_disposal_cost,observed_sales_demand,observed_target_response
core_001,always_5pct,recovered_calibration,financial,0.1,3,0.7799272488431019,0.3999999999999999,0.3119708995372407,0.3999999999999999,0.0,0.0,1.0,0.0,0.0,0.05,0,2,0.0,0.0,0.0,0.0,0.0,1.0,0.0,0.0,0.0,0.0,core,short_shelf_life,lean_inventory,uniform,medium_margin,moderate_disposal_cost,observed_sales_demand,observed_target_response
core_001,always_5pct,recovered_calibration,financial,0.1,4,0.7799272488431019,0.39999999999999986,0.31197089953724066,0.39999999999999986,0.0,0.0,1.0,0.0,0.0,0.05,0,2,0.0,0.0,0.0,0.0,0.0,1.0,0.0,0.0,0.0,0.0,core,short_shelf_life,lean_inventory,uniform,medium_margin,moderate_disposal_cost,observed_sales_demand,observed_target_response
core_001,always_5pct,recovered_calibration,financial,0.1,5,0.7799272488431019,0.39999999999999986,0.31197089953724066,0.39999999999999986,0.0,0.0,1.0,0.0,0.0,0.05,0,2,0.0,0.0,0.0,0.0,0.0,1.0,0.0,0.0,0.0,0.0,core,short_shelf_life,lean_inventory,uniform,medium_margin,moderate_disposal_cost,observed_sales_demand,observed_target_response
core_001,always_5pct,recovered_calibration,financial,0.1,6,0.7799272488431019,0.39999999999999986,0.31197089953724066,0.39999999999999986,0.0,0.0,1.0,0.0,0.0,0.05,0,2,0.0,0.0,0.0,0.0,0.0,1.0,0.0,0.0,0.0,0.0,core,short_shelf_life,lean_inventory,uniform,medium_margin,moderate_disposal_cost,observed_sales_demand,observed_target_response
core_001,always_5pct,recovered_calibration,financial,0.1,7,0.7799272488431019,0.3999999999999999,0.3119708995372407,0.3999999999999999,0.0,0.0,1.0,0.0,0.0,0.05,0,1,0.0,0.0,0.0,0.0,0.0,1.0,0.0,0.0,0.0,0.0,core,short_shelf_life,lean_inventory,uniform,medium_margin,moderate_disposal_cost,observed_sales_demand,observed_target_response
core_001,always_10pct,recovered_calibration,financial,0.1,0,0.7799272488431019,0.3499999999999999,0.2729745370950856,0.3499999999999999,0.0,0.0,1.0,0.0,0.0,0.1,0,1,0.0,0.0,0.0,0.0,0.0,0.0,1.0,0.0,0.0,0.0,core,short_shelf_life,lean_inventory,uniform,medium_margin,moderate_disposal_cost,observed_sales_demand,observed_target_response
core_001,always_10pct,recovered_calibration,financial,0.1,1,0.7799272488431019,0.3499999999999999,0.2729745370950856,0.3499999999999999,0.0,0.0,1.0,0.0,0.0,0.1,0,2,0.0,0.0,0.0,0.0,0.0,0.0,1.0,0.0,0.0,0.0,core,short_shelf_life,lean_inventory,uniform,medium_margin,moderate_disposal_cost,observed_sales_demand,observed_target_response
core_001,always_10pct,recovered_calibration,financial,0.1,2,0.7799272488431019,0.35,0.2729745370950857,0.35000000000000003,0.0,0.0,1.0,0.0,0.0,0.1,0,2,0.0,0.0,0.0,0.0,0.0,0.0,1.0,0.0,0.0,0.0,core,short_shelf_life,lean_inventory,uniform,medium_margin,moderate_disposal_cost,observed_sales_demand,observed_target_response
core_001,always_10pct,recovered_calibration,financial,0.1,3,0.7799272488431019,0.3499999999999999,0.2729745370950856,0.3499999999999999,0.0,0.0,1.0,0.0,0.0,0.1,0,2,0.0,0.0,0.0,0.0,0.0,0.0,1.0,0.0,0.0,0.0,core,short_shelf_life,lean_inventory,uniform,medium_margin,moderate_disposal_cost,observed_sales_demand,observed_target_response
core_001,always_10pct,recovered_calibration,financial,0.1,4,0.7799272488431019,0.35,0.2729745370950857,0.35,0.0,0.0,1.0,0.0,0.0,0.1,0,2,0.0,0.0,0.0,0.0,0.0,0.0,1.0,0.0,0.0,0.0,core,short_shelf_life,lean_inventory,uniform,medium_margin,moderate_disposal_cost,observed_sales_demand,observed_target_response
core_001,always_10pct,recovered_calibration,financial,0.1,5,0.7799272488431019,0.35,0.2729745370950857,0.3499999999999999,0.0,0.0,1.0,0.0,0.0,0.1,0,2,0.0,0.0,0.0,0.0,0.0,0.0,1.0,0.0,0.0,0.0,core,short_shelf_life,lean_inventory,uniform,medium_margin,moderate_disposal_cost,observed_sales_demand,observed_target_response
core_001,always_10pct,recovered_calibration,financial,0.1,6,0.7799272488431019,0.35,0.2729745370950857,0.35000000000000003,0.0,0.0,1.0,0.0,0.0,0.1,0,2,0.0,0.0,0.0,0.0,0.0,0.0,1.0,0.0,0.0,0.0,core,short_shelf_life,lean_inventory,uniform,medium_margin,moderate_disposal_cost,observed_sales_demand,observed_target_response
core_001,always_10pct,recovered_calibration,financial,0.1,7,0.7799272488431019,0.3499999999999999,0.2729745370950856,0.3499999999999999,0.0,0.0,1.0,0.0,0.0,0.1,0,1,0.0,0.0,0.0,0.0,0.0,0.0,1.0,0.0,0.0,0.0,core,short_shelf_life,lean_inventory,uniform,medium_margin,moderate_disposal_cost,observed_sales_demand,observed_target_response
core_001,always_20pct,recovered_calibration,financial,0.1,0,0.7799272488431019,0.24999999999999992,0.19498181221077543,0.24999999999999992,0.0,0.0,1.0,0.0,0.0,0.2,0,1,0.0,0.0,0.0,0.0,0.0,0.0,0.0,1.0,0.0,0.0,core,short_shelf_life,lean_inventory,uniform,medium_margin,moderate_disposal_cost,observed_sales_demand,observed_target_response
core_001,always_20pct,recovered_calibration,financial,0.1,1,0.7799272488431019,0.24999999999999992,0.19498181221077543,0.2499999999999999,0.0,0.0,1.0,0.0,0.0,0.2,0,2,0.0,0.0,0.0,0.0,0.0,0.0,0.0,1.0,0.0,0.0,core,short_shelf_life,lean_inventory,uniform,medium_margin,moderate_disposal_cost,observed_sales_demand,observed_target_response
core_001,always_20pct,recovered_calibration,financial,0.1,2,0.7799272488431019,0.24999999999999997,0.19498181221077546,0.24999999999999994,0.0,0.0,1.0,0.0,0.0,0.2,0,2,0.0,0.0,0.0,0.0,0.0,0.0,0.0,1.0,0.0,0.0,core,short_shelf_life,lean_inventory,uniform,medium_margin,moderate_disposal_cost,observed_sales_demand,observed_target_response
core_001,always_20pct,recovered_calibration,financial,0.1,3,0.7799272488431019,0.25,0.19498181221077548,0.25,0.0,0.0,1.0,0.0,0.0,0.2,0,2,0.0,0.0,0.0,0.0,0.0,0.0,0.0,1.0,0.0,0.0,core,short_shelf_life,lean_inventory,uniform,medium_margin,moderate_disposal_cost,observed_sales_demand,observed_target_response
core_001,always_20pct,recovered_calibration,financial,0.1,4,0.7799272488431019,0.24999999999999997,0.19498181221077546,0.24999999999999997,0.0,0.0,1.0,0.0,0.0,0.2,0,2,0.0,0.0,0.0,0.0,0.0,0.0,0.0,1.0,0.0,0.0,core,short_shelf_life,lean_inventory,uniform,medium_margin,moderate_disposal_cost,observed_sales_demand,observed_target_response
core_001,always_20pct,recovered_calibration,financial,0.1,5,0.7799272488431019,0.25,0.19498181221077548,0.25,0.0,0.0,1.0,0.0,0.0,0.2,0,2,0.0,0.0,0.0,0.0,0.0,0.0,0.0,1.0,0.0,0.0,core,short_shelf_life,lean_inventory,uniform,medium_margin,moderate_disposal_cost,observed_sales_demand,observed_target_response
core_001,always_20pct,recovered_calibration,financial,0.1,6,0.7799272488431019,0.25,0.19498181221077548,0.25,0.0,0.0,1.0,0.0,0.0,0.2,0,2,0.0,0.0,0.0,0.0,0.0,0.0,0.0,1.0,0.0,0.0,core,short_shelf_life,lean_inventory,uniform,medium_margin,moderate_disposal_cost,observed_sales_demand,observed_target_response
core_001,always_20pct,recovered_calibration,financial,0.1,7,0.7799272488431019,0.24999999999999992,0.19498181221077543,0.24999999999999992,0.0,0.0,1.0,0.0,0.0,0.2,0,1,0.0,0.0,0.0,0.0,0.0,0.0,0.0,1.0,0.0,0.0,core,short_shelf_life,lean_inventory,uniform,medium_margin,moderate_disposal_cost,observed_sales_demand,observed_target_response
core_001,always_40pct,recovered_calibration,financial,0.1,0,0.7799272488431019,0.049999999999999926,0.03899636244215504,0.049999999999999926,0.0,0.0,1.0,0.0,0.0,0.4,0,1,0.0,0.0,0.0,0.0,0.0,0.0,0.0,0.0,0.0,1.0,core,short_shelf_life,lean_inventory,uniform,medium_margin,moderate_disposal_cost,observed_sales_demand,observed_target_response
core_001,always_40pct,recovered_calibration,financial,0.1,1,0.7799272488431019,0.049999999999999926,0.03899636244215504,0.049999999999999926,0.0,0.0,1.0,0.0,0.0,0.4,0,1,0.0,0.0,0.0,0.0,0.0,0.0,0.0,0.0,0.0,1.0,core,short_shelf_life,lean_inventory,uniform,medium_margin,moderate_disposal_cost,observed_sales_demand,observed_target_response
core_001,always_40pct,recovered_calibration,financial,0.1,2,0.7799272488431019,0.049999999999999926,0.03899636244215504,0.049999999999999926,0.0,0.0,1.0,0.0,0.0,0.4,0,1,0.0,0.0,0.0,0.0,0.0,0.0,0.0,0.0,0.0,1.0,core,short_shelf_life,lean_inventory,uniform,medium_margin,moderate_disposal_cost,observed_sales_demand,observed_target_response
core_001,always_40pct,recovered_calibration,financial,0.1,3,0.7799272488431019,0.049999999999999926,0.03899636244215504,0.049999999999999926,0.0,0.0,1.0,0.0,0.0,0.4,0,1,0.0,0.0,0.0,0.0,0.0,0.0,0.0,0.0,0.0,1.0,core,short_shelf_life,lean_inventory,uniform,medium_margin,moderate_disposal_cost,observed_sales_demand,observed_target_response
core_001,always_40pct,recovered_calibration,financial,0.1,4,0.7799272488431019,0.049999999999999926,0.03899636244215504,0.049999999999999926,0.0,0.0,1.0,0.0,0.0,0.4,0,1,0.0,0.0,0.0,0.0,0.0,0.0,0.0,0.0,0.0,1.0,core,short_shelf_life,lean_inventory,uniform,medium_margin,moderate_disposal_cost,observed_sales_demand,observed_target_response
core_001,always_40pct,recovered_calibration,financial,0.1,5,0.7799272488431019,0.049999999999999926,0.03899636244215504,0.049999999999999926,0.0,0.0,1.0,0.0,0.0,0.4,0,1,0.0,0.0,0.0,0.0,0.0,0.0,0.0,0.0,0.0,1.0,core,short_shelf_life,lean_inventory,uniform,medium_margin,moderate_disposal_cost,observed_sales_demand,observed_target_response
core_001,always_40pct,recovered_calibration,financial,0.1,6,0.7799272488431019,0.049999999999999926,0.03899636244215504,0.049999999999999926,0.0,0.0,1.0,0.0,0.0,0.4,0,1,0.0,0.0,0.0,0.0,0.0,0.0,0.0,0.0,0.0,1.0,core,short_shelf_life,lean_inventory,uniform,medium_margin,moderate_disposal_cost,observed_sales_demand,observed_target_response
core_001,always_40pct,recovered_calibration,financial,0.1,7,0.7799272488431019,0.049999999999999926,0.03899636244215504,0.049999999999999926,0.0,0.0,1.0,0.0,0.0,0.4,0,1,0.0,0.0,0.0,0.0,0.0,0.0,0.0,0.0,0.0,1.0,core,short_shelf_life,lean_inventory,uniform,medium_margin,moderate_disposal_cost,observed_sales_demand,observed_target_response
core_001,expiry_threshold_rule,recovered_calibration,financial,0.1,0,0.7799272488431019,0.049999999999999926,0.03899636244215504,0.049999999999999926,0.0,0.0,1.0,0.0,0.0,0.4,0,1,0.0,0.0,0.0,0.0,0.0,0.0,0.0,0.0,0.0,1.0,core,short_shelf_life,lean_inventory,uniform,medium_margin,moderate_disposal_cost,observed_sales_demand,observed_target_response
core_001,expiry_threshold_rule,recovered_calibration,financial,0.1,1,0.7799272488431019,0.049999999999999926,0.03899636244215504,0.049999999999999926,0.0,0.0,1.0,0.0,0.0,0.4,0,1,0.0,0.0,0.0,0.0,0.0,0.0,0.0,0.0,0.0,1.0,core,short_shelf_life,lean_inventory,uniform,medium_margin,moderate_disposal_cost,observed_sales_demand,observed_target_response
core_001,expiry_threshold_rule,recovered_calibration,financial,0.1,2,0.7799272488431019,0.049999999999999926,0.03899636244215504,0.049999999999999926,0.0,0.0,1.0,0.0,0.0,0.4,0,1,0.0,0.0,0.0,0.0,0.0,0.0,0.0,0.0,0.0,1.0,core,short_shelf_life,lean_inventory,uniform,medium_margin,moderate_disposal_cost,observed_sales_demand,observed_target_response
core_001,expiry_threshold_rule,recovered_calibration,financial,0.1,3,0.7799272488431019,0.049999999999999926,0.03899636244215504,0.049999999999999926,0.0,0.0,1.0,0.0,0.0,0.4,0,1,0.0,0.0,0.0,0.0,0.0,0.0,0.0,0.0,0.0,1.0,core,short_shelf_life,lean_inventory,uniform,medium_margin,moderate_disposal_cost,observed_sales_demand,observed_target_response
core_001,expiry_threshold_rule,recovered_calibration,financial,0.1,4,0.7799272488431019,0.049999999999999926,0.03899636244215504,0.049999999999999926,0.0,0.0,1.0,0.0,0.0,0.4,0,1,0.0,0.0,0.0,0.0,0.0,0.0,0.0,0.0,0.0,1.0,core,short_shelf_life,lean_inventory,uniform,medium_margin,moderate_disposal_cost,observed_sales_demand,observed_target_response
core_001,expiry_threshold_rule,recovered_calibration,financial,0.1,5,0.7799272488431019,0.049999999999999926,0.03899636244215504,0.049999999999999926,0.0,0.0,1.0,0.0,0.0,0.4,0,1,0.0,0.0,0.0,0.0,0.0,0.0,0.0,0.0,0.0,1.0,core,short_shelf_life,lean_inventory,uniform,medium_margin,moderate_disposal_cost,observed_sales_demand,observed_target_response
core_001,expiry_threshold_rule,recovered_calibration,financial,0.1,6,0.7799272488431019,0.049999999999999926,0.03899636244215504,0.049999999999999926,0.0,0.0,1.0,0.0,0.0,0.4,0,1,0.0,0.0,0.0,0.0,0.0,0.0,0.0,0.0,0.0,1.0,core,short_shelf_life,lean_inventory,uniform,medium_margin,moderate_disposal_cost,observed_sales_demand,observed_target_response
core_001,expiry_threshold_rule,recovered_calibration,financial,0.1,7,0.7799272488431019,0.049999999999999926,0.03899636244215504,0.049999999999999926,0.0,0.0,1.0,0.0,0.0,0.4,0,1,0.0,0.0,0.0,0.0,0.0,0.0,0.0,0.0,0.0,1.0,core,short_shelf_life,lean_inventory,uniform,medium_margin,moderate_disposal_cost,observed_sales_demand,observed_target_response
core_001,inventory_coverage_rule,recovered_calibration,financial,0.1,0,0.7799272488431019,0.44999999999999996,0.3509672619793958,0.44999999999999996,0.0,0.0,1.0,0.0,0.0,0.0,-1,1,0.0,0.0,0.0,0.0,1.0,0.0,0.0,0.0,0.0,0.0,core,short_shelf_life,lean_inventory,uniform,medium_margin,moderate_disposal_cost,observed_sales_demand,observed_target_response
core_001,inventory_coverage_rule,recovered_calibration,financial,0.1,1,0.7799272488431019,0.20714659443102765,0.1615592735018092,0.20714659443102765,0.0,0.0,1.0,0.0,0.0,0.3,0,2,0.0,0.0,0.0,0.6931471805599453,0.5,0.0,0.0,0.0,0.5,0.0,core,short_shelf_life,lean_inventory,uniform,medium_margin,moderate_disposal_cost,observed_sales_demand,observed_target_response
core_001,inventory_coverage_rule,recovered_calibration,financial,0.1,2,0.7799272488431019,0.19291954297712785,0.15046320840221988,0.19291954297712782,0.0,0.0,1.0,0.0,0.0,0.3,0,2,0.0,0.0,0.0,0.6931471805599453,0.5,0.0,0.0,0.0,0.5,0.0,core,short_shelf_life,lean_inventory,uniform,medium_margin,moderate_disposal_cost,observed_sales_demand,observed_target_response
core_001,inventory_coverage_rule,recovered_calibration,financial,0.1,3,0.7799272488431019,0.1908243043700294,0.14882907471971574,0.1908243043700294,0.0,0.0,1.0,0.0,0.0,0.3,0,2,0.0,0.0,0.0,0.6931471805599453,0.5,0.0,0.0,0.0,0.5,0.0,core,short_shelf_life,lean_inventory,uniform,medium_margin,moderate_disposal_cost,observed_sales_demand,observed_target_response
core_001,inventory_coverage_rule,recovered_calibration,financial,0.1,4,0.7799272488431019,0.19234081351084006,0.15001184152175362,0.19234081351084006,0.0,0.0,1.0,0.0,0.0,0.3,0,2,0.0,0.0,0.0,0.6931471805599453,0.5,0.0,0.0,0.0,0.5,0.0,core,short_shelf_life,lean_inventory,uniform,medium_margin,moderate_disposal_cost,observed_sales_demand,observed_target_response
core_001,inventory_coverage_rule,recovered_calibration,financial,0.1,5,0.7799272488431019,0.18294201966070867,0.14268146609177718,0.18294201966070867,0.0,0.0,1.0,0.0,0.0,0.3,0,2,0.0,0.0,0.0,0.6931471805599453,0.5,0.0,0.0,0.0,0.5,0.0,core,short_shelf_life,lean_inventory,uniform,medium_margin,moderate_disposal_cost,observed_sales_demand,observed_target_response
core_001,inventory_coverage_rule,recovered_calibration,financial,0.1,6,0.7799272488431019,0.25982368796245275,0.20264357413682438,0.2598236879624528,0.0,0.0,1.0,0.0,0.0,0.2,0,2,0.0,0.0,0.0,0.6931471805599453,0.5,0.0,0.0,0.5,0.0,0.0,core,short_shelf_life,lean_inventory,uniform,medium_margin,moderate_disposal_cost,observed_sales_demand,observed_target_response
core_001,inventory_coverage_rule,recovered_calibration,financial,0.1,7,0.7799272488431019,0.24999999999999992,0.19498181221077543,0.24999999999999992,0.0,0.0,1.0,0.0,0.0,0.2,0,1,0.0,0.0,0.0,0.0,0.0,0.0,0.0,1.0,0.0,0.0,core,short_shelf_life,lean_inventory,uniform,medium_margin,moderate_disposal_cost,observed_sales_demand,observed_target_response
core_002,always_0pct,recovered_calibration,financial,0.1,0,1.5598544976862039,0.44999999999999996,0.7019345239587916,0.44999999999999996,0.0,0.0,1.0,0.0,0.0,0.0,-1,1,0.0,0.0,0.0,0.0,1.0,0.0,0.0,0.0,0.0,0.0,core,short_shelf_life,balanced_inventory,uniform,medium_margin,moderate_disposal_cost,observed_sales_demand,observed_target_response
core_002,always_0pct,recovered_calibration,financial,0.1,1,1.5598544976862039,0.28684780768792717,0.44744084297344044,0.2868478076879271,0.24237493427176304,0.15538304029721214,0.8446169597027879,0.0,0.0,0.0,-1,3,0.0,1.1102230246251565e-16,0.0,0.0,1.0,0.0,0.0,0.0,0.0,0.0,core,short_shelf_life,balanced_inventory,uniform,medium_margin,moderate_disposal_cost,observed_sales_demand,observed_target_response
core_002,always_0pct,recovered_calibration,financial,0.1,2,1.5598544976862039,0.3137348640412255,0.48938073875567534,0.3137348640412255,0.2024321763839203,0.12977631996073752,0.8702236800392624,0.0,0.0,0.0,-1,3,0.0,0.0,0.0,0.0,1.0,0.0,0.0,0.0,0.0,0.0,core,short_shelf_life,balanced_inventory,uniform,medium_margin,moderate_disposal_cost,observed_sales_demand,observed_target_response
core_002,always_0pct,recovered_calibration,financial,0.1,3,1.5598544976862039,0.356760202095313,0.556494005833813,0.356760202095313,0.13851477916664623,0.08879980752827324,0.9112001924717267,0.0,0.0,0.0,-1,3,0.0,1.1102230246251565e-16,0.0,0.0,1.0,0.0,0.0,0.0,0.0,0.0,core,short_shelf_life,balanced_inventory,uniform,medium_margin,moderate_disposal_cost,observed_sales_demand,observed_target_response
core_002,always_0pct,recovered_calibration,financial,0.1,4,1.5598544976862039,0.3985328213921704,0.6216532139241495,0.39853282139217033,0.07645839050918296,0.04901636057888529,0.9509836394211147,0.0,0.0,0.0,-1,3,0.0,5.551115123125783e-17,0.0,0.0,1.0,0.0,0.0,0.0,0.0,0.0,core,short_shelf_life,balanced_inventory,uniform,medium_margin,moderate_disposal_cost,observed_sales_demand,observed_target_response
core_002,always_0pct,recovered_calibration,financial,0.1,5,1.5598544976862039,0.44437470221091585,0.6931598779016646,0.4443747022109158,0.008356805768692466,0.005357426465794379,0.9946425735342056,0.0,0.0,0.0,-1,3,0.0,0.0,0.0,0.0,1.0,0.0,0.0,0.0,0.0,0.0,core,short_shelf_life,balanced_inventory,uniform,medium_margin,moderate_disposal_cost,observed_sales_demand,observed_target_response
core_002,always_0pct,recovered_calibration,financial,0.1,6,1.5598544976862039,0.44999999999999996,0.7019345239587916,0.4499999999999999,0.0,0.0,1.0,0.0,0.0,0.0,-1,3,0.0,0.0,0.0,0.0,1.0,0.0,0.0,0.0,0.0,0.0,core,short_shelf_life,balanced_inventory,uniform,medium_margin,moderate_disposal_cost,observed_sales_demand,observed_target_response
core_002,always_0pct,recovered_calibration,financial,0.1,7,1.5598544976862039,0.44999999999999996,0.7019345239587916,0.44999999999999996,0.0,0.0,1.0,0.0,0.0,0.0,-1,3,0.0,0.0,0.0,0.0,1.0,0.0,0.0,0.0,0.0,0.0,core,short_shelf_life,balanced_inventory,uniform,medium_margin,moderate_disposal_cost,observed_sales_demand,observed_target_response
core_002,always_5pct,recovered_calibration,financial,0.1,0,1.5598544976862039,0.3999999999999999,0.6239417990744814,0.3999999999999999,0.0,0.0,1.0,0.0,0.0,0.05,0,1,0.0,0.0,0.0,0.0,0.0,1.0,0.0,0.0,0.0,0.0,core,short_shelf_life,balanced_inventory,uniform,medium_margin,moderate_disposal_cost,observed_sales_demand,observed_target_response
core_002,always_5pct,recovered_calibration,financial,0.1,1,1.5598544976862039,0.28050570693161714,0.4375480885839311,0.28050570693161714,0.1863937104905503,0.11949429306838281,0.8805057069316172,0.0,0.0,0.05,0,3,0.0,1.1102230246251565e-16,0.0,0.0,0.0,1.0,0.0,0.0,0.0,0.0,core,short_shelf_life,balanced_inventory,uniform,medium_margin,moderate_disposal_cost,observed_sales_demand,observed_target_response
core_002,always_5pct,recovered_calibration,financial,0.1,2,1.5598544976862039,0.3253026440151338,0.5074247923762205,0.3253026440151337,0.11651700669826098,0.07469735598486618,0.9253026440151337,0.0,0.0,0.05,0,3,0.0,5.551115123125783e-17,0.0,0.0,0.0,1.0,0.0,0.0,0.0,0.0,core,short_shelf_life,balanced_inventory,uniform,medium_margin,moderate_disposal_cost,observed_sales_demand,observed_target_response
core_002,always_5pct,recovered_calibration,financial,0.1,3,1.5598544976862039,0.36089277376080814,0.5629402163332462,0.3608927737608081,0.06100158274123524,0.039107226239191786,0.9608927737608082,0.0,0.0,0.05,0,3,0.0,1.1102230246251565e-16,0.0,0.0,0.0,1.0,0.0,0.0,0.0,0.0,core,short_shelf_life,balanced_inventory,uniform,medium_margin,moderate_disposal_cost,observed_sales_demand,observed_target_response
core_002,always_5pct,recovered_calibration,financial,0.1,4,1.5598544976862039,0.39023796246913384,0.6087144409253784,0.3902379624691339,0.01522735814910292,0.009762037530866043,0.990237962469134,0.0,0.0,0.05,0,3,0.0,0.0,0.0,0.0,0.0,1.0,0.0,0.0,0.0,0.0,core,short_shelf_life,balanced_inventory,uniform,medium_margin,moderate_disposal_cost,observed_sales_demand,observed_target_response
core_002,always_5pct,recovered_calibration,financial,0.1,5,1.5598544976862039,0.39999999999999986,0.6239417990744813,0.39999999999999986,0.0,0.0,1.0,0.0,0.0,0.05,0,3,0.0,0.0,0.0,0.0,0.0,1.0,0.0,0.0,0.0,0.0,core,short_shelf_life,balanced_inventory,uniform,medium_margin,moderate_disposal_cost,observed_sales_demand,observed_target_response
core_002,always_5pct,recovered_calibration,financial,0.1,6,1.5598544976862039,0.39999999999999986,0.6239417990744813,0.3999999999999999,0.0,0.0,1.0,0.0,0.0,0.05,0,2,0.0,0.0,0.0,0.0,0.0,1.0,0.0,0.0,0.0,0.0,core,short_shelf_life,balanced_inventory,uniform,medium_margin,moderate_disposal_cost,observed_sales_demand,observed_target_response
core_002,always_5pct,recovered_calibration,financial,0.1,7,1.5598544976862039,0.39999999999999986,0.6239417990744813,0.3999999999999999,0.0,0.0,1.0,0.0,0.0,0.05,0,3,0.0,0.0,0.0,0.0,0.0,1.0,0.0,0.0,0.0,0.0,core,short_shelf_life,balanced_inventory,uniform,medium_margin,moderate_disposal_cost,observed_sales_demand,observed_target_response
core_002,always_10pct,recovered_calibration,financial,0.1,0,1.5598544976862039,0.3499999999999999,0.5459490741901712,0.3499999999999999,0.0,0.0,1.0,0.0,0.0,0.1,0,1,0.0,0.0,0.0,0.0,0.0,0.0,1.0,0.0,0.0,0.0,core,short_shelf_life,balanced_inventory,uniform,medium_margin,moderate_disposal_cost,observed_sales_demand,observed_target_response
core_002,always_10pct,recovered_calibration,financial,0.1,1,1.5598544976862039,0.2125614245067863,0.3315648940514971,0.21256142450678628,0.2256675580407097,0.1446721847296986,0.8553278152703014,0.0,0.0,0.1,0,3,0.0,0.0,0.0,0.0,0.0,0.0,1.0,0.0,0.0,0.0,core,short_shelf_life,balanced_inventory,uniform,medium_margin,moderate_disposal_cost,observed_sales_demand,observed_target_response
core_002,always_10pct,recovered_calibration,financial,0.1,2,1.5598544976862039,0.24964445588879766,0.38940902734056615,0.24964445588879763,0.16477899668379486,0.10563741485389715,0.8943625851461028,0.0,0.0,0.1,0,3,0.0,5.551115123125783e-17,0.0,0.0,0.0,0.0,1.0,0.0,0.0,0.0,core,short_shelf_life,balanced_inventory,uniform,medium_margin,moderate_disposal_cost,observed_sales_demand,observed_target_response
core_002,always_10pct,recovered_calibration,financial,0.1,3,1.5598544976862039,0.2866065794426564,0.4470645620100859,0.2866065794426564,0.10408896018956348,0.06672991637615105,0.933270083623849,0.0,0.0,0.1,0,3,0.0,1.1102230246251565e-16,0.0,0.0,0.0,0.0,1.0,0.0,0.0,0.0,core,short_shelf_life,balanced_inventory,uniform,medium_margin,moderate_disposal_cost,observed_sales_demand,observed_target_response
core_002,always_10pct,recovered_calibration,financial,0.1,4,1.5598544976862039,0.32313521326976274,0.5040439157796301,0.3231352132697628,0.044110693063727446,0.028278722873933848,0.9717212771260662,0.0,0.0,0.1,0,3,0.0,5.551115123125783e-17,0.0,0.0,0.0,0.0,1.0,0.0,0.0,0.0,core,short_shelf_life,balanced_inventory,uniform,medium_margin,moderate_disposal_cost,observed_sales_demand,observed_target_response
core_002,always_10pct,recovered_calibration,financial,0.1,5,1.5598544976862039,0.35,0.5459490741901714,0.35000000000000003,0.0,0.0,1.0,0.0,0.0,0.1,0,3,0.0,0.0,0.0,0.0,0.0,0.0,1.0,0.0,0.0,0.0,core,short_shelf_life,balanced_inventory,uniform,medium_margin,moderate_disposal_cost,observed_sales_demand,observed_target_response
core_002,always_10pct,recovered_calibration,financial,0.1,6,1.5598544976862039,0.35,0.5459490741901714,0.35,0.0,0.0,1.0,0.0,0.0,0.1,0,3,0.0,0.0,0.0,0.0,0.0,0.0,1.0,0.0,0.0,0.0,core,short_shelf_life,balanced_inventory,uniform,medium_margin,moderate_disposal_cost,observed_sales_demand,observed_target_response
core_002,always_10pct,recovered_calibration,financial,0.1,7,1.5598544976862039,0.3499999999999999,0.5459490741901712,0.35,0.0,0.0,1.0,0.0,0.0,0.1,0,3,0.0,0.0,0.0,0.0,0.0,0.0,1.0,0.0,0.0,0.0,core,short_shelf_life,balanced_inventory,uniform,medium_margin,moderate_disposal_cost,observed_sales_demand,observed_target_response
core_002,always_20pct,recovered_calibration,financial,0.1,0,1.5598544976862039,0.24999999999999992,0.38996362442155086,0.24999999999999992,0.0,0.0,1.0,0.0,0.0,0.2,0,1,0.0,0.0,0.0,0.0,0.0,0.0,0.0,1.0,0.0,0.0,core,short_shelf_life,balanced_inventory,uniform,medium_margin,moderate_disposal_cost,observed_sales_demand,observed_target_response
core_002,always_20pct,recovered_calibration,financial,0.1,1,1.5598544976862039,0.23049264802361125,0.3595349937032331,0.23049264802361125,0.035798389080373916,0.022949825854574984,0.977050174145425,0.0,0.0,0.2,0,3,0.0,0.0,0.0,0.0,0.0,0.0,0.0,1.0,0.0,0.0,core,short_shelf_life,balanced_inventory,uniform,medium_margin,moderate_disposal_cost,observed_sales_demand,observed_target_response
core_002,always_20pct,recovered_calibration,financial,0.1,2,1.5598544976862039,0.24999999999999997,0.3899636244215509,0.24999999999999994,0.0,0.0,1.0,0.0,0.0,0.2,0,3,0.0,0.0,0.0,0.0,0.0,0.0,0.0,1.0,0.0,0.0,core,short_shelf_life,balanced_inventory,uniform,medium_margin,moderate_disposal_cost,observed_sales_demand,observed_target_response
core_002,always_20pct,recovered_calibration,financial,0.1,3,1.5598544976862039,0.24999999999999997,0.3899636244215509,0.24999999999999994,0.0,0.0,1.0,0.0,0.0,0.2,0,3,0.0,0.0,0.0,0.0,0.0,0.0,0.0,1.0,0.0,0.0,core,short_shelf_life,balanced_inventory,uniform,medium_margin,moderate_disposal_cost,observed_sales_demand,observed_target_response
core_002,always_20pct,recovered_calibration,financial,0.1,4,1.5598544976862039,0.24999999999999997,0.3899636244215509,0.24999999999999994,0.0,0.0,1.0,0.0,0.0,0.2,0,3,0.0,0.0,0.0,0.0,0.0,0.0,0.0,1.0,0.0,0.0,core,short_shelf_life,balanced_inventory,uniform,medium_margin,moderate_disposal_cost,observed_sales_demand,observed_target_response
core_002,always_20pct,recovered_calibration,financial,0.1,5,1.5598544976862039,0.25,0.38996362442155097,0.25,0.0,0.0,1.0,0.0,0.0,0.2,0,3,0.0,0.0,0.0,0.0,0.0,0.0,0.0,1.0,0.0,0.0,core,short_shelf_life,balanced_inventory,uniform,medium_margin,moderate_disposal_cost,observed_sales_demand,observed_target_response
core_002,always_20pct,recovered_calibration,financial,0.1,6,1.5598544976862039,0.25,0.38996362442155097,0.24999999999999997,0.0,0.0,1.0,0.0,0.0,0.2,0,3,0.0,0.0,0.0,0.0,0.0,0.0,0.0,1.0,0.0,0.0,core,short_shelf_life,balanced_inventory,uniform,medium_margin,moderate_disposal_cost,observed_sales_demand,observed_target_response
core_002,always_20pct,recovered_calibration,financial,0.1,7,1.5598544976862039,0.24999999999999997,0.3899636244215509,0.24999999999999994,0.0,0.0,1.0,0.0,0.0,0.2,0,3,0.0,0.0,0.0,0.0,0.0,0.0,0.0,1.0,0.0,0.0,core,short_shelf_life,balanced_inventory,uniform,medium_margin,moderate_disposal_cost,observed_sales_demand,observed_target_response
core_002,always_40pct,recovered_calibration,financial,0.1,0,1.5598544976862039,0.049999999999999926,0.07799272488431008,0.049999999999999926,0.0,0.0,1.0,0.0,0.0,0.4,0,1,0.0,0.0,0.0,0.0,0.0,0.0,0.0,0.0,0.0,1.0,core,short_shelf_life,balanced_inventory,uniform,medium_margin,moderate_disposal_cost,observed_sales_demand,observed_target_response
core_002,always_40pct,recovered_calibration,financial,0.1,1,1.5598544976862039,0.049999999999999926,0.07799272488431008,0.049999999999999906,0.0,0.0,1.0,0.0,0.0,0.4,0,2,0.0,0.0,0.0,0.0,0.0,0.0,0.0,0.0,0.0,1.0,core,short_shelf_life,balanced_inventory,uniform,medium_margin,moderate_disposal_cost,observed_sales_demand,observed_target_response
core_002,always_40pct,recovered_calibration,financial,0.1,2,1.5598544976862039,0.04999999999999989,0.07799272488431003,0.04999999999999988,0.0,0.0,1.0,0.0,0.0,0.4,0,2,0.0,0.0,0.0,0.0,0.0,0.0,0.0,0.0,0.0,1.0,core,short_shelf_life,balanced_inventory,uniform,medium_margin,moderate_disposal_cost,observed_sales_demand,observed_target_response
core_002,always_40pct,recovered_calibration,financial,0.1,3,1.5598544976862039,0.04999999999999989,0.07799272488431003,0.049999999999999906,0.0,0.0,1.0,0.0,0.0,0.4,0,2,0.0,0.0,0.0,0.0,0.0,0.0,0.0,0.0,0.0,1.0,core,short_shelf_life,balanced_inventory,uniform,medium_margin,moderate_disposal_cost,observed_sales_demand,observed_target_response
core_002,always_40pct,recovered_calibration,financial,0.1,4,1.5598544976862039,0.049999999999999926,0.07799272488431008,0.04999999999999993,0.0,0.0,1.0,0.0,0.0,0.4,0,2,0.0,0.0,0.0,0.0,0.0,0.0,0.0,0.0,0.0,1.0,core,short_shelf_life,balanced_inventory,uniform,medium_margin,moderate_disposal_cost,observed_sales_demand,observed_target_response
core_002,always_40pct,recovered_calibration,financial,0.1,5,1.5598544976862039,0.04999999999999989,0.07799272488431003,0.049999999999999906,0.0,0.0,1.0,0.0,0.0,0.4,0,2,0.0,0.0,0.0,0.0,0.0,0.0,0.0,0.0,0.0,1.0,core,short_shelf_life,balanced_inventory,uniform,medium_margin,moderate_disposal_cost,observed_sales_demand,observed_target_response
core_002,always_40pct,recovered_calibration,financial,0.1,6,1.5598544976862039,0.049999999999999926,0.07799272488431008,0.04999999999999993,0.0,0.0,1.0,0.0,0.0,0.4,0,2,0.0,0.0,0.0,0.0,0.0,0.0,0.0,0.0,0.0,1.0,core,short_shelf_life,balanced_inventory,uniform,medium_margin,moderate_disposal_cost,observed_sales_demand,observed_target_response
core_002,always_40pct,recovered_calibration,financial,0.1,7,1.5598544976862039,0.049999999999999926,0.07799272488431008,0.04999999999999993,0.0,0.0,1.0,0.0,0.0,0.4,0,2,0.0,0.0,0.0,0.0,0.0,0.0,0.0,0.0,0.0,1.0,core,short_shelf_life,balanced_inventory,uniform,medium_margin,moderate_disposal_cost,observed_sales_demand,observed_target_response
core_002,expiry_threshold_rule,recovered_calibration,financial,0.1,0,1.5598544976862039,0.049999999999999926,0.07799272488431008,0.049999999999999926,0.0,0.0,1.0,0.0,0.0,0.4,0,1,0.0,0.0,0.0,0.0,0.0,0.0,0.0,0.0,0.0,1.0,core,short_shelf_life,balanced_inventory,uniform,medium_margin,moderate_disposal_cost,observed_sales_demand,observed_target_response
core_002,expiry_threshold_rule,recovered_calibration,financial,0.1,1,1.5598544976862039,0.049999999999999926,0.07799272488431008,0.049999999999999906,0.0,0.0,1.0,0.0,0.0,0.4,0,2,0.0,0.0,0.0,0.0,0.0,0.0,0.0,0.0,0.0,1.0,core,short_shelf_life,balanced_inventory,uniform,medium_margin,moderate_disposal_cost,observed_sales_demand,observed_target_response
core_002,expiry_threshold_rule,recovered_calibration,financial,0.1,2,1.5598544976862039,0.04999999999999989,0.07799272488431003,0.04999999999999988,0.0,0.0,1.0,0.0,0.0,0.4,0,2,0.0,0.0,0.0,0.0,0.0,0.0,0.0,0.0,0.0,1.0,core,short_shelf_life,balanced_inventory,uniform,medium_margin,moderate_disposal_cost,observed_sales_demand,observed_target_response
core_002,expiry_threshold_rule,recovered_calibration,financial,0.1,3,1.5598544976862039,0.04999999999999989,0.07799272488431003,0.049999999999999906,0.0,0.0,1.0,0.0,0.0,0.4,0,2,0.0,0.0,0.0,0.0,0.0,0.0,0.0,0.0,0.0,1.0,core,short_shelf_life,balanced_inventory,uniform,medium_margin,moderate_disposal_cost,observed_sales_demand,observed_target_response
core_002,expiry_threshold_rule,recovered_calibration,financial,0.1,4,1.5598544976862039,0.049999999999999926,0.07799272488431008,0.04999999999999993,0.0,0.0,1.0,0.0,0.0,0.4,0,2,0.0,0.0,0.0,0.0,0.0,0.0,0.0,0.0,0.0,1.0,core,short_shelf_life,balanced_inventory,uniform,medium_margin,moderate_disposal_cost,observed_sales_demand,observed_target_response
core_002,expiry_threshold_rule,recovered_calibration,financial,0.1,5,1.5598544976862039,0.04999999999999989,0.07799272488431003,0.049999999999999906,0.0,0.0,1.0,0.0,0.0,0.4,0,2,0.0,0.0,0.0,0.0,0.0,0.0,0.0,0.0,0.0,1.0,core,short_shelf_life,balanced_inventory,uniform,medium_margin,moderate_disposal_cost,observed_sales_demand,observed_target_response
core_002,expiry_threshold_rule,recovered_calibration,financial,0.1,6,1.5598544976862039,0.049999999999999926,0.07799272488431008,0.04999999999999993,0.0,0.0,1.0,0.0,0.0,0.4,0,2,0.0,0.0,0.0,0.0,0.0,0.0,0.0,0.0,0.0,1.0,core,short_shelf_life,balanced_inventory,uniform,medium_margin,moderate_disposal_cost,observed_sales_demand,observed_target_response
core_002,expiry_threshold_rule,recovered_calibration,financial,0.1,7,1.5598544976862039,0.049999999999999926,0.07799272488431008,0.04999999999999993,0.0,0.0,1.0,0.0,0.0,0.4,0,2,0.0,0.0,0.0,0.0,0.0,0.0,0.0,0.0,0.0,1.0,core,short_shelf_life,balanced_inventory,uniform,medium_margin,moderate_disposal_cost,observed_sales_demand,observed_target_response
core_002,inventory_coverage_rule,recovered_calibration,financial,0.1,0,1.5598544976862039,0.24999999999999992,0.38996362442155086,0.24999999999999992,0.0,0.0,1.0,0.0,0.0,0.2,0,1,0.0,0.0,0.0,0.0,0.0,0.0,0.0,1.0,0.0,0.0,core,short_shelf_life,balanced_inventory,uniform,medium_margin,moderate_disposal_cost,observed_sales_demand,observed_target_response
core_002,inventory_coverage_rule,recovered_calibration,financial,0.1,1,1.5598544976862039,0.20089224466443112,0.31336267139009016,0.20089224466443112,0.0,0.0,1.0,0.0,0.0,0.3,0,3,0.0,0.0,0.0,0.6365141682948128,0.3333333333333333,0.0,0.0,0.0,0.6666666666666666,0.0,core,short_shelf_life,balanced_inventory,uniform,medium_margin,moderate_disposal_cost,observed_sales_demand,observed_target_response
core_002,inventory_coverage_rule,recovered_calibration,financial,0.1,2,1.5598544976862039,0.19437828175383443,0.3032018370462348,0.19437828175383443,0.0,0.0,1.0,0.0,0.0,0.3,0,3,0.0,0.0,0.0,0.6365141682948128,0.3333333333333333,0.0,0.0,0.0,0.6666666666666666,0.0,core,short_shelf_life,balanced_inventory,uniform,medium_margin,moderate_disposal_cost,observed_sales_demand,observed_target_response
core_002,inventory_coverage_rule,recovered_calibration,financial,0.1,3,1.5598544976862039,0.1957271718763633,0.305305909370746,0.19572717187636332,0.0,0.0,1.0,0.0,0.0,0.3,0,3,0.0,0.0,0.0,0.6365141682948128,0.3333333333333333,0.0,0.0,0.0,0.6666666666666666,0.0,core,short_shelf_life,balanced_inventory,uniform,medium_margin,moderate_disposal_cost,observed_sales_demand,observed_target_response
core_002,inventory_coverage_rule,recovered_calibration,financial,0.1,4,1.5598544976862039,0.18995530272984845,0.29630263332249857,0.18995530272984845,0.0,0.0,1.0,0.0,0.0,0.3,0,3,0.0,0.0,0.0,0.6365141682948128,0.3333333333333333,0.0,0.0,0.0,0.6666666666666666,0.0,core,short_shelf_life,balanced_inventory,uniform,medium_margin,moderate_disposal_cost,observed_sales_demand,observed_target_response
core_002,inventory_coverage_rule,recovered_calibration,financial,0.1,5,1.5598544976862039,0.15675047620548704,0.24450793532358323,0.15675047620548702,0.0,0.0,1.0,0.0,0.0,0.3,0,3,0.0,0.0,0.0,0.6365141682948128,0.3333333333333333,0.0,0.0,0.0,0.6666666666666666,0.0,core,short_shelf_life,balanced_inventory,uniform,medium_margin,moderate_disposal_cost,observed_sales_demand,observed_target_response
core_002,inventory_coverage_rule,recovered_calibration,financial,0.1,6,1.5598544976862039,0.19781113282459634,0.30855658522884966,0.19781113282459636,0.0,0.0,1.0,0.0,0.0,0.3,0,2,0.0,0.0,0.0,0.6931471805599453,0.0,0.0,0.0,0.5,0.5,0.0,core,short_shelf_life,balanced_inventory,uniform,medium_margin,moderate_disposal_cost,observed_sales_demand,observed_target_response
core_002,inventory_coverage_rule,recovered_calibration,financial,0.1,7,1.5598544976862039,0.20375101801919113,0.31782194186537804,0.2037510180191911,0.0,0.0,1.0,0.0,0.0,0.3,0,3,0.0,0.0,0.0,1.0986122886681096,0.3333333333333333,0.0,0.0,0.3333333333333333,0.3333333333333333,0.0,core,short_shelf_life,balanced_inventory,uniform,medium_margin,moderate_disposal_cost,observed_sales_demand,observed_target_response
core_003,always_0pct,recovered_calibration,financial,0.1,0,3.1197089953724078,0.44999999999999996,1.4038690479175833,0.4499999999999999,0.0,0.0,1.0,0.0,0.0,0.0,-1,3,0.0,0.0,0.0,0.0,1.0,0.0,0.0,0.0,0.0,0.0,core,short_shelf_life,high_inventory,uniform,medium_margin,moderate_disposal_cost,observed_sales_demand,observed_target_response
core_003,always_0pct,recovered_calibration,financial,0.1,1,3.1197089953724078,-0.15219932794739763,-0.47481761248713145,-0.15219932794739757,1.789225390861633,0.5735231694737118,0.4264768305262881,0.0,0.0,0.0,-1,3,0.0,0.0,0.0,0.0,1.0,0.0,0.0,0.0,0.0,0.0,core,short_shelf_life,high_inventory,uniform,medium_margin,moderate_disposal_cost,observed_sales_demand,observed_target_response
core_003,always_0pct,recovered_calibration,financial,0.1,2,3.1197089953724078,-0.1358956767616695,-0.4239549652256014,-0.13589567676166947,1.7407847744220806,0.5579958826301613,0.4420041173698387,0.0,0.0,0.0,-1,3,0.0,0.0,5.551115123125783e-17,0.0,1.0,0.0,0.0,0.0,0.0,0.0,core,short_shelf_life,high_inventory,uniform,medium_margin,moderate_disposal_cost,observed_sales_demand,observed_target_response
core_003,always_0pct,recovered_calibration,financial,0.1,3,3.1197089953724078,-0.11493563925180866,-0.35856574766274546,-0.11493563925180864,1.6785093291241227,0.5380339421445797,0.4619660578554204,0.0,0.0,0.0,-1,3,0.0,0.0,5.551115123125783e-17,0.0,1.0,0.0,0.0,0.0,0.0,0.0,core,short_shelf_life,high_inventory,uniform,medium_margin,moderate_disposal_cost,observed_sales_demand,observed_target_response
core_003,always_0pct,recovered_calibration,financial,0.1,4,3.1197089953724078,-0.03214982733397283,-0.10029810553346474,-0.03214982733397284,1.4325401461438552,0.4591903117466407,0.5408096882533593,0.0,0.0,0.0,-1,3,0.0,0.0,0.0,0.0,1.0,0.0,0.0,0.0,0.0,0.0,core,short_shelf_life,high_inventory,uniform,medium_margin,moderate_disposal_cost,observed_sales_demand,observed_target_response
core_003,always_0pct,recovered_calibration,financial,0.1,5,3.1197089953724078,0.07844600142737151,0.24472869630396765,0.07844600142737151,1.1039431920129672,0.35386095102155085,0.6461390489784491,0.0,0.0,0.0,-1,3,0.0,2.220446049250313e-16,0.0,0.0,1.0,0.0,0.0,0.0,0.0,0.0,core,short_shelf_life,high_inventory,uniform,medium_margin,moderate_disposal_cost,observed_sales_demand,observed_target_response
core_003,always_0pct,recovered_calibration,financial,0.1,6,3.1197089953724078,0.09971259646932643,0.31107428415729665,0.09971259646932643,1.0407569178669396,0.33360705098159377,0.6663929490184062,0.0,0.0,0.0,-1,3,0.0,2.220446049250313e-16,0.0,0.0,1.0,0.0,0.0,0.0,0.0,0.0,core,short_shelf_life,high_inventory,uniform,medium_margin,moderate_disposal_cost,observed_sales_demand,observed_target_response
core_003,always_0pct,recovered_calibration,financial,0.1,7,3.1197089953724078,0.05266028067931511,0.16428475133409515,0.05266028067931511,1.1805564729366553,0.3784187803054141,0.6215812196945859,0.0,0.0,0.0,-1,3,0.0,0.0,0.0,0.0,1.0,0.0,0.0,0.0,0.0,0.0,core,short_shelf_life,high_inventory,uniform,medium_margin,moderate_disposal_cost,observed_sales_demand,observed_target_response
core_003,always_5pct,recovered_calibration,financial,0.1,0,3.1197089953724078,0.39999999999999986,1.2478835981489627,0.39999999999999986,0.0,0.0,1.0,0.0,0.0,0.05,0,3,0.0,0.0,0.0,0.0,0.0,1.0,0.0,0.0,0.0,0.0,core,short_shelf_life,high_inventory,uniform,medium_margin,moderate_disposal_cost,observed_sales_demand,observed_target_response
core_003,always_5pct,recovered_calibration,financial,0.1,1,3.1197089953724078,-0.15551671610060228,-0.4851668981498259,-0.15551671610060233,1.7330504962987885,0.5555167161006022,0.4444832838993978,0.0,0.0,0.05,0,3,0.0,2.220446049250313e-16,5.551115123125783e-17,0.0,0.0,1.0,0.0,0.0,0.0,0.0,core,short_shelf_life,high_inventory,uniform,medium_margin,moderate_disposal_cost,observed_sales_demand,observed_target_response
core_003,always_5pct,recovered_calibration,financial,0.1,2,3.1197089953724078,-0.13032050580936344,-0.4065620542549533,-0.13032050580936344,1.6544456524039162,0.5303205058093634,0.4696794941906366,0.0,0.0,0.05,0,3,0.0,0.0,0.0,0.0,0.0,1.0,0.0,0.0,0.0,0.0,core,short_shelf_life,high_inventory,uniform,medium_margin,moderate_disposal_cost,observed_sales_demand,observed_target_response
core_003,always_5pct,recovered_calibration,financial,0.1,3,3.1197089953724078,-0.11261294326647041,-0.35131961210377033,-0.1126129432664704,1.5992032102527332,0.5126129432664703,0.48738705673352967,0.0,0.0,0.05,0,3,0.0,0.0,5.551115123125783e-17,0.0,0.0,1.0,0.0,0.0,0.0,0.0,core,short_shelf_life,high_inventory,uniform,medium_margin,moderate_disposal_cost,observed_sales_demand,observed_target_response
core_003,always_5pct,recovered_calibration,financial,0.1,4,3.1197089953724078,-0.012416233419411572,-0.03873503508718179,-0.01241623341941156,1.2866186332361447,0.4124162334194115,0.5875837665805885,0.0,0.0,0.05,0,3,0.0,0.0,5.551115123125783e-17,0.0,0.0,1.0,0.0,0.0,0.0,0.0,core,short_shelf_life,high_inventory,uniform,medium_margin,moderate_disposal_cost,observed_sales_demand,observed_target_response
core_003,always_5pct,recovered_calibration,financial,0.1,5,3.1197089953724078,0.0884569339455451,0.2759598925329799,0.0884569339455451,0.9719237056159828,0.3115430660544548,0.6884569339455452,0.0,0.0,0.05,0,3,0.0,0.0,0.0,0.0,0.0,1.0,0.0,0.0,0.0,0.0,core,short_shelf_life,high_inventory,uniform,medium_margin,moderate_disposal_cost,observed_sales_demand,observed_target_response
core_003,always_5pct,recovered_calibration,financial,0.1,6,3.1197089953724078,0.11003787902746931,0.3432861610336968,0.11003787902746931,0.9045974371152659,0.28996212097253055,0.7100378790274695,0.0,0.0,0.05,0,3,0.0,2.220446049250313e-16,0.0,0.0,0.0,1.0,0.0,0.0,0.0,0.0,core,short_shelf_life,high_inventory,uniform,medium_margin,moderate_disposal_cost,observed_sales_demand,observed_target_response
core_003,always_5pct,recovered_calibration,financial,0.1,7,3.1197089953724078,0.061941455278322545,0.19323931521824056,0.061941455278322566,1.0546442829307223,0.3380585447216774,0.6619414552783227,0.0,0.0,0.05,0,3,0.0,2.220446049250313e-16,0.0,0.0,0.0,1.0,0.0,0.0,0.0,0.0,core,short_shelf_life,high_inventory,uniform,medium_margin,moderate_disposal_cost,observed_sales_demand,observed_target_response
core_003,always_10pct,recovered_calibration,financial,0.1,0,3.1197089953724078,0.3499999999999999,1.0918981483803425,0.34999999999999987,0.0,0.0,1.0,0.0,0.0,0.1,0,3,0.0,0.0,0.0,0.0,0.0,0.0,1.0,0.0,0.0,0.0,core,short_shelf_life,high_inventory,uniform,medium_margin,moderate_disposal_cost,observed_sales_demand,observed_target_response
core_003,always_10pct,recovered_calibration,financial,0.1,1,3.1197089953724078,-0.19224994007903468,-0.5997638674243708,-0.19224994007903465,1.7806968587418035,0.57078941060951,0.42921058939048984,0.0,0.0,0.1,0,3,0.0,2.220446049250313e-16,0.0,0.0,0.0,0.0,1.0,0.0,0.0,0.0,core,short_shelf_life,high_inventory,uniform,medium_margin,moderate_disposal_cost,observed_sales_demand,observed_target_response
core_003,always_10pct,recovered_calibration,financial,0.1,2,3.1197089953724078,-0.1685735291707827,-0.5259003553357637,-0.16857352917078272,1.702945793385375,0.5458668728113502,0.45413312718864984,0.0,0.0,0.1,0,3,0.0,0.0,0.0,0.0,0.0,0.0,1.0,0.0,0.0,0.0,core,short_shelf_life,high_inventory,uniform,medium_margin,moderate_disposal_cost,observed_sales_demand,observed_target_response
core_003,always_10pct,recovered_calibration,financial,0.1,3,3.1197089953724078,-0.15060805904237093,-0.4698533165700633,-0.15060805904237093,1.6439489104741112,0.5269558516235482,0.4730441483764517,0.0,0.0,0.1,0,3,0.0,2.220446049250313e-16,5.551115123125783e-17,0.0,0.0,0.0,1.0,0.0,0.0,0.0,core,short_shelf_life,high_inventory,uniform,medium_margin,moderate_disposal_cost,observed_sales_demand,observed_target_response
core_003,always_10pct,recovered_calibration,financial,0.1,4,3.1197089953724078,-0.06077266436119701,-0.18959302768037445,-0.060772664361196965,1.3489380800639126,0.43239227827494414,0.5676077217250558,0.0,0.0,0.1,0,3,0.0,0.0,0.0,0.0,0.0,0.0,1.0,0.0,0.0,0.0,core,short_shelf_life,high_inventory,uniform,medium_margin,moderate_disposal_cost,observed_sales_demand,observed_target_response
core_003,always_10pct,recovered_calibration,financial,0.1,5,3.1197089953724078,0.03606260464677259,0.11250483211309525,0.03606260464677258,1.0309403329128919,0.33046041616129196,0.6695395838387079,0.0,0.0,0.1,0,3,0.0,2.220446049250313e-16,0.0,0.0,0.0,0.0,1.0,0.0,0.0,0.0,core,short_shelf_life,high_inventory,uniform,medium_margin,moderate_disposal_cost,observed_sales_demand,observed_target_response
core_003,always_10pct,recovered_calibration,financial,0.1,6,3.1197089953724078,0.056227694648609695,0.17541404478432066,0.05622769464860966,0.9647201090484441,0.3092340056330424,0.6907659943669577,0.0,0.0,0.1,0,3,0.0,2.220446049250313e-16,0.0,0.0,0.0,0.0,1.0,0.0,0.0,0.0,core,short_shelf_life,high_inventory,uniform,medium_margin,moderate_disposal_cost,observed_sales_demand,observed_target_response
core_003,always_10pct,recovered_calibration,financial,0.1,7,3.1197089953724078,0.008618346608253533,0.026886733439005828,0.008618346608253558,1.1210646473066703,0.3593491088334173,0.6406508911665827,0.0,0.0,0.1,0,3,0.0,0.0,0.0,0.0,0.0,0.0,1.0,0.0,0.0,0.0,core,short_shelf_life,high_inventory,uniform,medium_margin,moderate_disposal_cost,observed_sales_demand,observed_target_response
core_003,always_20pct,recovered_calibration,financial,0.1,0,3.1197089953724078,0.25,0.7799272488431019,0.25000000000000006,0.0,0.0,1.0,0.0,0.0,0.2,0,3,0.0,0.0,0.0,0.0,0.0,0.0,0.0,1.0,0.0,0.0,core,short_shelf_life,high_inventory,uniform,medium_margin,moderate_disposal_cost,observed_sales_demand,observed_target_response
core_003,always_20pct,recovered_calibration,financial,0.1,1,3.1197089953724078,-0.17744518622385763,-0.5535773436481007,-0.1774451862238577,1.5688289323425912,0.5028766896751266,0.4971233103248734,0.0,0.0,0.2,0,3,0.0,0.0,1.1102230246251565e-16,0.0,0.0,0.0,0.0,1.0,0.0,0.0,core,short_shelf_life,high_inventory,uniform,medium_margin,moderate_disposal_cost,observed_sales_demand,observed_target_response
core_003,always_20pct,recovered_calibration,financial,0.1,2,3.1197089953724078,-0.16186562682488648,-0.5049736520471917,-0.16186562682488648,1.511648118694463,0.48454779626457234,0.5154522037354277,0.0,0.0,0.2,0,3,0.0,0.0,0.0,0.0,0.0,0.0,0.0,1.0,0.0,0.0,core,short_shelf_life,high_inventory,uniform,medium_margin,moderate_disposal_cost,observed_sales_demand,observed_target_response
core_003,always_20pct,recovered_calibration,financial,0.1,3,3.1197089953724078,-0.1519714497572863,-0.474106698847592,-0.15197144975728627,1.4753340561066985,0.4729075879497485,0.5270924120502515,0.0,0.0,0.2,0,3,0.0,0.0,0.0,0.0,0.0,0.0,0.0,1.0,0.0,0.0,core,short_shelf_life,high_inventory,uniform,medium_margin,moderate_disposal_cost,observed_sales_demand,observed_target_response
core_003,always_20pct,recovered_calibration,financial,0.1,4,3.1197089953724078,-0.08934624326853895,-0.2787342788275924,-0.08934624326853899,1.2454841502008167,0.3992308744335752,0.6007691255664248,0.0,0.0,0.2,0,3,0.0,0.0,5.551115123125783e-17,0.0,0.0,0.0,0.0,1.0,0.0,0.0,core,short_shelf_life,high_inventory,uniform,medium_margin,moderate_disposal_cost,observed_sales_demand,observed_target_response
core_003,always_20pct,recovered_calibration,financial,0.1,5,3.1197089953724078,-0.01807284182834232,-0.05638200722382225,-0.018072841828342345,0.9838932424316753,0.3153798139156968,0.6846201860843032,0.0,0.0,0.2,0,3,0.0,0.0,0.0,0.0,0.0,0.0,0.0,1.0,0.0,0.0,core,short_shelf_life,high_inventory,uniform,medium_margin,moderate_disposal_cost,observed_sales_demand,observed_target_response
core_003,always_20pct,recovered_calibration,financial,0.1,6,3.1197089953724078,8.544398469374824e-05,0.0002665603676495487,8.544398469376158e-05,0.9172478687946497,0.29401712472388963,0.7059828752761104,0.0,0.0,0.2,0,3,0.0,0.0,0.0,0.0,0.0,0.0,0.0,1.0,0.0,0.0,core,short_shelf_life,high_inventory,uniform,medium_margin,moderate_disposal_cost,observed_sales_demand,observed_target_response
core_003,always_20pct,recovered_calibration,financial,0.1,7,3.1197089953724078,-0.02925767776540751,-0.0912754405084491,-0.029257677765407525,1.0249443404135892,0.3285384444298911,0.6714615555701088,0.0,0.0,0.2,0,3,0.0,2.220446049250313e-16,0.0,0.0,0.0,0.0,0.0,1.0,0.0,0.0,core,short_shelf_life,high_inventory,uniform,medium_margin,moderate_disposal_cost,observed_sales_demand,observed_target_response
core_003,always_40pct,recovered_calibration,financial,0.1,0,3.1197089953724078,0.04999999999999989,0.15598544976862005,0.04999999999999988,0.0,0.0,1.0,0.0,0.0,0.4,0,2,0.0,0.0,0.0,0.0,0.0,0.0,0.0,0.0,0.0,1.0,core,short_shelf_life,high_inventory,uniform,medium_margin,moderate_disposal_cost,observed_sales_demand,observed_target_response
core_003,always_40pct,recovered_calibration,financial,0.1,1,3.1197089953724078,-0.0647642414550395,-0.20204558664575734,-0.06476424145503953,0.550816979099042,0.17656037146929135,0.8234396285307086,0.0,0.0,0.4,0,3,0.0,0.0,0.0,0.0,0.0,0.0,0.0,0.0,0.0,1.0,core,short_shelf_life,high_inventory,uniform,medium_margin,moderate_disposal_cost,observed_sales_demand,observed_target_response
core_003,always_40pct,recovered_calibration,financial,0.1,2,3.1197089953724078,-0.06568123481319886,-0.20490633907390382,-0.06568123481319885,0.555218136680806,0.17797113048184424,0.8220288695181557,0.0,0.0,0.4,0,3,0.0,2.220446049250313e-16,0.0,0.0,0.0,0.0,0.0,0.0,0.0,1.0,core,short_shelf_life,high_inventory,uniform,medium_margin,moderate_disposal_cost,observed_sales_demand,observed_target_response
core_003,always_40pct,recovered_calibration,financial,0.1,3,3.1197089953724078,-0.06429925708410375,-0.2005949707210415,-0.06429925708410375,0.5485852622917871,0.175845010898621,0.824154989101379,0.0,0.0,0.4,0,3,0.0,0.0,0.0,0.0,0.0,0.0,0.0,0.0,0.0,1.0,core,short_shelf_life,high_inventory,uniform,medium_margin,moderate_disposal_cost,observed_sales_demand,observed_target_response
core_003,always_40pct,recovered_calibration,financial,0.1,4,3.1197089953724078,-0.0361609685385288,-0.11281169883102693,-0.036160968538528765,0.41353407476868753,0.13255533621312102,0.867444663786879,0.0,0.0,0.4,0,3,0.0,0.0,0.0,0.0,0.0,0.0,0.0,0.0,0.0,1.0,core,short_shelf_life,high_inventory,uniform,medium_margin,moderate_disposal_cost,observed_sales_demand,observed_target_response
core_003,always_40pct,recovered_calibration,financial,0.1,5,3.1197089953724078,-0.014630222974742356,-0.045642038218607794,-0.014630222974742368,0.31019613536496604,0.09943111226883426,0.9005688877311658,0.0,0.0,0.4,0,3,0.0,2.220446049250313e-16,0.0,0.0,0.0,0.0,0.0,0.0,0.0,1.0,core,short_shelf_life,high_inventory,uniform,medium_margin,moderate_disposal_cost,observed_sales_demand,observed_target_response
core_003,always_40pct,recovered_calibration,financial,0.1,6,3.1197089953724078,-0.02691126858180988,-0.08395532667155514,-0.026911268581809866,0.3691396560618083,0.11832502858739975,0.8816749714126003,0.0,0.0,0.4,0,3,0.0,2.220446049250313e-16,0.0,0.0,0.0,0.0,0.0,0.0,0.0,1.0,core,short_shelf_life,high_inventory,uniform,medium_margin,moderate_disposal_cost,observed_sales_demand,observed_target_response
core_003,always_40pct,recovered_calibration,financial,0.1,7,3.1197089953724078,-0.048714666683456975,-0.15197558385894927,-0.048714666683456975,0.4737862055808757,0.15186871797454898,0.8481312820254511,0.0,0.0,0.4,0,3,0.0,2.220446049250313e-16,5.551115123125783e-17,0.0,0.0,0.0,0.0,0.0,0.0,1.0,core,short_shelf_life,high_inventory,uniform,medium_margin,moderate_disposal_cost,observed_sales_demand,observed_target_response
core_003,expiry_threshold_rule,recovered_calibration,financial,0.1,0,3.1197089953724078,0.04999999999999989,0.15598544976862005,0.04999999999999988,0.0,0.0,1.0,0.0,0.0,0.4,0,2,0.0,0.0,0.0,0.0,0.0,0.0,0.0,0.0,0.0,1.0,core,short_shelf_life,high_inventory,uniform,medium_margin,moderate_disposal_cost,observed_sales_demand,observed_target_response
core_003,expiry_threshold_rule,recovered_calibration,financial,0.1,1,3.1197089953724078,-0.0647642414550395,-0.20204558664575734,-0.06476424145503953,0.550816979099042,0.17656037146929135,0.8234396285307086,0.0,0.0,0.4,0,3,0.0,0.0,0.0,0.0,0.0,0.0,0.0,0.0,0.0,1.0,core,short_shelf_life,high_inventory,uniform,medium_margin,moderate_disposal_cost,observed_sales_demand,observed_target_response
core_003,expiry_threshold_rule,recovered_calibration,financial,0.1,2,3.1197089953724078,-0.06568123481319886,-0.20490633907390382,-0.06568123481319885,0.555218136680806,0.17797113048184424,0.8220288695181557,0.0,0.0,0.4,0,3,0.0,2.220446049250313e-16,0.0,0.0,0.0,0.0,0.0,0.0,0.0,1.0,core,short_shelf_life,high_inventory,uniform,medium_margin,moderate_disposal_cost,observed_sales_demand,observed_target_response
core_003,expiry_threshold_rule,recovered_calibration,financial,0.1,3,3.1197089953724078,-0.06429925708410375,-0.2005949707210415,-0.06429925708410375,0.5485852622917871,0.175845010898621,0.824154989101379,0.0,0.0,0.4,0,3,0.0,0.0,0.0,0.0,0.0,0.0,0.0,0.0,0.0,1.0,core,short_shelf_life,high_inventory,uniform,medium_margin,moderate_disposal_cost,observed_sales_demand,observed_target_response
core_003,expiry_threshold_rule,recovered_calibration,financial,0.1,4,3.1197089953724078,-0.0361609685385288,-0.11281169883102693,-0.036160968538528765,0.41353407476868753,0.13255533621312102,0.867444663786879,0.0,0.0,0.4,0,3,0.0,0.0,0.0,0.0,0.0,0.0,0.0,0.0,0.0,1.0,core,short_shelf_life,high_inventory,uniform,medium_margin,moderate_disposal_cost,observed_sales_demand,observed_target_response
core_003,expiry_threshold_rule,recovered_calibration,financial,0.1,5,3.1197089953724078,-0.014630222974742356,-0.045642038218607794,-0.014630222974742368,0.31019613536496604,0.09943111226883426,0.9005688877311658,0.0,0.0,0.4,0,3,0.0,2.220446049250313e-16,0.0,0.0,0.0,0.0,0.0,0.0,0.0,1.0,core,short_shelf_life,high_inventory,uniform,medium_margin,moderate_disposal_cost,observed_sales_demand,observed_target_response
core_003,expiry_threshold_rule,recovered_calibration,financial,0.1,6,3.1197089953724078,-0.02691126858180988,-0.08395532667155514,-0.026911268581809866,0.3691396560618083,0.11832502858739975,0.8816749714126003,0.0,0.0,0.4,0,3,0.0,2.220446049250313e-16,0.0,0.0,0.0,0.0,0.0,0.0,0.0,1.0,core,short_shelf_life,high_inventory,uniform,medium_margin,moderate_disposal_cost,observed_sales_demand,observed_target_response
core_003,expiry_threshold_rule,recovered_calibration,financial,0.1,7,3.1197089953724078,-0.048714666683456975,-0.15197558385894927,-0.048714666683456975,0.4737862055808757,0.15186871797454898,0.8481312820254511,0.0,0.0,0.4,0,3,0.0,2.220446049250313e-16,5.551115123125783e-17,0.0,0.0,0.0,0.0,0.0,0.0,1.0,core,short_shelf_life,high_inventory,uniform,medium_margin,moderate_disposal_cost,observed_sales_demand,observed_target_response
core_003,inventory_coverage_rule,recovered_calibration,financial,0.1,0,3.1197089953724078,0.23724465334855416,0.740134279155493,0.23724465334855413,0.0,0.0,1.0,0.0,0.0,0.3,0,3,0.0,0.0,0.0,1.0986122886681096,0.3333333333333333,0.0,0.3333333333333333,0.0,0.3333333333333333,0.0,core,short_shelf_life,high_inventory,uniform,medium_margin,moderate_disposal_cost,observed_sales_demand,observed_target_response
core_003,inventory_coverage_rule,recovered_calibration,financial,0.1,1,3.1197089953724078,-0.12797258158533167,-0.3992372139327886,-0.1279725815853317,1.1562580843181993,0.3706301087804421,0.6293698912195579,0.0,0.0,0.3,0,3,0.0,0.0,5.551115123125783e-17,0.0,0.0,0.0,0.0,0.0,1.0,0.0,core,short_shelf_life,high_inventory,uniform,medium_margin,moderate_disposal_cost,observed_sales_demand,observed_target_response
core_003,inventory_coverage_rule,recovered_calibration,financial,0.1,2,3.1197089953724078,-0.12271370855539117,-0.3828310604357618,-0.12271370855539115,1.1343832129888303,0.3636182780738548,0.6363817219261453,0.0,0.0,0.3,0,3,0.0,0.0,0.0,0.0,0.0,0.0,0.0,0.0,1.0,0.0,core,short_shelf_life,high_inventory,uniform,medium_margin,moderate_disposal_cost,observed_sales_demand,observed_target_response
core_003,inventory_coverage_rule,recovered_calibration,financial,0.1,3,3.1197089953724078,-0.11560358460803348,-0.36064954279897726,-0.11560358460803355,1.104807856139784,0.3541381128107111,0.6458618871892888,0.0,0.0,0.3,0,3,0.0,0.0,5.551115123125783e-17,0.0,0.0,0.0,0.0,0.0,1.0,0.0,core,short_shelf_life,high_inventory,uniform,medium_margin,moderate_disposal_cost,observed_sales_demand,observed_target_response
core_003,inventory_coverage_rule,recovered_calibration,financial,0.1,4,3.1197089953724078,-0.07180330608089276,-0.22400541987803946,-0.07180330608089278,0.9226156922452002,0.29573774144119014,0.7042622585588099,0.0,0.0,0.3,0,3,0.0,0.0,5.551115123125783e-17,0.0,0.0,0.0,0.0,0.0,1.0,0.0,core,short_shelf_life,high_inventory,uniform,medium_margin,moderate_disposal_cost,observed_sales_demand,observed_target_response
core_003,inventory_coverage_rule,recovered_calibration,financial,0.1,5,3.1197089953724078,-0.016477817068581698,-0.051405994132955324,-0.0164778170685817,0.6924831245850882,0.2219704227581088,0.7780295772418913,0.0,0.0,0.3,0,3,0.0,0.0,0.0,0.0,0.0,0.0,0.0,0.0,1.0,0.0,core,short_shelf_life,high_inventory,uniform,medium_margin,moderate_disposal_cost,observed_sales_demand,observed_target_response
core_003,inventory_coverage_rule,recovered_calibration,financial,0.1,6,3.1197089953724078,-0.02694623121699955,-0.08406439991905829,-0.026946231216999572,0.7360276656332254,0.23592830828933256,0.7640716917106675,0.0,0.0,0.3,0,3,0.0,0.0,0.0,0.0,0.0,0.0,0.0,0.0,1.0,0.0,core,short_shelf_life,high_inventory,uniform,medium_margin,moderate_disposal_cost,observed_sales_demand,observed_target_response
core_003,inventory_coverage_rule,recovered_calibration,financial,0.1,7,3.1197089953724078,-0.04538639833560313,-0.14159235515513635,-0.04538639833560312,0.8127316059479963,0.26051519778080406,0.739484802219196,0.0,0.0,0.3,0,3,0.0,2.220446049250313e-16,5.551115123125783e-17,0.0,0.0,0.0,0.0,0.0,1.0,0.0,core,short_shelf_life,high_inventory,uniform,medium_margin,moderate_disposal_cost,observed_sales_demand,observed_target_response
core_004,always_0pct,recovered_calibration,financial,0.1,0,0.7799272488431019,0.44999999999999996,0.3509672619793958,0.44999999999999996,0.0,0.0,1.0,0.0,0.0,0.0,-1,1,0.0,0.0,0.0,0.0,1.0,0.0,0.0,0.0,0.0,0.0,core,short_shelf_life,lean_inventory,uniform,medium_margin,moderate_disposal_cost,recovered_demand,recovered_target_response
core_004,always_0pct,recovered_calibration,financial,0.1,1,0.7799272488431019,0.44999999999999996,0.3509672619793958,0.4499999999999999,0.0,0.0,1.0,0.0,0.0,0.0,-1,2,0.0,0.0,0.0,0.0,1.0,0.0,0.0,0.0,0.0,0.0,core,short_shelf_life,lean_inventory,uniform,medium_margin,moderate_disposal_cost,recovered_demand,recovered_target_response
core_004,always_0pct,recovered_calibration,financial,0.1,2,0.7799272488431019,0.44999999999999996,0.3509672619793958,0.4499999999999999,0.0,0.0,1.0,0.0,0.0,0.0,-1,2,0.0,0.0,0.0,0.0,1.0,0.0,0.0,0.0,0.0,0.0,core,short_shelf_life,lean_inventory,uniform,medium_margin,moderate_disposal_cost,recovered_demand,recovered_target_response
core_004,always_0pct,recovered_calibration,financial,0.1,3,0.7799272488431019,0.44999999999999996,0.3509672619793958,0.44999999999999996,0.0,0.0,1.0,0.0,0.0,0.0,-1,2,0.0,0.0,0.0,0.0,1.0,0.0,0.0,0.0,0.0,0.0,core,short_shelf_life,lean_inventory,uniform,medium_margin,moderate_disposal_cost,recovered_demand,recovered_target_response
core_004,always_0pct,recovered_calibration,financial,0.1,4,0.7799272488431019,0.44999999999999996,0.3509672619793958,0.4499999999999999,0.0,0.0,1.0,0.0,0.0,0.0,-1,2,0.0,0.0,0.0,0.0,1.0,0.0,0.0,0.0,0.0,0.0,core,short_shelf_life,lean_inventory,uniform,medium_margin,moderate_disposal_cost,recovered_demand,recovered_target_response
core_004,always_0pct,recovered_calibration,financial,0.1,5,0.7799272488431019,0.44999999999999996,0.3509672619793958,0.44999999999999996,0.0,0.0,1.0,0.0,0.0,0.0,-1,2,0.0,0.0,0.0,0.0,1.0,0.0,0.0,0.0,0.0,0.0,core,short_shelf_life,lean_inventory,uniform,medium_margin,moderate_disposal_cost,recovered_demand,recovered_target_response
core_004,always_0pct,recovered_calibration,financial,0.1,6,0.7799272488431019,0.44999999999999996,0.3509672619793958,0.44999999999999996,0.0,0.0,1.0,0.0,0.0,0.0,-1,2,0.0,0.0,0.0,0.0,1.0,0.0,0.0,0.0,0.0,0.0,core,short_shelf_life,lean_inventory,uniform,medium_margin,moderate_disposal_cost,recovered_demand,recovered_target_response
core_004,always_0pct,recovered_calibration,financial,0.1,7,0.7799272488431019,0.44999999999999996,0.3509672619793958,0.44999999999999996,0.0,0.0,1.0,0.0,0.0,0.0,-1,2,0.0,0.0,0.0,0.0,1.0,0.0,0.0,0.0,0.0,0.0,core,short_shelf_life,lean_inventory,uniform,medium_margin,moderate_disposal_cost,recovered_demand,recovered_target_response
core_004,always_5pct,recovered_calibration,financial,0.1,0,0.7799272488431019,0.3999999999999999,0.3119708995372407,0.3999999999999999,0.0,0.0,1.0,0.0,0.0,0.05,0,1,0.0,0.0,0.0,0.0,0.0,1.0,0.0,0.0,0.0,0.0,core,short_shelf_life,lean_inventory,uniform,medium_margin,moderate_disposal_cost,recovered_demand,recovered_target_response
core_004,always_5pct,recovered_calibration,financial,0.1,1,0.7799272488431019,0.39999999999999986,0.31197089953724066,0.39999999999999986,0.0,0.0,1.0,0.0,0.0,0.05,0,2,0.0,0.0,0.0,0.0,0.0,1.0,0.0,0.0,0.0,0.0,core,short_shelf_life,lean_inventory,uniform,medium_margin,moderate_disposal_cost,recovered_demand,recovered_target_response
core_004,always_5pct,recovered_calibration,financial,0.1,2,0.7799272488431019,0.3999999999999999,0.3119708995372407,0.3999999999999999,0.0,0.0,1.0,0.0,0.0,0.05,0,2,0.0,0.0,0.0,0.0,0.0,1.0,0.0,0.0,0.0,0.0,core,short_shelf_life,lean_inventory,uniform,medium_margin,moderate_disposal_cost,recovered_demand,recovered_target_response
core_004,always_5pct,recovered_calibration,financial,0.1,3,0.7799272488431019,0.3999999999999999,0.3119708995372407,0.3999999999999999,0.0,0.0,1.0,0.0,0.0,0.05,0,2,0.0,0.0,0.0,0.0,0.0,1.0,0.0,0.0,0.0,0.0,core,short_shelf_life,lean_inventory,uniform,medium_margin,moderate_disposal_cost,recovered_demand,recovered_target_response
core_004,always_5pct,recovered_calibration,financial,0.1,4,0.7799272488431019,0.39999999999999986,0.31197089953724066,0.39999999999999986,0.0,0.0,1.0,0.0,0.0,0.05,0,2,0.0,0.0,0.0,0.0,0.0,1.0,0.0,0.0,0.0,0.0,core,short_shelf_life,lean_inventory,uniform,medium_margin,moderate_disposal_cost,recovered_demand,recovered_target_response
core_004,always_5pct,recovered_calibration,financial,0.1,5,0.7799272488431019,0.39999999999999986,0.31197089953724066,0.39999999999999986,0.0,0.0,1.0,0.0,0.0,0.05,0,2,0.0,0.0,0.0,0.0,0.0,1.0,0.0,0.0,0.0,0.0,core,short_shelf_life,lean_inventory,uniform,medium_margin,moderate_disposal_cost,recovered_demand,recovered_target_response
core_004,always_5pct,recovered_calibration,financial,0.1,6,0.7799272488431019,0.39999999999999986,0.31197089953724066,0.39999999999999986,0.0,0.0,1.0,0.0,0.0,0.05,0,2,0.0,0.0,0.0,0.0,0.0,1.0,0.0,0.0,0.0,0.0,core,short_shelf_life,lean_inventory,uniform,medium_margin,moderate_disposal_cost,recovered_demand,recovered_target_response
core_004,always_5pct,recovered_calibration,financial,0.1,7,0.7799272488431019,0.3999999999999999,0.3119708995372407,0.3999999999999999,0.0,0.0,1.0,0.0,0.0,0.05,0,1,0.0,0.0,0.0,0.0,0.0,1.0,0.0,0.0,0.0,0.0,core,short_shelf_life,lean_inventory,uniform,medium_margin,moderate_disposal_cost,recovered_demand,recovered_target_response
core_004,always_10pct,recovered_calibration,financial,0.1,0,0.7799272488431019,0.3499999999999999,0.2729745370950856,0.3499999999999999,0.0,0.0,1.0,0.0,0.0,0.1,0,1,0.0,0.0,0.0,0.0,0.0,0.0,1.0,0.0,0.0,0.0,core,short_shelf_life,lean_inventory,uniform,medium_margin,moderate_disposal_cost,recovered_demand,recovered_target_response
core_004,always_10pct,recovered_calibration,financial,0.1,1,0.7799272488431019,0.3499999999999999,0.2729745370950856,0.3499999999999999,0.0,0.0,1.0,0.0,0.0,0.1,0,2,0.0,0.0,0.0,0.0,0.0,0.0,1.0,0.0,0.0,0.0,core,short_shelf_life,lean_inventory,uniform,medium_margin,moderate_disposal_cost,recovered_demand,recovered_target_response
core_004,always_10pct,recovered_calibration,financial,0.1,2,0.7799272488431019,0.35,0.2729745370950857,0.35000000000000003,0.0,0.0,1.0,0.0,0.0,0.1,0,2,0.0,0.0,0.0,0.0,0.0,0.0,1.0,0.0,0.0,0.0,core,short_shelf_life,lean_inventory,uniform,medium_margin,moderate_disposal_cost,recovered_demand,recovered_target_response
core_004,always_10pct,recovered_calibration,financial,0.1,3,0.7799272488431019,0.3499999999999999,0.2729745370950856,0.3499999999999999,0.0,0.0,1.0,0.0,0.0,0.1,0,2,0.0,0.0,0.0,0.0,0.0,0.0,1.0,0.0,0.0,0.0,core,short_shelf_life,lean_inventory,uniform,medium_margin,moderate_disposal_cost,recovered_demand,recovered_target_response
core_004,always_10pct,recovered_calibration,financial,0.1,4,0.7799272488431019,0.35,0.2729745370950857,0.35,0.0,0.0,1.0,0.0,0.0,0.1,0,2,0.0,0.0,0.0,0.0,0.0,0.0,1.0,0.0,0.0,0.0,core,short_shelf_life,lean_inventory,uniform,medium_margin,moderate_disposal_cost,recovered_demand,recovered_target_response
core_004,always_10pct,recovered_calibration,financial,0.1,5,0.7799272488431019,0.35,0.2729745370950857,0.3499999999999999,0.0,0.0,1.0,0.0,0.0,0.1,0,2,0.0,0.0,0.0,0.0,0.0,0.0,1.0,0.0,0.0,0.0,core,short_shelf_life,lean_inventory,uniform,medium_margin,moderate_disposal_cost,recovered_demand,recovered_target_response
core_004,always_10pct,recovered_calibration,financial,0.1,6,0.7799272488431019,0.35,0.2729745370950857,0.35000000000000003,0.0,0.0,1.0,0.0,0.0,0.1,0,2,0.0,0.0,0.0,0.0,0.0,0.0,1.0,0.0,0.0,0.0,core,short_shelf_life,lean_inventory,uniform,medium_margin,moderate_disposal_cost,recovered_demand,recovered_target_response
core_004,always_10pct,recovered_calibration,financial,0.1,7,0.7799272488431019,0.3499999999999999,0.2729745370950856,0.3499999999999999,0.0,0.0,1.0,0.0,0.0,0.1,0,1,0.0,0.0,0.0,0.0,0.0,0.0,1.0,0.0,0.0,0.0,core,short_shelf_life,lean_inventory,uniform,medium_margin,moderate_disposal_cost,recovered_demand,recovered_target_response
core_004,always_20pct,recovered_calibration,financial,0.1,0,0.7799272488431019,0.24999999999999992,0.19498181221077543,0.24999999999999992,0.0,0.0,1.0,0.0,0.0,0.2,0,1,0.0,0.0,0.0,0.0,0.0,0.0,0.0,1.0,0.0,0.0,core,short_shelf_life,lean_inventory,uniform,medium_margin,moderate_disposal_cost,recovered_demand,recovered_target_response
core_004,always_20pct,recovered_calibration,financial,0.1,1,0.7799272488431019,0.24999999999999992,0.19498181221077543,0.2499999999999999,0.0,0.0,1.0,0.0,0.0,0.2,0,2,0.0,0.0,0.0,0.0,0.0,0.0,0.0,1.0,0.0,0.0,core,short_shelf_life,lean_inventory,uniform,medium_margin,moderate_disposal_cost,recovered_demand,recovered_target_response
core_004,always_20pct,recovered_calibration,financial,0.1,2,0.7799272488431019,0.24999999999999997,0.19498181221077546,0.24999999999999994,0.0,0.0,1.0,0.0,0.0,0.2,0,2,0.0,0.0,0.0,0.0,0.0,0.0,0.0,1.0,0.0,0.0,core,short_shelf_life,lean_inventory,uniform,medium_margin,moderate_disposal_cost,recovered_demand,recovered_target_response
core_004,always_20pct,recovered_calibration,financial,0.1,3,0.7799272488431019,0.25,0.19498181221077548,0.25,0.0,0.0,1.0,0.0,0.0,0.2,0,2,0.0,0.0,0.0,0.0,0.0,0.0,0.0,1.0,0.0,0.0,core,short_shelf_life,lean_inventory,uniform,medium_margin,moderate_disposal_cost,recovered_demand,recovered_target_response
core_004,always_20pct,recovered_calibration,financial,0.1,4,0.7799272488431019,0.24999999999999997,0.19498181221077546,0.24999999999999997,0.0,0.0,1.0,0.0,0.0,0.2,0,2,0.0,0.0,0.0,0.0,0.0,0.0,0.0,1.0,0.0,0.0,core,short_shelf_life,lean_inventory,uniform,medium_margin,moderate_disposal_cost,recovered_demand,recovered_target_response
core_004,always_20pct,recovered_calibration,financial,0.1,5,0.7799272488431019,0.25,0.19498181221077548,0.25,0.0,0.0,1.0,0.0,0.0,0.2,0,2,0.0,0.0,0.0,0.0,0.0,0.0,0.0,1.0,0.0,0.0,core,short_shelf_life,lean_inventory,uniform,medium_margin,moderate_disposal_cost,recovered_demand,recovered_target_response
core_004,always_20pct,recovered_calibration,financial,0.1,6,0.7799272488431019,0.25,0.19498181221077548,0.25,0.0,0.0,1.0,0.0,0.0,0.2,0,2,0.0,0.0,0.0,0.0,0.0,0.0,0.0,1.0,0.0,0.0,core,short_shelf_life,lean_inventory,uniform,medium_margin,moderate_disposal_cost,recovered_demand,recovered_target_response
core_004,always_20pct,recovered_calibration,financial,0.1,7,0.7799272488431019,0.24999999999999992,0.19498181221077543,0.24999999999999992,0.0,0.0,1.0,0.0,0.0,0.2,0,1,0.0,0.0,0.0,0.0,0.0,0.0,0.0,1.0,0.0,0.0,core,short_shelf_life,lean_inventory,uniform,medium_margin,moderate_disposal_cost,recovered_demand,recovered_target_response
core_004,always_40pct,recovered_calibration,financial,0.1,0,0.7799272488431019,0.049999999999999926,0.03899636244215504,0.049999999999999926,0.0,0.0,1.0,0.0,0.0,0.4,0,1,0.0,0.0,0.0,0.0,0.0,0.0,0.0,0.0,0.0,1.0,core,short_shelf_life,lean_inventory,uniform,medium_margin,moderate_disposal_cost,recovered_demand,recovered_target_response
core_004,always_40pct,recovered_calibration,financial,0.1,1,0.7799272488431019,0.049999999999999926,0.03899636244215504,0.049999999999999926,0.0,0.0,1.0,0.0,0.0,0.4,0,1,0.0,0.0,0.0,0.0,0.0,0.0,0.0,0.0,0.0,1.0,core,short_shelf_life,lean_inventory,uniform,medium_margin,moderate_disposal_cost,recovered_demand,recovered_target_response
core_004,always_40pct,recovered_calibration,financial,0.1,2,0.7799272488431019,0.049999999999999926,0.03899636244215504,0.049999999999999926,0.0,0.0,1.0,0.0,0.0,0.4,0,1,0.0,0.0,0.0,0.0,0.0,0.0,0.0,0.0,0.0,1.0,core,short_shelf_life,lean_inventory,uniform,medium_margin,moderate_disposal_cost,recovered_demand,recovered_target_response
core_004,always_40pct,recovered_calibration,financial,0.1,3,0.7799272488431019,0.049999999999999926,0.03899636244215504,0.049999999999999926,0.0,0.0,1.0,0.0,0.0,0.4,0,1,0.0,0.0,0.0,0.0,0.0,0.0,0.0,0.0,0.0,1.0,core,short_shelf_life,lean_inventory,uniform,medium_margin,moderate_disposal_cost,recovered_demand,recovered_target_response
core_004,always_40pct,recovered_calibration,financial,0.1,4,0.7799272488431019,0.049999999999999926,0.03899636244215504,0.049999999999999926,0.0,0.0,1.0,0.0,0.0,0.4,0,1,0.0,0.0,0.0,0.0,0.0,0.0,0.0,0.0,0.0,1.0,core,short_shelf_life,lean_inventory,uniform,medium_margin,moderate_disposal_cost,recovered_demand,recovered_target_response
core_004,always_40pct,recovered_calibration,financial,0.1,5,0.7799272488431019,0.049999999999999926,0.03899636244215504,0.049999999999999926,0.0,0.0,1.0,0.0,0.0,0.4,0,1,0.0,0.0,0.0,0.0,0.0,0.0,0.0,0.0,0.0,1.0,core,short_shelf_life,lean_inventory,uniform,medium_margin,moderate_disposal_cost,recovered_demand,recovered_target_response
core_004,always_40pct,recovered_calibration,financial,0.1,6,0.7799272488431019,0.049999999999999926,0.03899636244215504,0.049999999999999926,0.0,0.0,1.0,0.0,0.0,0.4,0,1,0.0,0.0,0.0,0.0,0.0,0.0,0.0,0.0,0.0,1.0,core,short_shelf_life,lean_inventory,uniform,medium_margin,moderate_disposal_cost,recovered_demand,recovered_target_response
core_004,always_40pct,recovered_calibration,financial,0.1,7,0.7799272488431019,0.049999999999999926,0.03899636244215504,0.049999999999999926,0.0,0.0,1.0,0.0,0.0,0.4,0,1,0.0,0.0,0.0,0.0,0.0,0.0,0.0,0.0,0.0,1.0,core,short_shelf_life,lean_inventory,uniform,medium_margin,moderate_disposal_cost,recovered_demand,recovered_target_response
core_004,expiry_threshold_rule,recovered_calibration,financial,0.1,0,0.7799272488431019,0.049999999999999926,0.03899636244215504,0.049999999999999926,0.0,0.0,1.0,0.0,0.0,0.4,0,1,0.0,0.0,0.0,0.0,0.0,0.0,0.0,0.0,0.0,1.0,core,short_shelf_life,lean_inventory,uniform,medium_margin,moderate_disposal_cost,recovered_demand,recovered_target_response
core_004,expiry_threshold_rule,recovered_calibration,financial,0.1,1,0.7799272488431019,0.049999999999999926,0.03899636244215504,0.049999999999999926,0.0,0.0,1.0,0.0,0.0,0.4,0,1,0.0,0.0,0.0,0.0,0.0,0.0,0.0,0.0,0.0,1.0,core,short_shelf_life,lean_inventory,uniform,medium_margin,moderate_disposal_cost,recovered_demand,recovered_target_response
core_004,expiry_threshold_rule,recovered_calibration,financial,0.1,2,0.7799272488431019,0.049999999999999926,0.03899636244215504,0.049999999999999926,0.0,0.0,1.0,0.0,0.0,0.4,0,1,0.0,0.0,0.0,0.0,0.0,0.0,0.0,0.0,0.0,1.0,core,short_shelf_life,lean_inventory,uniform,medium_margin,moderate_disposal_cost,recovered_demand,recovered_target_response
core_004,expiry_threshold_rule,recovered_calibration,financial,0.1,3,0.7799272488431019,0.049999999999999926,0.03899636244215504,0.049999999999999926,0.0,0.0,1.0,0.0,0.0,0.4,0,1,0.0,0.0,0.0,0.0,0.0,0.0,0.0,0.0,0.0,1.0,core,short_shelf_life,lean_inventory,uniform,medium_margin,moderate_disposal_cost,recovered_demand,recovered_target_response
core_004,expiry_threshold_rule,recovered_calibration,financial,0.1,4,0.7799272488431019,0.049999999999999926,0.03899636244215504,0.049999999999999926,0.0,0.0,1.0,0.0,0.0,0.4,0,1,0.0,0.0,0.0,0.0,0.0,0.0,0.0,0.0,0.0,1.0,core,short_shelf_life,lean_inventory,uniform,medium_margin,moderate_disposal_cost,recovered_demand,recovered_target_response
core_004,expiry_threshold_rule,recovered_calibration,financial,0.1,5,0.7799272488431019,0.049999999999999926,0.03899636244215504,0.049999999999999926,0.0,0.0,1.0,0.0,0.0,0.4,0,1,0.0,0.0,0.0,0.0,0.0,0.0,0.0,0.0,0.0,1.0,core,short_shelf_life,lean_inventory,uniform,medium_margin,moderate_disposal_cost,recovered_demand,recovered_target_response
core_004,expiry_threshold_rule,recovered_calibration,financial,0.1,6,0.7799272488431019,0.049999999999999926,0.03899636244215504,0.049999999999999926,0.0,0.0,1.0,0.0,0.0,0.4,0,1,0.0,0.0,0.0,0.0,0.0,0.0,0.0,0.0,0.0,1.0,core,short_shelf_life,lean_inventory,uniform,medium_margin,moderate_disposal_cost,recovered_demand,recovered_target_response
core_004,expiry_threshold_rule,recovered_calibration,financial,0.1,7,0.7799272488431019,0.049999999999999926,0.03899636244215504,0.049999999999999926,0.0,0.0,1.0,0.0,0.0,0.4,0,1,0.0,0.0,0.0,0.0,0.0,0.0,0.0,0.0,0.0,1.0,core,short_shelf_life,lean_inventory,uniform,medium_margin,moderate_disposal_cost,recovered_demand,recovered_target_response
core_004,inventory_coverage_rule,recovered_calibration,financial,0.1,0,0.7799272488431019,0.44999999999999996,0.3509672619793958,0.44999999999999996,0.0,0.0,1.0,0.0,0.0,0.0,-1,1,0.0,0.0,0.0,0.0,1.0,0.0,0.0,0.0,0.0,0.0,core,short_shelf_life,lean_inventory,uniform,medium_margin,moderate_disposal_cost,recovered_demand,recovered_target_response
core_004,inventory_coverage_rule,recovered_calibration,financial,0.1,1,0.7799272488431019,0.20714659443102765,0.1615592735018092,0.20714659443102765,0.0,0.0,1.0,0.0,0.0,0.3,0,2,0.0,0.0,0.0,0.6931471805599453,0.5,0.0,0.0,0.0,0.5,0.0,core,short_shelf_life,lean_inventory,uniform,medium_margin,moderate_disposal_cost,recovered_demand,recovered_target_response
core_004,inventory_coverage_rule,recovered_calibration,financial,0.1,2,0.7799272488431019,0.19291954297712785,0.15046320840221988,0.19291954297712782,0.0,0.0,1.0,0.0,0.0,0.3,0,2,0.0,0.0,0.0,0.6931471805599453,0.5,0.0,0.0,0.0,0.5,0.0,core,short_shelf_life,lean_inventory,uniform,medium_margin,moderate_disposal_cost,recovered_demand,recovered_target_response
core_004,inventory_coverage_rule,recovered_calibration,financial,0.1,3,0.7799272488431019,0.1908243043700294,0.14882907471971574,0.1908243043700294,0.0,0.0,1.0,0.0,0.0,0.3,0,2,0.0,0.0,0.0,0.6931471805599453,0.5,0.0,0.0,0.0,0.5,0.0,core,short_shelf_life,lean_inventory,uniform,medium_margin,moderate_disposal_cost,recovered_demand,recovered_target_response
core_004,inventory_coverage_rule,recovered_calibration,financial,0.1,4,0.7799272488431019,0.19234081351084006,0.15001184152175362,0.19234081351084006,0.0,0.0,1.0,0.0,0.0,0.3,0,2,0.0,0.0,0.0,0.6931471805599453,0.5,0.0,0.0,0.0,0.5,0.0,core,short_shelf_life,lean_inventory,uniform,medium_margin,moderate_disposal_cost,recovered_demand,recovered_target_response
core_004,inventory_coverage_rule,recovered_calibration,financial,0.1,5,0.7799272488431019,0.18294201966070867,0.14268146609177718,0.18294201966070867,0.0,0.0,1.0,0.0,0.0,0.3,0,2,0.0,0.0,0.0,0.6931471805599453,0.5,0.0,0.0,0.0,0.5,0.0,core,short_shelf_life,lean_inventory,uniform,medium_margin,moderate_disposal_cost,recovered_demand,recovered_target_response
core_004,inventory_coverage_rule,recovered_calibration,financial,0.1,6,0.7799272488431019,0.25982368796245275,0.20264357413682438,0.2598236879624528,0.0,0.0,1.0,0.0,0.0,0.2,0,2,0.0,0.0,0.0,0.6931471805599453,0.5,0.0,0.0,0.5,0.0,0.0,core,short_shelf_life,lean_inventory,uniform,medium_margin,moderate_disposal_cost,recovered_demand,recovered_target_response
core_004,inventory_coverage_rule,recovered_calibration,financial,0.1,7,0.7799272488431019,0.24999999999999992,0.19498181221077543,0.24999999999999992,0.0,0.0,1.0,0.0,0.0,0.2,0,1,0.0,0.0,0.0,0.0,0.0,0.0,0.0,1.0,0.0,0.0,core,short_shelf_life,lean_inventory,uniform,medium_margin,moderate_disposal_cost,recovered_demand,recovered_target_response
core_005,always_0pct,recovered_calibration,financial,0.1,0,1.5598544976862039,0.44999999999999996,0.7019345239587916,0.44999999999999996,0.0,0.0,1.0,0.0,0.0,0.0,-1,1,0.0,0.0,0.0,0.0,1.0,0.0,0.0,0.0,0.0,0.0,core,short_shelf_life,balanced_inventory,uniform,medium_margin,moderate_disposal_cost,recovered_demand,recovered_target_response
core_005,always_0pct,recovered_calibration,financial,0.1,1,1.5598544976862039,0.28684780768792717,0.44744084297344044,0.2868478076879271,0.24237493427176304,0.15538304029721214,0.8446169597027879,0.0,0.0,0.0,-1,3,0.0,1.1102230246251565e-16,0.0,0.0,1.0,0.0,0.0,0.0,0.0,0.0,core,short_shelf_life,balanced_inventory,uniform,medium_margin,moderate_disposal_cost,recovered_demand,recovered_target_response
core_005,always_0pct,recovered_calibration,financial,0.1,2,1.5598544976862039,0.3137348640412255,0.48938073875567534,0.3137348640412255,0.2024321763839203,0.12977631996073752,0.8702236800392624,0.0,0.0,0.0,-1,3,0.0,0.0,0.0,0.0,1.0,0.0,0.0,0.0,0.0,0.0,core,short_shelf_life,balanced_inventory,uniform,medium_margin,moderate_disposal_cost,recovered_demand,recovered_target_response
core_005,always_0pct,recovered_calibration,financial,0.1,3,1.5598544976862039,0.356760202095313,0.556494005833813,0.356760202095313,0.13851477916664623,0.08879980752827324,0.9112001924717267,0.0,0.0,0.0,-1,3,0.0,1.1102230246251565e-16,0.0,0.0,1.0,0.0,0.0,0.0,0.0,0.0,core,short_shelf_life,balanced_inventory,uniform,medium_margin,moderate_disposal_cost,recovered_demand,recovered_target_response
core_005,always_0pct,recovered_calibration,financial,0.1,4,1.5598544976862039,0.3985328213921704,0.6216532139241495,0.39853282139217033,0.07645839050918296,0.04901636057888529,0.9509836394211147,0.0,0.0,0.0,-1,3,0.0,5.551115123125783e-17,0.0,0.0,1.0,0.0,0.0,0.0,0.0,0.0,core,short_shelf_life,balanced_inventory,uniform,medium_margin,moderate_disposal_cost,recovered_demand,recovered_target_response
core_005,always_0pct,recovered_calibration,financial,0.1,5,1.5598544976862039,0.44437470221091585,0.6931598779016646,0.4443747022109158,0.008356805768692466,0.005357426465794379,0.9946425735342056,0.0,0.0,0.0,-1,3,0.0,0.0,0.0,0.0,1.0,0.0,0.0,0.0,0.0,0.0,core,short_shelf_life,balanced_inventory,uniform,medium_margin,moderate_disposal_cost,recovered_demand,recovered_target_response
core_005,always_0pct,recovered_calibration,financial,0.1,6,1.5598544976862039,0.44999999999999996,0.7019345239587916,0.4499999999999999,0.0,0.0,1.0,0.0,0.0,0.0,-1,3,0.0,0.0,0.0,0.0,1.0,0.0,0.0,0.0,0.0,0.0,core,short_shelf_life,balanced_inventory,uniform,medium_margin,moderate_disposal_cost,recovered_demand,recovered_target_response
core_005,always_0pct,recovered_calibration,financial,0.1,7,1.5598544976862039,0.44999999999999996,0.7019345239587916,0.44999999999999996,0.0,0.0,1.0,0.0,0.0,0.0,-1,3,0.0,0.0,0.0,0.0,1.0,0.0,0.0,0.0,0.0,0.0,core,short_shelf_life,balanced_inventory,uniform,medium_margin,moderate_disposal_cost,recovered_demand,recovered_target_response
core_005,always_5pct,recovered_calibration,financial,0.1,0,1.5598544976862039,0.3999999999999999,0.6239417990744814,0.3999999999999999,0.0,0.0,1.0,0.0,0.0,0.05,0,1,0.0,0.0,0.0,0.0,0.0,1.0,0.0,0.0,0.0,0.0,core,short_shelf_life,balanced_inventory,uniform,medium_margin,moderate_disposal_cost,recovered_demand,recovered_target_response
core_005,always_5pct,recovered_calibration,financial,0.1,1,1.5598544976862039,0.28050570693161714,0.4375480885839311,0.28050570693161714,0.1863937104905503,0.11949429306838281,0.8805057069316172,0.0,0.0,0.05,0,3,0.0,1.1102230246251565e-16,0.0,0.0,0.0,1.0,0.0,0.0,0.0,0.0,core,short_shelf_life,balanced_inventory,uniform,medium_margin,moderate_disposal_cost,recovered_demand,recovered_target_response
core_005,always_5pct,recovered_calibration,financial,0.1,2,1.5598544976862039,0.3253026440151338,0.5074247923762205,0.3253026440151337,0.11651700669826098,0.07469735598486618,0.9253026440151337,0.0,0.0,0.05,0,3,0.0,5.551115123125783e-17,0.0,0.0,0.0,1.0,0.0,0.0,0.0,0.0,core,short_shelf_life,balanced_inventory,uniform,medium_margin,moderate_disposal_cost,recovered_demand,recovered_target_response
core_005,always_5pct,recovered_calibration,financial,0.1,3,1.5598544976862039,0.36089277376080814,0.5629402163332462,0.3608927737608081,0.06100158274123524,0.039107226239191786,0.9608927737608082,0.0,0.0,0.05,0,3,0.0,1.1102230246251565e-16,0.0,0.0,0.0,1.0,0.0,0.0,0.0,0.0,core,short_shelf_life,balanced_inventory,uniform,medium_margin,moderate_disposal_cost,recovered_demand,recovered_target_response
core_005,always_5pct,recovered_calibration,financial,0.1,4,1.5598544976862039,0.39023796246913384,0.6087144409253784,0.3902379624691339,0.01522735814910292,0.009762037530866043,0.990237962469134,0.0,0.0,0.05,0,3,0.0,0.0,0.0,0.0,0.0,1.0,0.0,0.0,0.0,0.0,core,short_shelf_life,balanced_inventory,uniform,medium_margin,moderate_disposal_cost,recovered_demand,recovered_target_response
core_005,always_5pct,recovered_calibration,financial,0.1,5,1.5598544976862039,0.39999999999999986,0.6239417990744813,0.39999999999999986,0.0,0.0,1.0,0.0,0.0,0.05,0,3,0.0,0.0,0.0,0.0,0.0,1.0,0.0,0.0,0.0,0.0,core,short_shelf_life,balanced_inventory,uniform,medium_margin,moderate_disposal_cost,recovered_demand,recovered_target_response
core_005,always_5pct,recovered_calibration,financial,0.1,6,1.5598544976862039,0.39999999999999986,0.6239417990744813,0.3999999999999999,0.0,0.0,1.0,0.0,0.0,0.05,0,2,0.0,0.0,0.0,0.0,0.0,1.0,0.0,0.0,0.0,0.0,core,short_shelf_life,balanced_inventory,uniform,medium_margin,moderate_disposal_cost,recovered_demand,recovered_target_response
core_005,always_5pct,recovered_calibration,financial,0.1,7,1.5598544976862039,0.39999999999999986,0.6239417990744813,0.3999999999999999,0.0,0.0,1.0,0.0,0.0,0.05,0,3,0.0,0.0,0.0,0.0,0.0,1.0,0.0,0.0,0.0,0.0,core,short_shelf_life,balanced_inventory,uniform,medium_margin,moderate_disposal_cost,recovered_demand,recovered_target_response
core_005,always_10pct,recovered_calibration,financial,0.1,0,1.5598544976862039,0.3499999999999999,0.5459490741901712,0.3499999999999999,0.0,0.0,1.0,0.0,0.0,0.1,0,1,0.0,0.0,0.0,0.0,0.0,0.0,1.0,0.0,0.0,0.0,core,short_shelf_life,balanced_inventory,uniform,medium_margin,moderate_disposal_cost,recovered_demand,recovered_target_response
core_005,always_10pct,recovered_calibration,financial,0.1,1,1.5598544976862039,0.2125614245067863,0.3315648940514971,0.21256142450678628,0.2256675580407097,0.1446721847296986,0.8553278152703014,0.0,0.0,0.1,0,3,0.0,0.0,0.0,0.0,0.0,0.0,1.0,0.0,0.0,0.0,core,short_shelf_life,balanced_inventory,uniform,medium_margin,moderate_disposal_cost,recovered_demand,recovered_target_response
core_005,always_10pct,recovered_calibration,financial,0.1,2,1.5598544976862039,0.24964445588879766,0.38940902734056615,0.24964445588879763,0.16477899668379486,0.10563741485389715,0.8943625851461028,0.0,0.0,0.1,0,3,0.0,5.551115123125783e-17,0.0,0.0,0.0,0.0,1.0,0.0,0.0,0.0,core,short_shelf_life,balanced_inventory,uniform,medium_margin,moderate_disposal_cost,recovered_demand,recovered_target_response
core_005,always_10pct,recovered_calibration,financial,0.1,3,1.5598544976862039,0.2866065794426564,0.4470645620100859,0.2866065794426564,0.10408896018956348,0.06672991637615105,0.933270083623849,0.0,0.0,0.1,0,3,0.0,1.1102230246251565e-16,0.0,0.0,0.0,0.0,1.0,0.0,0.0,0.0,core,short_shelf_life,balanced_inventory,uniform,medium_margin,moderate_disposal_cost,recovered_demand,recovered_target_response
core_005,always_10pct,recovered_calibration,financial,0.1,4,1.5598544976862039,0.32313521326976274,0.5040439157796301,0.3231352132697628,0.044110693063727446,0.028278722873933848,0.9717212771260662,0.0,0.0,0.1,0,3,0.0,5.551115123125783e-17,0.0,0.0,0.0,0.0,1.0,0.0,0.0,0.0,core,short_shelf_life,balanced_inventory,uniform,medium_margin,moderate_disposal_cost,recovered_demand,recovered_target_response
core_005,always_10pct,recovered_calibration,financial,0.1,5,1.5598544976862039,0.35,0.5459490741901714,0.35000000000000003,0.0,0.0,1.0,0.0,0.0,0.1,0,3,0.0,0.0,0.0,0.0,0.0,0.0,1.0,0.0,0.0,0.0,core,short_shelf_life,balanced_inventory,uniform,medium_margin,moderate_disposal_cost,recovered_demand,recovered_target_response
core_005,always_10pct,recovered_calibration,financial,0.1,6,1.5598544976862039,0.35,0.5459490741901714,0.35,0.0,0.0,1.0,0.0,0.0,0.1,0,3,0.0,0.0,0.0,0.0,0.0,0.0,1.0,0.0,0.0,0.0,core,short_shelf_life,balanced_inventory,uniform,medium_margin,moderate_disposal_cost,recovered_demand,recovered_target_response
core_005,always_10pct,recovered_calibration,financial,0.1,7,1.5598544976862039,0.3499999999999999,0.5459490741901712,0.35,0.0,0.0,1.0,0.0,0.0,0.1,0,3,0.0,0.0,0.0,0.0,0.0,0.0,1.0,0.0,0.0,0.0,core,short_shelf_life,balanced_inventory,uniform,medium_margin,moderate_disposal_cost,recovered_demand,recovered_target_response
core_005,always_20pct,recovered_calibration,financial,0.1,0,1.5598544976862039,0.24999999999999992,0.38996362442155086,0.24999999999999992,0.0,0.0,1.0,0.0,0.0,0.2,0,1,0.0,0.0,0.0,0.0,0.0,0.0,0.0,1.0,0.0,0.0,core,short_shelf_life,balanced_inventory,uniform,medium_margin,moderate_disposal_cost,recovered_demand,recovered_target_response
core_005,always_20pct,recovered_calibration,financial,0.1,1,1.5598544976862039,0.23049264802361125,0.3595349937032331,0.23049264802361125,0.035798389080373916,0.022949825854574984,0.977050174145425,0.0,0.0,0.2,0,3,0.0,0.0,0.0,0.0,0.0,0.0,0.0,1.0,0.0,0.0,core,short_shelf_life,balanced_inventory,uniform,medium_margin,moderate_disposal_cost,recovered_demand,recovered_target_response
core_005,always_20pct,recovered_calibration,financial,0.1,2,1.5598544976862039,0.24999999999999997,0.3899636244215509,0.24999999999999994,0.0,0.0,1.0,0.0,0.0,0.2,0,3,0.0,0.0,0.0,0.0,0.0,0.0,0.0,1.0,0.0,0.0,core,short_shelf_life,balanced_inventory,uniform,medium_margin,moderate_disposal_cost,recovered_demand,recovered_target_response
core_005,always_20pct,recovered_calibration,financial,0.1,3,1.5598544976862039,0.24999999999999997,0.3899636244215509,0.24999999999999994,0.0,0.0,1.0,0.0,0.0,0.2,0,3,0.0,0.0,0.0,0.0,0.0,0.0,0.0,1.0,0.0,0.0,core,short_shelf_life,balanced_inventory,uniform,medium_margin,moderate_disposal_cost,recovered_demand,recovered_target_response
core_005,always_20pct,recovered_calibration,financial,0.1,4,1.5598544976862039,0.24999999999999997,0.3899636244215509,0.24999999999999994,0.0,0.0,1.0,0.0,0.0,0.2,0,3,0.0,0.0,0.0,0.0,0.0,0.0,0.0,1.0,0.0,0.0,core,short_shelf_life,balanced_inventory,uniform,medium_margin,moderate_disposal_cost,recovered_demand,recovered_target_response
core_005,always_20pct,recovered_calibration,financial,0.1,5,1.5598544976862039,0.25,0.38996362442155097,0.25,0.0,0.0,1.0,0.0,0.0,0.2,0,3,0.0,0.0,0.0,0.0,0.0,0.0,0.0,1.0,0.0,0.0,core,short_shelf_life,balanced_inventory,uniform,medium_margin,moderate_disposal_cost,recovered_demand,recovered_target_response
core_005,always_20pct,recovered_calibration,financial,0.1,6,1.5598544976862039,0.25,0.38996362442155097,0.24999999999999997,0.0,0.0,1.0,0.0,0.0,0.2,0,3,0.0,0.0,0.0,0.0,0.0,0.0,0.0,1.0,0.0,0.0,core,short_shelf_life,balanced_inventory,uniform,medium_margin,moderate_disposal_cost,recovered_demand,recovered_target_response
core_005,always_20pct,recovered_calibration,financial,0.1,7,1.5598544976862039,0.24999999999999997,0.3899636244215509,0.24999999999999994,0.0,0.0,1.0,0.0,0.0,0.2,0,3,0.0,0.0,0.0,0.0,0.0,0.0,0.0,1.0,0.0,0.0,core,short_shelf_life,balanced_inventory,uniform,medium_margin,moderate_disposal_cost,recovered_demand,recovered_target_response
core_005,always_40pct,recovered_calibration,financial,0.1,0,1.5598544976862039,0.049999999999999926,0.07799272488431008,0.049999999999999926,0.0,0.0,1.0,0.0,0.0,0.4,0,1,0.0,0.0,0.0,0.0,0.0,0.0,0.0,0.0,0.0,1.0,core,short_shelf_life,balanced_inventory,uniform,medium_margin,moderate_disposal_cost,recovered_demand,recovered_target_response
core_005,always_40pct,recovered_calibration,financial,0.1,1,1.5598544976862039,0.049999999999999926,0.07799272488431008,0.049999999999999906,0.0,0.0,1.0,0.0,0.0,0.4,0,2,0.0,0.0,0.0,0.0,0.0,0.0,0.0,0.0,0.0,1.0,core,short_shelf_life,balanced_inventory,uniform,medium_margin,moderate_disposal_cost,recovered_demand,recovered_target_response
core_005,always_40pct,recovered_calibration,financial,0.1,2,1.5598544976862039,0.04999999999999989,0.07799272488431003,0.04999999999999988,0.0,0.0,1.0,0.0,0.0,0.4,0,2,0.0,0.0,0.0,0.0,0.0,0.0,0.0,0.0,0.0,1.0,core,short_shelf_life,balanced_inventory,uniform,medium_margin,moderate_disposal_cost,recovered_demand,recovered_target_response
core_005,always_40pct,recovered_calibration,financial,0.1,3,1.5598544976862039,0.04999999999999989,0.07799272488431003,0.049999999999999906,0.0,0.0,1.0,0.0,0.0,0.4,0,2,0.0,0.0,0.0,0.0,0.0,0.0,0.0,0.0,0.0,1.0,core,short_shelf_life,balanced_inventory,uniform,medium_margin,moderate_disposal_cost,recovered_demand,recovered_target_response
core_005,always_40pct,recovered_calibration,financial,0.1,4,1.5598544976862039,0.049999999999999926,0.07799272488431008,0.04999999999999993,0.0,0.0,1.0,0.0,0.0,0.4,0,2,0.0,0.0,0.0,0.0,0.0,0.0,0.0,0.0,0.0,1.0,core,short_shelf_life,balanced_inventory,uniform,medium_margin,moderate_disposal_cost,recovered_demand,recovered_target_response
core_005,always_40pct,recovered_calibration,financial,0.1,5,1.5598544976862039,0.04999999999999989,0.07799272488431003,0.049999999999999906,0.0,0.0,1.0,0.0,0.0,0.4,0,2,0.0,0.0,0.0,0.0,0.0,0.0,0.0,0.0,0.0,1.0,core,short_shelf_life,balanced_inventory,uniform,medium_margin,moderate_disposal_cost,recovered_demand,recovered_target_response
core_005,always_40pct,recovered_calibration,financial,0.1,6,1.5598544976862039,0.049999999999999926,0.07799272488431008,0.04999999999999993,0.0,0.0,1.0,0.0,0.0,0.4,0,2,0.0,0.0,0.0,0.0,0.0,0.0,0.0,0.0,0.0,1.0,core,short_shelf_life,balanced_inventory,uniform,medium_margin,moderate_disposal_cost,recovered_demand,recovered_target_response
core_005,always_40pct,recovered_calibration,financial,0.1,7,1.5598544976862039,0.049999999999999926,0.07799272488431008,0.04999999999999993,0.0,0.0,1.0,0.0,0.0,0.4,0,2,0.0,0.0,0.0,0.0,0.0,0.0,0.0,0.0,0.0,1.0,core,short_shelf_life,balanced_inventory,uniform,medium_margin,moderate_disposal_cost,recovered_demand,recovered_target_response
core_005,expiry_threshold_rule,recovered_calibration,financial,0.1,0,1.5598544976862039,0.049999999999999926,0.07799272488431008,0.049999999999999926,0.0,0.0,1.0,0.0,0.0,0.4,0,1,0.0,0.0,0.0,0.0,0.0,0.0,0.0,0.0,0.0,1.0,core,short_shelf_life,balanced_inventory,uniform,medium_margin,moderate_disposal_cost,recovered_demand,recovered_target_response
core_005,expiry_threshold_rule,recovered_calibration,financial,0.1,1,1.5598544976862039,0.049999999999999926,0.07799272488431008,0.049999999999999906,0.0,0.0,1.0,0.0,0.0,0.4,0,2,0.0,0.0,0.0,0.0,0.0,0.0,0.0,0.0,0.0,1.0,core,short_shelf_life,balanced_inventory,uniform,medium_margin,moderate_disposal_cost,recovered_demand,recovered_target_response
core_005,expiry_threshold_rule,recovered_calibration,financial,0.1,2,1.5598544976862039,0.04999999999999989,0.07799272488431003,0.04999999999999988,0.0,0.0,1.0,0.0,0.0,0.4,0,2,0.0,0.0,0.0,0.0,0.0,0.0,0.0,0.0,0.0,1.0,core,short_shelf_life,balanced_inventory,uniform,medium_margin,moderate_disposal_cost,recovered_demand,recovered_target_response
core_005,expiry_threshold_rule,recovered_calibration,financial,0.1,3,1.5598544976862039,0.04999999999999989,0.07799272488431003,0.049999999999999906,0.0,0.0,1.0,0.0,0.0,0.4,0,2,0.0,0.0,0.0,0.0,0.0,0.0,0.0,0.0,0.0,1.0,core,short_shelf_life,balanced_inventory,uniform,medium_margin,moderate_disposal_cost,recovered_demand,recovered_target_response
core_005,expiry_threshold_rule,recovered_calibration,financial,0.1,4,1.5598544976862039,0.049999999999999926,0.07799272488431008,0.04999999999999993,0.0,0.0,1.0,0.0,0.0,0.4,0,2,0.0,0.0,0.0,0.0,0.0,0.0,0.0,0.0,0.0,1.0,core,short_shelf_life,balanced_inventory,uniform,medium_margin,moderate_disposal_cost,recovered_demand,recovered_target_response
core_005,expiry_threshold_rule,recovered_calibration,financial,0.1,5,1.5598544976862039,0.04999999999999989,0.07799272488431003,0.049999999999999906,0.0,0.0,1.0,0.0,0.0,0.4,0,2,0.0,0.0,0.0,0.0,0.0,0.0,0.0,0.0,0.0,1.0,core,short_shelf_life,balanced_inventory,uniform,medium_margin,moderate_disposal_cost,recovered_demand,recovered_target_response
core_005,expiry_threshold_rule,recovered_calibration,financial,0.1,6,1.5598544976862039,0.049999999999999926,0.07799272488431008,0.04999999999999993,0.0,0.0,1.0,0.0,0.0,0.4,0,2,0.0,0.0,0.0,0.0,0.0,0.0,0.0,0.0,0.0,1.0,core,short_shelf_life,balanced_inventory,uniform,medium_margin,moderate_disposal_cost,recovered_demand,recovered_target_response
core_005,expiry_threshold_rule,recovered_calibration,financial,0.1,7,1.5598544976862039,0.049999999999999926,0.07799272488431008,0.04999999999999993,0.0,0.0,1.0,0.0,0.0,0.4,0,2,0.0,0.0,0.0,0.0,0.0,0.0,0.0,0.0,0.0,1.0,core,short_shelf_life,balanced_inventory,uniform,medium_margin,moderate_disposal_cost,recovered_demand,recovered_target_response
core_005,inventory_coverage_rule,recovered_calibration,financial,0.1,0,1.5598544976862039,0.24999999999999992,0.38996362442155086,0.24999999999999992,0.0,0.0,1.0,0.0,0.0,0.2,0,1,0.0,0.0,0.0,0.0,0.0,0.0,0.0,1.0,0.0,0.0,core,short_shelf_life,balanced_inventory,uniform,medium_margin,moderate_disposal_cost,recovered_demand,recovered_target_response
core_005,inventory_coverage_rule,recovered_calibration,financial,0.1,1,1.5598544976862039,0.20089224466443112,0.31336267139009016,0.20089224466443112,0.0,0.0,1.0,0.0,0.0,0.3,0,3,0.0,0.0,0.0,0.6365141682948128,0.3333333333333333,0.0,0.0,0.0,0.6666666666666666,0.0,core,short_shelf_life,balanced_inventory,uniform,medium_margin,moderate_disposal_cost,recovered_demand,recovered_target_response
core_005,inventory_coverage_rule,recovered_calibration,financial,0.1,2,1.5598544976862039,0.19437828175383443,0.3032018370462348,0.19437828175383443,0.0,0.0,1.0,0.0,0.0,0.3,0,3,0.0,0.0,0.0,0.6365141682948128,0.3333333333333333,0.0,0.0,0.0,0.6666666666666666,0.0,core,short_shelf_life,balanced_inventory,uniform,medium_margin,moderate_disposal_cost,recovered_demand,recovered_target_response
core_005,inventory_coverage_rule,recovered_calibration,financial,0.1,3,1.5598544976862039,0.1957271718763633,0.305305909370746,0.19572717187636332,0.0,0.0,1.0,0.0,0.0,0.3,0,3,0.0,0.0,0.0,0.6365141682948128,0.3333333333333333,0.0,0.0,0.0,0.6666666666666666,0.0,core,short_shelf_life,balanced_inventory,uniform,medium_margin,moderate_disposal_cost,recovered_demand,recovered_target_response
core_005,inventory_coverage_rule,recovered_calibration,financial,0.1,4,1.5598544976862039,0.18995530272984845,0.29630263332249857,0.18995530272984845,0.0,0.0,1.0,0.0,0.0,0.3,0,3,0.0,0.0,0.0,0.6365141682948128,0.3333333333333333,0.0,0.0,0.0,0.6666666666666666,0.0,core,short_shelf_life,balanced_inventory,uniform,medium_margin,moderate_disposal_cost,recovered_demand,recovered_target_response
core_005,inventory_coverage_rule,recovered_calibration,financial,0.1,5,1.5598544976862039,0.15675047620548704,0.24450793532358323,0.15675047620548702,0.0,0.0,1.0,0.0,0.0,0.3,0,3,0.0,0.0,0.0,0.6365141682948128,0.3333333333333333,0.0,0.0,0.0,0.6666666666666666,0.0,core,short_shelf_life,balanced_inventory,uniform,medium_margin,moderate_disposal_cost,recovered_demand,recovered_target_response
core_005,inventory_coverage_rule,recovered_calibration,financial,0.1,6,1.5598544976862039,0.19781113282459634,0.30855658522884966,0.19781113282459636,0.0,0.0,1.0,0.0,0.0,0.3,0,2,0.0,0.0,0.0,0.6931471805599453,0.0,0.0,0.0,0.5,0.5,0.0,core,short_shelf_life,balanced_inventory,uniform,medium_margin,moderate_disposal_cost,recovered_demand,recovered_target_response
core_005,inventory_coverage_rule,recovered_calibration,financial,0.1,7,1.5598544976862039,0.20375101801919113,0.31782194186537804,0.2037510180191911,0.0,0.0,1.0,0.0,0.0,0.3,0,3,0.0,0.0,0.0,1.0986122886681096,0.3333333333333333,0.0,0.0,0.3333333333333333,0.3333333333333333,0.0,core,short_shelf_life,balanced_inventory,uniform,medium_margin,moderate_disposal_cost,recovered_demand,recovered_target_response
core_006,always_0pct,recovered_calibration,financial,0.1,0,3.1197089953724078,0.44999999999999996,1.4038690479175833,0.4499999999999999,0.0,0.0,1.0,0.0,0.0,0.0,-1,3,0.0,0.0,0.0,0.0,1.0,0.0,0.0,0.0,0.0,0.0,core,short_shelf_life,high_inventory,uniform,medium_margin,moderate_disposal_cost,recovered_demand,recovered_target_response
core_006,always_0pct,recovered_calibration,financial,0.1,1,3.1197089953724078,-0.15219932794739763,-0.47481761248713145,-0.15219932794739757,1.789225390861633,0.5735231694737118,0.4264768305262881,0.0,0.0,0.0,-1,3,0.0,0.0,0.0,0.0,1.0,0.0,0.0,0.0,0.0,0.0,core,short_shelf_life,high_inventory,uniform,medium_margin,moderate_disposal_cost,recovered_demand,recovered_target_response
core_006,always_0pct,recovered_calibration,financial,0.1,2,3.1197089953724078,-0.1358956767616695,-0.4239549652256014,-0.13589567676166947,1.7407847744220806,0.5579958826301613,0.4420041173698387,0.0,0.0,0.0,-1,3,0.0,0.0,5.551115123125783e-17,0.0,1.0,0.0,0.0,0.0,0.0,0.0,core,short_shelf_life,high_inventory,uniform,medium_margin,moderate_disposal_cost,recovered_demand,recovered_target_response
core_006,always_0pct,recovered_calibration,financial,0.1,3,3.1197089953724078,-0.11493563925180866,-0.35856574766274546,-0.11493563925180864,1.6785093291241227,0.5380339421445797,0.4619660578554204,0.0,0.0,0.0,-1,3,0.0,0.0,5.551115123125783e-17,0.0,1.0,0.0,0.0,0.0,0.0,0.0,core,short_shelf_life,high_inventory,uniform,medium_margin,moderate_disposal_cost,recovered_demand,recovered_target_response
core_006,always_0pct,recovered_calibration,financial,0.1,4,3.1197089953724078,-0.03214982733397283,-0.10029810553346474,-0.03214982733397284,1.4325401461438552,0.4591903117466407,0.5408096882533593,0.0,0.0,0.0,-1,3,0.0,0.0,0.0,0.0,1.0,0.0,0.0,0.0,0.0,0.0,core,short_shelf_life,high_inventory,uniform,medium_margin,moderate_disposal_cost,recovered_demand,recovered_target_response
core_006,always_0pct,recovered_calibration,financial,0.1,5,3.1197089953724078,0.07844600142737151,0.24472869630396765,0.07844600142737151,1.1039431920129672,0.35386095102155085,0.6461390489784491,0.0,0.0,0.0,-1,3,0.0,2.220446049250313e-16,0.0,0.0,1.0,0.0,0.0,0.0,0.0,0.0,core,short_shelf_life,high_inventory,uniform,medium_margin,moderate_disposal_cost,recovered_demand,recovered_target_response
core_006,always_0pct,recovered_calibration,financial,0.1,6,3.1197089953724078,0.09971259646932643,0.31107428415729665,0.09971259646932643,1.0407569178669396,0.33360705098159377,0.6663929490184062,0.0,0.0,0.0,-1,3,0.0,2.220446049250313e-16,0.0,0.0,1.0,0.0,0.0,0.0,0.0,0.0,core,short_shelf_life,high_inventory,uniform,medium_margin,moderate_disposal_cost,recovered_demand,recovered_target_response
core_006,always_0pct,recovered_calibration,financial,0.1,7,3.1197089953724078,0.05266028067931511,0.16428475133409515,0.05266028067931511,1.1805564729366553,0.3784187803054141,0.6215812196945859,0.0,0.0,0.0,-1,3,0.0,0.0,0.0,0.0,1.0,0.0,0.0,0.0,0.0,0.0,core,short_shelf_life,high_inventory,uniform,medium_margin,moderate_disposal_cost,recovered_demand,recovered_target_response
core_006,always_5pct,recovered_calibration,financial,0.1,0,3.1197089953724078,0.39999999999999986,1.2478835981489627,0.39999999999999986,0.0,0.0,1.0,0.0,0.0,0.05,0,3,0.0,0.0,0.0,0.0,0.0,1.0,0.0,0.0,0.0,0.0,core,short_shelf_life,high_inventory,uniform,medium_margin,moderate_disposal_cost,recovered_demand,recovered_target_response
core_006,always_5pct,recovered_calibration,financial,0.1,1,3.1197089953724078,-0.15551671610060228,-0.4851668981498259,-0.15551671610060233,1.7330504962987885,0.5555167161006022,0.4444832838993978,0.0,0.0,0.05,0,3,0.0,2.220446049250313e-16,5.551115123125783e-17,0.0,0.0,1.0,0.0,0.0,0.0,0.0,core,short_shelf_life,high_inventory,uniform,medium_margin,moderate_disposal_cost,recovered_demand,recovered_target_response
core_006,always_5pct,recovered_calibration,financial,0.1,2,3.1197089953724078,-0.13032050580936344,-0.4065620542549533,-0.13032050580936344,1.6544456524039162,0.5303205058093634,0.4696794941906366,0.0,0.0,0.05,0,3,0.0,0.0,0.0,0.0,0.0,1.0,0.0,0.0,0.0,0.0,core,short_shelf_life,high_inventory,uniform,medium_margin,moderate_disposal_cost,recovered_demand,recovered_target_response
core_006,always_5pct,recovered_calibration,financial,0.1,3,3.1197089953724078,-0.11261294326647041,-0.35131961210377033,-0.1126129432664704,1.5992032102527332,0.5126129432664703,0.48738705673352967,0.0,0.0,0.05,0,3,0.0,0.0,5.551115123125783e-17,0.0,0.0,1.0,0.0,0.0,0.0,0.0,core,short_shelf_life,high_inventory,uniform,medium_margin,moderate_disposal_cost,recovered_demand,recovered_target_response
core_006,always_5pct,recovered_calibration,financial,0.1,4,3.1197089953724078,-0.012416233419411572,-0.03873503508718179,-0.01241623341941156,1.2866186332361447,0.4124162334194115,0.5875837665805885,0.0,0.0,0.05,0,3,0.0,0.0,5.551115123125783e-17,0.0,0.0,1.0,0.0,0.0,0.0,0.0,core,short_shelf_life,high_inventory,uniform,medium_margin,moderate_disposal_cost,recovered_demand,recovered_target_response
core_006,always_5pct,recovered_calibration,financial,0.1,5,3.1197089953724078,0.0884569339455451,0.2759598925329799,0.0884569339455451,0.9719237056159828,0.3115430660544548,0.6884569339455452,0.0,0.0,0.05,0,3,0.0,0.0,0.0,0.0,0.0,1.0,0.0,0.0,0.0,0.0,core,short_shelf_life,high_inventory,uniform,medium_margin,moderate_disposal_cost,recovered_demand,recovered_target_response
core_006,always_5pct,recovered_calibration,financial,0.1,6,3.1197089953724078,0.11003787902746931,0.3432861610336968,0.11003787902746931,0.9045974371152659,0.28996212097253055,0.7100378790274695,0.0,0.0,0.05,0,3,0.0,2.220446049250313e-16,0.0,0.0,0.0,1.0,0.0,0.0,0.0,0.0,core,short_shelf_life,high_inventory,uniform,medium_margin,moderate_disposal_cost,recovered_demand,recovered_target_response
core_006,always_5pct,recovered_calibration,financial,0.1,7,3.1197089953724078,0.061941455278322545,0.19323931521824056,0.061941455278322566,1.0546442829307223,0.3380585447216774,0.6619414552783227,0.0,0.0,0.05,0,3,0.0,2.220446049250313e-16,0.0,0.0,0.0,1.0,0.0,0.0,0.0,0.0,core,short_shelf_life,high_inventory,uniform,medium_margin,moderate_disposal_cost,recovered_demand,recovered_target_response
core_006,always_10pct,recovered_calibration,financial,0.1,0,3.1197089953724078,0.3499999999999999,1.0918981483803425,0.34999999999999987,0.0,0.0,1.0,0.0,0.0,0.1,0,3,0.0,0.0,0.0,0.0,0.0,0.0,1.0,0.0,0.0,0.0,core,short_shelf_life,high_inventory,uniform,medium_margin,moderate_disposal_cost,recovered_demand,recovered_target_response
core_006,always_10pct,recovered_calibration,financial,0.1,1,3.1197089953724078,-0.19224994007903468,-0.5997638674243708,-0.19224994007903465,1.7806968587418035,0.57078941060951,0.42921058939048984,0.0,0.0,0.1,0,3,0.0,2.220446049250313e-16,0.0,0.0,0.0,0.0,1.0,0.0,0.0,0.0,core,short_shelf_life,high_inventory,uniform,medium_margin,moderate_disposal_cost,recovered_demand,recovered_target_response
core_006,always_10pct,recovered_calibration,financial,0.1,2,3.1197089953724078,-0.1685735291707827,-0.5259003553357637,-0.16857352917078272,1.702945793385375,0.5458668728113502,0.45413312718864984,0.0,0.0,0.1,0,3,0.0,0.0,0.0,0.0,0.0,0.0,1.0,0.0,0.0,0.0,core,short_shelf_life,high_inventory,uniform,medium_margin,moderate_disposal_cost,recovered_demand,recovered_target_response
core_006,always_10pct,recovered_calibration,financial,0.1,3,3.1197089953724078,-0.15060805904237093,-0.4698533165700633,-0.15060805904237093,1.6439489104741112,0.5269558516235482,0.4730441483764517,0.0,0.0,0.1,0,3,0.0,2.220446049250313e-16,5.551115123125783e-17,0.0,0.0,0.0,1.0,0.0,0.0,0.0,core,short_shelf_life,high_inventory,uniform,medium_margin,moderate_disposal_cost,recovered_demand,recovered_target_response
core_006,always_10pct,recovered_calibration,financial,0.1,4,3.1197089953724078,-0.06077266436119701,-0.18959302768037445,-0.060772664361196965,1.3489380800639126,0.43239227827494414,0.5676077217250558,0.0,0.0,0.1,0,3,0.0,0.0,0.0,0.0,0.0,0.0,1.0,0.0,0.0,0.0,core,short_shelf_life,high_inventory,uniform,medium_margin,moderate_disposal_cost,recovered_demand,recovered_target_response
core_006,always_10pct,recovered_calibration,financial,0.1,5,3.1197089953724078,0.03606260464677259,0.11250483211309525,0.03606260464677258,1.0309403329128919,0.33046041616129196,0.6695395838387079,0.0,0.0,0.1,0,3,0.0,2.220446049250313e-16,0.0,0.0,0.0,0.0,1.0,0.0,0.0,0.0,core,short_shelf_life,high_inventory,uniform,medium_margin,moderate_disposal_cost,recovered_demand,recovered_target_response
core_006,always_10pct,recovered_calibration,financial,0.1,6,3.1197089953724078,0.056227694648609695,0.17541404478432066,0.05622769464860966,0.9647201090484441,0.3092340056330424,0.6907659943669577,0.0,0.0,0.1,0,3,0.0,2.220446049250313e-16,0.0,0.0,0.0,0.0,1.0,0.0,0.0,0.0,core,short_shelf_life,high_inventory,uniform,medium_margin,moderate_disposal_cost,recovered_demand,recovered_target_response
core_006,always_10pct,recovered_calibration,financial,0.1,7,3.1197089953724078,0.008618346608253533,0.026886733439005828,0.008618346608253558,1.1210646473066703,0.3593491088334173,0.6406508911665827,0.0,0.0,0.1,0,3,0.0,0.0,0.0,0.0,0.0,0.0,1.0,0.0,0.0,0.0,core,short_shelf_life,high_inventory,uniform,medium_margin,moderate_disposal_cost,recovered_demand,recovered_target_response
core_006,always_20pct,recovered_calibration,financial,0.1,0,3.1197089953724078,0.25,0.7799272488431019,0.25000000000000006,0.0,0.0,1.0,0.0,0.0,0.2,0,3,0.0,0.0,0.0,0.0,0.0,0.0,0.0,1.0,0.0,0.0,core,short_shelf_life,high_inventory,uniform,medium_margin,moderate_disposal_cost,recovered_demand,recovered_target_response
core_006,always_20pct,recovered_calibration,financial,0.1,1,3.1197089953724078,-0.17744518622385763,-0.5535773436481007,-0.1774451862238577,1.5688289323425912,0.5028766896751266,0.4971233103248734,0.0,0.0,0.2,0,3,0.0,0.0,1.1102230246251565e-16,0.0,0.0,0.0,0.0,1.0,0.0,0.0,core,short_shelf_life,high_inventory,uniform,medium_margin,moderate_disposal_cost,recovered_demand,recovered_target_response
core_006,always_20pct,recovered_calibration,financial,0.1,2,3.1197089953724078,-0.16186562682488648,-0.5049736520471917,-0.16186562682488648,1.511648118694463,0.48454779626457234,0.5154522037354277,0.0,0.0,0.2,0,3,0.0,0.0,0.0,0.0,0.0,0.0,0.0,1.0,0.0,0.0,core,short_shelf_life,high_inventory,uniform,medium_margin,moderate_disposal_cost,recovered_demand,recovered_target_response
core_006,always_20pct,recovered_calibration,financial,0.1,3,3.1197089953724078,-0.1519714497572863,-0.474106698847592,-0.15197144975728627,1.4753340561066985,0.4729075879497485,0.5270924120502515,0.0,0.0,0.2,0,3,0.0,0.0,0.0,0.0,0.0,0.0,0.0,1.0,0.0,0.0,core,short_shelf_life,high_inventory,uniform,medium_margin,moderate_disposal_cost,recovered_demand,recovered_target_response
core_006,always_20pct,recovered_calibration,financial,0.1,4,3.1197089953724078,-0.08934624326853895,-0.2787342788275924,-0.08934624326853899,1.2454841502008167,0.3992308744335752,0.6007691255664248,0.0,0.0,0.2,0,3,0.0,0.0,5.551115123125783e-17,0.0,0.0,0.0,0.0,1.0,0.0,0.0,core,short_shelf_life,high_inventory,uniform,medium_margin,moderate_disposal_cost,recovered_demand,recovered_target_response
core_006,always_20pct,recovered_calibration,financial,0.1,5,3.1197089953724078,-0.01807284182834232,-0.05638200722382225,-0.018072841828342345,0.9838932424316753,0.3153798139156968,0.6846201860843032,0.0,0.0,0.2,0,3,0.0,0.0,0.0,0.0,0.0,0.0,0.0,1.0,0.0,0.0,core,short_shelf_life,high_inventory,uniform,medium_margin,moderate_disposal_cost,recovered_demand,recovered_target_response
core_006,always_20pct,recovered_calibration,financial,0.1,6,3.1197089953724078,8.544398469374824e-05,0.0002665603676495487,8.544398469376158e-05,0.9172478687946497,0.29401712472388963,0.7059828752761104,0.0,0.0,0.2,0,3,0.0,0.0,0.0,0.0,0.0,0.0,0.0,1.0,0.0,0.0,core,short_shelf_life,high_inventory,uniform,medium_margin,moderate_disposal_cost,recovered_demand,recovered_target_response
core_006,always_20pct,recovered_calibration,financial,0.1,7,3.1197089953724078,-0.02925767776540751,-0.0912754405084491,-0.029257677765407525,1.0249443404135892,0.3285384444298911,0.6714615555701088,0.0,0.0,0.2,0,3,0.0,2.220446049250313e-16,0.0,0.0,0.0,0.0,0.0,1.0,0.0,0.0,core,short_shelf_life,high_inventory,uniform,medium_margin,moderate_disposal_cost,recovered_demand,recovered_target_response
core_006,always_40pct,recovered_calibration,financial,0.1,0,3.1197089953724078,0.04999999999999989,0.15598544976862005,0.04999999999999988,0.0,0.0,1.0,0.0,0.0,0.4,0,2,0.0,0.0,0.0,0.0,0.0,0.0,0.0,0.0,0.0,1.0,core,short_shelf_life,high_inventory,uniform,medium_margin,moderate_disposal_cost,recovered_demand,recovered_target_response
core_006,always_40pct,recovered_calibration,financial,0.1,1,3.1197089953724078,-0.0647642414550395,-0.20204558664575734,-0.06476424145503953,0.550816979099042,0.17656037146929135,0.8234396285307086,0.0,0.0,0.4,0,3,0.0,0.0,0.0,0.0,0.0,0.0,0.0,0.0,0.0,1.0,core,short_shelf_life,high_inventory,uniform,medium_margin,moderate_disposal_cost,recovered_demand,recovered_target_response
core_006,always_40pct,recovered_calibration,financial,0.1,2,3.1197089953724078,-0.06568123481319886,-0.20490633907390382,-0.06568123481319885,0.555218136680806,0.17797113048184424,0.8220288695181557,0.0,0.0,0.4,0,3,0.0,2.220446049250313e-16,0.0,0.0,0.0,0.0,0.0,0.0,0.0,1.0,core,short_shelf_life,high_inventory,uniform,medium_margin,moderate_disposal_cost,recovered_demand,recovered_target_response
core_006,always_40pct,recovered_calibration,financial,0.1,3,3.1197089953724078,-0.06429925708410375,-0.2005949707210415,-0.06429925708410375,0.5485852622917871,0.175845010898621,0.824154989101379,0.0,0.0,0.4,0,3,0.0,0.0,0.0,0.0,0.0,0.0,0.0,0.0,0.0,1.0,core,short_shelf_life,high_inventory,uniform,medium_margin,moderate_disposal_cost,recovered_demand,recovered_target_response
core_006,always_40pct,recovered_calibration,financial,0.1,4,3.1197089953724078,-0.0361609685385288,-0.11281169883102693,-0.036160968538528765,0.41353407476868753,0.13255533621312102,0.867444663786879,0.0,0.0,0.4,0,3,0.0,0.0,0.0,0.0,0.0,0.0,0.0,0.0,0.0,1.0,core,short_shelf_life,high_inventory,uniform,medium_margin,moderate_disposal_cost,recovered_demand,recovered_target_response
core_006,always_40pct,recovered_calibration,financial,0.1,5,3.1197089953724078,-0.014630222974742356,-0.045642038218607794,-0.014630222974742368,0.31019613536496604,0.09943111226883426,0.9005688877311658,0.0,0.0,0.4,0,3,0.0,2.220446049250313e-16,0.0,0.0,0.0,0.0,0.0,0.0,0.0,1.0,core,short_shelf_life,high_inventory,uniform,medium_margin,moderate_disposal_cost,recovered_demand,recovered_target_response
core_006,always_40pct,recovered_calibration,financial,0.1,6,3.1197089953724078,-0.02691126858180988,-0.08395532667155514,-0.026911268581809866,0.3691396560618083,0.11832502858739975,0.8816749714126003,0.0,0.0,0.4,0,3,0.0,2.220446049250313e-16,0.0,0.0,0.0,0.0,0.0,0.0,0.0,1.0,core,short_shelf_life,high_inventory,uniform,medium_margin,moderate_disposal_cost,recovered_demand,recovered_target_response
core_006,always_40pct,recovered_calibration,financial,0.1,7,3.1197089953724078,-0.048714666683456975,-0.15197558385894927,-0.048714666683456975,0.4737862055808757,0.15186871797454898,0.8481312820254511,0.0,0.0,0.4,0,3,0.0,2.220446049250313e-16,5.551115123125783e-17,0.0,0.0,0.0,0.0,0.0,0.0,1.0,core,short_shelf_life,high_inventory,uniform,medium_margin,moderate_disposal_cost,recovered_demand,recovered_target_response
core_006,expiry_threshold_rule,recovered_calibration,financial,0.1,0,3.1197089953724078,0.04999999999999989,0.15598544976862005,0.04999999999999988,0.0,0.0,1.0,0.0,0.0,0.4,0,2,0.0,0.0,0.0,0.0,0.0,0.0,0.0,0.0,0.0,1.0,core,short_shelf_life,high_inventory,uniform,medium_margin,moderate_disposal_cost,recovered_demand,recovered_target_response
core_006,expiry_threshold_rule,recovered_calibration,financial,0.1,1,3.1197089953724078,-0.0647642414550395,-0.20204558664575734,-0.06476424145503953,0.550816979099042,0.17656037146929135,0.8234396285307086,0.0,0.0,0.4,0,3,0.0,0.0,0.0,0.0,0.0,0.0,0.0,0.0,0.0,1.0,core,short_shelf_life,high_inventory,uniform,medium_margin,moderate_disposal_cost,recovered_demand,recovered_target_response
core_006,expiry_threshold_rule,recovered_calibration,financial,0.1,2,3.1197089953724078,-0.06568123481319886,-0.20490633907390382,-0.06568123481319885,0.555218136680806,0.17797113048184424,0.8220288695181557,0.0,0.0,0.4,0,3,0.0,2.220446049250313e-16,0.0,0.0,0.0,0.0,0.0,0.0,0.0,1.0,core,short_shelf_life,high_inventory,uniform,medium_margin,moderate_disposal_cost,recovered_demand,recovered_target_response
core_006,expiry_threshold_rule,recovered_calibration,financial,0.1,3,3.1197089953724078,-0.06429925708410375,-0.2005949707210415,-0.06429925708410375,0.5485852622917871,0.175845010898621,0.824154989101379,0.0,0.0,0.4,0,3,0.0,0.0,0.0,0.0,0.0,0.0,0.0,0.0,0.0,1.0,core,short_shelf_life,high_inventory,uniform,medium_margin,moderate_disposal_cost,recovered_demand,recovered_target_response
core_006,expiry_threshold_rule,recovered_calibration,financial,0.1,4,3.1197089953724078,-0.0361609685385288,-0.11281169883102693,-0.036160968538528765,0.41353407476868753,0.13255533621312102,0.867444663786879,0.0,0.0,0.4,0,3,0.0,0.0,0.0,0.0,0.0,0.0,0.0,0.0,0.0,1.0,core,short_shelf_life,high_inventory,uniform,medium_margin,moderate_disposal_cost,recovered_demand,recovered_target_response
core_006,expiry_threshold_rule,recovered_calibration,financial,0.1,5,3.1197089953724078,-0.014630222974742356,-0.045642038218607794,-0.014630222974742368,0.31019613536496604,0.09943111226883426,0.9005688877311658,0.0,0.0,0.4,0,3,0.0,2.220446049250313e-16,0.0,0.0,0.0,0.0,0.0,0.0,0.0,1.0,core,short_shelf_life,high_inventory,uniform,medium_margin,moderate_disposal_cost,recovered_demand,recovered_target_response
core_006,expiry_threshold_rule,recovered_calibration,financial,0.1,6,3.1197089953724078,-0.02691126858180988,-0.08395532667155514,-0.026911268581809866,0.3691396560618083,0.11832502858739975,0.8816749714126003,0.0,0.0,0.4,0,3,0.0,2.220446049250313e-16,0.0,0.0,0.0,0.0,0.0,0.0,0.0,1.0,core,short_shelf_life,high_inventory,uniform,medium_margin,moderate_disposal_cost,recovered_demand,recovered_target_response
core_006,expiry_threshold_rule,recovered_calibration,financial,0.1,7,3.1197089953724078,-0.048714666683456975,-0.15197558385894927,-0.048714666683456975,0.4737862055808757,0.15186871797454898,0.8481312820254511,0.0,0.0,0.4,0,3,0.0,2.220446049250313e-16,5.551115123125783e-17,0.0,0.0,0.0,0.0,0.0,0.0,1.0,core,short_shelf_life,high_inventory,uniform,medium_margin,moderate_disposal_cost,recovered_demand,recovered_target_response
core_006,inventory_coverage_rule,recovered_calibration,financial,0.1,0,3.1197089953724078,0.23724465334855416,0.740134279155493,0.23724465334855413,0.0,0.0,1.0,0.0,0.0,0.3,0,3,0.0,0.0,0.0,1.0986122886681096,0.3333333333333333,0.0,0.3333333333333333,0.0,0.3333333333333333,0.0,core,short_shelf_life,high_inventory,uniform,medium_margin,moderate_disposal_cost,recovered_demand,recovered_target_response
core_006,inventory_coverage_rule,recovered_calibration,financial,0.1,1,3.1197089953724078,-0.12797258158533167,-0.3992372139327886,-0.1279725815853317,1.1562580843181993,0.3706301087804421,0.6293698912195579,0.0,0.0,0.3,0,3,0.0,0.0,5.551115123125783e-17,0.0,0.0,0.0,0.0,0.0,1.0,0.0,core,short_shelf_life,high_inventory,uniform,medium_margin,moderate_disposal_cost,recovered_demand,recovered_target_response
core_006,inventory_coverage_rule,recovered_calibration,financial,0.1,2,3.1197089953724078,-0.12271370855539117,-0.3828310604357618,-0.12271370855539115,1.1343832129888303,0.3636182780738548,0.6363817219261453,0.0,0.0,0.3,0,3,0.0,0.0,0.0,0.0,0.0,0.0,0.0,0.0,1.0,0.0,core,short_shelf_life,high_inventory,uniform,medium_margin,moderate_disposal_cost,recovered_demand,recovered_target_response
core_006,inventory_coverage_rule,recovered_calibration,financial,0.1,3,3.1197089953724078,-0.11560358460803348,-0.36064954279897726,-0.11560358460803355,1.104807856139784,0.3541381128107111,0.6458618871892888,0.0,0.0,0.3,0,3,0.0,0.0,5.551115123125783e-17,0.0,0.0,0.0,0.0,0.0,1.0,0.0,core,short_shelf_life,high_inventory,uniform,medium_margin,moderate_disposal_cost,recovered_demand,recovered_target_response
core_006,inventory_coverage_rule,recovered_calibration,financial,0.1,4,3.1197089953724078,-0.07180330608089276,-0.22400541987803946,-0.07180330608089278,0.9226156922452002,0.29573774144119014,0.7042622585588099,0.0,0.0,0.3,0,3,0.0,0.0,5.551115123125783e-17,0.0,0.0,0.0,0.0,0.0,1.0,0.0,core,short_shelf_life,high_inventory,uniform,medium_margin,moderate_disposal_cost,recovered_demand,recovered_target_response
core_006,inventory_coverage_rule,recovered_calibration,financial,0.1,5,3.1197089953724078,-0.016477817068581698,-0.051405994132955324,-0.0164778170685817,0.6924831245850882,0.2219704227581088,0.7780295772418913,0.0,0.0,0.3,0,3,0.0,0.0,0.0,0.0,0.0,0.0,0.0,0.0,1.0,0.0,core,short_shelf_life,high_inventory,uniform,medium_margin,moderate_disposal_cost,recovered_demand,recovered_target_response
core_006,inventory_coverage_rule,recovered_calibration,financial,0.1,6,3.1197089953724078,-0.02694623121699955,-0.08406439991905829,-0.026946231216999572,0.7360276656332254,0.23592830828933256,0.7640716917106675,0.0,0.0,0.3,0,3,0.0,0.0,0.0,0.0,0.0,0.0,0.0,0.0,1.0,0.0,core,short_shelf_life,high_inventory,uniform,medium_margin,moderate_disposal_cost,recovered_demand,recovered_target_response
core_006,inventory_coverage_rule,recovered_calibration,financial,0.1,7,3.1197089953724078,-0.04538639833560313,-0.14159235515513635,-0.04538639833560312,0.8127316059479963,0.26051519778080406,0.739484802219196,0.0,0.0,0.3,0,3,0.0,2.220446049250313e-16,5.551115123125783e-17,0.0,0.0,0.0,0.0,0.0,1.0,0.0,core,short_shelf_life,high_inventory,uniform,medium_margin,moderate_disposal_cost,recovered_demand,recovered_target_response
core_007,always_0pct,recovered_calibration,financial,0.1,0,0.7799272488431019,0.44999999999999996,0.3509672619793958,0.44999999999999996,0.0,0.0,1.0,0.0,0.0,0.0,-1,1,0.0,0.0,0.0,0.0,1.0,0.0,0.0,0.0,0.0,0.0,core,medium_shelf_life,lean_inventory,uniform,medium_margin,moderate_disposal_cost,observed_sales_demand,observed_target_response
core_007,always_0pct,recovered_calibration,financial,0.1,1,0.7799272488431019,0.44999999999999996,0.3509672619793958,0.4499999999999999,0.0,0.0,1.0,0.0,0.0,0.0,-1,2,0.0,0.0,0.0,0.0,1.0,0.0,0.0,0.0,0.0,0.0,core,medium_shelf_life,lean_inventory,uniform,medium_margin,moderate_disposal_cost,observed_sales_demand,observed_target_response
core_007,always_0pct,recovered_calibration,financial,0.1,2,0.7799272488431019,0.44999999999999996,0.3509672619793958,0.4499999999999999,0.0,0.0,1.0,0.0,0.0,0.0,-1,2,0.0,0.0,0.0,0.0,1.0,0.0,0.0,0.0,0.0,0.0,core,medium_shelf_life,lean_inventory,uniform,medium_margin,moderate_disposal_cost,observed_sales_demand,observed_target_response
core_007,always_0pct,recovered_calibration,financial,0.1,3,0.7799272488431019,0.44999999999999996,0.3509672619793958,0.44999999999999996,0.0,0.0,1.0,0.0,0.0,0.0,-1,2,0.0,0.0,0.0,0.0,1.0,0.0,0.0,0.0,0.0,0.0,core,medium_shelf_life,lean_inventory,uniform,medium_margin,moderate_disposal_cost,observed_sales_demand,observed_target_response
core_007,always_0pct,recovered_calibration,financial,0.1,4,0.7799272488431019,0.44999999999999996,0.3509672619793958,0.4499999999999999,0.0,0.0,1.0,0.0,0.0,0.0,-1,2,0.0,0.0,0.0,0.0,1.0,0.0,0.0,0.0,0.0,0.0,core,medium_shelf_life,lean_inventory,uniform,medium_margin,moderate_disposal_cost,observed_sales_demand,observed_target_response
core_007,always_0pct,recovered_calibration,financial,0.1,5,0.7799272488431019,0.44999999999999996,0.3509672619793958,0.44999999999999996,0.0,0.0,1.0,0.0,0.0,0.0,-1,2,0.0,0.0,0.0,0.0,1.0,0.0,0.0,0.0,0.0,0.0,core,medium_shelf_life,lean_inventory,uniform,medium_margin,moderate_disposal_cost,observed_sales_demand,observed_target_response
core_007,always_0pct,recovered_calibration,financial,0.1,6,0.7799272488431019,0.44999999999999996,0.3509672619793958,0.44999999999999996,0.0,0.0,1.0,0.0,0.0,0.0,-1,2,0.0,0.0,0.0,0.0,1.0,0.0,0.0,0.0,0.0,0.0,core,medium_shelf_life,lean_inventory,uniform,medium_margin,moderate_disposal_cost,observed_sales_demand,observed_target_response
core_007,always_0pct,recovered_calibration,financial,0.1,7,0.7799272488431019,0.44999999999999996,0.3509672619793958,0.44999999999999996,0.0,0.0,1.0,0.0,0.0,0.0,-1,2,0.0,0.0,0.0,0.0,1.0,0.0,0.0,0.0,0.0,0.0,core,medium_shelf_life,lean_inventory,uniform,medium_margin,moderate_disposal_cost,observed_sales_demand,observed_target_response
core_007,always_5pct,recovered_calibration,financial,0.1,0,0.7799272488431019,0.3999999999999999,0.3119708995372407,0.3999999999999999,0.0,0.0,1.0,0.0,0.0,0.05,0,1,0.0,0.0,0.0,0.0,0.0,1.0,0.0,0.0,0.0,0.0,core,medium_shelf_life,lean_inventory,uniform,medium_margin,moderate_disposal_cost,observed_sales_demand,observed_target_response
core_007,always_5pct,recovered_calibration,financial,0.1,1,0.7799272488431019,0.39999999999999986,0.31197089953724066,0.39999999999999986,0.0,0.0,1.0,0.0,0.0,0.05,0,2,0.0,0.0,0.0,0.0,0.0,1.0,0.0,0.0,0.0,0.0,core,medium_shelf_life,lean_inventory,uniform,medium_margin,moderate_disposal_cost,observed_sales_demand,observed_target_response
core_007,always_5pct,recovered_calibration,financial,0.1,2,0.7799272488431019,0.3999999999999999,0.3119708995372407,0.3999999999999999,0.0,0.0,1.0,0.0,0.0,0.05,0,2,0.0,0.0,0.0,0.0,0.0,1.0,0.0,0.0,0.0,0.0,core,medium_shelf_life,lean_inventory,uniform,medium_margin,moderate_disposal_cost,observed_sales_demand,observed_target_response
core_007,always_5pct,recovered_calibration,financial,0.1,3,0.7799272488431019,0.3999999999999999,0.3119708995372407,0.3999999999999999,0.0,0.0,1.0,0.0,0.0,0.05,0,2,0.0,0.0,0.0,0.0,0.0,1.0,0.0,0.0,0.0,0.0,core,medium_shelf_life,lean_inventory,uniform,medium_margin,moderate_disposal_cost,observed_sales_demand,observed_target_response
core_007,always_5pct,recovered_calibration,financial,0.1,4,0.7799272488431019,0.39999999999999986,0.31197089953724066,0.39999999999999986,0.0,0.0,1.0,0.0,0.0,0.05,0,2,0.0,0.0,0.0,0.0,0.0,1.0,0.0,0.0,0.0,0.0,core,medium_shelf_life,lean_inventory,uniform,medium_margin,moderate_disposal_cost,observed_sales_demand,observed_target_response
core_007,always_5pct,recovered_calibration,financial,0.1,5,0.7799272488431019,0.39999999999999986,0.31197089953724066,0.39999999999999986,0.0,0.0,1.0,0.0,0.0,0.05,0,2,0.0,0.0,0.0,0.0,0.0,1.0,0.0,0.0,0.0,0.0,core,medium_shelf_life,lean_inventory,uniform,medium_margin,moderate_disposal_cost,observed_sales_demand,observed_target_response
core_007,always_5pct,recovered_calibration,financial,0.1,6,0.7799272488431019,0.39999999999999986,0.31197089953724066,0.39999999999999986,0.0,0.0,1.0,0.0,0.0,0.05,0,2,0.0,0.0,0.0,0.0,0.0,1.0,0.0,0.0,0.0,0.0,core,medium_shelf_life,lean_inventory,uniform,medium_margin,moderate_disposal_cost,observed_sales_demand,observed_target_response
core_007,always_5pct,recovered_calibration,financial,0.1,7,0.7799272488431019,0.3999999999999999,0.3119708995372407,0.3999999999999999,0.0,0.0,1.0,0.0,0.0,0.05,0,1,0.0,0.0,0.0,0.0,0.0,1.0,0.0,0.0,0.0,0.0,core,medium_shelf_life,lean_inventory,uniform,medium_margin,moderate_disposal_cost,observed_sales_demand,observed_target_response
core_007,always_10pct,recovered_calibration,financial,0.1,0,0.7799272488431019,0.3499999999999999,0.2729745370950856,0.3499999999999999,0.0,0.0,1.0,0.0,0.0,0.1,0,1,0.0,0.0,0.0,0.0,0.0,0.0,1.0,0.0,0.0,0.0,core,medium_shelf_life,lean_inventory,uniform,medium_margin,moderate_disposal_cost,observed_sales_demand,observed_target_response
core_007,always_10pct,recovered_calibration,financial,0.1,1,0.7799272488431019,0.3499999999999999,0.2729745370950856,0.3499999999999999,0.0,0.0,1.0,0.0,0.0,0.1,0,2,0.0,0.0,0.0,0.0,0.0,0.0,1.0,0.0,0.0,0.0,core,medium_shelf_life,lean_inventory,uniform,medium_margin,moderate_disposal_cost,observed_sales_demand,observed_target_response
core_007,always_10pct,recovered_calibration,financial,0.1,2,0.7799272488431019,0.35,0.2729745370950857,0.35000000000000003,0.0,0.0,1.0,0.0,0.0,0.1,0,2,0.0,0.0,0.0,0.0,0.0,0.0,1.0,0.0,0.0,0.0,core,medium_shelf_life,lean_inventory,uniform,medium_margin,moderate_disposal_cost,observed_sales_demand,observed_target_response
core_007,always_10pct,recovered_calibration,financial,0.1,3,0.7799272488431019,0.3499999999999999,0.2729745370950856,0.3499999999999999,0.0,0.0,1.0,0.0,0.0,0.1,0,2,0.0,0.0,0.0,0.0,0.0,0.0,1.0,0.0,0.0,0.0,core,medium_shelf_life,lean_inventory,uniform,medium_margin,moderate_disposal_cost,observed_sales_demand,observed_target_response
core_007,always_10pct,recovered_calibration,financial,0.1,4,0.7799272488431019,0.35,0.2729745370950857,0.35,0.0,0.0,1.0,0.0,0.0,0.1,0,2,0.0,0.0,0.0,0.0,0.0,0.0,1.0,0.0,0.0,0.0,core,medium_shelf_life,lean_inventory,uniform,medium_margin,moderate_disposal_cost,observed_sales_demand,observed_target_response
core_007,always_10pct,recovered_calibration,financial,0.1,5,0.7799272488431019,0.35,0.2729745370950857,0.3499999999999999,0.0,0.0,1.0,0.0,0.0,0.1,0,2,0.0,0.0,0.0,0.0,0.0,0.0,1.0,0.0,0.0,0.0,core,medium_shelf_life,lean_inventory,uniform,medium_margin,moderate_disposal_cost,observed_sales_demand,observed_target_response
core_007,always_10pct,recovered_calibration,financial,0.1,6,0.7799272488431019,0.35,0.2729745370950857,0.35000000000000003,0.0,0.0,1.0,0.0,0.0,0.1,0,2,0.0,0.0,0.0,0.0,0.0,0.0,1.0,0.0,0.0,0.0,core,medium_shelf_life,lean_inventory,uniform,medium_margin,moderate_disposal_cost,observed_sales_demand,observed_target_response
core_007,always_10pct,recovered_calibration,financial,0.1,7,0.7799272488431019,0.3499999999999999,0.2729745370950856,0.3499999999999999,0.0,0.0,1.0,0.0,0.0,0.1,0,1,0.0,0.0,0.0,0.0,0.0,0.0,1.0,0.0,0.0,0.0,core,medium_shelf_life,lean_inventory,uniform,medium_margin,moderate_disposal_cost,observed_sales_demand,observed_target_response
core_007,always_20pct,recovered_calibration,financial,0.1,0,0.7799272488431019,0.24999999999999992,0.19498181221077543,0.24999999999999992,0.0,0.0,1.0,0.0,0.0,0.2,0,1,0.0,0.0,0.0,0.0,0.0,0.0,0.0,1.0,0.0,0.0,core,medium_shelf_life,lean_inventory,uniform,medium_margin,moderate_disposal_cost,observed_sales_demand,observed_target_response
core_007,always_20pct,recovered_calibration,financial,0.1,1,0.7799272488431019,0.24999999999999992,0.19498181221077543,0.2499999999999999,0.0,0.0,1.0,0.0,0.0,0.2,0,2,0.0,0.0,0.0,0.0,0.0,0.0,0.0,1.0,0.0,0.0,core,medium_shelf_life,lean_inventory,uniform,medium_margin,moderate_disposal_cost,observed_sales_demand,observed_target_response
core_007,always_20pct,recovered_calibration,financial,0.1,2,0.7799272488431019,0.24999999999999997,0.19498181221077546,0.24999999999999994,0.0,0.0,1.0,0.0,0.0,0.2,0,2,0.0,0.0,0.0,0.0,0.0,0.0,0.0,1.0,0.0,0.0,core,medium_shelf_life,lean_inventory,uniform,medium_margin,moderate_disposal_cost,observed_sales_demand,observed_target_response
core_007,always_20pct,recovered_calibration,financial,0.1,3,0.7799272488431019,0.25,0.19498181221077548,0.25,0.0,0.0,1.0,0.0,0.0,0.2,0,2,0.0,0.0,0.0,0.0,0.0,0.0,0.0,1.0,0.0,0.0,core,medium_shelf_life,lean_inventory,uniform,medium_margin,moderate_disposal_cost,observed_sales_demand,observed_target_response
core_007,always_20pct,recovered_calibration,financial,0.1,4,0.7799272488431019,0.24999999999999997,0.19498181221077546,0.24999999999999997,0.0,0.0,1.0,0.0,0.0,0.2,0,2,0.0,0.0,0.0,0.0,0.0,0.0,0.0,1.0,0.0,0.0,core,medium_shelf_life,lean_inventory,uniform,medium_margin,moderate_disposal_cost,observed_sales_demand,observed_target_response
core_007,always_20pct,recovered_calibration,financial,0.1,5,0.7799272488431019,0.25,0.19498181221077548,0.25,0.0,0.0,1.0,0.0,0.0,0.2,0,2,0.0,0.0,0.0,0.0,0.0,0.0,0.0,1.0,0.0,0.0,core,medium_shelf_life,lean_inventory,uniform,medium_margin,moderate_disposal_cost,observed_sales_demand,observed_target_response
core_007,always_20pct,recovered_calibration,financial,0.1,6,0.7799272488431019,0.25,0.19498181221077548,0.25,0.0,0.0,1.0,0.0,0.0,0.2,0,2,0.0,0.0,0.0,0.0,0.0,0.0,0.0,1.0,0.0,0.0,core,medium_shelf_life,lean_inventory,uniform,medium_margin,moderate_disposal_cost,observed_sales_demand,observed_target_response
core_007,always_20pct,recovered_calibration,financial,0.1,7,0.7799272488431019,0.24999999999999992,0.19498181221077543,0.24999999999999992,0.0,0.0,1.0,0.0,0.0,0.2,0,1,0.0,0.0,0.0,0.0,0.0,0.0,0.0,1.0,0.0,0.0,core,medium_shelf_life,lean_inventory,uniform,medium_margin,moderate_disposal_cost,observed_sales_demand,observed_target_response
core_007,always_40pct,recovered_calibration,financial,0.1,0,0.7799272488431019,0.049999999999999926,0.03899636244215504,0.049999999999999926,0.0,0.0,1.0,0.0,0.0,0.4,0,1,0.0,0.0,0.0,0.0,0.0,0.0,0.0,0.0,0.0,1.0,core,medium_shelf_life,lean_inventory,uniform,medium_margin,moderate_disposal_cost,observed_sales_demand,observed_target_response
core_007,always_40pct,recovered_calibration,financial,0.1,1,0.7799272488431019,0.049999999999999926,0.03899636244215504,0.049999999999999926,0.0,0.0,1.0,0.0,0.0,0.4,0,1,0.0,0.0,0.0,0.0,0.0,0.0,0.0,0.0,0.0,1.0,core,medium_shelf_life,lean_inventory,uniform,medium_margin,moderate_disposal_cost,observed_sales_demand,observed_target_response
core_007,always_40pct,recovered_calibration,financial,0.1,2,0.7799272488431019,0.049999999999999926,0.03899636244215504,0.049999999999999926,0.0,0.0,1.0,0.0,0.0,0.4,0,1,0.0,0.0,0.0,0.0,0.0,0.0,0.0,0.0,0.0,1.0,core,medium_shelf_life,lean_inventory,uniform,medium_margin,moderate_disposal_cost,observed_sales_demand,observed_target_response
core_007,always_40pct,recovered_calibration,financial,0.1,3,0.7799272488431019,0.049999999999999926,0.03899636244215504,0.049999999999999926,0.0,0.0,1.0,0.0,0.0,0.4,0,1,0.0,0.0,0.0,0.0,0.0,0.0,0.0,0.0,0.0,1.0,core,medium_shelf_life,lean_inventory,uniform,medium_margin,moderate_disposal_cost,observed_sales_demand,observed_target_response
core_007,always_40pct,recovered_calibration,financial,0.1,4,0.7799272488431019,0.049999999999999926,0.03899636244215504,0.049999999999999926,0.0,0.0,1.0,0.0,0.0,0.4,0,1,0.0,0.0,0.0,0.0,0.0,0.0,0.0,0.0,0.0,1.0,core,medium_shelf_life,lean_inventory,uniform,medium_margin,moderate_disposal_cost,observed_sales_demand,observed_target_response
core_007,always_40pct,recovered_calibration,financial,0.1,5,0.7799272488431019,0.049999999999999926,0.03899636244215504,0.049999999999999926,0.0,0.0,1.0,0.0,0.0,0.4,0,1,0.0,0.0,0.0,0.0,0.0,0.0,0.0,0.0,0.0,1.0,core,medium_shelf_life,lean_inventory,uniform,medium_margin,moderate_disposal_cost,observed_sales_demand,observed_target_response
core_007,always_40pct,recovered_calibration,financial,0.1,6,0.7799272488431019,0.049999999999999926,0.03899636244215504,0.049999999999999926,0.0,0.0,1.0,0.0,0.0,0.4,0,1,0.0,0.0,0.0,0.0,0.0,0.0,0.0,0.0,0.0,1.0,core,medium_shelf_life,lean_inventory,uniform,medium_margin,moderate_disposal_cost,observed_sales_demand,observed_target_response
core_007,always_40pct,recovered_calibration,financial,0.1,7,0.7799272488431019,0.049999999999999926,0.03899636244215504,0.049999999999999926,0.0,0.0,1.0,0.0,0.0,0.4,0,1,0.0,0.0,0.0,0.0,0.0,0.0,0.0,0.0,0.0,1.0,core,medium_shelf_life,lean_inventory,uniform,medium_margin,moderate_disposal_cost,observed_sales_demand,observed_target_response
core_007,expiry_threshold_rule,recovered_calibration,financial,0.1,0,0.7799272488431019,0.24999999999999992,0.19498181221077543,0.24999999999999992,0.0,0.0,1.0,0.0,0.0,0.2,0,1,0.0,0.0,0.0,0.0,0.0,0.0,0.0,1.0,0.0,0.0,core,medium_shelf_life,lean_inventory,uniform,medium_margin,moderate_disposal_cost,observed_sales_demand,observed_target_response
core_007,expiry_threshold_rule,recovered_calibration,financial,0.1,1,0.7799272488431019,0.32276942049761176,0.25173666613938467,0.32276942049761176,0.0,0.0,1.0,0.0,0.0,0.2,0,2,0.0,0.0,0.0,0.6931471805599453,0.5,0.0,0.0,0.5,0.0,0.0,core,medium_shelf_life,lean_inventory,uniform,medium_margin,moderate_disposal_cost,observed_sales_demand,observed_target_response
core_007,expiry_threshold_rule,recovered_calibration,financial,0.1,2,0.7799272488431019,0.31567221293914055,0.24620136057383774,0.31567221293914055,0.0,0.0,1.0,0.0,0.0,0.2,0,2,0.0,0.0,0.0,0.6931471805599453,0.5,0.0,0.0,0.5,0.0,0.0,core,medium_shelf_life,lean_inventory,uniform,medium_margin,moderate_disposal_cost,observed_sales_demand,observed_target_response
core_007,expiry_threshold_rule,recovered_calibration,financial,0.1,3,0.7799272488431019,0.3169074774582294,0.24716477703180417,0.31690747745822934,0.0,0.0,1.0,0.0,0.0,0.2,0,2,0.0,0.0,0.0,0.6931471805599453,0.5,0.0,0.0,0.5,0.0,0.0,core,medium_shelf_life,lean_inventory,uniform,medium_margin,moderate_disposal_cost,observed_sales_demand,observed_target_response
core_007,expiry_threshold_rule,recovered_calibration,financial,0.1,4,0.7799272488431019,0.3160682766911093,0.2465102614862772,0.3160682766911093,0.0,0.0,1.0,0.0,0.0,0.2,0,2,0.0,0.0,0.0,0.6931471805599453,0.5,0.0,0.0,0.5,0.0,0.0,core,medium_shelf_life,lean_inventory,uniform,medium_margin,moderate_disposal_cost,observed_sales_demand,observed_target_response
core_007,expiry_threshold_rule,recovered_calibration,financial,0.1,5,0.7799272488431019,0.30682137419036926,0.23929835025855462,0.30682137419036926,0.0,0.0,1.0,0.0,0.0,0.2,0,2,0.0,0.0,0.0,0.6931471805599453,0.5,0.0,0.0,0.5,0.0,0.0,core,medium_shelf_life,lean_inventory,uniform,medium_margin,moderate_disposal_cost,observed_sales_demand,observed_target_response
core_007,expiry_threshold_rule,recovered_calibration,financial,0.1,6,0.7799272488431019,0.25982368796245275,0.20264357413682438,0.2598236879624528,0.0,0.0,1.0,0.0,0.0,0.2,0,2,0.0,0.0,0.0,0.6931471805599453,0.5,0.0,0.0,0.5,0.0,0.0,core,medium_shelf_life,lean_inventory,uniform,medium_margin,moderate_disposal_cost,observed_sales_demand,observed_target_response
core_007,expiry_threshold_rule,recovered_calibration,financial,0.1,7,0.7799272488431019,0.24999999999999992,0.19498181221077543,0.24999999999999992,0.0,0.0,1.0,0.0,0.0,0.2,0,1,0.0,0.0,0.0,0.0,0.0,0.0,0.0,1.0,0.0,0.0,core,medium_shelf_life,lean_inventory,uniform,medium_margin,moderate_disposal_cost,observed_sales_demand,observed_target_response
core_007,inventory_coverage_rule,recovered_calibration,financial,0.1,0,0.7799272488431019,0.44999999999999996,0.3509672619793958,0.44999999999999996,0.0,0.0,1.0,0.0,0.0,0.0,-1,1,0.0,0.0,0.0,0.0,1.0,0.0,0.0,0.0,0.0,0.0,core,medium_shelf_life,lean_inventory,uniform,medium_margin,moderate_disposal_cost,observed_sales_demand,observed_target_response
core_007,inventory_coverage_rule,recovered_calibration,financial,0.1,1,0.7799272488431019,0.20714659443102765,0.1615592735018092,0.20714659443102765,0.0,0.0,1.0,0.0,0.0,0.3,0,2,0.0,0.0,0.0,0.6931471805599453,0.5,0.0,0.0,0.0,0.5,0.0,core,medium_shelf_life,lean_inventory,uniform,medium_margin,moderate_disposal_cost,observed_sales_demand,observed_target_response
core_007,inventory_coverage_rule,recovered_calibration,financial,0.1,2,0.7799272488431019,0.19291954297712785,0.15046320840221988,0.19291954297712782,0.0,0.0,1.0,0.0,0.0,0.3,0,2,0.0,0.0,0.0,0.6931471805599453,0.5,0.0,0.0,0.0,0.5,0.0,core,medium_shelf_life,lean_inventory,uniform,medium_margin,moderate_disposal_cost,observed_sales_demand,observed_target_response
core_007,inventory_coverage_rule,recovered_calibration,financial,0.1,3,0.7799272488431019,0.1908243043700294,0.14882907471971574,0.1908243043700294,0.0,0.0,1.0,0.0,0.0,0.3,0,2,0.0,0.0,0.0,0.6931471805599453,0.5,0.0,0.0,0.0,0.5,0.0,core,medium_shelf_life,lean_inventory,uniform,medium_margin,moderate_disposal_cost,observed_sales_demand,observed_target_response
core_007,inventory_coverage_rule,recovered_calibration,financial,0.1,4,0.7799272488431019,0.19234081351084006,0.15001184152175362,0.19234081351084006,0.0,0.0,1.0,0.0,0.0,0.3,0,2,0.0,0.0,0.0,0.6931471805599453,0.5,0.0,0.0,0.0,0.5,0.0,core,medium_shelf_life,lean_inventory,uniform,medium_margin,moderate_disposal_cost,observed_sales_demand,observed_target_response
core_007,inventory_coverage_rule,recovered_calibration,financial,0.1,5,0.7799272488431019,0.18294201966070867,0.14268146609177718,0.18294201966070867,0.0,0.0,1.0,0.0,0.0,0.3,0,2,0.0,0.0,0.0,0.6931471805599453,0.5,0.0,0.0,0.0,0.5,0.0,core,medium_shelf_life,lean_inventory,uniform,medium_margin,moderate_disposal_cost,observed_sales_demand,observed_target_response
core_007,inventory_coverage_rule,recovered_calibration,financial,0.1,6,0.7799272488431019,0.25982368796245275,0.20264357413682438,0.2598236879624528,0.0,0.0,1.0,0.0,0.0,0.2,0,2,0.0,0.0,0.0,0.6931471805599453,0.5,0.0,0.0,0.5,0.0,0.0,core,medium_shelf_life,lean_inventory,uniform,medium_margin,moderate_disposal_cost,observed_sales_demand,observed_target_response
core_007,inventory_coverage_rule,recovered_calibration,financial,0.1,7,0.7799272488431019,0.24999999999999992,0.19498181221077543,0.24999999999999992,0.0,0.0,1.0,0.0,0.0,0.2,0,1,0.0,0.0,0.0,0.0,0.0,0.0,0.0,1.0,0.0,0.0,core,medium_shelf_life,lean_inventory,uniform,medium_margin,moderate_disposal_cost,observed_sales_demand,observed_target_response
core_008,always_0pct,recovered_calibration,financial,0.1,0,1.5598544976862039,0.44999999999999996,0.7019345239587916,0.44999999999999996,0.0,0.0,1.0,0.0,0.0,0.0,-1,1,0.0,0.0,0.0,0.0,1.0,0.0,0.0,0.0,0.0,0.0,core,medium_shelf_life,balanced_inventory,uniform,medium_margin,moderate_disposal_cost,observed_sales_demand,observed_target_response
core_008,always_0pct,recovered_calibration,financial,0.1,1,1.5598544976862039,0.44999999999999996,0.7019345239587916,0.44999999999999996,0.0,0.0,1.0,0.0,0.0,0.0,-1,4,0.0,0.0,0.0,0.0,1.0,0.0,0.0,0.0,0.0,0.0,core,medium_shelf_life,balanced_inventory,uniform,medium_margin,moderate_disposal_cost,observed_sales_demand,observed_target_response
core_008,always_0pct,recovered_calibration,financial,0.1,2,1.5598544976862039,0.44999999999999996,0.7019345239587916,0.44999999999999996,0.0,0.0,1.0,0.0,0.0,0.0,-1,4,0.0,0.0,0.0,0.0,1.0,0.0,0.0,0.0,0.0,0.0,core,medium_shelf_life,balanced_inventory,uniform,medium_margin,moderate_disposal_cost,observed_sales_demand,observed_target_response
core_008,always_0pct,recovered_calibration,financial,0.1,3,1.5598544976862039,0.44999999999999996,0.7019345239587916,0.44999999999999996,0.0,0.0,1.0,0.0,0.0,0.0,-1,4,0.0,0.0,0.0,0.0,1.0,0.0,0.0,0.0,0.0,0.0,core,medium_shelf_life,balanced_inventory,uniform,medium_margin,moderate_disposal_cost,observed_sales_demand,observed_target_response
core_008,always_0pct,recovered_calibration,financial,0.1,4,1.5598544976862039,0.44999999999999984,0.7019345239587915,0.44999999999999984,0.0,0.0,1.0,5.551115123125783e-17,0.0,0.0,-1,3,0.0,5.551115123125783e-17,0.0,0.0,1.0,0.0,0.0,0.0,0.0,0.0,core,medium_shelf_life,balanced_inventory,uniform,medium_margin,moderate_disposal_cost,observed_sales_demand,observed_target_response
core_008,always_0pct,recovered_calibration,financial,0.1,5,1.5598544976862039,0.44999999999999996,0.7019345239587916,0.44999999999999996,0.0,0.0,1.0,0.0,0.0,0.0,-1,3,0.0,0.0,0.0,0.0,1.0,0.0,0.0,0.0,0.0,0.0,core,medium_shelf_life,balanced_inventory,uniform,medium_margin,moderate_disposal_cost,observed_sales_demand,observed_target_response
core_008,always_0pct,recovered_calibration,financial,0.1,6,1.5598544976862039,0.44999999999999996,0.7019345239587916,0.4499999999999999,0.0,0.0,1.0,0.0,0.0,0.0,-1,3,0.0,0.0,0.0,0.0,1.0,0.0,0.0,0.0,0.0,0.0,core,medium_shelf_life,balanced_inventory,uniform,medium_margin,moderate_disposal_cost,observed_sales_demand,observed_target_response
core_008,always_0pct,recovered_calibration,financial,0.1,7,1.5598544976862039,0.44999999999999996,0.7019345239587916,0.44999999999999996,0.0,0.0,1.0,0.0,0.0,0.0,-1,3,0.0,0.0,0.0,0.0,1.0,0.0,0.0,0.0,0.0,0.0,core,medium_shelf_life,balanced_inventory,uniform,medium_margin,moderate_disposal_cost,observed_sales_demand,observed_target_response
core_008,always_5pct,recovered_calibration,financial,0.1,0,1.5598544976862039,0.3999999999999999,0.6239417990744814,0.3999999999999999,0.0,0.0,1.0,0.0,0.0,0.05,0,1,0.0,0.0,0.0,0.0,0.0,1.0,0.0,0.0,0.0,0.0,core,medium_shelf_life,balanced_inventory,uniform,medium_margin,moderate_disposal_cost,observed_sales_demand,observed_target_response
core_008,always_5pct,recovered_calibration,financial,0.1,1,1.5598544976862039,0.3999999999999999,0.6239417990744814,0.3999999999999999,0.0,0.0,1.0,0.0,0.0,0.05,0,4,0.0,0.0,0.0,0.0,0.0,1.0,0.0,0.0,0.0,0.0,core,medium_shelf_life,balanced_inventory,uniform,medium_margin,moderate_disposal_cost,observed_sales_demand,observed_target_response
core_008,always_5pct,recovered_calibration,financial,0.1,2,1.5598544976862039,0.39999999999999986,0.6239417990744813,0.3999999999999999,0.0,0.0,1.0,0.0,0.0,0.05,0,4,0.0,0.0,1.1102230246251565e-16,0.0,0.0,1.0,0.0,0.0,0.0,0.0,core,medium_shelf_life,balanced_inventory,uniform,medium_margin,moderate_disposal_cost,observed_sales_demand,observed_target_response
core_008,always_5pct,recovered_calibration,financial,0.1,3,1.5598544976862039,0.39999999999999986,0.6239417990744813,0.3999999999999999,0.0,0.0,1.0,0.0,0.0,0.05,0,4,0.0,0.0,1.1102230246251565e-16,0.0,0.0,1.0,0.0,0.0,0.0,0.0,core,medium_shelf_life,balanced_inventory,uniform,medium_margin,moderate_disposal_cost,observed_sales_demand,observed_target_response
core_008,always_5pct,recovered_calibration,financial,0.1,4,1.5598544976862039,0.39999999999999986,0.6239417990744813,0.39999999999999986,0.0,0.0,1.0,0.0,0.0,0.05,0,3,0.0,0.0,0.0,0.0,0.0,1.0,0.0,0.0,0.0,0.0,core,medium_shelf_life,balanced_inventory,uniform,medium_margin,moderate_disposal_cost,observed_sales_demand,observed_target_response
core_008,always_5pct,recovered_calibration,financial,0.1,5,1.5598544976862039,0.39999999999999986,0.6239417990744813,0.39999999999999986,0.0,0.0,1.0,0.0,0.0,0.05,0,3,0.0,0.0,0.0,0.0,0.0,1.0,0.0,0.0,0.0,0.0,core,medium_shelf_life,balanced_inventory,uniform,medium_margin,moderate_disposal_cost,observed_sales_demand,observed_target_response
core_008,always_5pct,recovered_calibration,financial,0.1,6,1.5598544976862039,0.39999999999999986,0.6239417990744813,0.3999999999999999,0.0,0.0,1.0,0.0,0.0,0.05,0,2,0.0,0.0,0.0,0.0,0.0,1.0,0.0,0.0,0.0,0.0,core,medium_shelf_life,balanced_inventory,uniform,medium_margin,moderate_disposal_cost,observed_sales_demand,observed_target_response
core_008,always_5pct,recovered_calibration,financial,0.1,7,1.5598544976862039,0.39999999999999986,0.6239417990744813,0.3999999999999999,0.0,0.0,1.0,0.0,0.0,0.05,0,3,0.0,0.0,0.0,0.0,0.0,1.0,0.0,0.0,0.0,0.0,core,medium_shelf_life,balanced_inventory,uniform,medium_margin,moderate_disposal_cost,observed_sales_demand,observed_target_response
core_008,always_10pct,recovered_calibration,financial,0.1,0,1.5598544976862039,0.3499999999999999,0.5459490741901712,0.3499999999999999,0.0,0.0,1.0,0.0,0.0,0.1,0,1,0.0,0.0,0.0,0.0,0.0,0.0,1.0,0.0,0.0,0.0,core,medium_shelf_life,balanced_inventory,uniform,medium_margin,moderate_disposal_cost,observed_sales_demand,observed_target_response
core_008,always_10pct,recovered_calibration,financial,0.1,1,1.5598544976862039,0.3499999999999999,0.5459490741901712,0.3499999999999999,0.0,0.0,1.0,0.0,0.0,0.1,0,4,0.0,0.0,0.0,0.0,0.0,0.0,1.0,0.0,0.0,0.0,core,medium_shelf_life,balanced_inventory,uniform,medium_margin,moderate_disposal_cost,observed_sales_demand,observed_target_response
core_008,always_10pct,recovered_calibration,financial,0.1,2,1.5598544976862039,0.35,0.5459490741901714,0.3499999999999999,0.0,0.0,1.0,0.0,0.0,0.1,0,4,0.0,0.0,0.0,0.0,0.0,0.0,1.0,0.0,0.0,0.0,core,medium_shelf_life,balanced_inventory,uniform,medium_margin,moderate_disposal_cost,observed_sales_demand,observed_target_response
core_008,always_10pct,recovered_calibration,financial,0.1,3,1.5598544976862039,0.3499999999999999,0.5459490741901712,0.3499999999999999,0.0,0.0,1.0,0.0,0.0,0.1,0,4,0.0,0.0,0.0,0.0,0.0,0.0,1.0,0.0,0.0,0.0,core,medium_shelf_life,balanced_inventory,uniform,medium_margin,moderate_disposal_cost,observed_sales_demand,observed_target_response
core_008,always_10pct,recovered_calibration,financial,0.1,4,1.5598544976862039,0.3499999999999999,0.5459490741901712,0.3499999999999999,0.0,0.0,1.0,5.551115123125783e-17,0.0,0.1,0,3,0.0,5.551115123125783e-17,0.0,0.0,0.0,0.0,1.0,0.0,0.0,0.0,core,medium_shelf_life,balanced_inventory,uniform,medium_margin,moderate_disposal_cost,observed_sales_demand,observed_target_response
core_008,always_10pct,recovered_calibration,financial,0.1,5,1.5598544976862039,0.35,0.5459490741901714,0.35000000000000003,0.0,0.0,1.0,0.0,0.0,0.1,0,3,0.0,0.0,0.0,0.0,0.0,0.0,1.0,0.0,0.0,0.0,core,medium_shelf_life,balanced_inventory,uniform,medium_margin,moderate_disposal_cost,observed_sales_demand,observed_target_response
core_008,always_10pct,recovered_calibration,financial,0.1,6,1.5598544976862039,0.35,0.5459490741901714,0.35,0.0,0.0,1.0,0.0,0.0,0.1,0,3,0.0,0.0,0.0,0.0,0.0,0.0,1.0,0.0,0.0,0.0,core,medium_shelf_life,balanced_inventory,uniform,medium_margin,moderate_disposal_cost,observed_sales_demand,observed_target_response
core_008,always_10pct,recovered_calibration,financial,0.1,7,1.5598544976862039,0.3499999999999999,0.5459490741901712,0.35,0.0,0.0,1.0,0.0,0.0,0.1,0,3,0.0,0.0,0.0,0.0,0.0,0.0,1.0,0.0,0.0,0.0,core,medium_shelf_life,balanced_inventory,uniform,medium_margin,moderate_disposal_cost,observed_sales_demand,observed_target_response
core_008,always_20pct,recovered_calibration,financial,0.1,0,1.5598544976862039,0.24999999999999992,0.38996362442155086,0.24999999999999992,0.0,0.0,1.0,0.0,0.0,0.2,0,1,0.0,0.0,0.0,0.0,0.0,0.0,0.0,1.0,0.0,0.0,core,medium_shelf_life,balanced_inventory,uniform,medium_margin,moderate_disposal_cost,observed_sales_demand,observed_target_response
core_008,always_20pct,recovered_calibration,financial,0.1,1,1.5598544976862039,0.24999999999999997,0.3899636244215509,0.25,0.0,0.0,1.0,0.0,0.0,0.2,0,4,0.0,0.0,0.0,0.0,0.0,0.0,0.0,1.0,0.0,0.0,core,medium_shelf_life,balanced_inventory,uniform,medium_margin,moderate_disposal_cost,observed_sales_demand,observed_target_response
core_008,always_20pct,recovered_calibration,financial,0.1,2,1.5598544976862039,0.24999999999999997,0.3899636244215509,0.24999999999999994,0.0,0.0,1.0,0.0,0.0,0.2,0,3,0.0,0.0,0.0,0.0,0.0,0.0,0.0,1.0,0.0,0.0,core,medium_shelf_life,balanced_inventory,uniform,medium_margin,moderate_disposal_cost,observed_sales_demand,observed_target_response
core_008,always_20pct,recovered_calibration,financial,0.1,3,1.5598544976862039,0.24999999999999997,0.3899636244215509,0.24999999999999994,0.0,0.0,1.0,0.0,0.0,0.2,0,3,0.0,0.0,0.0,0.0,0.0,0.0,0.0,1.0,0.0,0.0,core,medium_shelf_life,balanced_inventory,uniform,medium_margin,moderate_disposal_cost,observed_sales_demand,observed_target_response
core_008,always_20pct,recovered_calibration,financial,0.1,4,1.5598544976862039,0.24999999999999997,0.3899636244215509,0.24999999999999994,0.0,0.0,1.0,0.0,0.0,0.2,0,3,0.0,0.0,0.0,0.0,0.0,0.0,0.0,1.0,0.0,0.0,core,medium_shelf_life,balanced_inventory,uniform,medium_margin,moderate_disposal_cost,observed_sales_demand,observed_target_response
core_008,always_20pct,recovered_calibration,financial,0.1,5,1.5598544976862039,0.25,0.38996362442155097,0.25,0.0,0.0,1.0,0.0,0.0,0.2,0,3,0.0,0.0,0.0,0.0,0.0,0.0,0.0,1.0,0.0,0.0,core,medium_shelf_life,balanced_inventory,uniform,medium_margin,moderate_disposal_cost,observed_sales_demand,observed_target_response
core_008,always_20pct,recovered_calibration,financial,0.1,6,1.5598544976862039,0.25,0.38996362442155097,0.24999999999999997,0.0,0.0,1.0,0.0,0.0,0.2,0,3,0.0,0.0,0.0,0.0,0.0,0.0,0.0,1.0,0.0,0.0,core,medium_shelf_life,balanced_inventory,uniform,medium_margin,moderate_disposal_cost,observed_sales_demand,observed_target_response
core_008,always_20pct,recovered_calibration,financial,0.1,7,1.5598544976862039,0.24999999999999997,0.3899636244215509,0.24999999999999994,0.0,0.0,1.0,0.0,0.0,0.2,0,3,0.0,0.0,0.0,0.0,0.0,0.0,0.0,1.0,0.0,0.0,core,medium_shelf_life,balanced_inventory,uniform,medium_margin,moderate_disposal_cost,observed_sales_demand,observed_target_response
core_008,always_40pct,recovered_calibration,financial,0.1,0,1.5598544976862039,0.049999999999999926,0.07799272488431008,0.049999999999999926,0.0,0.0,1.0,0.0,0.0,0.4,0,1,0.0,0.0,0.0,0.0,0.0,0.0,0.0,0.0,0.0,1.0,core,medium_shelf_life,balanced_inventory,uniform,medium_margin,moderate_disposal_cost,observed_sales_demand,observed_target_response
core_008,always_40pct,recovered_calibration,financial,0.1,1,1.5598544976862039,0.049999999999999926,0.07799272488431008,0.049999999999999906,0.0,0.0,1.0,0.0,0.0,0.4,0,2,0.0,0.0,0.0,0.0,0.0,0.0,0.0,0.0,0.0,1.0,core,medium_shelf_life,balanced_inventory,uniform,medium_margin,moderate_disposal_cost,observed_sales_demand,observed_target_response
core_008,always_40pct,recovered_calibration,financial,0.1,2,1.5598544976862039,0.04999999999999989,0.07799272488431003,0.04999999999999988,0.0,0.0,1.0,0.0,0.0,0.4,0,2,0.0,0.0,0.0,0.0,0.0,0.0,0.0,0.0,0.0,1.0,core,medium_shelf_life,balanced_inventory,uniform,medium_margin,moderate_disposal_cost,observed_sales_demand,observed_target_response
core_008,always_40pct,recovered_calibration,financial,0.1,3,1.5598544976862039,0.04999999999999989,0.07799272488431003,0.049999999999999906,0.0,0.0,1.0,0.0,0.0,0.4,0,2,0.0,0.0,0.0,0.0,0.0,0.0,0.0,0.0,0.0,1.0,core,medium_shelf_life,balanced_inventory,uniform,medium_margin,moderate_disposal_cost,observed_sales_demand,observed_target_response
core_008,always_40pct,recovered_calibration,financial,0.1,4,1.5598544976862039,0.049999999999999926,0.07799272488431008,0.04999999999999993,0.0,0.0,1.0,0.0,0.0,0.4,0,2,0.0,0.0,0.0,0.0,0.0,0.0,0.0,0.0,0.0,1.0,core,medium_shelf_life,balanced_inventory,uniform,medium_margin,moderate_disposal_cost,observed_sales_demand,observed_target_response
core_008,always_40pct,recovered_calibration,financial,0.1,5,1.5598544976862039,0.04999999999999989,0.07799272488431003,0.049999999999999906,0.0,0.0,1.0,0.0,0.0,0.4,0,2,0.0,0.0,0.0,0.0,0.0,0.0,0.0,0.0,0.0,1.0,core,medium_shelf_life,balanced_inventory,uniform,medium_margin,moderate_disposal_cost,observed_sales_demand,observed_target_response
core_008,always_40pct,recovered_calibration,financial,0.1,6,1.5598544976862039,0.049999999999999926,0.07799272488431008,0.04999999999999993,0.0,0.0,1.0,0.0,0.0,0.4,0,2,0.0,0.0,0.0,0.0,0.0,0.0,0.0,0.0,0.0,1.0,core,medium_shelf_life,balanced_inventory,uniform,medium_margin,moderate_disposal_cost,observed_sales_demand,observed_target_response
core_008,always_40pct,recovered_calibration,financial,0.1,7,1.5598544976862039,0.049999999999999926,0.07799272488431008,0.04999999999999993,0.0,0.0,1.0,0.0,0.0,0.4,0,2,0.0,0.0,0.0,0.0,0.0,0.0,0.0,0.0,0.0,1.0,core,medium_shelf_life,balanced_inventory,uniform,medium_margin,moderate_disposal_cost,observed_sales_demand,observed_target_response
core_008,expiry_threshold_rule,recovered_calibration,financial,0.1,0,1.5598544976862039,0.24999999999999992,0.38996362442155086,0.24999999999999992,0.0,0.0,1.0,0.0,0.0,0.2,0,1,0.0,0.0,0.0,0.0,0.0,0.0,0.0,1.0,0.0,0.0,core,medium_shelf_life,balanced_inventory,uniform,medium_margin,moderate_disposal_cost,observed_sales_demand,observed_target_response
core_008,expiry_threshold_rule,recovered_calibration,financial,0.1,1,1.5598544976862039,0.357358834452283,0.5574277852082932,0.357358834452283,0.0,0.0,1.0,0.0,0.0,0.2,0,4,0.0,0.0,0.0,1.0397207708399179,0.5,0.0,0.25,0.25,0.0,0.0,core,medium_shelf_life,balanced_inventory,uniform,medium_margin,moderate_disposal_cost,observed_sales_demand,observed_target_response
core_008,expiry_threshold_rule,recovered_calibration,financial,0.1,2,1.5598544976862039,0.3513744374897266,0.5480929966903099,0.3513744374897265,0.0,0.0,1.0,0.0,0.0,0.2,0,4,0.0,0.0,0.0,1.0397207708399179,0.5,0.0,0.25,0.25,0.0,0.0,core,medium_shelf_life,balanced_inventory,uniform,medium_margin,moderate_disposal_cost,observed_sales_demand,observed_target_response
core_008,expiry_threshold_rule,recovered_calibration,financial,0.1,3,1.5598544976862039,0.35021968272840925,0.5462917472821445,0.3502196827284092,0.0,0.0,1.0,0.0,0.0,0.2,0,4,0.0,0.0,0.0,1.0397207708399179,0.5,0.0,0.25,0.25,0.0,0.0,core,medium_shelf_life,balanced_inventory,uniform,medium_margin,moderate_disposal_cost,observed_sales_demand,observed_target_response
core_008,expiry_threshold_rule,recovered_calibration,financial,0.1,4,1.5598544976862039,0.34749028063447757,0.542034277149931,0.34749028063447757,0.0,0.0,1.0,0.0,0.0,0.2,0,3,0.0,0.0,0.0,1.0986122886681096,0.3333333333333333,0.0,0.3333333333333333,0.3333333333333333,0.0,0.0,core,medium_shelf_life,balanced_inventory,uniform,medium_margin,moderate_disposal_cost,observed_sales_demand,observed_target_response
core_008,expiry_threshold_rule,recovered_calibration,financial,0.1,5,1.5598544976862039,0.37661928503799713,0.5874712856818822,0.3766192850379971,0.0,0.0,1.0,0.0,0.0,0.2,0,3,0.0,0.0,0.0,0.6365141682948128,0.6666666666666666,0.0,0.0,0.3333333333333333,0.0,0.0,core,medium_shelf_life,balanced_inventory,uniform,medium_margin,moderate_disposal_cost,observed_sales_demand,observed_target_response
core_008,expiry_threshold_rule,recovered_calibration,financial,0.1,6,1.5598544976862039,0.3529097586031147,0.5504878742344209,0.35290975860311463,0.0,0.0,1.0,0.0,0.0,0.2,0,3,0.0,0.0,0.0,0.6365141682948128,0.6666666666666666,0.0,0.0,0.3333333333333333,0.0,0.0,core,medium_shelf_life,balanced_inventory,uniform,medium_margin,moderate_disposal_cost,observed_sales_demand,observed_target_response
core_008,expiry_threshold_rule,recovered_calibration,financial,0.1,7,1.5598544976862039,0.3462633856894437,0.5401204995517315,0.3462633856894437,0.0,0.0,1.0,0.0,0.0,0.2,0,3,0.0,0.0,0.0,0.6365141682948128,0.6666666666666666,0.0,0.0,0.3333333333333333,0.0,0.0,core,medium_shelf_life,balanced_inventory,uniform,medium_margin,moderate_disposal_cost,observed_sales_demand,observed_target_response
core_008,inventory_coverage_rule,recovered_calibration,financial,0.1,0,1.5598544976862039,0.24999999999999992,0.38996362442155086,0.24999999999999992,0.0,0.0,1.0,0.0,0.0,0.2,0,1,0.0,0.0,0.0,0.0,0.0,0.0,0.0,1.0,0.0,0.0,core,medium_shelf_life,balanced_inventory,uniform,medium_margin,moderate_disposal_cost,observed_sales_demand,observed_target_response
core_008,inventory_coverage_rule,recovered_calibration,financial,0.1,1,1.5598544976862039,0.20089224466443112,0.31336267139009016,0.20089224466443112,0.0,0.0,1.0,0.0,0.0,0.3,0,3,0.0,0.0,0.0,0.6365141682948128,0.3333333333333333,0.0,0.0,0.0,0.6666666666666666,0.0,core,medium_shelf_life,balanced_inventory,uniform,medium_margin,moderate_disposal_cost,observed_sales_demand,observed_target_response
core_008,inventory_coverage_rule,recovered_calibration,financial,0.1,2,1.5598544976862039,0.19437828175383443,0.3032018370462348,0.19437828175383443,0.0,0.0,1.0,0.0,0.0,0.3,0,3,0.0,0.0,0.0,0.6365141682948128,0.3333333333333333,0.0,0.0,0.0,0.6666666666666666,0.0,core,medium_shelf_life,balanced_inventory,uniform,medium_margin,moderate_disposal_cost,observed_sales_demand,observed_target_response
core_008,inventory_coverage_rule,recovered_calibration,financial,0.1,3,1.5598544976862039,0.1957271718763633,0.305305909370746,0.19572717187636332,0.0,0.0,1.0,0.0,0.0,0.3,0,3,0.0,0.0,0.0,0.6365141682948128,0.3333333333333333,0.0,0.0,0.0,0.6666666666666666,0.0,core,medium_shelf_life,balanced_inventory,uniform,medium_margin,moderate_disposal_cost,observed_sales_demand,observed_target_response
core_008,inventory_coverage_rule,recovered_calibration,financial,0.1,4,1.5598544976862039,0.18995530272984845,0.29630263332249857,0.18995530272984845,0.0,0.0,1.0,0.0,0.0,0.3,0,3,0.0,0.0,0.0,0.6365141682948128,0.3333333333333333,0.0,0.0,0.0,0.6666666666666666,0.0,core,medium_shelf_life,balanced_inventory,uniform,medium_margin,moderate_disposal_cost,observed_sales_demand,observed_target_response
core_008,inventory_coverage_rule,recovered_calibration,financial,0.1,5,1.5598544976862039,0.15675047620548704,0.24450793532358323,0.15675047620548702,0.0,0.0,1.0,0.0,0.0,0.3,0,3,0.0,0.0,0.0,0.6365141682948128,0.3333333333333333,0.0,0.0,0.0,0.6666666666666666,0.0,core,medium_shelf_life,balanced_inventory,uniform,medium_margin,moderate_disposal_cost,observed_sales_demand,observed_target_response
core_008,inventory_coverage_rule,recovered_calibration,financial,0.1,6,1.5598544976862039,0.19781113282459634,0.30855658522884966,0.19781113282459636,0.0,0.0,1.0,0.0,0.0,0.3,0,2,0.0,0.0,0.0,0.6931471805599453,0.0,0.0,0.0,0.5,0.5,0.0,core,medium_shelf_life,balanced_inventory,uniform,medium_margin,moderate_disposal_cost,observed_sales_demand,observed_target_response
core_008,inventory_coverage_rule,recovered_calibration,financial,0.1,7,1.5598544976862039,0.20375101801919113,0.31782194186537804,0.2037510180191911,0.0,0.0,1.0,0.0,0.0,0.3,0,3,0.0,0.0,0.0,1.0986122886681096,0.3333333333333333,0.0,0.0,0.3333333333333333,0.3333333333333333,0.0,core,medium_shelf_life,balanced_inventory,uniform,medium_margin,moderate_disposal_cost,observed_sales_demand,observed_target_response
core_009,always_0pct,recovered_calibration,financial,0.1,0,3.1197089953724078,0.44999999999999996,1.4038690479175833,0.4499999999999999,0.0,0.0,1.0,0.0,0.0,0.0,-1,3,0.0,0.0,0.0,0.0,1.0,0.0,0.0,0.0,0.0,0.0,core,medium_shelf_life,high_inventory,uniform,medium_margin,moderate_disposal_cost,observed_sales_demand,observed_target_response
core_009,always_0pct,recovered_calibration,financial,0.1,1,3.1197089953724078,0.448760645657286,1.4000026230261648,0.448760645657286,0.003682309420398433,0.0011803374692513158,0.9988196625307486,0.0,0.0,0.0,-1,7,0.0,1.6653345369377348e-16,0.0,0.0,1.0,0.0,0.0,0.0,0.0,0.0,core,medium_shelf_life,high_inventory,uniform,medium_margin,moderate_disposal_cost,observed_sales_demand,observed_target_response
core_009,always_0pct,recovered_calibration,financial,0.1,2,3.1197089953724078,0.44999999999999996,1.4038690479175833,0.44999999999999996,0.0,0.0,0.9999999999999999,0.0,0.0,0.0,-1,6,0.0,4.440892098500626e-16,0.0,0.0,1.0,0.0,0.0,0.0,0.0,0.0,core,medium_shelf_life,high_inventory,uniform,medium_margin,moderate_disposal_cost,observed_sales_demand,observed_target_response
core_009,always_0pct,recovered_calibration,financial,0.1,3,3.1197089953724078,0.45,1.4038690479175835,0.44999999999999996,0.0,0.0,1.0000000000000002,0.0,0.0,0.0,-1,6,0.0,4.440892098500626e-16,2.220446049250313e-16,0.0,1.0,0.0,0.0,0.0,0.0,0.0,core,medium_shelf_life,high_inventory,uniform,medium_margin,moderate_disposal_cost,observed_sales_demand,observed_target_response
core_009,always_0pct,recovered_calibration,financial,0.1,4,3.1197089953724078,0.44999999999999984,1.403869047917583,0.44999999999999984,0.0,0.0,1.0000000000000002,0.0,0.0,0.0,-1,6,0.0,4.440892098500626e-16,0.0,0.0,1.0,0.0,0.0,0.0,0.0,0.0,core,medium_shelf_life,high_inventory,uniform,medium_margin,moderate_disposal_cost,observed_sales_demand,observed_target_response
core_009,always_0pct,recovered_calibration,financial,0.1,5,3.1197089953724078,0.44999999999999996,1.4038690479175833,0.44999999999999996,0.0,0.0,1.0,0.0,0.0,0.0,-1,5,0.0,0.0,0.0,0.0,1.0,0.0,0.0,0.0,0.0,0.0,core,medium_shelf_life,high_inventory,uniform,medium_margin,moderate_disposal_cost,observed_sales_demand,observed_target_response
core_009,always_0pct,recovered_calibration,financial,0.1,6,3.1197089953724078,0.44999999999999996,1.4038690479175833,0.44999999999999996,0.0,0.0,1.0,0.0,0.0,0.0,-1,5,0.0,0.0,0.0,0.0,1.0,0.0,0.0,0.0,0.0,0.0,core,medium_shelf_life,high_inventory,uniform,medium_margin,moderate_disposal_cost,observed_sales_demand,observed_target_response
core_009,always_0pct,recovered_calibration,financial,0.1,7,3.1197089953724078,0.44999999999999996,1.4038690479175833,0.44999999999999996,0.0,0.0,1.0,0.0,0.0,0.0,-1,5,0.0,0.0,0.0,0.0,1.0,0.0,0.0,0.0,0.0,0.0,core,medium_shelf_life,high_inventory,uniform,medium_margin,moderate_disposal_cost,observed_sales_demand,observed_target_response
core_009,always_5pct,recovered_calibration,financial,0.1,0,3.1197089953724078,0.39999999999999986,1.2478835981489627,0.39999999999999986,0.0,0.0,1.0,0.0,0.0,0.05,0,3,0.0,0.0,0.0,0.0,0.0,1.0,0.0,0.0,0.0,0.0,core,medium_shelf_life,high_inventory,uniform,medium_margin,moderate_disposal_cost,observed_sales_demand,observed_target_response
core_009,always_5pct,recovered_calibration,financial,0.1,1,3.1197089953724078,0.39999999999999986,1.2478835981489627,0.3999999999999999,0.0,0.0,1.0,0.0,0.0,0.05,0,6,0.0,0.0,0.0,0.0,0.0,1.0,0.0,0.0,0.0,0.0,core,medium_shelf_life,high_inventory,uniform,medium_margin,moderate_disposal_cost,observed_sales_demand,observed_target_response
core_009,always_5pct,recovered_calibration,financial,0.1,2,3.1197089953724078,0.39999999999999986,1.2478835981489627,0.39999999999999986,0.0,0.0,1.0,0.0,0.0,0.05,0,6,0.0,0.0,0.0,0.0,0.0,1.0,0.0,0.0,0.0,0.0,core,medium_shelf_life,high_inventory,uniform,medium_margin,moderate_disposal_cost,observed_sales_demand,observed_target_response
core_009,always_5pct,recovered_calibration,financial,0.1,3,3.1197089953724078,0.3999999999999998,1.2478835981489624,0.39999999999999986,0.0,0.0,1.0,0.0,0.0,0.05,0,6,0.0,0.0,2.220446049250313e-16,0.0,0.0,1.0,0.0,0.0,0.0,0.0,core,medium_shelf_life,high_inventory,uniform,medium_margin,moderate_disposal_cost,observed_sales_demand,observed_target_response
core_009,always_5pct,recovered_calibration,financial,0.1,4,3.1197089953724078,0.39999999999999986,1.2478835981489627,0.39999999999999986,0.0,0.0,1.0,0.0,0.0,0.05,0,5,0.0,0.0,0.0,0.0,0.0,1.0,0.0,0.0,0.0,0.0,core,medium_shelf_life,high_inventory,uniform,medium_margin,moderate_disposal_cost,observed_sales_demand,observed_target_response
core_009,always_5pct,recovered_calibration,financial,0.1,5,3.1197089953724078,0.3999999999999999,1.2478835981489629,0.3999999999999999,0.0,0.0,1.0,0.0,0.0,0.05,0,5,0.0,0.0,0.0,0.0,0.0,1.0,0.0,0.0,0.0,0.0,core,medium_shelf_life,high_inventory,uniform,medium_margin,moderate_disposal_cost,observed_sales_demand,observed_target_response
core_009,always_5pct,recovered_calibration,financial,0.1,6,3.1197089953724078,0.39999999999999986,1.2478835981489627,0.3999999999999999,0.0,0.0,1.0,0.0,0.0,0.05,0,5,0.0,0.0,0.0,0.0,0.0,1.0,0.0,0.0,0.0,0.0,core,medium_shelf_life,high_inventory,uniform,medium_margin,moderate_disposal_cost,observed_sales_demand,observed_target_response
core_009,always_5pct,recovered_calibration,financial,0.1,7,3.1197089953724078,0.39999999999999986,1.2478835981489627,0.3999999999999999,0.0,0.0,1.0,0.0,0.0,0.05,0,5,0.0,0.0,0.0,0.0,0.0,1.0,0.0,0.0,0.0,0.0,core,medium_shelf_life,high_inventory,uniform,medium_margin,moderate_disposal_cost,observed_sales_demand,observed_target_response
core_009,always_10pct,recovered_calibration,financial,0.1,0,3.1197089953724078,0.3499999999999999,1.0918981483803425,0.34999999999999987,0.0,0.0,1.0,0.0,0.0,0.1,0,3,0.0,0.0,0.0,0.0,0.0,0.0,1.0,0.0,0.0,0.0,core,medium_shelf_life,high_inventory,uniform,medium_margin,moderate_disposal_cost,observed_sales_demand,observed_target_response
core_009,always_10pct,recovered_calibration,financial,0.1,1,3.1197089953724078,0.3499999999999999,1.0918981483803425,0.35,0.0,0.0,1.0,0.0,0.0,0.1,0,7,0.0,0.0,0.0,0.0,0.0,0.0,1.0,0.0,0.0,0.0,core,medium_shelf_life,high_inventory,uniform,medium_margin,moderate_disposal_cost,observed_sales_demand,observed_target_response
core_009,always_10pct,recovered_calibration,financial,0.1,2,3.1197089953724078,0.3499999999999999,1.0918981483803425,0.3499999999999999,0.0,0.0,1.0000000000000002,0.0,0.0,0.1,0,6,0.0,4.440892098500626e-16,0.0,0.0,0.0,0.0,1.0,0.0,0.0,0.0,core,medium_shelf_life,high_inventory,uniform,medium_margin,moderate_disposal_cost,observed_sales_demand,observed_target_response
core_009,always_10pct,recovered_calibration,financial,0.1,3,3.1197089953724078,0.35,1.0918981483803427,0.35000000000000003,0.0,0.0,0.9999999999999999,0.0,0.0,0.1,0,6,0.0,4.440892098500626e-16,0.0,0.0,0.0,0.0,1.0,0.0,0.0,0.0,core,medium_shelf_life,high_inventory,uniform,medium_margin,moderate_disposal_cost,observed_sales_demand,observed_target_response
core_009,always_10pct,recovered_calibration,financial,0.1,4,3.1197089953724078,0.3499999999999999,1.0918981483803425,0.34999999999999987,0.0,0.0,1.0,0.0,0.0,0.1,0,5,0.0,0.0,0.0,0.0,0.0,0.0,1.0,0.0,0.0,0.0,core,medium_shelf_life,high_inventory,uniform,medium_margin,moderate_disposal_cost,observed_sales_demand,observed_target_response
core_009,always_10pct,recovered_calibration,financial,0.1,5,3.1197089953724078,0.3499999999999999,1.0918981483803425,0.3499999999999999,0.0,0.0,1.0,0.0,0.0,0.1,0,5,0.0,0.0,0.0,0.0,0.0,0.0,1.0,0.0,0.0,0.0,core,medium_shelf_life,high_inventory,uniform,medium_margin,moderate_disposal_cost,observed_sales_demand,observed_target_response
core_009,always_10pct,recovered_calibration,financial,0.1,6,3.1197089953724078,0.35,1.0918981483803427,0.35,0.0,0.0,1.0,0.0,0.0,0.1,0,5,0.0,0.0,0.0,0.0,0.0,0.0,1.0,0.0,0.0,0.0,core,medium_shelf_life,high_inventory,uniform,medium_margin,moderate_disposal_cost,observed_sales_demand,observed_target_response
core_009,always_10pct,recovered_calibration,financial,0.1,7,3.1197089953724078,0.35,1.0918981483803427,0.35,0.0,0.0,1.0,0.0,0.0,0.1,0,5,0.0,0.0,0.0,0.0,0.0,0.0,1.0,0.0,0.0,0.0,core,medium_shelf_life,high_inventory,uniform,medium_margin,moderate_disposal_cost,observed_sales_demand,observed_target_response
core_009,always_20pct,recovered_calibration,financial,0.1,0,3.1197089953724078,0.25,0.7799272488431019,0.25000000000000006,0.0,0.0,1.0,0.0,0.0,0.2,0,3,0.0,0.0,0.0,0.0,0.0,0.0,0.0,1.0,0.0,0.0,core,medium_shelf_life,high_inventory,uniform,medium_margin,moderate_disposal_cost,observed_sales_demand,observed_target_response
core_009,always_20pct,recovered_calibration,financial,0.1,1,3.1197089953724078,0.24999999999999997,0.7799272488431018,0.24999999999999994,0.0,0.0,1.0,0.0,0.0,0.2,0,6,0.0,0.0,0.0,0.0,0.0,0.0,0.0,1.0,0.0,0.0,core,medium_shelf_life,high_inventory,uniform,medium_margin,moderate_disposal_cost,observed_sales_demand,observed_target_response
core_009,always_20pct,recovered_calibration,financial,0.1,2,3.1197089953724078,0.25,0.7799272488431019,0.25,0.0,0.0,1.0,0.0,0.0,0.2,0,6,0.0,0.0,0.0,0.0,0.0,0.0,0.0,1.0,0.0,0.0,core,medium_shelf_life,high_inventory,uniform,medium_margin,moderate_disposal_cost,observed_sales_demand,observed_target_response
core_009,always_20pct,recovered_calibration,financial,0.1,3,3.1197089953724078,0.24999999999999997,0.7799272488431018,0.24999999999999994,0.0,0.0,1.0,0.0,0.0,0.2,0,5,0.0,0.0,1.1102230246251565e-16,0.0,0.0,0.0,0.0,1.0,0.0,0.0,core,medium_shelf_life,high_inventory,uniform,medium_margin,moderate_disposal_cost,observed_sales_demand,observed_target_response
core_009,always_20pct,recovered_calibration,financial,0.1,4,3.1197089953724078,0.24999999999999997,0.7799272488431018,0.24999999999999994,0.0,0.0,1.0,0.0,0.0,0.2,0,5,0.0,0.0,1.1102230246251565e-16,0.0,0.0,0.0,0.0,1.0,0.0,0.0,core,medium_shelf_life,high_inventory,uniform,medium_margin,moderate_disposal_cost,observed_sales_demand,observed_target_response
core_009,always_20pct,recovered_calibration,financial,0.1,5,3.1197089953724078,0.25,0.7799272488431019,0.25,0.0,0.0,0.9999999999999999,0.0,0.0,0.2,0,5,0.0,4.440892098500626e-16,0.0,0.0,0.0,0.0,0.0,1.0,0.0,0.0,core,medium_shelf_life,high_inventory,uniform,medium_margin,moderate_disposal_cost,observed_sales_demand,observed_target_response
core_009,always_20pct,recovered_calibration,financial,0.1,6,3.1197089953724078,0.24999999999999997,0.7799272488431018,0.25,0.0,0.0,1.0,0.0,0.0,0.2,0,5,0.0,0.0,0.0,0.0,0.0,0.0,0.0,1.0,0.0,0.0,core,medium_shelf_life,high_inventory,uniform,medium_margin,moderate_disposal_cost,observed_sales_demand,observed_target_response
core_009,always_20pct,recovered_calibration,financial,0.1,7,3.1197089953724078,0.24999999999999992,0.7799272488431017,0.24999999999999994,0.0,0.0,1.0,0.0,0.0,0.2,0,5,0.0,0.0,0.0,0.0,0.0,0.0,0.0,1.0,0.0,0.0,core,medium_shelf_life,high_inventory,uniform,medium_margin,moderate_disposal_cost,observed_sales_demand,observed_target_response
core_009,always_40pct,recovered_calibration,financial,0.1,0,3.1197089953724078,0.04999999999999989,0.15598544976862005,0.04999999999999988,0.0,0.0,1.0,0.0,0.0,0.4,0,2,0.0,0.0,0.0,0.0,0.0,0.0,0.0,0.0,0.0,1.0,core,medium_shelf_life,high_inventory,uniform,medium_margin,moderate_disposal_cost,observed_sales_demand,observed_target_response
core_009,always_40pct,recovered_calibration,financial,0.1,1,3.1197089953724078,0.04999999999999988,0.15598544976862,0.049999999999999906,0.0,0.0,1.0,0.0,0.0,0.4,0,4,0.0,0.0,0.0,0.0,0.0,0.0,0.0,0.0,0.0,1.0,core,medium_shelf_life,high_inventory,uniform,medium_margin,moderate_disposal_cost,observed_sales_demand,observed_target_response
core_009,always_40pct,recovered_calibration,financial,0.1,2,3.1197089953724078,0.04999999999999991,0.1559854497686201,0.049999999999999906,0.0,0.0,1.0,0.0,0.0,0.4,0,4,0.0,0.0,0.0,0.0,0.0,0.0,0.0,0.0,0.0,1.0,core,medium_shelf_life,high_inventory,uniform,medium_margin,moderate_disposal_cost,observed_sales_demand,observed_target_response
core_009,always_40pct,recovered_calibration,financial,0.1,3,3.1197089953724078,0.04999999999999991,0.1559854497686201,0.04999999999999993,0.0,0.0,1.0,0.0,0.0,0.4,0,4,0.0,0.0,0.0,0.0,0.0,0.0,0.0,0.0,0.0,1.0,core,medium_shelf_life,high_inventory,uniform,medium_margin,moderate_disposal_cost,observed_sales_demand,observed_target_response
core_009,always_40pct,recovered_calibration,financial,0.1,4,3.1197089953724078,0.04999999999999992,0.15598544976862014,0.04999999999999989,0.0,0.0,1.0,0.0,0.0,0.4,0,4,0.0,0.0,0.0,0.0,0.0,0.0,0.0,0.0,0.0,1.0,core,medium_shelf_life,high_inventory,uniform,medium_margin,moderate_disposal_cost,observed_sales_demand,observed_target_response
core_009,always_40pct,recovered_calibration,financial,0.1,5,3.1197089953724078,0.049999999999999885,0.15598544976862003,0.049999999999999864,0.0,0.0,1.0,0.0,0.0,0.4,0,4,0.0,0.0,0.0,0.0,0.0,0.0,0.0,0.0,0.0,1.0,core,medium_shelf_life,high_inventory,uniform,medium_margin,moderate_disposal_cost,observed_sales_demand,observed_target_response
core_009,always_40pct,recovered_calibration,financial,0.1,6,3.1197089953724078,0.04999999999999995,0.15598544976862022,0.04999999999999995,0.0,0.0,1.0,0.0,0.0,0.4,0,4,0.0,0.0,0.0,0.0,0.0,0.0,0.0,0.0,0.0,1.0,core,medium_shelf_life,high_inventory,uniform,medium_margin,moderate_disposal_cost,observed_sales_demand,observed_target_response
core_009,always_40pct,recovered_calibration,financial,0.1,7,3.1197089953724078,0.04999999999999988,0.15598544976862,0.04999999999999989,0.0,0.0,1.0,0.0,0.0,0.4,0,4,0.0,0.0,5.551115123125783e-17,0.0,0.0,0.0,0.0,0.0,0.0,1.0,core,medium_shelf_life,high_inventory,uniform,medium_margin,moderate_disposal_cost,observed_sales_demand,observed_target_response
core_009,expiry_threshold_rule,recovered_calibration,financial,0.1,0,3.1197089953724078,0.33964474468586875,1.0595927652274695,0.33964474468586875,0.0,0.0,1.0,0.0,0.0,0.2,0,3,0.0,0.0,0.0,0.6365141682948128,0.6666666666666666,0.0,0.0,0.3333333333333333,0.0,0.0,core,medium_shelf_life,high_inventory,uniform,medium_margin,moderate_disposal_cost,observed_sales_demand,observed_target_response
core_009,expiry_threshold_rule,recovered_calibration,financial,0.1,1,3.1197089953724078,0.18527268119034407,0.5779968501062807,0.18527268119034404,0.0,0.0,1.0,0.0,0.0,0.4,0,6,0.0,0.0,0.0,0.6365141682948128,0.0,0.0,0.0,0.6666666666666666,0.0,0.3333333333333333,core,medium_shelf_life,high_inventory,uniform,medium_margin,moderate_disposal_cost,observed_sales_demand,observed_target_response
core_009,expiry_threshold_rule,recovered_calibration,financial,0.1,2,3.1197089953724078,0.18995328555665925,0.5925989736516535,0.18995328555665927,0.0,0.0,1.0,0.0,0.0,0.4,0,5,0.0,0.0,0.0,0.5004024235381879,0.0,0.0,0.0,0.8,0.0,0.2,core,medium_shelf_life,high_inventory,uniform,medium_margin,moderate_disposal_cost,observed_sales_demand,observed_target_response
core_009,expiry_threshold_rule,recovered_calibration,financial,0.1,3,3.1197089953724078,0.24999999999999997,0.7799272488431018,0.24999999999999994,0.0,0.0,1.0,0.0,0.0,0.2,0,5,0.0,0.0,1.1102230246251565e-16,0.0,0.0,0.0,0.0,1.0,0.0,0.0,core,medium_shelf_life,high_inventory,uniform,medium_margin,moderate_disposal_cost,observed_sales_demand,observed_target_response
core_009,expiry_threshold_rule,recovered_calibration,financial,0.1,4,3.1197089953724078,0.2779221578432363,0.8670362558368545,0.27792215784323626,0.0,0.0,1.0,0.0,0.0,0.2,0,5,0.0,0.0,0.0,0.5004024235381879,0.2,0.0,0.0,0.8,0.0,0.0,core,medium_shelf_life,high_inventory,uniform,medium_margin,moderate_disposal_cost,observed_sales_demand,observed_target_response
core_009,expiry_threshold_rule,recovered_calibration,financial,0.1,5,3.1197089953724078,0.3377845863953189,1.0537896126756245,0.33778458639531883,0.0,0.0,1.0,0.0,0.0,0.2,0,5,0.0,0.0,0.0,1.0549201679861442,0.4,0.0,0.2,0.4,0.0,0.0,core,medium_shelf_life,high_inventory,uniform,medium_margin,moderate_disposal_cost,observed_sales_demand,observed_target_response
core_009,expiry_threshold_rule,recovered_calibration,financial,0.1,6,3.1197089953724078,0.356389429624151,1.1118313094541055,0.356389429624151,0.0,0.0,1.0,0.0,0.0,0.2,0,5,0.0,0.0,0.0,1.0549201679861442,0.4,0.0,0.4,0.2,0.0,0.0,core,medium_shelf_life,high_inventory,uniform,medium_margin,moderate_disposal_cost,observed_sales_demand,observed_target_response
core_009,expiry_threshold_rule,recovered_calibration,financial,0.1,7,3.1197089953724078,0.32385583836608856,1.010335972154559,0.32385583836608856,0.0,0.0,1.0,0.0,0.0,0.2,0,5,0.0,0.0,0.0,0.5004024235381879,0.0,0.0,0.8,0.2,0.0,0.0,core,medium_shelf_life,high_inventory,uniform,medium_margin,moderate_disposal_cost,observed_sales_demand,observed_target_response
core_009,inventory_coverage_rule,recovered_calibration,financial,0.1,0,3.1197089953724078,0.23724465334855416,0.740134279155493,0.23724465334855413,0.0,0.0,1.0,0.0,0.0,0.3,0,3,0.0,0.0,0.0,1.0986122886681096,0.3333333333333333,0.0,0.3333333333333333,0.0,0.3333333333333333,0.0,core,medium_shelf_life,high_inventory,uniform,medium_margin,moderate_disposal_cost,observed_sales_demand,observed_target_response
core_009,inventory_coverage_rule,recovered_calibration,financial,0.1,1,3.1197089953724078,0.18254830441890804,0.569497587385648,0.18254830441890807,0.0,0.0,1.0,0.0,0.0,0.3,0,5,0.0,0.0,0.0,0.5004024235381879,0.0,0.0,0.2,0.0,0.8,0.0,core,medium_shelf_life,high_inventory,uniform,medium_margin,moderate_disposal_cost,observed_sales_demand,observed_target_response
core_009,inventory_coverage_rule,recovered_calibration,financial,0.1,2,3.1197089953724078,0.1932045216980698,0.6027418842880918,0.19320452169806981,0.0,0.0,1.0,0.0,0.0,0.3,0,5,0.0,0.0,0.0,0.5004024235381879,0.2,0.0,0.0,0.0,0.8,0.0,core,medium_shelf_life,high_inventory,uniform,medium_margin,moderate_disposal_cost,observed_sales_demand,observed_target_response
core_009,inventory_coverage_rule,recovered_calibration,financial,0.1,3,3.1197089953724078,0.17572411866531681,0.5482081137040773,0.17572411866531687,0.0,0.0,1.0,0.0,0.0,0.3,0,5,0.0,0.0,0.0,0.5004024235381879,0.2,0.0,0.0,0.0,0.8,0.0,core,medium_shelf_life,high_inventory,uniform,medium_margin,moderate_disposal_cost,observed_sales_demand,observed_target_response
core_009,inventory_coverage_rule,recovered_calibration,financial,0.1,4,3.1197089953724078,0.15314175192503046,0.4777577010476073,0.15314175192503046,0.0,0.0,1.0,0.0,0.0,0.3,0,5,0.0,0.0,5.551115123125783e-17,0.5004024235381879,0.2,0.0,0.0,0.0,0.8,0.0,core,medium_shelf_life,high_inventory,uniform,medium_margin,moderate_disposal_cost,observed_sales_demand,observed_target_response
core_009,inventory_coverage_rule,recovered_calibration,financial,0.1,5,3.1197089953724078,0.1988581354702359,0.6203795140294798,0.1988581354702359,0.0,0.0,1.0,0.0,0.0,0.3,0,5,0.0,0.0,0.0,0.9502705392332347,0.2,0.0,0.2,0.0,0.6,0.0,core,medium_shelf_life,high_inventory,uniform,medium_margin,moderate_disposal_cost,observed_sales_demand,observed_target_response
core_009,inventory_coverage_rule,recovered_calibration,financial,0.1,6,3.1197089953724078,0.1789668543609384,0.5583245054233231,0.1789668543609384,0.0,0.0,1.0,0.0,0.0,0.3,0,5,0.0,0.0,0.0,0.9502705392332347,0.2,0.0,0.0,0.2,0.6,0.0,core,medium_shelf_life,high_inventory,uniform,medium_margin,moderate_disposal_cost,observed_sales_demand,observed_target_response
core_009,inventory_coverage_rule,recovered_calibration,financial,0.1,7,3.1197089953724078,0.18830292399098467,0.5874503258296017,0.18830292399098467,0.0,0.0,1.0,0.0,0.0,0.3,0,5,0.0,0.0,1.1102230246251565e-16,0.9502705392332347,0.2,0.0,0.0,0.2,0.6,0.0,core,medium_shelf_life,high_inventory,uniform,medium_margin,moderate_disposal_cost,observed_sales_demand,observed_target_response
core_010,always_0pct,recovered_calibration,financial,0.1,0,0.7799272488431019,0.44999999999999996,0.3509672619793958,0.44999999999999996,0.0,0.0,1.0,0.0,0.0,0.0,-1,1,0.0,0.0,0.0,0.0,1.0,0.0,0.0,0.0,0.0,0.0,core,medium_shelf_life,lean_inventory,uniform,medium_margin,moderate_disposal_cost,recovered_demand,recovered_target_response
core_010,always_0pct,recovered_calibration,financial,0.1,1,0.7799272488431019,0.44999999999999996,0.3509672619793958,0.4499999999999999,0.0,0.0,1.0,0.0,0.0,0.0,-1,2,0.0,0.0,0.0,0.0,1.0,0.0,0.0,0.0,0.0,0.0,core,medium_shelf_life,lean_inventory,uniform,medium_margin,moderate_disposal_cost,recovered_demand,recovered_target_response
core_010,always_0pct,recovered_calibration,financial,0.1,2,0.7799272488431019,0.44999999999999996,0.3509672619793958,0.4499999999999999,0.0,0.0,1.0,0.0,0.0,0.0,-1,2,0.0,0.0,0.0,0.0,1.0,0.0,0.0,0.0,0.0,0.0,core,medium_shelf_life,lean_inventory,uniform,medium_margin,moderate_disposal_cost,recovered_demand,recovered_target_response
core_010,always_0pct,recovered_calibration,financial,0.1,3,0.7799272488431019,0.44999999999999996,0.3509672619793958,0.44999999999999996,0.0,0.0,1.0,0.0,0.0,0.0,-1,2,0.0,0.0,0.0,0.0,1.0,0.0,0.0,0.0,0.0,0.0,core,medium_shelf_life,lean_inventory,uniform,medium_margin,moderate_disposal_cost,recovered_demand,recovered_target_response
core_010,always_0pct,recovered_calibration,financial,0.1,4,0.7799272488431019,0.44999999999999996,0.3509672619793958,0.4499999999999999,0.0,0.0,1.0,0.0,0.0,0.0,-1,2,0.0,0.0,0.0,0.0,1.0,0.0,0.0,0.0,0.0,0.0,core,medium_shelf_life,lean_inventory,uniform,medium_margin,moderate_disposal_cost,recovered_demand,recovered_target_response
core_010,always_0pct,recovered_calibration,financial,0.1,5,0.7799272488431019,0.44999999999999996,0.3509672619793958,0.44999999999999996,0.0,0.0,1.0,0.0,0.0,0.0,-1,2,0.0,0.0,0.0,0.0,1.0,0.0,0.0,0.0,0.0,0.0,core,medium_shelf_life,lean_inventory,uniform,medium_margin,moderate_disposal_cost,recovered_demand,recovered_target_response
core_010,always_0pct,recovered_calibration,financial,0.1,6,0.7799272488431019,0.44999999999999996,0.3509672619793958,0.44999999999999996,0.0,0.0,1.0,0.0,0.0,0.0,-1,2,0.0,0.0,0.0,0.0,1.0,0.0,0.0,0.0,0.0,0.0,core,medium_shelf_life,lean_inventory,uniform,medium_margin,moderate_disposal_cost,recovered_demand,recovered_target_response
core_010,always_0pct,recovered_calibration,financial,0.1,7,0.7799272488431019,0.44999999999999996,0.3509672619793958,0.44999999999999996,0.0,0.0,1.0,0.0,0.0,0.0,-1,2,0.0,0.0,0.0,0.0,1.0,0.0,0.0,0.0,0.0,0.0,core,medium_shelf_life,lean_inventory,uniform,medium_margin,moderate_disposal_cost,recovered_demand,recovered_target_response
core_010,always_5pct,recovered_calibration,financial,0.1,0,0.7799272488431019,0.3999999999999999,0.3119708995372407,0.3999999999999999,0.0,0.0,1.0,0.0,0.0,0.05,0,1,0.0,0.0,0.0,0.0,0.0,1.0,0.0,0.0,0.0,0.0,core,medium_shelf_life,lean_inventory,uniform,medium_margin,moderate_disposal_cost,recovered_demand,recovered_target_response
core_010,always_5pct,recovered_calibration,financial,0.1,1,0.7799272488431019,0.39999999999999986,0.31197089953724066,0.39999999999999986,0.0,0.0,1.0,0.0,0.0,0.05,0,2,0.0,0.0,0.0,0.0,0.0,1.0,0.0,0.0,0.0,0.0,core,medium_shelf_life,lean_inventory,uniform,medium_margin,moderate_disposal_cost,recovered_demand,recovered_target_response
core_010,always_5pct,recovered_calibration,financial,0.1,2,0.7799272488431019,0.3999999999999999,0.3119708995372407,0.3999999999999999,0.0,0.0,1.0,0.0,0.0,0.05,0,2,0.0,0.0,0.0,0.0,0.0,1.0,0.0,0.0,0.0,0.0,core,medium_shelf_life,lean_inventory,uniform,medium_margin,moderate_disposal_cost,recovered_demand,recovered_target_response
core_010,always_5pct,recovered_calibration,financial,0.1,3,0.7799272488431019,0.3999999999999999,0.3119708995372407,0.3999999999999999,0.0,0.0,1.0,0.0,0.0,0.05,0,2,0.0,0.0,0.0,0.0,0.0,1.0,0.0,0.0,0.0,0.0,core,medium_shelf_life,lean_inventory,uniform,medium_margin,moderate_disposal_cost,recovered_demand,recovered_target_response
core_010,always_5pct,recovered_calibration,financial,0.1,4,0.7799272488431019,0.39999999999999986,0.31197089953724066,0.39999999999999986,0.0,0.0,1.0,0.0,0.0,0.05,0,2,0.0,0.0,0.0,0.0,0.0,1.0,0.0,0.0,0.0,0.0,core,medium_shelf_life,lean_inventory,uniform,medium_margin,moderate_disposal_cost,recovered_demand,recovered_target_response
core_010,always_5pct,recovered_calibration,financial,0.1,5,0.7799272488431019,0.39999999999999986,0.31197089953724066,0.39999999999999986,0.0,0.0,1.0,0.0,0.0,0.05,0,2,0.0,0.0,0.0,0.0,0.0,1.0,0.0,0.0,0.0,0.0,core,medium_shelf_life,lean_inventory,uniform,medium_margin,moderate_disposal_cost,recovered_demand,recovered_target_response
core_010,always_5pct,recovered_calibration,financial,0.1,6,0.7799272488431019,0.39999999999999986,0.31197089953724066,0.39999999999999986,0.0,0.0,1.0,0.0,0.0,0.05,0,2,0.0,0.0,0.0,0.0,0.0,1.0,0.0,0.0,0.0,0.0,core,medium_shelf_life,lean_inventory,uniform,medium_margin,moderate_disposal_cost,recovered_demand,recovered_target_response
core_010,always_5pct,recovered_calibration,financial,0.1,7,0.7799272488431019,0.3999999999999999,0.3119708995372407,0.3999999999999999,0.0,0.0,1.0,0.0,0.0,0.05,0,1,0.0,0.0,0.0,0.0,0.0,1.0,0.0,0.0,0.0,0.0,core,medium_shelf_life,lean_inventory,uniform,medium_margin,moderate_disposal_cost,recovered_demand,recovered_target_response
core_010,always_10pct,recovered_calibration,financial,0.1,0,0.7799272488431019,0.3499999999999999,0.2729745370950856,0.3499999999999999,0.0,0.0,1.0,0.0,0.0,0.1,0,1,0.0,0.0,0.0,0.0,0.0,0.0,1.0,0.0,0.0,0.0,core,medium_shelf_life,lean_inventory,uniform,medium_margin,moderate_disposal_cost,recovered_demand,recovered_target_response
core_010,always_10pct,recovered_calibration,financial,0.1,1,0.7799272488431019,0.3499999999999999,0.2729745370950856,0.3499999999999999,0.0,0.0,1.0,0.0,0.0,0.1,0,2,0.0,0.0,0.0,0.0,0.0,0.0,1.0,0.0,0.0,0.0,core,medium_shelf_life,lean_inventory,uniform,medium_margin,moderate_disposal_cost,recovered_demand,recovered_target_response
core_010,always_10pct,recovered_calibration,financial,0.1,2,0.7799272488431019,0.35,0.2729745370950857,0.35000000000000003,0.0,0.0,1.0,0.0,0.0,0.1,0,2,0.0,0.0,0.0,0.0,0.0,0.0,1.0,0.0,0.0,0.0,core,medium_shelf_life,lean_inventory,uniform,medium_margin,moderate_disposal_cost,recovered_demand,recovered_target_response
core_010,always_10pct,recovered_calibration,financial,0.1,3,0.7799272488431019,0.3499999999999999,0.2729745370950856,0.3499999999999999,0.0,0.0,1.0,0.0,0.0,0.1,0,2,0.0,0.0,0.0,0.0,0.0,0.0,1.0,0.0,0.0,0.0,core,medium_shelf_life,lean_inventory,uniform,medium_margin,moderate_disposal_cost,recovered_demand,recovered_target_response
core_010,always_10pct,recovered_calibration,financial,0.1,4,0.7799272488431019,0.35,0.2729745370950857,0.35,0.0,0.0,1.0,0.0,0.0,0.1,0,2,0.0,0.0,0.0,0.0,0.0,0.0,1.0,0.0,0.0,0.0,core,medium_shelf_life,lean_inventory,uniform,medium_margin,moderate_disposal_cost,recovered_demand,recovered_target_response
core_010,always_10pct,recovered_calibration,financial,0.1,5,0.7799272488431019,0.35,0.2729745370950857,0.3499999999999999,0.0,0.0,1.0,0.0,0.0,0.1,0,2,0.0,0.0,0.0,0.0,0.0,0.0,1.0,0.0,0.0,0.0,core,medium_shelf_life,lean_inventory,uniform,medium_margin,moderate_disposal_cost,recovered_demand,recovered_target_response
core_010,always_10pct,recovered_calibration,financial,0.1,6,0.7799272488431019,0.35,0.2729745370950857,0.35000000000000003,0.0,0.0,1.0,0.0,0.0,0.1,0,2,0.0,0.0,0.0,0.0,0.0,0.0,1.0,0.0,0.0,0.0,core,medium_shelf_life,lean_inventory,uniform,medium_margin,moderate_disposal_cost,recovered_demand,recovered_target_response
core_010,always_10pct,recovered_calibration,financial,0.1,7,0.7799272488431019,0.3499999999999999,0.2729745370950856,0.3499999999999999,0.0,0.0,1.0,0.0,0.0,0.1,0,1,0.0,0.0,0.0,0.0,0.0,0.0,1.0,0.0,0.0,0.0,core,medium_shelf_life,lean_inventory,uniform,medium_margin,moderate_disposal_cost,recovered_demand,recovered_target_response
core_010,always_20pct,recovered_calibration,financial,0.1,0,0.7799272488431019,0.24999999999999992,0.19498181221077543,0.24999999999999992,0.0,0.0,1.0,0.0,0.0,0.2,0,1,0.0,0.0,0.0,0.0,0.0,0.0,0.0,1.0,0.0,0.0,core,medium_shelf_life,lean_inventory,uniform,medium_margin,moderate_disposal_cost,recovered_demand,recovered_target_response
core_010,always_20pct,recovered_calibration,financial,0.1,1,0.7799272488431019,0.24999999999999992,0.19498181221077543,0.2499999999999999,0.0,0.0,1.0,0.0,0.0,0.2,0,2,0.0,0.0,0.0,0.0,0.0,0.0,0.0,1.0,0.0,0.0,core,medium_shelf_life,lean_inventory,uniform,medium_margin,moderate_disposal_cost,recovered_demand,recovered_target_response
core_010,always_20pct,recovered_calibration,financial,0.1,2,0.7799272488431019,0.24999999999999997,0.19498181221077546,0.24999999999999994,0.0,0.0,1.0,0.0,0.0,0.2,0,2,0.0,0.0,0.0,0.0,0.0,0.0,0.0,1.0,0.0,0.0,core,medium_shelf_life,lean_inventory,uniform,medium_margin,moderate_disposal_cost,recovered_demand,recovered_target_response
core_010,always_20pct,recovered_calibration,financial,0.1,3,0.7799272488431019,0.25,0.19498181221077548,0.25,0.0,0.0,1.0,0.0,0.0,0.2,0,2,0.0,0.0,0.0,0.0,0.0,0.0,0.0,1.0,0.0,0.0,core,medium_shelf_life,lean_inventory,uniform,medium_margin,moderate_disposal_cost,recovered_demand,recovered_target_response
core_010,always_20pct,recovered_calibration,financial,0.1,4,0.7799272488431019,0.24999999999999997,0.19498181221077546,0.24999999999999997,0.0,0.0,1.0,0.0,0.0,0.2,0,2,0.0,0.0,0.0,0.0,0.0,0.0,0.0,1.0,0.0,0.0,core,medium_shelf_life,lean_inventory,uniform,medium_margin,moderate_disposal_cost,recovered_demand,recovered_target_response
core_010,always_20pct,recovered_calibration,financial,0.1,5,0.7799272488431019,0.25,0.19498181221077548,0.25,0.0,0.0,1.0,0.0,0.0,0.2,0,2,0.0,0.0,0.0,0.0,0.0,0.0,0.0,1.0,0.0,0.0,core,medium_shelf_life,lean_inventory,uniform,medium_margin,moderate_disposal_cost,recovered_demand,recovered_target_response
core_010,always_20pct,recovered_calibration,financial,0.1,6,0.7799272488431019,0.25,0.19498181221077548,0.25,0.0,0.0,1.0,0.0,0.0,0.2,0,2,0.0,0.0,0.0,0.0,0.0,0.0,0.0,1.0,0.0,0.0,core,medium_shelf_life,lean_inventory,uniform,medium_margin,moderate_disposal_cost,recovered_demand,recovered_target_response
core_010,always_20pct,recovered_calibration,financial,0.1,7,0.7799272488431019,0.24999999999999992,0.19498181221077543,0.24999999999999992,0.0,0.0,1.0,0.0,0.0,0.2,0,1,0.0,0.0,0.0,0.0,0.0,0.0,0.0,1.0,0.0,0.0,core,medium_shelf_life,lean_inventory,uniform,medium_margin,moderate_disposal_cost,recovered_demand,recovered_target_response
core_010,always_40pct,recovered_calibration,financial,0.1,0,0.7799272488431019,0.049999999999999926,0.03899636244215504,0.049999999999999926,0.0,0.0,1.0,0.0,0.0,0.4,0,1,0.0,0.0,0.0,0.0,0.0,0.0,0.0,0.0,0.0,1.0,core,medium_shelf_life,lean_inventory,uniform,medium_margin,moderate_disposal_cost,recovered_demand,recovered_target_response
core_010,always_40pct,recovered_calibration,financial,0.1,1,0.7799272488431019,0.049999999999999926,0.03899636244215504,0.049999999999999926,0.0,0.0,1.0,0.0,0.0,0.4,0,1,0.0,0.0,0.0,0.0,0.0,0.0,0.0,0.0,0.0,1.0,core,medium_shelf_life,lean_inventory,uniform,medium_margin,moderate_disposal_cost,recovered_demand,recovered_target_response
core_010,always_40pct,recovered_calibration,financial,0.1,2,0.7799272488431019,0.049999999999999926,0.03899636244215504,0.049999999999999926,0.0,0.0,1.0,0.0,0.0,0.4,0,1,0.0,0.0,0.0,0.0,0.0,0.0,0.0,0.0,0.0,1.0,core,medium_shelf_life,lean_inventory,uniform,medium_margin,moderate_disposal_cost,recovered_demand,recovered_target_response
core_010,always_40pct,recovered_calibration,financial,0.1,3,0.7799272488431019,0.049999999999999926,0.03899636244215504,0.049999999999999926,0.0,0.0,1.0,0.0,0.0,0.4,0,1,0.0,0.0,0.0,0.0,0.0,0.0,0.0,0.0,0.0,1.0,core,medium_shelf_life,lean_inventory,uniform,medium_margin,moderate_disposal_cost,recovered_demand,recovered_target_response
core_010,always_40pct,recovered_calibration,financial,0.1,4,0.7799272488431019,0.049999999999999926,0.03899636244215504,0.049999999999999926,0.0,0.0,1.0,0.0,0.0,0.4,0,1,0.0,0.0,0.0,0.0,0.0,0.0,0.0,0.0,0.0,1.0,core,medium_shelf_life,lean_inventory,uniform,medium_margin,moderate_disposal_cost,recovered_demand,recovered_target_response
core_010,always_40pct,recovered_calibration,financial,0.1,5,0.7799272488431019,0.049999999999999926,0.03899636244215504,0.049999999999999926,0.0,0.0,1.0,0.0,0.0,0.4,0,1,0.0,0.0,0.0,0.0,0.0,0.0,0.0,0.0,0.0,1.0,core,medium_shelf_life,lean_inventory,uniform,medium_margin,moderate_disposal_cost,recovered_demand,recovered_target_response
core_010,always_40pct,recovered_calibration,financial,0.1,6,0.7799272488431019,0.049999999999999926,0.03899636244215504,0.049999999999999926,0.0,0.0,1.0,0.0,0.0,0.4,0,1,0.0,0.0,0.0,0.0,0.0,0.0,0.0,0.0,0.0,1.0,core,medium_shelf_life,lean_inventory,uniform,medium_margin,moderate_disposal_cost,recovered_demand,recovered_target_response
core_010,always_40pct,recovered_calibration,financial,0.1,7,0.7799272488431019,0.049999999999999926,0.03899636244215504,0.049999999999999926,0.0,0.0,1.0,0.0,0.0,0.4,0,1,0.0,0.0,0.0,0.0,0.0,0.0,0.0,0.0,0.0,1.0,core,medium_shelf_life,lean_inventory,uniform,medium_margin,moderate_disposal_cost,recovered_demand,recovered_target_response
core_010,expiry_threshold_rule,recovered_calibration,financial,0.1,0,0.7799272488431019,0.24999999999999992,0.19498181221077543,0.24999999999999992,0.0,0.0,1.0,0.0,0.0,0.2,0,1,0.0,0.0,0.0,0.0,0.0,0.0,0.0,1.0,0.0,0.0,core,medium_shelf_life,lean_inventory,uniform,medium_margin,moderate_disposal_cost,recovered_demand,recovered_target_response
core_010,expiry_threshold_rule,recovered_calibration,financial,0.1,1,0.7799272488431019,0.32276942049761176,0.25173666613938467,0.32276942049761176,0.0,0.0,1.0,0.0,0.0,0.2,0,2,0.0,0.0,0.0,0.6931471805599453,0.5,0.0,0.0,0.5,0.0,0.0,core,medium_shelf_life,lean_inventory,uniform,medium_margin,moderate_disposal_cost,recovered_demand,recovered_target_response
core_010,expiry_threshold_rule,recovered_calibration,financial,0.1,2,0.7799272488431019,0.31567221293914055,0.24620136057383774,0.31567221293914055,0.0,0.0,1.0,0.0,0.0,0.2,0,2,0.0,0.0,0.0,0.6931471805599453,0.5,0.0,0.0,0.5,0.0,0.0,core,medium_shelf_life,lean_inventory,uniform,medium_margin,moderate_disposal_cost,recovered_demand,recovered_target_response
core_010,expiry_threshold_rule,recovered_calibration,financial,0.1,3,0.7799272488431019,0.3169074774582294,0.24716477703180417,0.31690747745822934,0.0,0.0,1.0,0.0,0.0,0.2,0,2,0.0,0.0,0.0,0.6931471805599453,0.5,0.0,0.0,0.5,0.0,0.0,core,medium_shelf_life,lean_inventory,uniform,medium_margin,moderate_disposal_cost,recovered_demand,recovered_target_response
core_010,expiry_threshold_rule,recovered_calibration,financial,0.1,4,0.7799272488431019,0.3160682766911093,0.2465102614862772,0.3160682766911093,0.0,0.0,1.0,0.0,0.0,0.2,0,2,0.0,0.0,0.0,0.6931471805599453,0.5,0.0,0.0,0.5,0.0,0.0,core,medium_shelf_life,lean_inventory,uniform,medium_margin,moderate_disposal_cost,recovered_demand,recovered_target_response
core_010,expiry_threshold_rule,recovered_calibration,financial,0.1,5,0.7799272488431019,0.30682137419036926,0.23929835025855462,0.30682137419036926,0.0,0.0,1.0,0.0,0.0,0.2,0,2,0.0,0.0,0.0,0.6931471805599453,0.5,0.0,0.0,0.5,0.0,0.0,core,medium_shelf_life,lean_inventory,uniform,medium_margin,moderate_disposal_cost,recovered_demand,recovered_target_response
core_010,expiry_threshold_rule,recovered_calibration,financial,0.1,6,0.7799272488431019,0.25982368796245275,0.20264357413682438,0.2598236879624528,0.0,0.0,1.0,0.0,0.0,0.2,0,2,0.0,0.0,0.0,0.6931471805599453,0.5,0.0,0.0,0.5,0.0,0.0,core,medium_shelf_life,lean_inventory,uniform,medium_margin,moderate_disposal_cost,recovered_demand,recovered_target_response
core_010,expiry_threshold_rule,recovered_calibration,financial,0.1,7,0.7799272488431019,0.24999999999999992,0.19498181221077543,0.24999999999999992,0.0,0.0,1.0,0.0,0.0,0.2,0,1,0.0,0.0,0.0,0.0,0.0,0.0,0.0,1.0,0.0,0.0,core,medium_shelf_life,lean_inventory,uniform,medium_margin,moderate_disposal_cost,recovered_demand,recovered_target_response
core_010,inventory_coverage_rule,recovered_calibration,financial,0.1,0,0.7799272488431019,0.44999999999999996,0.3509672619793958,0.44999999999999996,0.0,0.0,1.0,0.0,0.0,0.0,-1,1,0.0,0.0,0.0,0.0,1.0,0.0,0.0,0.0,0.0,0.0,core,medium_shelf_life,lean_inventory,uniform,medium_margin,moderate_disposal_cost,recovered_demand,recovered_target_response
core_010,inventory_coverage_rule,recovered_calibration,financial,0.1,1,0.7799272488431019,0.20714659443102765,0.1615592735018092,0.20714659443102765,0.0,0.0,1.0,0.0,0.0,0.3,0,2,0.0,0.0,0.0,0.6931471805599453,0.5,0.0,0.0,0.0,0.5,0.0,core,medium_shelf_life,lean_inventory,uniform,medium_margin,moderate_disposal_cost,recovered_demand,recovered_target_response
core_010,inventory_coverage_rule,recovered_calibration,financial,0.1,2,0.7799272488431019,0.19291954297712785,0.15046320840221988,0.19291954297712782,0.0,0.0,1.0,0.0,0.0,0.3,0,2,0.0,0.0,0.0,0.6931471805599453,0.5,0.0,0.0,0.0,0.5,0.0,core,medium_shelf_life,lean_inventory,uniform,medium_margin,moderate_disposal_cost,recovered_demand,recovered_target_response
core_010,inventory_coverage_rule,recovered_calibration,financial,0.1,3,0.7799272488431019,0.1908243043700294,0.14882907471971574,0.1908243043700294,0.0,0.0,1.0,0.0,0.0,0.3,0,2,0.0,0.0,0.0,0.6931471805599453,0.5,0.0,0.0,0.0,0.5,0.0,core,medium_shelf_life,lean_inventory,uniform,medium_margin,moderate_disposal_cost,recovered_demand,recovered_target_response
core_010,inventory_coverage_rule,recovered_calibration,financial,0.1,4,0.7799272488431019,0.19234081351084006,0.15001184152175362,0.19234081351084006,0.0,0.0,1.0,0.0,0.0,0.3,0,2,0.0,0.0,0.0,0.6931471805599453,0.5,0.0,0.0,0.0,0.5,0.0,core,medium_shelf_life,lean_inventory,uniform,medium_margin,moderate_disposal_cost,recovered_demand,recovered_target_response
core_010,inventory_coverage_rule,recovered_calibration,financial,0.1,5,0.7799272488431019,0.18294201966070867,0.14268146609177718,0.18294201966070867,0.0,0.0,1.0,0.0,0.0,0.3,0,2,0.0,0.0,0.0,0.6931471805599453,0.5,0.0,0.0,0.0,0.5,0.0,core,medium_shelf_life,lean_inventory,uniform,medium_margin,moderate_disposal_cost,recovered_demand,recovered_target_response
core_010,inventory_coverage_rule,recovered_calibration,financial,0.1,6,0.7799272488431019,0.25982368796245275,0.20264357413682438,0.2598236879624528,0.0,0.0,1.0,0.0,0.0,0.2,0,2,0.0,0.0,0.0,0.6931471805599453,0.5,0.0,0.0,0.5,0.0,0.0,core,medium_shelf_life,lean_inventory,uniform,medium_margin,moderate_disposal_cost,recovered_demand,recovered_target_response
core_010,inventory_coverage_rule,recovered_calibration,financial,0.1,7,0.7799272488431019,0.24999999999999992,0.19498181221077543,0.24999999999999992,0.0,0.0,1.0,0.0,0.0,0.2,0,1,0.0,0.0,0.0,0.0,0.0,0.0,0.0,1.0,0.0,0.0,core,medium_shelf_life,lean_inventory,uniform,medium_margin,moderate_disposal_cost,recovered_demand,recovered_target_response
core_011,always_0pct,recovered_calibration,financial,0.1,0,1.5598544976862039,0.44999999999999996,0.7019345239587916,0.44999999999999996,0.0,0.0,1.0,0.0,0.0,0.0,-1,1,0.0,0.0,0.0,0.0,1.0,0.0,0.0,0.0,0.0,0.0,core,medium_shelf_life,balanced_inventory,uniform,medium_margin,moderate_disposal_cost,recovered_demand,recovered_target_response
core_011,always_0pct,recovered_calibration,financial,0.1,1,1.5598544976862039,0.44999999999999996,0.7019345239587916,0.44999999999999996,0.0,0.0,1.0,0.0,0.0,0.0,-1,4,0.0,0.0,0.0,0.0,1.0,0.0,0.0,0.0,0.0,0.0,core,medium_shelf_life,balanced_inventory,uniform,medium_margin,moderate_disposal_cost,recovered_demand,recovered_target_response
core_011,always_0pct,recovered_calibration,financial,0.1,2,1.5598544976862039,0.44999999999999996,0.7019345239587916,0.44999999999999996,0.0,0.0,1.0,0.0,0.0,0.0,-1,4,0.0,0.0,0.0,0.0,1.0,0.0,0.0,0.0,0.0,0.0,core,medium_shelf_life,balanced_inventory,uniform,medium_margin,moderate_disposal_cost,recovered_demand,recovered_target_response
core_011,always_0pct,recovered_calibration,financial,0.1,3,1.5598544976862039,0.44999999999999996,0.7019345239587916,0.44999999999999996,0.0,0.0,1.0,0.0,0.0,0.0,-1,4,0.0,0.0,0.0,0.0,1.0,0.0,0.0,0.0,0.0,0.0,core,medium_shelf_life,balanced_inventory,uniform,medium_margin,moderate_disposal_cost,recovered_demand,recovered_target_response
core_011,always_0pct,recovered_calibration,financial,0.1,4,1.5598544976862039,0.44999999999999984,0.7019345239587915,0.44999999999999984,0.0,0.0,1.0,5.551115123125783e-17,0.0,0.0,-1,3,0.0,5.551115123125783e-17,0.0,0.0,1.0,0.0,0.0,0.0,0.0,0.0,core,medium_shelf_life,balanced_inventory,uniform,medium_margin,moderate_disposal_cost,recovered_demand,recovered_target_response
core_011,always_0pct,recovered_calibration,financial,0.1,5,1.5598544976862039,0.44999999999999996,0.7019345239587916,0.44999999999999996,0.0,0.0,1.0,0.0,0.0,0.0,-1,3,0.0,0.0,0.0,0.0,1.0,0.0,0.0,0.0,0.0,0.0,core,medium_shelf_life,balanced_inventory,uniform,medium_margin,moderate_disposal_cost,recovered_demand,recovered_target_response
core_011,always_0pct,recovered_calibration,financial,0.1,6,1.5598544976862039,0.44999999999999996,0.7019345239587916,0.4499999999999999,0.0,0.0,1.0,0.0,0.0,0.0,-1,3,0.0,0.0,0.0,0.0,1.0,0.0,0.0,0.0,0.0,0.0,core,medium_shelf_life,balanced_inventory,uniform,medium_margin,moderate_disposal_cost,recovered_demand,recovered_target_response
core_011,always_0pct,recovered_calibration,financial,0.1,7,1.5598544976862039,0.44999999999999996,0.7019345239587916,0.44999999999999996,0.0,0.0,1.0,0.0,0.0,0.0,-1,3,0.0,0.0,0.0,0.0,1.0,0.0,0.0,0.0,0.0,0.0,core,medium_shelf_life,balanced_inventory,uniform,medium_margin,moderate_disposal_cost,recovered_demand,recovered_target_response
core_011,always_5pct,recovered_calibration,financial,0.1,0,1.5598544976862039,0.3999999999999999,0.6239417990744814,0.3999999999999999,0.0,0.0,1.0,0.0,0.0,0.05,0,1,0.0,0.0,0.0,0.0,0.0,1.0,0.0,0.0,0.0,0.0,core,medium_shelf_life,balanced_inventory,uniform,medium_margin,moderate_disposal_cost,recovered_demand,recovered_target_response
core_011,always_5pct,recovered_calibration,financial,0.1,1,1.5598544976862039,0.3999999999999999,0.6239417990744814,0.3999999999999999,0.0,0.0,1.0,0.0,0.0,0.05,0,4,0.0,0.0,0.0,0.0,0.0,1.0,0.0,0.0,0.0,0.0,core,medium_shelf_life,balanced_inventory,uniform,medium_margin,moderate_disposal_cost,recovered_demand,recovered_target_response
core_011,always_5pct,recovered_calibration,financial,0.1,2,1.5598544976862039,0.39999999999999986,0.6239417990744813,0.3999999999999999,0.0,0.0,1.0,0.0,0.0,0.05,0,4,0.0,0.0,1.1102230246251565e-16,0.0,0.0,1.0,0.0,0.0,0.0,0.0,core,medium_shelf_life,balanced_inventory,uniform,medium_margin,moderate_disposal_cost,recovered_demand,recovered_target_response
core_011,always_5pct,recovered_calibration,financial,0.1,3,1.5598544976862039,0.39999999999999986,0.6239417990744813,0.3999999999999999,0.0,0.0,1.0,0.0,0.0,0.05,0,4,0.0,0.0,1.1102230246251565e-16,0.0,0.0,1.0,0.0,0.0,0.0,0.0,core,medium_shelf_life,balanced_inventory,uniform,medium_margin,moderate_disposal_cost,recovered_demand,recovered_target_response
core_011,always_5pct,recovered_calibration,financial,0.1,4,1.5598544976862039,0.39999999999999986,0.6239417990744813,0.39999999999999986,0.0,0.0,1.0,0.0,0.0,0.05,0,3,0.0,0.0,0.0,0.0,0.0,1.0,0.0,0.0,0.0,0.0,core,medium_shelf_life,balanced_inventory,uniform,medium_margin,moderate_disposal_cost,recovered_demand,recovered_target_response
core_011,always_5pct,recovered_calibration,financial,0.1,5,1.5598544976862039,0.39999999999999986,0.6239417990744813,0.39999999999999986,0.0,0.0,1.0,0.0,0.0,0.05,0,3,0.0,0.0,0.0,0.0,0.0,1.0,0.0,0.0,0.0,0.0,core,medium_shelf_life,balanced_inventory,uniform,medium_margin,moderate_disposal_cost,recovered_demand,recovered_target_response
core_011,always_5pct,recovered_calibration,financial,0.1,6,1.5598544976862039,0.39999999999999986,0.6239417990744813,0.3999999999999999,0.0,0.0,1.0,0.0,0.0,0.05,0,2,0.0,0.0,0.0,0.0,0.0,1.0,0.0,0.0,0.0,0.0,core,medium_shelf_life,balanced_inventory,uniform,medium_margin,moderate_disposal_cost,recovered_demand,recovered_target_response
core_011,always_5pct,recovered_calibration,financial,0.1,7,1.5598544976862039,0.39999999999999986,0.6239417990744813,0.3999999999999999,0.0,0.0,1.0,0.0,0.0,0.05,0,3,0.0,0.0,0.0,0.0,0.0,1.0,0.0,0.0,0.0,0.0,core,medium_shelf_life,balanced_inventory,uniform,medium_margin,moderate_disposal_cost,recovered_demand,recovered_target_response
core_011,always_10pct,recovered_calibration,financial,0.1,0,1.5598544976862039,0.3499999999999999,0.5459490741901712,0.3499999999999999,0.0,0.0,1.0,0.0,0.0,0.1,0,1,0.0,0.0,0.0,0.0,0.0,0.0,1.0,0.0,0.0,0.0,core,medium_shelf_life,balanced_inventory,uniform,medium_margin,moderate_disposal_cost,recovered_demand,recovered_target_response
core_011,always_10pct,recovered_calibration,financial,0.1,1,1.5598544976862039,0.3499999999999999,0.5459490741901712,0.3499999999999999,0.0,0.0,1.0,0.0,0.0,0.1,0,4,0.0,0.0,0.0,0.0,0.0,0.0,1.0,0.0,0.0,0.0,core,medium_shelf_life,balanced_inventory,uniform,medium_margin,moderate_disposal_cost,recovered_demand,recovered_target_response
core_011,always_10pct,recovered_calibration,financial,0.1,2,1.5598544976862039,0.35,0.5459490741901714,0.3499999999999999,0.0,0.0,1.0,0.0,0.0,0.1,0,4,0.0,0.0,0.0,0.0,0.0,0.0,1.0,0.0,0.0,0.0,core,medium_shelf_life,balanced_inventory,uniform,medium_margin,moderate_disposal_cost,recovered_demand,recovered_target_response
core_011,always_10pct,recovered_calibration,financial,0.1,3,1.5598544976862039,0.3499999999999999,0.5459490741901712,0.3499999999999999,0.0,0.0,1.0,0.0,0.0,0.1,0,4,0.0,0.0,0.0,0.0,0.0,0.0,1.0,0.0,0.0,0.0,core,medium_shelf_life,balanced_inventory,uniform,medium_margin,moderate_disposal_cost,recovered_demand,recovered_target_response
core_011,always_10pct,recovered_calibration,financial,0.1,4,1.5598544976862039,0.3499999999999999,0.5459490741901712,0.3499999999999999,0.0,0.0,1.0,5.551115123125783e-17,0.0,0.1,0,3,0.0,5.551115123125783e-17,0.0,0.0,0.0,0.0,1.0,0.0,0.0,0.0,core,medium_shelf_life,balanced_inventory,uniform,medium_margin,moderate_disposal_cost,recovered_demand,recovered_target_response
core_011,always_10pct,recovered_calibration,financial,0.1,5,1.5598544976862039,0.35,0.5459490741901714,0.35000000000000003,0.0,0.0,1.0,0.0,0.0,0.1,0,3,0.0,0.0,0.0,0.0,0.0,0.0,1.0,0.0,0.0,0.0,core,medium_shelf_life,balanced_inventory,uniform,medium_margin,moderate_disposal_cost,recovered_demand,recovered_target_response
core_011,always_10pct,recovered_calibration,financial,0.1,6,1.5598544976862039,0.35,0.5459490741901714,0.35,0.0,0.0,1.0,0.0,0.0,0.1,0,3,0.0,0.0,0.0,0.0,0.0,0.0,1.0,0.0,0.0,0.0,core,medium_shelf_life,balanced_inventory,uniform,medium_margin,moderate_disposal_cost,recovered_demand,recovered_target_response
core_011,always_10pct,recovered_calibration,financial,0.1,7,1.5598544976862039,0.3499999999999999,0.5459490741901712,0.35,0.0,0.0,1.0,0.0,0.0,0.1,0,3,0.0,0.0,0.0,0.0,0.0,0.0,1.0,0.0,0.0,0.0,core,medium_shelf_life,balanced_inventory,uniform,medium_margin,moderate_disposal_cost,recovered_demand,recovered_target_response
core_011,always_20pct,recovered_calibration,financial,0.1,0,1.5598544976862039,0.24999999999999992,0.38996362442155086,0.24999999999999992,0.0,0.0,1.0,0.0,0.0,0.2,0,1,0.0,0.0,0.0,0.0,0.0,0.0,0.0,1.0,0.0,0.0,core,medium_shelf_life,balanced_inventory,uniform,medium_margin,moderate_disposal_cost,recovered_demand,recovered_target_response
core_011,always_20pct,recovered_calibration,financial,0.1,1,1.5598544976862039,0.24999999999999997,0.3899636244215509,0.25,0.0,0.0,1.0,0.0,0.0,0.2,0,4,0.0,0.0,0.0,0.0,0.0,0.0,0.0,1.0,0.0,0.0,core,medium_shelf_life,balanced_inventory,uniform,medium_margin,moderate_disposal_cost,recovered_demand,recovered_target_response
core_011,always_20pct,recovered_calibration,financial,0.1,2,1.5598544976862039,0.24999999999999997,0.3899636244215509,0.24999999999999994,0.0,0.0,1.0,0.0,0.0,0.2,0,3,0.0,0.0,0.0,0.0,0.0,0.0,0.0,1.0,0.0,0.0,core,medium_shelf_life,balanced_inventory,uniform,medium_margin,moderate_disposal_cost,recovered_demand,recovered_target_response
core_011,always_20pct,recovered_calibration,financial,0.1,3,1.5598544976862039,0.24999999999999997,0.3899636244215509,0.24999999999999994,0.0,0.0,1.0,0.0,0.0,0.2,0,3,0.0,0.0,0.0,0.0,0.0,0.0,0.0,1.0,0.0,0.0,core,medium_shelf_life,balanced_inventory,uniform,medium_margin,moderate_disposal_cost,recovered_demand,recovered_target_response
core_011,always_20pct,recovered_calibration,financial,0.1,4,1.5598544976862039,0.24999999999999997,0.3899636244215509,0.24999999999999994,0.0,0.0,1.0,0.0,0.0,0.2,0,3,0.0,0.0,0.0,0.0,0.0,0.0,0.0,1.0,0.0,0.0,core,medium_shelf_life,balanced_inventory,uniform,medium_margin,moderate_disposal_cost,recovered_demand,recovered_target_response
core_011,always_20pct,recovered_calibration,financial,0.1,5,1.5598544976862039,0.25,0.38996362442155097,0.25,0.0,0.0,1.0,0.0,0.0,0.2,0,3,0.0,0.0,0.0,0.0,0.0,0.0,0.0,1.0,0.0,0.0,core,medium_shelf_life,balanced_inventory,uniform,medium_margin,moderate_disposal_cost,recovered_demand,recovered_target_response
core_011,always_20pct,recovered_calibration,financial,0.1,6,1.5598544976862039,0.25,0.38996362442155097,0.24999999999999997,0.0,0.0,1.0,0.0,0.0,0.2,0,3,0.0,0.0,0.0,0.0,0.0,0.0,0.0,1.0,0.0,0.0,core,medium_shelf_life,balanced_inventory,uniform,medium_margin,moderate_disposal_cost,recovered_demand,recovered_target_response
core_011,always_20pct,recovered_calibration,financial,0.1,7,1.5598544976862039,0.24999999999999997,0.3899636244215509,0.24999999999999994,0.0,0.0,1.0,0.0,0.0,0.2,0,3,0.0,0.0,0.0,0.0,0.0,0.0,0.0,1.0,0.0,0.0,core,medium_shelf_life,balanced_inventory,uniform,medium_margin,moderate_disposal_cost,recovered_demand,recovered_target_response
core_011,always_40pct,recovered_calibration,financial,0.1,0,1.5598544976862039,0.049999999999999926,0.07799272488431008,0.049999999999999926,0.0,0.0,1.0,0.0,0.0,0.4,0,1,0.0,0.0,0.0,0.0,0.0,0.0,0.0,0.0,0.0,1.0,core,medium_shelf_life,balanced_inventory,uniform,medium_margin,moderate_disposal_cost,recovered_demand,recovered_target_response
core_011,always_40pct,recovered_calibration,financial,0.1,1,1.5598544976862039,0.049999999999999926,0.07799272488431008,0.049999999999999906,0.0,0.0,1.0,0.0,0.0,0.4,0,2,0.0,0.0,0.0,0.0,0.0,0.0,0.0,0.0,0.0,1.0,core,medium_shelf_life,balanced_inventory,uniform,medium_margin,moderate_disposal_cost,recovered_demand,recovered_target_response
core_011,always_40pct,recovered_calibration,financial,0.1,2,1.5598544976862039,0.04999999999999989,0.07799272488431003,0.04999999999999988,0.0,0.0,1.0,0.0,0.0,0.4,0,2,0.0,0.0,0.0,0.0,0.0,0.0,0.0,0.0,0.0,1.0,core,medium_shelf_life,balanced_inventory,uniform,medium_margin,moderate_disposal_cost,recovered_demand,recovered_target_response
core_011,always_40pct,recovered_calibration,financial,0.1,3,1.5598544976862039,0.04999999999999989,0.07799272488431003,0.049999999999999906,0.0,0.0,1.0,0.0,0.0,0.4,0,2,0.0,0.0,0.0,0.0,0.0,0.0,0.0,0.0,0.0,1.0,core,medium_shelf_life,balanced_inventory,uniform,medium_margin,moderate_disposal_cost,recovered_demand,recovered_target_response
core_011,always_40pct,recovered_calibration,financial,0.1,4,1.5598544976862039,0.049999999999999926,0.07799272488431008,0.04999999999999993,0.0,0.0,1.0,0.0,0.0,0.4,0,2,0.0,0.0,0.0,0.0,0.0,0.0,0.0,0.0,0.0,1.0,core,medium_shelf_life,balanced_inventory,uniform,medium_margin,moderate_disposal_cost,recovered_demand,recovered_target_response
core_011,always_40pct,recovered_calibration,financial,0.1,5,1.5598544976862039,0.04999999999999989,0.07799272488431003,0.049999999999999906,0.0,0.0,1.0,0.0,0.0,0.4,0,2,0.0,0.0,0.0,0.0,0.0,0.0,0.0,0.0,0.0,1.0,core,medium_shelf_life,balanced_inventory,uniform,medium_margin,moderate_disposal_cost,recovered_demand,recovered_target_response
core_011,always_40pct,recovered_calibration,financial,0.1,6,1.5598544976862039,0.049999999999999926,0.07799272488431008,0.04999999999999993,0.0,0.0,1.0,0.0,0.0,0.4,0,2,0.0,0.0,0.0,0.0,0.0,0.0,0.0,0.0,0.0,1.0,core,medium_shelf_life,balanced_inventory,uniform,medium_margin,moderate_disposal_cost,recovered_demand,recovered_target_response
core_011,always_40pct,recovered_calibration,financial,0.1,7,1.5598544976862039,0.049999999999999926,0.07799272488431008,0.04999999999999993,0.0,0.0,1.0,0.0,0.0,0.4,0,2,0.0,0.0,0.0,0.0,0.0,0.0,0.0,0.0,0.0,1.0,core,medium_shelf_life,balanced_inventory,uniform,medium_margin,moderate_disposal_cost,recovered_demand,recovered_target_response
core_011,expiry_threshold_rule,recovered_calibration,financial,0.1,0,1.5598544976862039,0.24999999999999992,0.38996362442155086,0.24999999999999992,0.0,0.0,1.0,0.0,0.0,0.2,0,1,0.0,0.0,0.0,0.0,0.0,0.0,0.0,1.0,0.0,0.0,core,medium_shelf_life,balanced_inventory,uniform,medium_margin,moderate_disposal_cost,recovered_demand,recovered_target_response
core_011,expiry_threshold_rule,recovered_calibration,financial,0.1,1,1.5598544976862039,0.357358834452283,0.5574277852082932,0.357358834452283,0.0,0.0,1.0,0.0,0.0,0.2,0,4,0.0,0.0,0.0,1.0397207708399179,0.5,0.0,0.25,0.25,0.0,0.0,core,medium_shelf_life,balanced_inventory,uniform,medium_margin,moderate_disposal_cost,recovered_demand,recovered_target_response
core_011,expiry_threshold_rule,recovered_calibration,financial,0.1,2,1.5598544976862039,0.3513744374897266,0.5480929966903099,0.3513744374897265,0.0,0.0,1.0,0.0,0.0,0.2,0,4,0.0,0.0,0.0,1.0397207708399179,0.5,0.0,0.25,0.25,0.0,0.0,core,medium_shelf_life,balanced_inventory,uniform,medium_margin,moderate_disposal_cost,recovered_demand,recovered_target_response
core_011,expiry_threshold_rule,recovered_calibration,financial,0.1,3,1.5598544976862039,0.35021968272840925,0.5462917472821445,0.3502196827284092,0.0,0.0,1.0,0.0,0.0,0.2,0,4,0.0,0.0,0.0,1.0397207708399179,0.5,0.0,0.25,0.25,0.0,0.0,core,medium_shelf_life,balanced_inventory,uniform,medium_margin,moderate_disposal_cost,recovered_demand,recovered_target_response
core_011,expiry_threshold_rule,recovered_calibration,financial,0.1,4,1.5598544976862039,0.34749028063447757,0.542034277149931,0.34749028063447757,0.0,0.0,1.0,0.0,0.0,0.2,0,3,0.0,0.0,0.0,1.0986122886681096,0.3333333333333333,0.0,0.3333333333333333,0.3333333333333333,0.0,0.0,core,medium_shelf_life,balanced_inventory,uniform,medium_margin,moderate_disposal_cost,recovered_demand,recovered_target_response
core_011,expiry_threshold_rule,recovered_calibration,financial,0.1,5,1.5598544976862039,0.37661928503799713,0.5874712856818822,0.3766192850379971,0.0,0.0,1.0,0.0,0.0,0.2,0,3,0.0,0.0,0.0,0.6365141682948128,0.6666666666666666,0.0,0.0,0.3333333333333333,0.0,0.0,core,medium_shelf_life,balanced_inventory,uniform,medium_margin,moderate_disposal_cost,recovered_demand,recovered_target_response
core_011,expiry_threshold_rule,recovered_calibration,financial,0.1,6,1.5598544976862039,0.3529097586031147,0.5504878742344209,0.35290975860311463,0.0,0.0,1.0,0.0,0.0,0.2,0,3,0.0,0.0,0.0,0.6365141682948128,0.6666666666666666,0.0,0.0,0.3333333333333333,0.0,0.0,core,medium_shelf_life,balanced_inventory,uniform,medium_margin,moderate_disposal_cost,recovered_demand,recovered_target_response
core_011,expiry_threshold_rule,recovered_calibration,financial,0.1,7,1.5598544976862039,0.3462633856894437,0.5401204995517315,0.3462633856894437,0.0,0.0,1.0,0.0,0.0,0.2,0,3,0.0,0.0,0.0,0.6365141682948128,0.6666666666666666,0.0,0.0,0.3333333333333333,0.0,0.0,core,medium_shelf_life,balanced_inventory,uniform,medium_margin,moderate_disposal_cost,recovered_demand,recovered_target_response
core_011,inventory_coverage_rule,recovered_calibration,financial,0.1,0,1.5598544976862039,0.24999999999999992,0.38996362442155086,0.24999999999999992,0.0,0.0,1.0,0.0,0.0,0.2,0,1,0.0,0.0,0.0,0.0,0.0,0.0,0.0,1.0,0.0,0.0,core,medium_shelf_life,balanced_inventory,uniform,medium_margin,moderate_disposal_cost,recovered_demand,recovered_target_response
core_011,inventory_coverage_rule,recovered_calibration,financial,0.1,1,1.5598544976862039,0.20089224466443112,0.31336267139009016,0.20089224466443112,0.0,0.0,1.0,0.0,0.0,0.3,0,3,0.0,0.0,0.0,0.6365141682948128,0.3333333333333333,0.0,0.0,0.0,0.6666666666666666,0.0,core,medium_shelf_life,balanced_inventory,uniform,medium_margin,moderate_disposal_cost,recovered_demand,recovered_target_response
core_011,inventory_coverage_rule,recovered_calibration,financial,0.1,2,1.5598544976862039,0.19437828175383443,0.3032018370462348,0.19437828175383443,0.0,0.0,1.0,0.0,0.0,0.3,0,3,0.0,0.0,0.0,0.6365141682948128,0.3333333333333333,0.0,0.0,0.0,0.6666666666666666,0.0,core,medium_shelf_life,balanced_inventory,uniform,medium_margin,moderate_disposal_cost,recovered_demand,recovered_target_response
core_011,inventory_coverage_rule,recovered_calibration,financial,0.1,3,1.5598544976862039,0.1957271718763633,0.305305909370746,0.19572717187636332,0.0,0.0,1.0,0.0,0.0,0.3,0,3,0.0,0.0,0.0,0.6365141682948128,0.3333333333333333,0.0,0.0,0.0,0.6666666666666666,0.0,core,medium_shelf_life,balanced_inventory,uniform,medium_margin,moderate_disposal_cost,recovered_demand,recovered_target_response
core_011,inventory_coverage_rule,recovered_calibration,financial,0.1,4,1.5598544976862039,0.18995530272984845,0.29630263332249857,0.18995530272984845,0.0,0.0,1.0,0.0,0.0,0.3,0,3,0.0,0.0,0.0,0.6365141682948128,0.3333333333333333,0.0,0.0,0.0,0.6666666666666666,0.0,core,medium_shelf_life,balanced_inventory,uniform,medium_margin,moderate_disposal_cost,recovered_demand,recovered_target_response
core_011,inventory_coverage_rule,recovered_calibration,financial,0.1,5,1.5598544976862039,0.15675047620548704,0.24450793532358323,0.15675047620548702,0.0,0.0,1.0,0.0,0.0,0.3,0,3,0.0,0.0,0.0,0.6365141682948128,0.3333333333333333,0.0,0.0,0.0,0.6666666666666666,0.0,core,medium_shelf_life,balanced_inventory,uniform,medium_margin,moderate_disposal_cost,recovered_demand,recovered_target_response
core_011,inventory_coverage_rule,recovered_calibration,financial,0.1,6,1.5598544976862039,0.19781113282459634,0.30855658522884966,0.19781113282459636,0.0,0.0,1.0,0.0,0.0,0.3,0,2,0.0,0.0,0.0,0.6931471805599453,0.0,0.0,0.0,0.5,0.5,0.0,core,medium_shelf_life,balanced_inventory,uniform,medium_margin,moderate_disposal_cost,recovered_demand,recovered_target_response
core_011,inventory_coverage_rule,recovered_calibration,financial,0.1,7,1.5598544976862039,0.20375101801919113,0.31782194186537804,0.2037510180191911,0.0,0.0,1.0,0.0,0.0,0.3,0,3,0.0,0.0,0.0,1.0986122886681096,0.3333333333333333,0.0,0.0,0.3333333333333333,0.3333333333333333,0.0,core,medium_shelf_life,balanced_inventory,uniform,medium_margin,moderate_disposal_cost,recovered_demand,recovered_target_response
core_012,always_0pct,recovered_calibration,financial,0.1,0,3.1197089953724078,0.44999999999999996,1.4038690479175833,0.4499999999999999,0.0,0.0,1.0,0.0,0.0,0.0,-1,3,0.0,0.0,0.0,0.0,1.0,0.0,0.0,0.0,0.0,0.0,core,medium_shelf_life,high_inventory,uniform,medium_margin,moderate_disposal_cost,recovered_demand,recovered_target_response
core_012,always_0pct,recovered_calibration,financial,0.1,1,3.1197089953724078,0.448760645657286,1.4000026230261648,0.448760645657286,0.003682309420398433,0.0011803374692513158,0.9988196625307486,0.0,0.0,0.0,-1,7,0.0,1.6653345369377348e-16,0.0,0.0,1.0,0.0,0.0,0.0,0.0,0.0,core,medium_shelf_life,high_inventory,uniform,medium_margin,moderate_disposal_cost,recovered_demand,recovered_target_response
core_012,always_0pct,recovered_calibration,financial,0.1,2,3.1197089953724078,0.44999999999999996,1.4038690479175833,0.44999999999999996,0.0,0.0,0.9999999999999999,0.0,0.0,0.0,-1,6,0.0,4.440892098500626e-16,0.0,0.0,1.0,0.0,0.0,0.0,0.0,0.0,core,medium_shelf_life,high_inventory,uniform,medium_margin,moderate_disposal_cost,recovered_demand,recovered_target_response
core_012,always_0pct,recovered_calibration,financial,0.1,3,3.1197089953724078,0.45,1.4038690479175835,0.44999999999999996,0.0,0.0,1.0000000000000002,0.0,0.0,0.0,-1,6,0.0,4.440892098500626e-16,2.220446049250313e-16,0.0,1.0,0.0,0.0,0.0,0.0,0.0,core,medium_shelf_life,high_inventory,uniform,medium_margin,moderate_disposal_cost,recovered_demand,recovered_target_response
core_012,always_0pct,recovered_calibration,financial,0.1,4,3.1197089953724078,0.44999999999999984,1.403869047917583,0.44999999999999984,0.0,0.0,1.0000000000000002,0.0,0.0,0.0,-1,6,0.0,4.440892098500626e-16,0.0,0.0,1.0,0.0,0.0,0.0,0.0,0.0,core,medium_shelf_life,high_inventory,uniform,medium_margin,moderate_disposal_cost,recovered_demand,recovered_target_response
core_012,always_0pct,recovered_calibration,financial,0.1,5,3.1197089953724078,0.44999999999999996,1.4038690479175833,0.44999999999999996,0.0,0.0,1.0,0.0,0.0,0.0,-1,5,0.0,0.0,0.0,0.0,1.0,0.0,0.0,0.0,0.0,0.0,core,medium_shelf_life,high_inventory,uniform,medium_margin,moderate_disposal_cost,recovered_demand,recovered_target_response
core_012,always_0pct,recovered_calibration,financial,0.1,6,3.1197089953724078,0.44999999999999996,1.4038690479175833,0.44999999999999996,0.0,0.0,1.0,0.0,0.0,0.0,-1,5,0.0,0.0,0.0,0.0,1.0,0.0,0.0,0.0,0.0,0.0,core,medium_shelf_life,high_inventory,uniform,medium_margin,moderate_disposal_cost,recovered_demand,recovered_target_response
core_012,always_0pct,recovered_calibration,financial,0.1,7,3.1197089953724078,0.44999999999999996,1.4038690479175833,0.44999999999999996,0.0,0.0,1.0,0.0,0.0,0.0,-1,5,0.0,0.0,0.0,0.0,1.0,0.0,0.0,0.0,0.0,0.0,core,medium_shelf_life,high_inventory,uniform,medium_margin,moderate_disposal_cost,recovered_demand,recovered_target_response
core_012,always_5pct,recovered_calibration,financial,0.1,0,3.1197089953724078,0.39999999999999986,1.2478835981489627,0.39999999999999986,0.0,0.0,1.0,0.0,0.0,0.05,0,3,0.0,0.0,0.0,0.0,0.0,1.0,0.0,0.0,0.0,0.0,core,medium_shelf_life,high_inventory,uniform,medium_margin,moderate_disposal_cost,recovered_demand,recovered_target_response
core_012,always_5pct,recovered_calibration,financial,0.1,1,3.1197089953724078,0.39999999999999986,1.2478835981489627,0.3999999999999999,0.0,0.0,1.0,0.0,0.0,0.05,0,6,0.0,0.0,0.0,0.0,0.0,1.0,0.0,0.0,0.0,0.0,core,medium_shelf_life,high_inventory,uniform,medium_margin,moderate_disposal_cost,recovered_demand,recovered_target_response
core_012,always_5pct,recovered_calibration,financial,0.1,2,3.1197089953724078,0.39999999999999986,1.2478835981489627,0.39999999999999986,0.0,0.0,1.0,0.0,0.0,0.05,0,6,0.0,0.0,0.0,0.0,0.0,1.0,0.0,0.0,0.0,0.0,core,medium_shelf_life,high_inventory,uniform,medium_margin,moderate_disposal_cost,recovered_demand,recovered_target_response
core_012,always_5pct,recovered_calibration,financial,0.1,3,3.1197089953724078,0.3999999999999998,1.2478835981489624,0.39999999999999986,0.0,0.0,1.0,0.0,0.0,0.05,0,6,0.0,0.0,2.220446049250313e-16,0.0,0.0,1.0,0.0,0.0,0.0,0.0,core,medium_shelf_life,high_inventory,uniform,medium_margin,moderate_disposal_cost,recovered_demand,recovered_target_response
core_012,always_5pct,recovered_calibration,financial,0.1,4,3.1197089953724078,0.39999999999999986,1.2478835981489627,0.39999999999999986,0.0,0.0,1.0,0.0,0.0,0.05,0,5,0.0,0.0,0.0,0.0,0.0,1.0,0.0,0.0,0.0,0.0,core,medium_shelf_life,high_inventory,uniform,medium_margin,moderate_disposal_cost,recovered_demand,recovered_target_response
core_012,always_5pct,recovered_calibration,financial,0.1,5,3.1197089953724078,0.3999999999999999,1.2478835981489629,0.3999999999999999,0.0,0.0,1.0,0.0,0.0,0.05,0,5,0.0,0.0,0.0,0.0,0.0,1.0,0.0,0.0,0.0,0.0,core,medium_shelf_life,high_inventory,uniform,medium_margin,moderate_disposal_cost,recovered_demand,recovered_target_response
core_012,always_5pct,recovered_calibration,financial,0.1,6,3.1197089953724078,0.39999999999999986,1.2478835981489627,0.3999999999999999,0.0,0.0,1.0,0.0,0.0,0.05,0,5,0.0,0.0,0.0,0.0,0.0,1.0,0.0,0.0,0.0,0.0,core,medium_shelf_life,high_inventory,uniform,medium_margin,moderate_disposal_cost,recovered_demand,recovered_target_response
core_012,always_5pct,recovered_calibration,financial,0.1,7,3.1197089953724078,0.39999999999999986,1.2478835981489627,0.3999999999999999,0.0,0.0,1.0,0.0,0.0,0.05,0,5,0.0,0.0,0.0,0.0,0.0,1.0,0.0,0.0,0.0,0.0,core,medium_shelf_life,high_inventory,uniform,medium_margin,moderate_disposal_cost,recovered_demand,recovered_target_response
core_012,always_10pct,recovered_calibration,financial,0.1,0,3.1197089953724078,0.3499999999999999,1.0918981483803425,0.34999999999999987,0.0,0.0,1.0,0.0,0.0,0.1,0,3,0.0,0.0,0.0,0.0,0.0,0.0,1.0,0.0,0.0,0.0,core,medium_shelf_life,high_inventory,uniform,medium_margin,moderate_disposal_cost,recovered_demand,recovered_target_response
core_012,always_10pct,recovered_calibration,financial,0.1,1,3.1197089953724078,0.3499999999999999,1.0918981483803425,0.35,0.0,0.0,1.0,0.0,0.0,0.1,0,7,0.0,0.0,0.0,0.0,0.0,0.0,1.0,0.0,0.0,0.0,core,medium_shelf_life,high_inventory,uniform,medium_margin,moderate_disposal_cost,recovered_demand,recovered_target_response
core_012,always_10pct,recovered_calibration,financial,0.1,2,3.1197089953724078,0.3499999999999999,1.0918981483803425,0.3499999999999999,0.0,0.0,1.0000000000000002,0.0,0.0,0.1,0,6,0.0,4.440892098500626e-16,0.0,0.0,0.0,0.0,1.0,0.0,0.0,0.0,core,medium_shelf_life,high_inventory,uniform,medium_margin,moderate_disposal_cost,recovered_demand,recovered_target_response
core_012,always_10pct,recovered_calibration,financial,0.1,3,3.1197089953724078,0.35,1.0918981483803427,0.35000000000000003,0.0,0.0,0.9999999999999999,0.0,0.0,0.1,0,6,0.0,4.440892098500626e-16,0.0,0.0,0.0,0.0,1.0,0.0,0.0,0.0,core,medium_shelf_life,high_inventory,uniform,medium_margin,moderate_disposal_cost,recovered_demand,recovered_target_response
core_012,always_10pct,recovered_calibration,financial,0.1,4,3.1197089953724078,0.3499999999999999,1.0918981483803425,0.34999999999999987,0.0,0.0,1.0,0.0,0.0,0.1,0,5,0.0,0.0,0.0,0.0,0.0,0.0,1.0,0.0,0.0,0.0,core,medium_shelf_life,high_inventory,uniform,medium_margin,moderate_disposal_cost,recovered_demand,recovered_target_response
core_012,always_10pct,recovered_calibration,financial,0.1,5,3.1197089953724078,0.3499999999999999,1.0918981483803425,0.3499999999999999,0.0,0.0,1.0,0.0,0.0,0.1,0,5,0.0,0.0,0.0,0.0,0.0,0.0,1.0,0.0,0.0,0.0,core,medium_shelf_life,high_inventory,uniform,medium_margin,moderate_disposal_cost,recovered_demand,recovered_target_response
core_012,always_10pct,recovered_calibration,financial,0.1,6,3.1197089953724078,0.35,1.0918981483803427,0.35,0.0,0.0,1.0,0.0,0.0,0.1,0,5,0.0,0.0,0.0,0.0,0.0,0.0,1.0,0.0,0.0,0.0,core,medium_shelf_life,high_inventory,uniform,medium_margin,moderate_disposal_cost,recovered_demand,recovered_target_response
core_012,always_10pct,recovered_calibration,financial,0.1,7,3.1197089953724078,0.35,1.0918981483803427,0.35,0.0,0.0,1.0,0.0,0.0,0.1,0,5,0.0,0.0,0.0,0.0,0.0,0.0,1.0,0.0,0.0,0.0,core,medium_shelf_life,high_inventory,uniform,medium_margin,moderate_disposal_cost,recovered_demand,recovered_target_response
core_012,always_20pct,recovered_calibration,financial,0.1,0,3.1197089953724078,0.25,0.7799272488431019,0.25000000000000006,0.0,0.0,1.0,0.0,0.0,0.2,0,3,0.0,0.0,0.0,0.0,0.0,0.0,0.0,1.0,0.0,0.0,core,medium_shelf_life,high_inventory,uniform,medium_margin,moderate_disposal_cost,recovered_demand,recovered_target_response
core_012,always_20pct,recovered_calibration,financial,0.1,1,3.1197089953724078,0.24999999999999997,0.7799272488431018,0.24999999999999994,0.0,0.0,1.0,0.0,0.0,0.2,0,6,0.0,0.0,0.0,0.0,0.0,0.0,0.0,1.0,0.0,0.0,core,medium_shelf_life,high_inventory,uniform,medium_margin,moderate_disposal_cost,recovered_demand,recovered_target_response
core_012,always_20pct,recovered_calibration,financial,0.1,2,3.1197089953724078,0.25,0.7799272488431019,0.25,0.0,0.0,1.0,0.0,0.0,0.2,0,6,0.0,0.0,0.0,0.0,0.0,0.0,0.0,1.0,0.0,0.0,core,medium_shelf_life,high_inventory,uniform,medium_margin,moderate_disposal_cost,recovered_demand,recovered_target_response
core_012,always_20pct,recovered_calibration,financial,0.1,3,3.1197089953724078,0.24999999999999997,0.7799272488431018,0.24999999999999994,0.0,0.0,1.0,0.0,0.0,0.2,0,5,0.0,0.0,1.1102230246251565e-16,0.0,0.0,0.0,0.0,1.0,0.0,0.0,core,medium_shelf_life,high_inventory,uniform,medium_margin,moderate_disposal_cost,recovered_demand,recovered_target_response
core_012,always_20pct,recovered_calibration,financial,0.1,4,3.1197089953724078,0.24999999999999997,0.7799272488431018,0.24999999999999994,0.0,0.0,1.0,0.0,0.0,0.2,0,5,0.0,0.0,1.1102230246251565e-16,0.0,0.0,0.0,0.0,1.0,0.0,0.0,core,medium_shelf_life,high_inventory,uniform,medium_margin,moderate_disposal_cost,recovered_demand,recovered_target_response
core_012,always_20pct,recovered_calibration,financial,0.1,5,3.1197089953724078,0.25,0.7799272488431019,0.25,0.0,0.0,0.9999999999999999,0.0,0.0,0.2,0,5,0.0,4.440892098500626e-16,0.0,0.0,0.0,0.0,0.0,1.0,0.0,0.0,core,medium_shelf_life,high_inventory,uniform,medium_margin,moderate_disposal_cost,recovered_demand,recovered_target_response
core_012,always_20pct,recovered_calibration,financial,0.1,6,3.1197089953724078,0.24999999999999997,0.7799272488431018,0.25,0.0,0.0,1.0,0.0,0.0,0.2,0,5,0.0,0.0,0.0,0.0,0.0,0.0,0.0,1.0,0.0,0.0,core,medium_shelf_life,high_inventory,uniform,medium_margin,moderate_disposal_cost,recovered_demand,recovered_target_response
core_012,always_20pct,recovered_calibration,financial,0.1,7,3.1197089953724078,0.24999999999999992,0.7799272488431017,0.24999999999999994,0.0,0.0,1.0,0.0,0.0,0.2,0,5,0.0,0.0,0.0,0.0,0.0,0.0,0.0,1.0,0.0,0.0,core,medium_shelf_life,high_inventory,uniform,medium_margin,moderate_disposal_cost,recovered_demand,recovered_target_response
core_012,always_40pct,recovered_calibration,financial,0.1,0,3.1197089953724078,0.04999999999999989,0.15598544976862005,0.04999999999999988,0.0,0.0,1.0,0.0,0.0,0.4,0,2,0.0,0.0,0.0,0.0,0.0,0.0,0.0,0.0,0.0,1.0,core,medium_shelf_life,high_inventory,uniform,medium_margin,moderate_disposal_cost,recovered_demand,recovered_target_response
core_012,always_40pct,recovered_calibration,financial,0.1,1,3.1197089953724078,0.04999999999999988,0.15598544976862,0.049999999999999906,0.0,0.0,1.0,0.0,0.0,0.4,0,4,0.0,0.0,0.0,0.0,0.0,0.0,0.0,0.0,0.0,1.0,core,medium_shelf_life,high_inventory,uniform,medium_margin,moderate_disposal_cost,recovered_demand,recovered_target_response
core_012,always_40pct,recovered_calibration,financial,0.1,2,3.1197089953724078,0.04999999999999991,0.1559854497686201,0.049999999999999906,0.0,0.0,1.0,0.0,0.0,0.4,0,4,0.0,0.0,0.0,0.0,0.0,0.0,0.0,0.0,0.0,1.0,core,medium_shelf_life,high_inventory,uniform,medium_margin,moderate_disposal_cost,recovered_demand,recovered_target_response
core_012,always_40pct,recovered_calibration,financial,0.1,3,3.1197089953724078,0.04999999999999991,0.1559854497686201,0.04999999999999993,0.0,0.0,1.0,0.0,0.0,0.4,0,4,0.0,0.0,0.0,0.0,0.0,0.0,0.0,0.0,0.0,1.0,core,medium_shelf_life,high_inventory,uniform,medium_margin,moderate_disposal_cost,recovered_demand,recovered_target_response
core_012,always_40pct,recovered_calibration,financial,0.1,4,3.1197089953724078,0.04999999999999992,0.15598544976862014,0.04999999999999989,0.0,0.0,1.0,0.0,0.0,0.4,0,4,0.0,0.0,0.0,0.0,0.0,0.0,0.0,0.0,0.0,1.0,core,medium_shelf_life,high_inventory,uniform,medium_margin,moderate_disposal_cost,recovered_demand,recovered_target_response
core_012,always_40pct,recovered_calibration,financial,0.1,5,3.1197089953724078,0.049999999999999885,0.15598544976862003,0.049999999999999864,0.0,0.0,1.0,0.0,0.0,0.4,0,4,0.0,0.0,0.0,0.0,0.0,0.0,0.0,0.0,0.0,1.0,core,medium_shelf_life,high_inventory,uniform,medium_margin,moderate_disposal_cost,recovered_demand,recovered_target_response
core_012,always_40pct,recovered_calibration,financial,0.1,6,3.1197089953724078,0.04999999999999995,0.15598544976862022,0.04999999999999995,0.0,0.0,1.0,0.0,0.0,0.4,0,4,0.0,0.0,0.0,0.0,0.0,0.0,0.0,0.0,0.0,1.0,core,medium_shelf_life,high_inventory,uniform,medium_margin,moderate_disposal_cost,recovered_demand,recovered_target_response
core_012,always_40pct,recovered_calibration,financial,0.1,7,3.1197089953724078,0.04999999999999988,0.15598544976862,0.04999999999999989,0.0,0.0,1.0,0.0,0.0,0.4,0,4,0.0,0.0,5.551115123125783e-17,0.0,0.0,0.0,0.0,0.0,0.0,1.0,core,medium_shelf_life,high_inventory,uniform,medium_margin,moderate_disposal_cost,recovered_demand,recovered_target_response
core_012,expiry_threshold_rule,recovered_calibration,financial,0.1,0,3.1197089953724078,0.33964474468586875,1.0595927652274695,0.33964474468586875,0.0,0.0,1.0,0.0,0.0,0.2,0,3,0.0,0.0,0.0,0.6365141682948128,0.6666666666666666,0.0,0.0,0.3333333333333333,0.0,0.0,core,medium_shelf_life,high_inventory,uniform,medium_margin,moderate_disposal_cost,recovered_demand,recovered_target_response
core_012,expiry_threshold_rule,recovered_calibration,financial,0.1,1,3.1197089953724078,0.18527268119034407,0.5779968501062807,0.18527268119034404,0.0,0.0,1.0,0.0,0.0,0.4,0,6,0.0,0.0,0.0,0.6365141682948128,0.0,0.0,0.0,0.6666666666666666,0.0,0.3333333333333333,core,medium_shelf_life,high_inventory,uniform,medium_margin,moderate_disposal_cost,recovered_demand,recovered_target_response
core_012,expiry_threshold_rule,recovered_calibration,financial,0.1,2,3.1197089953724078,0.18995328555665925,0.5925989736516535,0.18995328555665927,0.0,0.0,1.0,0.0,0.0,0.4,0,5,0.0,0.0,0.0,0.5004024235381879,0.0,0.0,0.0,0.8,0.0,0.2,core,medium_shelf_life,high_inventory,uniform,medium_margin,moderate_disposal_cost,recovered_demand,recovered_target_response
core_012,expiry_threshold_rule,recovered_calibration,financial,0.1,3,3.1197089953724078,0.24999999999999997,0.7799272488431018,0.24999999999999994,0.0,0.0,1.0,0.0,0.0,0.2,0,5,0.0,0.0,1.1102230246251565e-16,0.0,0.0,0.0,0.0,1.0,0.0,0.0,core,medium_shelf_life,high_inventory,uniform,medium_margin,moderate_disposal_cost,recovered_demand,recovered_target_response
core_012,expiry_threshold_rule,recovered_calibration,financial,0.1,4,3.1197089953724078,0.2779221578432363,0.8670362558368545,0.27792215784323626,0.0,0.0,1.0,0.0,0.0,0.2,0,5,0.0,0.0,0.0,0.5004024235381879,0.2,0.0,0.0,0.8,0.0,0.0,core,medium_shelf_life,high_inventory,uniform,medium_margin,moderate_disposal_cost,recovered_demand,recovered_target_response
core_012,expiry_threshold_rule,recovered_calibration,financial,0.1,5,3.1197089953724078,0.3377845863953189,1.0537896126756245,0.33778458639531883,0.0,0.0,1.0,0.0,0.0,0.2,0,5,0.0,0.0,0.0,1.0549201679861442,0.4,0.0,0.2,0.4,0.0,0.0,core,medium_shelf_life,high_inventory,uniform,medium_margin,moderate_disposal_cost,recovered_demand,recovered_target_response
core_012,expiry_threshold_rule,recovered_calibration,financial,0.1,6,3.1197089953724078,0.356389429624151,1.1118313094541055,0.356389429624151,0.0,0.0,1.0,0.0,0.0,0.2,0,5,0.0,0.0,0.0,1.0549201679861442,0.4,0.0,0.4,0.2,0.0,0.0,core,medium_shelf_life,high_inventory,uniform,medium_margin,moderate_disposal_cost,recovered_demand,recovered_target_response
core_012,expiry_threshold_rule,recovered_calibration,financial,0.1,7,3.1197089953724078,0.32385583836608856,1.010335972154559,0.32385583836608856,0.0,0.0,1.0,0.0,0.0,0.2,0,5,0.0,0.0,0.0,0.5004024235381879,0.0,0.0,0.8,0.2,0.0,0.0,core,medium_shelf_life,high_inventory,uniform,medium_margin,moderate_disposal_cost,recovered_demand,recovered_target_response
core_012,inventory_coverage_rule,recovered_calibration,financial,0.1,0,3.1197089953724078,0.23724465334855416,0.740134279155493,0.23724465334855413,0.0,0.0,1.0,0.0,0.0,0.3,0,3,0.0,0.0,0.0,1.0986122886681096,0.3333333333333333,0.0,0.3333333333333333,0.0,0.3333333333333333,0.0,core,medium_shelf_life,high_inventory,uniform,medium_margin,moderate_disposal_cost,recovered_demand,recovered_target_response
core_012,inventory_coverage_rule,recovered_calibration,financial,0.1,1,3.1197089953724078,0.18254830441890804,0.569497587385648,0.18254830441890807,0.0,0.0,1.0,0.0,0.0,0.3,0,5,0.0,0.0,0.0,0.5004024235381879,0.0,0.0,0.2,0.0,0.8,0.0,core,medium_shelf_life,high_inventory,uniform,medium_margin,moderate_disposal_cost,recovered_demand,recovered_target_response
core_012,inventory_coverage_rule,recovered_calibration,financial,0.1,2,3.1197089953724078,0.1932045216980698,0.6027418842880918,0.19320452169806981,0.0,0.0,1.0,0.0,0.0,0.3,0,5,0.0,0.0,0.0,0.5004024235381879,0.2,0.0,0.0,0.0,0.8,0.0,core,medium_shelf_life,high_inventory,uniform,medium_margin,moderate_disposal_cost,recovered_demand,recovered_target_response
core_012,inventory_coverage_rule,recovered_calibration,financial,0.1,3,3.1197089953724078,0.17572411866531681,0.5482081137040773,0.17572411866531687,0.0,0.0,1.0,0.0,0.0,0.3,0,5,0.0,0.0,0.0,0.5004024235381879,0.2,0.0,0.0,0.0,0.8,0.0,core,medium_shelf_life,high_inventory,uniform,medium_margin,moderate_disposal_cost,recovered_demand,recovered_target_response
core_012,inventory_coverage_rule,recovered_calibration,financial,0.1,4,3.1197089953724078,0.15314175192503046,0.4777577010476073,0.15314175192503046,0.0,0.0,1.0,0.0,0.0,0.3,0,5,0.0,0.0,5.551115123125783e-17,0.5004024235381879,0.2,0.0,0.0,0.0,0.8,0.0,core,medium_shelf_life,high_inventory,uniform,medium_margin,moderate_disposal_cost,recovered_demand,recovered_target_response
core_012,inventory_coverage_rule,recovered_calibration,financial,0.1,5,3.1197089953724078,0.1988581354702359,0.6203795140294798,0.1988581354702359,0.0,0.0,1.0,0.0,0.0,0.3,0,5,0.0,0.0,0.0,0.9502705392332347,0.2,0.0,0.2,0.0,0.6,0.0,core,medium_shelf_life,high_inventory,uniform,medium_margin,moderate_disposal_cost,recovered_demand,recovered_target_response
core_012,inventory_coverage_rule,recovered_calibration,financial,0.1,6,3.1197089953724078,0.1789668543609384,0.5583245054233231,0.1789668543609384,0.0,0.0,1.0,0.0,0.0,0.3,0,5,0.0,0.0,0.0,0.9502705392332347,0.2,0.0,0.0,0.2,0.6,0.0,core,medium_shelf_life,high_inventory,uniform,medium_margin,moderate_disposal_cost,recovered_demand,recovered_target_response
core_012,inventory_coverage_rule,recovered_calibration,financial,0.1,7,3.1197089953724078,0.18830292399098467,0.5874503258296017,0.18830292399098467,0.0,0.0,1.0,0.0,0.0,0.3,0,5,0.0,0.0,1.1102230246251565e-16,0.9502705392332347,0.2,0.0,0.0,0.2,0.6,0.0,core,medium_shelf_life,high_inventory,uniform,medium_margin,moderate_disposal_cost,recovered_demand,recovered_target_response
core_013,always_0pct,recovered_calibration,financial,0.1,0,0.7799272488431019,0.44999999999999996,0.3509672619793958,0.44999999999999996,0.0,0.0,1.0,0.0,0.0,0.0,-1,1,0.0,0.0,0.0,0.0,1.0,0.0,0.0,0.0,0.0,0.0,core,long_shelf_life,lean_inventory,uniform,medium_margin,moderate_disposal_cost,observed_sales_demand,observed_target_response
core_013,always_0pct,recovered_calibration,financial,0.1,1,0.7799272488431019,0.44999999999999996,0.3509672619793958,0.4499999999999999,0.0,0.0,1.0,0.0,0.0,0.0,-1,2,0.0,0.0,0.0,0.0,1.0,0.0,0.0,0.0,0.0,0.0,core,long_shelf_life,lean_inventory,uniform,medium_margin,moderate_disposal_cost,observed_sales_demand,observed_target_response
core_013,always_0pct,recovered_calibration,financial,0.1,2,0.7799272488431019,0.44999999999999996,0.3509672619793958,0.4499999999999999,0.0,0.0,1.0,0.0,0.0,0.0,-1,2,0.0,0.0,0.0,0.0,1.0,0.0,0.0,0.0,0.0,0.0,core,long_shelf_life,lean_inventory,uniform,medium_margin,moderate_disposal_cost,observed_sales_demand,observed_target_response
core_013,always_0pct,recovered_calibration,financial,0.1,3,0.7799272488431019,0.44999999999999996,0.3509672619793958,0.44999999999999996,0.0,0.0,1.0,0.0,0.0,0.0,-1,2,0.0,0.0,0.0,0.0,1.0,0.0,0.0,0.0,0.0,0.0,core,long_shelf_life,lean_inventory,uniform,medium_margin,moderate_disposal_cost,observed_sales_demand,observed_target_response
core_013,always_0pct,recovered_calibration,financial,0.1,4,0.7799272488431019,0.44999999999999996,0.3509672619793958,0.4499999999999999,0.0,0.0,1.0,0.0,0.0,0.0,-1,2,0.0,0.0,0.0,0.0,1.0,0.0,0.0,0.0,0.0,0.0,core,long_shelf_life,lean_inventory,uniform,medium_margin,moderate_disposal_cost,observed_sales_demand,observed_target_response
core_013,always_0pct,recovered_calibration,financial,0.1,5,0.7799272488431019,0.44999999999999996,0.3509672619793958,0.44999999999999996,0.0,0.0,1.0,0.0,0.0,0.0,-1,2,0.0,0.0,0.0,0.0,1.0,0.0,0.0,0.0,0.0,0.0,core,long_shelf_life,lean_inventory,uniform,medium_margin,moderate_disposal_cost,observed_sales_demand,observed_target_response
core_013,always_0pct,recovered_calibration,financial,0.1,6,0.8185466549851256,0.44999999999999996,0.3683459947433065,0.44999999999999996,0.0,0.0,1.0,0.0,0.0,0.0,-1,1,0.0,0.0,0.0,0.0,1.0,0.0,0.0,0.0,0.0,0.0,core,long_shelf_life,lean_inventory,uniform,medium_margin,moderate_disposal_cost,observed_sales_demand,observed_target_response
core_013,always_0pct,recovered_calibration,financial,0.1,7,0.8185466549851256,0.4499999999999999,0.3683459947433064,0.4499999999999999,0.0,0.0,0.9999999999999999,0.0,0.0,0.0,-1,2,0.0,1.1102230246251565e-16,0.0,0.0,1.0,0.0,0.0,0.0,0.0,0.0,core,long_shelf_life,lean_inventory,uniform,medium_margin,moderate_disposal_cost,observed_sales_demand,observed_target_response
core_013,always_5pct,recovered_calibration,financial,0.1,0,0.7799272488431019,0.3999999999999999,0.3119708995372407,0.3999999999999999,0.0,0.0,1.0,0.0,0.0,0.05,0,1,0.0,0.0,0.0,0.0,0.0,1.0,0.0,0.0,0.0,0.0,core,long_shelf_life,lean_inventory,uniform,medium_margin,moderate_disposal_cost,observed_sales_demand,observed_target_response
core_013,always_5pct,recovered_calibration,financial,0.1,1,0.7799272488431019,0.39999999999999986,0.31197089953724066,0.39999999999999986,0.0,0.0,1.0,0.0,0.0,0.05,0,2,0.0,0.0,0.0,0.0,0.0,1.0,0.0,0.0,0.0,0.0,core,long_shelf_life,lean_inventory,uniform,medium_margin,moderate_disposal_cost,observed_sales_demand,observed_target_response
core_013,always_5pct,recovered_calibration,financial,0.1,2,0.7799272488431019,0.3999999999999999,0.3119708995372407,0.3999999999999999,0.0,0.0,1.0,0.0,0.0,0.05,0,2,0.0,0.0,0.0,0.0,0.0,1.0,0.0,0.0,0.0,0.0,core,long_shelf_life,lean_inventory,uniform,medium_margin,moderate_disposal_cost,observed_sales_demand,observed_target_response
core_013,always_5pct,recovered_calibration,financial,0.1,3,0.7799272488431019,0.3999999999999999,0.3119708995372407,0.3999999999999999,0.0,0.0,1.0,0.0,0.0,0.05,0,2,0.0,0.0,0.0,0.0,0.0,1.0,0.0,0.0,0.0,0.0,core,long_shelf_life,lean_inventory,uniform,medium_margin,moderate_disposal_cost,observed_sales_demand,observed_target_response
core_013,always_5pct,recovered_calibration,financial,0.1,4,0.7799272488431019,0.39999999999999986,0.31197089953724066,0.39999999999999986,0.0,0.0,1.0,0.0,0.0,0.05,0,2,0.0,0.0,0.0,0.0,0.0,1.0,0.0,0.0,0.0,0.0,core,long_shelf_life,lean_inventory,uniform,medium_margin,moderate_disposal_cost,observed_sales_demand,observed_target_response
core_013,always_5pct,recovered_calibration,financial,0.1,5,0.7799272488431019,0.39999999999999986,0.31197089953724066,0.39999999999999986,0.0,0.0,1.0,0.0,0.0,0.05,0,2,0.0,0.0,0.0,0.0,0.0,1.0,0.0,0.0,0.0,0.0,core,long_shelf_life,lean_inventory,uniform,medium_margin,moderate_disposal_cost,observed_sales_demand,observed_target_response
core_013,always_5pct,recovered_calibration,financial,0.1,6,0.8185466549851256,0.3999999999999999,0.3274186619940502,0.3999999999999999,0.0,0.0,1.0,0.0,0.0,0.05,0,1,0.0,0.0,0.0,0.0,0.0,1.0,0.0,0.0,0.0,0.0,core,long_shelf_life,lean_inventory,uniform,medium_margin,moderate_disposal_cost,observed_sales_demand,observed_target_response
core_013,always_5pct,recovered_calibration,financial,0.1,7,0.8185466549851256,0.3999999999999998,0.32741866199405006,0.3999999999999998,0.0,0.0,1.0,0.0,0.0,0.05,0,2,0.0,0.0,0.0,0.0,0.0,1.0,0.0,0.0,0.0,0.0,core,long_shelf_life,lean_inventory,uniform,medium_margin,moderate_disposal_cost,observed_sales_demand,observed_target_response
core_013,always_10pct,recovered_calibration,financial,0.1,0,0.7799272488431019,0.3499999999999999,0.2729745370950856,0.3499999999999999,0.0,0.0,1.0,0.0,0.0,0.1,0,1,0.0,0.0,0.0,0.0,0.0,0.0,1.0,0.0,0.0,0.0,core,long_shelf_life,lean_inventory,uniform,medium_margin,moderate_disposal_cost,observed_sales_demand,observed_target_response
core_013,always_10pct,recovered_calibration,financial,0.1,1,0.7799272488431019,0.3499999999999999,0.2729745370950856,0.3499999999999999,0.0,0.0,1.0,0.0,0.0,0.1,0,2,0.0,0.0,0.0,0.0,0.0,0.0,1.0,0.0,0.0,0.0,core,long_shelf_life,lean_inventory,uniform,medium_margin,moderate_disposal_cost,observed_sales_demand,observed_target_response
core_013,always_10pct,recovered_calibration,financial,0.1,2,0.7799272488431019,0.35,0.2729745370950857,0.35000000000000003,0.0,0.0,1.0,0.0,0.0,0.1,0,2,0.0,0.0,0.0,0.0,0.0,0.0,1.0,0.0,0.0,0.0,core,long_shelf_life,lean_inventory,uniform,medium_margin,moderate_disposal_cost,observed_sales_demand,observed_target_response
core_013,always_10pct,recovered_calibration,financial,0.1,3,0.7799272488431019,0.3499999999999999,0.2729745370950856,0.3499999999999999,0.0,0.0,1.0,0.0,0.0,0.1,0,2,0.0,0.0,0.0,0.0,0.0,0.0,1.0,0.0,0.0,0.0,core,long_shelf_life,lean_inventory,uniform,medium_margin,moderate_disposal_cost,observed_sales_demand,observed_target_response
core_013,always_10pct,recovered_calibration,financial,0.1,4,0.7799272488431019,0.35,0.2729745370950857,0.35,0.0,0.0,1.0,0.0,0.0,0.1,0,2,0.0,0.0,0.0,0.0,0.0,0.0,1.0,0.0,0.0,0.0,core,long_shelf_life,lean_inventory,uniform,medium_margin,moderate_disposal_cost,observed_sales_demand,observed_target_response
core_013,always_10pct,recovered_calibration,financial,0.1,5,0.7799272488431019,0.35,0.2729745370950857,0.3499999999999999,0.0,0.0,1.0,0.0,0.0,0.1,0,2,0.0,0.0,0.0,0.0,0.0,0.0,1.0,0.0,0.0,0.0,core,long_shelf_life,lean_inventory,uniform,medium_margin,moderate_disposal_cost,observed_sales_demand,observed_target_response
core_013,always_10pct,recovered_calibration,financial,0.1,6,0.8185466549851256,0.35000000000000003,0.286491329244794,0.35000000000000003,0.0,0.0,1.0,0.0,0.0,0.1,0,1,0.0,0.0,0.0,0.0,0.0,0.0,1.0,0.0,0.0,0.0,core,long_shelf_life,lean_inventory,uniform,medium_margin,moderate_disposal_cost,observed_sales_demand,observed_target_response
core_013,always_10pct,recovered_calibration,financial,0.1,7,0.8185466549851256,0.3499999999999999,0.28649132924479387,0.3499999999999999,0.0,0.0,1.0,0.0,0.0,0.1,0,2,0.0,0.0,0.0,0.0,0.0,0.0,1.0,0.0,0.0,0.0,core,long_shelf_life,lean_inventory,uniform,medium_margin,moderate_disposal_cost,observed_sales_demand,observed_target_response
core_013,always_20pct,recovered_calibration,financial,0.1,0,0.7799272488431019,0.24999999999999992,0.19498181221077543,0.24999999999999992,0.0,0.0,1.0,0.0,0.0,0.2,0,1,0.0,0.0,0.0,0.0,0.0,0.0,0.0,1.0,0.0,0.0,core,long_shelf_life,lean_inventory,uniform,medium_margin,moderate_disposal_cost,observed_sales_demand,observed_target_response
core_013,always_20pct,recovered_calibration,financial,0.1,1,0.7799272488431019,0.24999999999999992,0.19498181221077543,0.2499999999999999,0.0,0.0,1.0,0.0,0.0,0.2,0,2,0.0,0.0,0.0,0.0,0.0,0.0,0.0,1.0,0.0,0.0,core,long_shelf_life,lean_inventory,uniform,medium_margin,moderate_disposal_cost,observed_sales_demand,observed_target_response
core_013,always_20pct,recovered_calibration,financial,0.1,2,0.7799272488431019,0.24999999999999997,0.19498181221077546,0.24999999999999994,0.0,0.0,1.0,0.0,0.0,0.2,0,2,0.0,0.0,0.0,0.0,0.0,0.0,0.0,1.0,0.0,0.0,core,long_shelf_life,lean_inventory,uniform,medium_margin,moderate_disposal_cost,observed_sales_demand,observed_target_response
core_013,always_20pct,recovered_calibration,financial,0.1,3,0.7799272488431019,0.25,0.19498181221077548,0.25,0.0,0.0,1.0,0.0,0.0,0.2,0,2,0.0,0.0,0.0,0.0,0.0,0.0,0.0,1.0,0.0,0.0,core,long_shelf_life,lean_inventory,uniform,medium_margin,moderate_disposal_cost,observed_sales_demand,observed_target_response
core_013,always_20pct,recovered_calibration,financial,0.1,4,0.7799272488431019,0.24999999999999997,0.19498181221077546,0.24999999999999997,0.0,0.0,1.0,0.0,0.0,0.2,0,2,0.0,0.0,0.0,0.0,0.0,0.0,0.0,1.0,0.0,0.0,core,long_shelf_life,lean_inventory,uniform,medium_margin,moderate_disposal_cost,observed_sales_demand,observed_target_response
core_013,always_20pct,recovered_calibration,financial,0.1,5,0.7799272488431019,0.25,0.19498181221077548,0.25,0.0,0.0,1.0,0.0,0.0,0.2,0,2,0.0,0.0,0.0,0.0,0.0,0.0,0.0,1.0,0.0,0.0,core,long_shelf_life,lean_inventory,uniform,medium_margin,moderate_disposal_cost,observed_sales_demand,observed_target_response
core_013,always_20pct,recovered_calibration,financial,0.1,6,0.8185466549851256,0.24999999999999997,0.20463666374628137,0.24999999999999997,0.0,0.0,1.0,0.0,0.0,0.2,0,1,0.0,0.0,0.0,0.0,0.0,0.0,0.0,1.0,0.0,0.0,core,long_shelf_life,lean_inventory,uniform,medium_margin,moderate_disposal_cost,observed_sales_demand,observed_target_response
core_013,always_20pct,recovered_calibration,financial,0.1,7,0.8185466549851256,0.24999999999999997,0.20463666374628137,0.24999999999999997,0.0,0.0,1.0,0.0,0.0,0.2,0,1,0.0,0.0,0.0,0.0,0.0,0.0,0.0,1.0,0.0,0.0,core,long_shelf_life,lean_inventory,uniform,medium_margin,moderate_disposal_cost,observed_sales_demand,observed_target_response
core_013,always_40pct,recovered_calibration,financial,0.1,0,0.7799272488431019,0.049999999999999926,0.03899636244215504,0.049999999999999926,0.0,0.0,1.0,0.0,0.0,0.4,0,1,0.0,0.0,0.0,0.0,0.0,0.0,0.0,0.0,0.0,1.0,core,long_shelf_life,lean_inventory,uniform,medium_margin,moderate_disposal_cost,observed_sales_demand,observed_target_response
core_013,always_40pct,recovered_calibration,financial,0.1,1,0.7799272488431019,0.049999999999999926,0.03899636244215504,0.049999999999999926,0.0,0.0,1.0,0.0,0.0,0.4,0,1,0.0,0.0,0.0,0.0,0.0,0.0,0.0,0.0,0.0,1.0,core,long_shelf_life,lean_inventory,uniform,medium_margin,moderate_disposal_cost,observed_sales_demand,observed_target_response
core_013,always_40pct,recovered_calibration,financial,0.1,2,0.7799272488431019,0.049999999999999926,0.03899636244215504,0.049999999999999926,0.0,0.0,1.0,0.0,0.0,0.4,0,1,0.0,0.0,0.0,0.0,0.0,0.0,0.0,0.0,0.0,1.0,core,long_shelf_life,lean_inventory,uniform,medium_margin,moderate_disposal_cost,observed_sales_demand,observed_target_response
core_013,always_40pct,recovered_calibration,financial,0.1,3,0.7799272488431019,0.049999999999999926,0.03899636244215504,0.049999999999999926,0.0,0.0,1.0,0.0,0.0,0.4,0,1,0.0,0.0,0.0,0.0,0.0,0.0,0.0,0.0,0.0,1.0,core,long_shelf_life,lean_inventory,uniform,medium_margin,moderate_disposal_cost,observed_sales_demand,observed_target_response
core_013,always_40pct,recovered_calibration,financial,0.1,4,0.7799272488431019,0.049999999999999926,0.03899636244215504,0.049999999999999926,0.0,0.0,1.0,0.0,0.0,0.4,0,1,0.0,0.0,0.0,0.0,0.0,0.0,0.0,0.0,0.0,1.0,core,long_shelf_life,lean_inventory,uniform,medium_margin,moderate_disposal_cost,observed_sales_demand,observed_target_response
core_013,always_40pct,recovered_calibration,financial,0.1,5,0.7799272488431019,0.049999999999999926,0.03899636244215504,0.049999999999999926,0.0,0.0,1.0,0.0,0.0,0.4,0,1,0.0,0.0,0.0,0.0,0.0,0.0,0.0,0.0,0.0,1.0,core,long_shelf_life,lean_inventory,uniform,medium_margin,moderate_disposal_cost,observed_sales_demand,observed_target_response
core_013,always_40pct,recovered_calibration,financial,0.1,6,0.8185466549851256,0.04999999999999997,0.04092733274925625,0.04999999999999997,0.0,0.0,1.0,0.0,0.0,0.4,0,1,0.0,0.0,0.0,0.0,0.0,0.0,0.0,0.0,0.0,1.0,core,long_shelf_life,lean_inventory,uniform,medium_margin,moderate_disposal_cost,observed_sales_demand,observed_target_response
core_013,always_40pct,recovered_calibration,financial,0.1,7,0.8185466549851256,0.04999999999999997,0.04092733274925625,0.04999999999999997,0.0,0.0,1.0,0.0,0.0,0.4,0,1,0.0,0.0,0.0,0.0,0.0,0.0,0.0,0.0,0.0,1.0,core,long_shelf_life,lean_inventory,uniform,medium_margin,moderate_disposal_cost,observed_sales_demand,observed_target_response
core_013,expiry_threshold_rule,recovered_calibration,financial,0.1,0,0.7799272488431019,0.3499999999999999,0.2729745370950856,0.3499999999999999,0.0,0.0,1.0,0.0,0.0,0.1,0,1,0.0,0.0,0.0,0.0,0.0,0.0,1.0,0.0,0.0,0.0,core,long_shelf_life,lean_inventory,uniform,medium_margin,moderate_disposal_cost,observed_sales_demand,observed_target_response
core_013,expiry_threshold_rule,recovered_calibration,financial,0.1,1,0.7799272488431019,0.39428012620436975,0.3075098141040851,0.39428012620436975,0.0,0.0,1.0,0.0,0.0,0.1,0,2,0.0,0.0,0.0,0.6931471805599453,0.5,0.0,0.5,0.0,0.0,0.0,core,long_shelf_life,lean_inventory,uniform,medium_margin,moderate_disposal_cost,observed_sales_demand,observed_target_response
core_013,expiry_threshold_rule,recovered_calibration,financial,0.1,2,0.7799272488431019,0.39087757547080765,0.30485607207140897,0.3908775754708077,0.0,0.0,1.0,0.0,0.0,0.1,0,2,0.0,0.0,0.0,0.6931471805599453,0.5,0.0,0.5,0.0,0.0,0.0,core,long_shelf_life,lean_inventory,uniform,medium_margin,moderate_disposal_cost,observed_sales_demand,observed_target_response
core_013,expiry_threshold_rule,recovered_calibration,financial,0.1,3,0.7799272488431019,0.3914374850088057,0.3052927607769808,0.3914374850088057,0.0,0.0,1.0,0.0,0.0,0.1,0,2,0.0,0.0,0.0,0.6931471805599453,0.5,0.0,0.5,0.0,0.0,0.0,core,long_shelf_life,lean_inventory,uniform,medium_margin,moderate_disposal_cost,observed_sales_demand,observed_target_response
core_013,expiry_threshold_rule,recovered_calibration,financial,0.1,4,0.7799272488431019,0.39017022842028626,0.3043043928323185,0.39017022842028626,0.0,0.0,1.0,0.0,0.0,0.1,0,2,0.0,0.0,0.0,0.6931471805599453,0.5,0.0,0.5,0.0,0.0,0.0,core,long_shelf_life,lean_inventory,uniform,medium_margin,moderate_disposal_cost,observed_sales_demand,observed_target_response
core_013,expiry_threshold_rule,recovered_calibration,financial,0.1,5,0.7799272488431019,0.3842519024994782,0.2996885291791459,0.3842519024994782,0.0,0.0,1.0,0.0,0.0,0.1,0,2,0.0,0.0,0.0,0.6931471805599453,0.5,0.0,0.5,0.0,0.0,0.0,core,long_shelf_life,lean_inventory,uniform,medium_margin,moderate_disposal_cost,observed_sales_demand,observed_target_response
core_013,expiry_threshold_rule,recovered_calibration,financial,0.1,6,0.8185466549851256,0.35000000000000003,0.286491329244794,0.35000000000000003,0.0,0.0,1.0,0.0,0.0,0.1,0,1,0.0,0.0,0.0,0.0,0.0,0.0,1.0,0.0,0.0,0.0,core,long_shelf_life,lean_inventory,uniform,medium_margin,moderate_disposal_cost,observed_sales_demand,observed_target_response
core_013,expiry_threshold_rule,recovered_calibration,financial,0.1,7,0.8185466549851256,0.35473529186654035,0.2903673865625288,0.35473529186654035,0.0,0.0,1.0,0.0,0.0,0.1,0,2,0.0,0.0,0.0,0.6931471805599453,0.5,0.0,0.5,0.0,0.0,0.0,core,long_shelf_life,lean_inventory,uniform,medium_margin,moderate_disposal_cost,observed_sales_demand,observed_target_response
core_013,inventory_coverage_rule,recovered_calibration,financial,0.1,0,0.7799272488431019,0.44999999999999996,0.3509672619793958,0.44999999999999996,0.0,0.0,1.0,0.0,0.0,0.0,-1,1,0.0,0.0,0.0,0.0,1.0,0.0,0.0,0.0,0.0,0.0,core,long_shelf_life,lean_inventory,uniform,medium_margin,moderate_disposal_cost,observed_sales_demand,observed_target_response
core_013,inventory_coverage_rule,recovered_calibration,financial,0.1,1,0.7799272488431019,0.20714659443102765,0.1615592735018092,0.20714659443102765,0.0,0.0,1.0,0.0,0.0,0.3,0,2,0.0,0.0,0.0,0.6931471805599453,0.5,0.0,0.0,0.0,0.5,0.0,core,long_shelf_life,lean_inventory,uniform,medium_margin,moderate_disposal_cost,observed_sales_demand,observed_target_response
core_013,inventory_coverage_rule,recovered_calibration,financial,0.1,2,0.7799272488431019,0.19291954297712785,0.15046320840221988,0.19291954297712782,0.0,0.0,1.0,0.0,0.0,0.3,0,2,0.0,0.0,0.0,0.6931471805599453,0.5,0.0,0.0,0.0,0.5,0.0,core,long_shelf_life,lean_inventory,uniform,medium_margin,moderate_disposal_cost,observed_sales_demand,observed_target_response
core_013,inventory_coverage_rule,recovered_calibration,financial,0.1,3,0.7799272488431019,0.1908243043700294,0.14882907471971574,0.1908243043700294,0.0,0.0,1.0,0.0,0.0,0.3,0,2,0.0,0.0,0.0,0.6931471805599453,0.5,0.0,0.0,0.0,0.5,0.0,core,long_shelf_life,lean_inventory,uniform,medium_margin,moderate_disposal_cost,observed_sales_demand,observed_target_response
core_013,inventory_coverage_rule,recovered_calibration,financial,0.1,4,0.7799272488431019,0.19234081351084006,0.15001184152175362,0.19234081351084006,0.0,0.0,1.0,0.0,0.0,0.3,0,2,0.0,0.0,0.0,0.6931471805599453,0.5,0.0,0.0,0.0,0.5,0.0,core,long_shelf_life,lean_inventory,uniform,medium_margin,moderate_disposal_cost,observed_sales_demand,observed_target_response
core_013,inventory_coverage_rule,recovered_calibration,financial,0.1,5,0.7799272488431019,0.18294201966070867,0.14268146609177718,0.18294201966070867,0.0,0.0,1.0,0.0,0.0,0.3,0,2,0.0,0.0,0.0,0.6931471805599453,0.5,0.0,0.0,0.0,0.5,0.0,core,long_shelf_life,lean_inventory,uniform,medium_margin,moderate_disposal_cost,observed_sales_demand,observed_target_response
core_013,inventory_coverage_rule,recovered_calibration,financial,0.1,6,0.8185466549851256,0.44999999999999996,0.3683459947433065,0.44999999999999996,0.0,0.0,1.0,0.0,0.0,0.0,-1,1,0.0,0.0,0.0,0.0,1.0,0.0,0.0,0.0,0.0,0.0,core,long_shelf_life,lean_inventory,uniform,medium_margin,moderate_disposal_cost,observed_sales_demand,observed_target_response
core_013,inventory_coverage_rule,recovered_calibration,financial,0.1,7,0.8185466549851256,0.35473529186654035,0.2903673865625288,0.35473529186654035,0.0,0.0,1.0,0.0,0.0,0.1,0,2,0.0,0.0,0.0,0.6931471805599453,0.5,0.0,0.5,0.0,0.0,0.0,core,long_shelf_life,lean_inventory,uniform,medium_margin,moderate_disposal_cost,observed_sales_demand,observed_target_response
core_014,always_0pct,recovered_calibration,financial,0.1,0,1.5598544976862039,0.44999999999999996,0.7019345239587916,0.44999999999999996,0.0,0.0,1.0,0.0,0.0,0.0,-1,1,0.0,0.0,0.0,0.0,1.0,0.0,0.0,0.0,0.0,0.0,core,long_shelf_life,balanced_inventory,uniform,medium_margin,moderate_disposal_cost,observed_sales_demand,observed_target_response
core_014,always_0pct,recovered_calibration,financial,0.1,1,1.5598544976862039,0.44999999999999996,0.7019345239587916,0.44999999999999996,0.0,0.0,1.0,0.0,0.0,0.0,-1,4,0.0,0.0,0.0,0.0,1.0,0.0,0.0,0.0,0.0,0.0,core,long_shelf_life,balanced_inventory,uniform,medium_margin,moderate_disposal_cost,observed_sales_demand,observed_target_response
core_014,always_0pct,recovered_calibration,financial,0.1,2,1.5598544976862039,0.44999999999999996,0.7019345239587916,0.44999999999999996,0.0,0.0,1.0,0.0,0.0,0.0,-1,4,0.0,0.0,0.0,0.0,1.0,0.0,0.0,0.0,0.0,0.0,core,long_shelf_life,balanced_inventory,uniform,medium_margin,moderate_disposal_cost,observed_sales_demand,observed_target_response
core_014,always_0pct,recovered_calibration,financial,0.1,3,1.5598544976862039,0.44999999999999996,0.7019345239587916,0.44999999999999996,0.0,0.0,1.0,0.0,0.0,0.0,-1,4,0.0,0.0,0.0,0.0,1.0,0.0,0.0,0.0,0.0,0.0,core,long_shelf_life,balanced_inventory,uniform,medium_margin,moderate_disposal_cost,observed_sales_demand,observed_target_response
core_014,always_0pct,recovered_calibration,financial,0.1,4,1.5598544976862039,0.44999999999999984,0.7019345239587915,0.44999999999999984,0.0,0.0,1.0,0.0,0.0,0.0,-1,3,0.0,0.0,0.0,0.0,1.0,0.0,0.0,0.0,0.0,0.0,core,long_shelf_life,balanced_inventory,uniform,medium_margin,moderate_disposal_cost,observed_sales_demand,observed_target_response
core_014,always_0pct,recovered_calibration,financial,0.1,5,1.5598544976862039,0.44999999999999996,0.7019345239587916,0.44999999999999996,0.0,0.0,1.0,0.0,0.0,0.0,-1,3,0.0,0.0,0.0,0.0,1.0,0.0,0.0,0.0,0.0,0.0,core,long_shelf_life,balanced_inventory,uniform,medium_margin,moderate_disposal_cost,observed_sales_demand,observed_target_response
core_014,always_0pct,recovered_calibration,financial,0.1,6,1.6370933099702512,0.44999999999999984,0.7366919894866127,0.44999999999999984,0.0,0.0,0.9999999999999999,0.0,0.0,0.0,-1,2,0.0,2.220446049250313e-16,0.0,0.0,1.0,0.0,0.0,0.0,0.0,0.0,core,long_shelf_life,balanced_inventory,uniform,medium_margin,moderate_disposal_cost,observed_sales_demand,observed_target_response
core_014,always_0pct,recovered_calibration,financial,0.1,7,1.6370933099702512,0.4500000000000001,0.7366919894866132,0.4500000000000001,0.0,0.0,1.0000000000000002,0.0,0.0,0.0,-1,3,0.0,2.220446049250313e-16,0.0,0.0,1.0,0.0,0.0,0.0,0.0,0.0,core,long_shelf_life,balanced_inventory,uniform,medium_margin,moderate_disposal_cost,observed_sales_demand,observed_target_response
core_014,always_5pct,recovered_calibration,financial,0.1,0,1.5598544976862039,0.3999999999999999,0.6239417990744814,0.3999999999999999,0.0,0.0,1.0,0.0,0.0,0.05,0,1,0.0,0.0,0.0,0.0,0.0,1.0,0.0,0.0,0.0,0.0,core,long_shelf_life,balanced_inventory,uniform,medium_margin,moderate_disposal_cost,observed_sales_demand,observed_target_response
core_014,always_5pct,recovered_calibration,financial,0.1,1,1.5598544976862039,0.3999999999999999,0.6239417990744814,0.3999999999999999,0.0,0.0,1.0,0.0,0.0,0.05,0,4,0.0,0.0,0.0,0.0,0.0,1.0,0.0,0.0,0.0,0.0,core,long_shelf_life,balanced_inventory,uniform,medium_margin,moderate_disposal_cost,observed_sales_demand,observed_target_response
core_014,always_5pct,recovered_calibration,financial,0.1,2,1.5598544976862039,0.39999999999999986,0.6239417990744813,0.3999999999999999,0.0,0.0,1.0,0.0,0.0,0.05,0,4,0.0,0.0,1.1102230246251565e-16,0.0,0.0,1.0,0.0,0.0,0.0,0.0,core,long_shelf_life,balanced_inventory,uniform,medium_margin,moderate_disposal_cost,observed_sales_demand,observed_target_response
core_014,always_5pct,recovered_calibration,financial,0.1,3,1.5598544976862039,0.39999999999999986,0.6239417990744813,0.3999999999999999,0.0,0.0,1.0,0.0,0.0,0.05,0,4,0.0,0.0,1.1102230246251565e-16,0.0,0.0,1.0,0.0,0.0,0.0,0.0,core,long_shelf_life,balanced_inventory,uniform,medium_margin,moderate_disposal_cost,observed_sales_demand,observed_target_response
core_014,always_5pct,recovered_calibration,financial,0.1,4,1.5598544976862039,0.39999999999999986,0.6239417990744813,0.39999999999999986,0.0,0.0,1.0,0.0,0.0,0.05,0,3,0.0,0.0,0.0,0.0,0.0,1.0,0.0,0.0,0.0,0.0,core,long_shelf_life,balanced_inventory,uniform,medium_margin,moderate_disposal_cost,observed_sales_demand,observed_target_response
core_014,always_5pct,recovered_calibration,financial,0.1,5,1.5598544976862039,0.39999999999999986,0.6239417990744813,0.39999999999999986,0.0,0.0,1.0,0.0,0.0,0.05,0,3,0.0,0.0,0.0,0.0,0.0,1.0,0.0,0.0,0.0,0.0,core,long_shelf_life,balanced_inventory,uniform,medium_margin,moderate_disposal_cost,observed_sales_demand,observed_target_response
core_014,always_5pct,recovered_calibration,financial,0.1,6,1.6370933099702512,0.3999999999999999,0.6548373239881004,0.3999999999999999,0.0,0.0,1.0,0.0,0.0,0.05,0,1,0.0,0.0,0.0,0.0,0.0,1.0,0.0,0.0,0.0,0.0,core,long_shelf_life,balanced_inventory,uniform,medium_margin,moderate_disposal_cost,observed_sales_demand,observed_target_response
core_014,always_5pct,recovered_calibration,financial,0.1,7,1.6370933099702512,0.4000000000000001,0.6548373239881006,0.4000000000000001,0.0,0.0,1.0000000000000002,0.0,0.0,0.05,0,3,0.0,2.220446049250313e-16,0.0,0.0,0.0,1.0,0.0,0.0,0.0,0.0,core,long_shelf_life,balanced_inventory,uniform,medium_margin,moderate_disposal_cost,observed_sales_demand,observed_target_response
core_014,always_10pct,recovered_calibration,financial,0.1,0,1.5598544976862039,0.3499999999999999,0.5459490741901712,0.3499999999999999,0.0,0.0,1.0,0.0,0.0,0.1,0,1,0.0,0.0,0.0,0.0,0.0,0.0,1.0,0.0,0.0,0.0,core,long_shelf_life,balanced_inventory,uniform,medium_margin,moderate_disposal_cost,observed_sales_demand,observed_target_response
core_014,always_10pct,recovered_calibration,financial,0.1,1,1.5598544976862039,0.3499999999999999,0.5459490741901712,0.3499999999999999,0.0,0.0,1.0,0.0,0.0,0.1,0,4,0.0,0.0,0.0,0.0,0.0,0.0,1.0,0.0,0.0,0.0,core,long_shelf_life,balanced_inventory,uniform,medium_margin,moderate_disposal_cost,observed_sales_demand,observed_target_response
core_014,always_10pct,recovered_calibration,financial,0.1,2,1.5598544976862039,0.35,0.5459490741901714,0.3499999999999999,0.0,0.0,1.0,0.0,0.0,0.1,0,4,0.0,0.0,0.0,0.0,0.0,0.0,1.0,0.0,0.0,0.0,core,long_shelf_life,balanced_inventory,uniform,medium_margin,moderate_disposal_cost,observed_sales_demand,observed_target_response
core_014,always_10pct,recovered_calibration,financial,0.1,3,1.5598544976862039,0.3499999999999999,0.5459490741901712,0.3499999999999999,0.0,0.0,1.0,0.0,0.0,0.1,0,4,0.0,0.0,0.0,0.0,0.0,0.0,1.0,0.0,0.0,0.0,core,long_shelf_life,balanced_inventory,uniform,medium_margin,moderate_disposal_cost,observed_sales_demand,observed_target_response
core_014,always_10pct,recovered_calibration,financial,0.1,4,1.5598544976862039,0.3499999999999999,0.5459490741901712,0.3499999999999999,0.0,0.0,1.0,0.0,0.0,0.1,0,3,0.0,0.0,0.0,0.0,0.0,0.0,1.0,0.0,0.0,0.0,core,long_shelf_life,balanced_inventory,uniform,medium_margin,moderate_disposal_cost,observed_sales_demand,observed_target_response
core_014,always_10pct,recovered_calibration,financial,0.1,5,1.5598544976862039,0.35,0.5459490741901714,0.35000000000000003,0.0,0.0,1.0,0.0,0.0,0.1,0,3,0.0,0.0,0.0,0.0,0.0,0.0,1.0,0.0,0.0,0.0,core,long_shelf_life,balanced_inventory,uniform,medium_margin,moderate_disposal_cost,observed_sales_demand,observed_target_response
core_014,always_10pct,recovered_calibration,financial,0.1,6,1.6370933099702512,0.35000000000000003,0.572982658489588,0.35000000000000003,0.0,0.0,1.0,0.0,0.0,0.1,0,1,0.0,0.0,0.0,0.0,0.0,0.0,1.0,0.0,0.0,0.0,core,long_shelf_life,balanced_inventory,uniform,medium_margin,moderate_disposal_cost,observed_sales_demand,observed_target_response
core_014,always_10pct,recovered_calibration,financial,0.1,7,1.6370933099702512,0.3500000000000001,0.5729826584895881,0.35000000000000014,0.0,0.0,1.0000000000000002,0.0,0.0,0.1,0,3,0.0,2.220446049250313e-16,0.0,0.0,0.0,0.0,1.0,0.0,0.0,0.0,core,long_shelf_life,balanced_inventory,uniform,medium_margin,moderate_disposal_cost,observed_sales_demand,observed_target_response
core_014,always_20pct,recovered_calibration,financial,0.1,0,1.5598544976862039,0.24999999999999992,0.38996362442155086,0.24999999999999992,0.0,0.0,1.0,0.0,0.0,0.2,0,1,0.0,0.0,0.0,0.0,0.0,0.0,0.0,1.0,0.0,0.0,core,long_shelf_life,balanced_inventory,uniform,medium_margin,moderate_disposal_cost,observed_sales_demand,observed_target_response
core_014,always_20pct,recovered_calibration,financial,0.1,1,1.5598544976862039,0.24999999999999997,0.3899636244215509,0.25,0.0,0.0,1.0,0.0,0.0,0.2,0,4,0.0,0.0,0.0,0.0,0.0,0.0,0.0,1.0,0.0,0.0,core,long_shelf_life,balanced_inventory,uniform,medium_margin,moderate_disposal_cost,observed_sales_demand,observed_target_response
core_014,always_20pct,recovered_calibration,financial,0.1,2,1.5598544976862039,0.24999999999999997,0.3899636244215509,0.24999999999999994,0.0,0.0,1.0,0.0,0.0,0.2,0,3,0.0,0.0,0.0,0.0,0.0,0.0,0.0,1.0,0.0,0.0,core,long_shelf_life,balanced_inventory,uniform,medium_margin,moderate_disposal_cost,observed_sales_demand,observed_target_response
core_014,always_20pct,recovered_calibration,financial,0.1,3,1.5598544976862039,0.24999999999999997,0.3899636244215509,0.24999999999999994,0.0,0.0,1.0,0.0,0.0,0.2,0,3,0.0,0.0,0.0,0.0,0.0,0.0,0.0,1.0,0.0,0.0,core,long_shelf_life,balanced_inventory,uniform,medium_margin,moderate_disposal_cost,observed_sales_demand,observed_target_response
core_014,always_20pct,recovered_calibration,financial,0.1,4,1.5598544976862039,0.24999999999999997,0.3899636244215509,0.24999999999999994,0.0,0.0,1.0,0.0,0.0,0.2,0,3,0.0,0.0,0.0,0.0,0.0,0.0,0.0,1.0,0.0,0.0,core,long_shelf_life,balanced_inventory,uniform,medium_margin,moderate_disposal_cost,observed_sales_demand,observed_target_response
core_014,always_20pct,recovered_calibration,financial,0.1,5,1.5598544976862039,0.25,0.38996362442155097,0.25,0.0,0.0,1.0,0.0,0.0,0.2,0,3,0.0,0.0,0.0,0.0,0.0,0.0,0.0,1.0,0.0,0.0,core,long_shelf_life,balanced_inventory,uniform,medium_margin,moderate_disposal_cost,observed_sales_demand,observed_target_response
core_014,always_20pct,recovered_calibration,financial,0.1,6,1.6370933099702512,0.24999999999999997,0.40927332749256273,0.24999999999999997,0.0,0.0,1.0,0.0,0.0,0.2,0,1,0.0,0.0,0.0,0.0,0.0,0.0,0.0,1.0,0.0,0.0,core,long_shelf_life,balanced_inventory,uniform,medium_margin,moderate_disposal_cost,observed_sales_demand,observed_target_response
core_014,always_20pct,recovered_calibration,financial,0.1,7,1.6370933099702512,0.2500000000000001,0.40927332749256295,0.2500000000000001,0.0,0.0,1.0000000000000002,2.7755575615628914e-17,0.0,0.2,0,2,0.0,2.498001805406602e-16,0.0,0.0,0.0,0.0,0.0,1.0,0.0,0.0,core,long_shelf_life,balanced_inventory,uniform,medium_margin,moderate_disposal_cost,observed_sales_demand,observed_target_response
core_014,always_40pct,recovered_calibration,financial,0.1,0,1.5598544976862039,0.049999999999999926,0.07799272488431008,0.049999999999999926,0.0,0.0,1.0,0.0,0.0,0.4,0,1,0.0,0.0,0.0,0.0,0.0,0.0,0.0,0.0,0.0,1.0,core,long_shelf_life,balanced_inventory,uniform,medium_margin,moderate_disposal_cost,observed_sales_demand,observed_target_response
core_014,always_40pct,recovered_calibration,financial,0.1,1,1.5598544976862039,0.049999999999999926,0.07799272488431008,0.049999999999999906,0.0,0.0,1.0,0.0,0.0,0.4,0,2,0.0,0.0,0.0,0.0,0.0,0.0,0.0,0.0,0.0,1.0,core,long_shelf_life,balanced_inventory,uniform,medium_margin,moderate_disposal_cost,observed_sales_demand,observed_target_response
core_014,always_40pct,recovered_calibration,financial,0.1,2,1.5598544976862039,0.04999999999999989,0.07799272488431003,0.04999999999999988,0.0,0.0,1.0,0.0,0.0,0.4,0,2,0.0,0.0,0.0,0.0,0.0,0.0,0.0,0.0,0.0,1.0,core,long_shelf_life,balanced_inventory,uniform,medium_margin,moderate_disposal_cost,observed_sales_demand,observed_target_response
core_014,always_40pct,recovered_calibration,financial,0.1,3,1.5598544976862039,0.04999999999999989,0.07799272488431003,0.049999999999999906,0.0,0.0,1.0,0.0,0.0,0.4,0,2,0.0,0.0,0.0,0.0,0.0,0.0,0.0,0.0,0.0,1.0,core,long_shelf_life,balanced_inventory,uniform,medium_margin,moderate_disposal_cost,observed_sales_demand,observed_target_response
core_014,always_40pct,recovered_calibration,financial,0.1,4,1.5598544976862039,0.049999999999999926,0.07799272488431008,0.04999999999999993,0.0,0.0,1.0,0.0,0.0,0.4,0,2,0.0,0.0,0.0,0.0,0.0,0.0,0.0,0.0,0.0,1.0,core,long_shelf_life,balanced_inventory,uniform,medium_margin,moderate_disposal_cost,observed_sales_demand,observed_target_response
core_014,always_40pct,recovered_calibration,financial,0.1,5,1.5598544976862039,0.04999999999999989,0.07799272488431003,0.049999999999999906,0.0,0.0,1.0,0.0,0.0,0.4,0,2,0.0,0.0,0.0,0.0,0.0,0.0,0.0,0.0,0.0,1.0,core,long_shelf_life,balanced_inventory,uniform,medium_margin,moderate_disposal_cost,observed_sales_demand,observed_target_response
core_014,always_40pct,recovered_calibration,financial,0.1,6,1.6370933099702512,0.04999999999999997,0.0818546654985125,0.04999999999999997,0.0,0.0,1.0,0.0,0.0,0.4,0,1,0.0,0.0,0.0,0.0,0.0,0.0,0.0,0.0,0.0,1.0,core,long_shelf_life,balanced_inventory,uniform,medium_margin,moderate_disposal_cost,observed_sales_demand,observed_target_response
core_014,always_40pct,recovered_calibration,financial,0.1,7,1.6370933099702512,0.050000000000000065,0.08185466549851267,0.05000000000000007,0.0,0.0,1.0000000000000002,2.7755575615628914e-17,0.0,0.4,0,2,0.0,2.498001805406602e-16,0.0,0.0,0.0,0.0,0.0,0.0,0.0,1.0,core,long_shelf_life,balanced_inventory,uniform,medium_margin,moderate_disposal_cost,observed_sales_demand,observed_target_response
core_014,expiry_threshold_rule,recovered_calibration,financial,0.1,0,1.5598544976862039,0.3499999999999999,0.5459490741901712,0.3499999999999999,0.0,0.0,1.0,0.0,0.0,0.1,0,1,0.0,0.0,0.0,0.0,0.0,0.0,1.0,0.0,0.0,0.0,core,long_shelf_life,balanced_inventory,uniform,medium_margin,moderate_disposal_cost,observed_sales_demand,observed_target_response
core_014,expiry_threshold_rule,recovered_calibration,financial,0.1,1,1.5598544976862039,0.4217342275740008,0.6578440317095222,0.4217342275740008,0.0,0.0,1.0,0.0,0.0,0.1,0,4,0.0,0.0,0.0,0.5623351446188083,0.75,0.0,0.25,0.0,0.0,0.0,core,long_shelf_life,balanced_inventory,uniform,medium_margin,moderate_disposal_cost,observed_sales_demand,observed_target_response
core_014,expiry_threshold_rule,recovered_calibration,financial,0.1,2,1.5598544976862039,0.41948676086737424,0.6543383106587908,0.41948676086737424,0.0,0.0,1.0,0.0,0.0,0.1,0,4,0.0,0.0,0.0,0.5623351446188083,0.75,0.0,0.25,0.0,0.0,0.0,core,long_shelf_life,balanced_inventory,uniform,medium_margin,moderate_disposal_cost,observed_sales_demand,observed_target_response
core_014,expiry_threshold_rule,recovered_calibration,financial,0.1,3,1.5598544976862039,0.41922114480242223,0.6539239882452177,0.41922114480242223,0.0,0.0,1.0,0.0,0.0,0.1,0,4,0.0,0.0,0.0,0.5623351446188083,0.75,0.0,0.25,0.0,0.0,0.0,core,long_shelf_life,balanced_inventory,uniform,medium_margin,moderate_disposal_cost,observed_sales_demand,observed_target_response
core_014,expiry_threshold_rule,recovered_calibration,financial,0.1,4,1.5598544976862039,0.41869064708765397,0.6530964889988241,0.41869064708765397,0.0,0.0,1.0,0.0,0.0,0.1,0,3,0.0,0.0,0.0,0.6365141682948128,0.6666666666666666,0.0,0.3333333333333333,0.0,0.0,0.0,core,long_shelf_life,balanced_inventory,uniform,medium_margin,moderate_disposal_cost,observed_sales_demand,observed_target_response
core_014,expiry_threshold_rule,recovered_calibration,financial,0.1,5,1.5598544976862039,0.41625643548170566,0.6492994730769657,0.41625643548170566,0.0,0.0,1.0,0.0,0.0,0.1,0,3,0.0,0.0,0.0,0.6365141682948128,0.6666666666666666,0.0,0.3333333333333333,0.0,0.0,0.0,core,long_shelf_life,balanced_inventory,uniform,medium_margin,moderate_disposal_cost,observed_sales_demand,observed_target_response
core_014,expiry_threshold_rule,recovered_calibration,financial,0.1,6,1.6370933099702512,0.35000000000000003,0.572982658489588,0.35000000000000003,0.0,0.0,1.0,0.0,0.0,0.1,0,1,0.0,0.0,0.0,0.0,0.0,0.0,1.0,0.0,0.0,0.0,core,long_shelf_life,balanced_inventory,uniform,medium_margin,moderate_disposal_cost,observed_sales_demand,observed_target_response
core_014,expiry_threshold_rule,recovered_calibration,financial,0.1,7,1.6370933099702512,0.40205157335206176,0.658195940997674,0.40205157335206176,0.0,0.0,1.0000000000000002,0.0,0.0,0.1,0,3,0.0,2.220446049250313e-16,0.0,0.6365141682948128,0.6666666666666666,0.0,0.3333333333333333,0.0,0.0,0.0,core,long_shelf_life,balanced_inventory,uniform,medium_margin,moderate_disposal_cost,observed_sales_demand,observed_target_response
core_014,inventory_coverage_rule,recovered_calibration,financial,0.1,0,1.5598544976862039,0.24999999999999992,0.38996362442155086,0.24999999999999992,0.0,0.0,1.0,0.0,0.0,0.2,0,1,0.0,0.0,0.0,0.0,0.0,0.0,0.0,1.0,0.0,0.0,core,long_shelf_life,balanced_inventory,uniform,medium_margin,moderate_disposal_cost,observed_sales_demand,observed_target_response
core_014,inventory_coverage_rule,recovered_calibration,financial,0.1,1,1.5598544976862039,0.20089224466443112,0.31336267139009016,0.20089224466443112,0.0,0.0,1.0,0.0,0.0,0.3,0,3,0.0,0.0,0.0,0.6365141682948128,0.3333333333333333,0.0,0.0,0.0,0.6666666666666666,0.0,core,long_shelf_life,balanced_inventory,uniform,medium_margin,moderate_disposal_cost,observed_sales_demand,observed_target_response
core_014,inventory_coverage_rule,recovered_calibration,financial,0.1,2,1.5598544976862039,0.19437828175383443,0.3032018370462348,0.19437828175383443,0.0,0.0,1.0,0.0,0.0,0.3,0,3,0.0,0.0,0.0,0.6365141682948128,0.3333333333333333,0.0,0.0,0.0,0.6666666666666666,0.0,core,long_shelf_life,balanced_inventory,uniform,medium_margin,moderate_disposal_cost,observed_sales_demand,observed_target_response
core_014,inventory_coverage_rule,recovered_calibration,financial,0.1,3,1.5598544976862039,0.1957271718763633,0.305305909370746,0.19572717187636332,0.0,0.0,1.0,0.0,0.0,0.3,0,3,0.0,0.0,0.0,0.6365141682948128,0.3333333333333333,0.0,0.0,0.0,0.6666666666666666,0.0,core,long_shelf_life,balanced_inventory,uniform,medium_margin,moderate_disposal_cost,observed_sales_demand,observed_target_response
core_014,inventory_coverage_rule,recovered_calibration,financial,0.1,4,1.5598544976862039,0.18995530272984845,0.29630263332249857,0.18995530272984845,0.0,0.0,1.0,0.0,0.0,0.3,0,3,0.0,0.0,0.0,0.6365141682948128,0.3333333333333333,0.0,0.0,0.0,0.6666666666666666,0.0,core,long_shelf_life,balanced_inventory,uniform,medium_margin,moderate_disposal_cost,observed_sales_demand,observed_target_response
core_014,inventory_coverage_rule,recovered_calibration,financial,0.1,5,1.5598544976862039,0.15675047620548704,0.24450793532358323,0.15675047620548702,0.0,0.0,1.0,0.0,0.0,0.3,0,3,0.0,0.0,0.0,0.6365141682948128,0.3333333333333333,0.0,0.0,0.0,0.6666666666666666,0.0,core,long_shelf_life,balanced_inventory,uniform,medium_margin,moderate_disposal_cost,observed_sales_demand,observed_target_response
core_014,inventory_coverage_rule,recovered_calibration,financial,0.1,6,1.6370933099702512,0.24999999999999997,0.40927332749256273,0.24999999999999997,0.0,0.0,1.0,0.0,0.0,0.2,0,1,0.0,0.0,0.0,0.0,0.0,0.0,0.0,1.0,0.0,0.0,core,long_shelf_life,balanced_inventory,uniform,medium_margin,moderate_disposal_cost,observed_sales_demand,observed_target_response
core_014,inventory_coverage_rule,recovered_calibration,financial,0.1,7,1.6370933099702512,0.24611838991224447,0.40291876958598516,0.2461183899122445,0.0,0.0,1.0000000000000002,0.0,0.0,0.3,0,3,0.0,2.220446049250313e-16,0.0,1.0986122886681096,0.3333333333333333,0.0,0.3333333333333333,0.0,0.3333333333333333,0.0,core,long_shelf_life,balanced_inventory,uniform,medium_margin,moderate_disposal_cost,observed_sales_demand,observed_target_response
core_015,always_0pct,recovered_calibration,financial,0.1,0,3.1197089953724078,0.44999999999999996,1.4038690479175833,0.4499999999999999,0.0,0.0,1.0,0.0,0.0,0.0,-1,3,0.0,0.0,0.0,0.0,1.0,0.0,0.0,0.0,0.0,0.0,core,long_shelf_life,high_inventory,uniform,medium_margin,moderate_disposal_cost,observed_sales_demand,observed_target_response
core_015,always_0pct,recovered_calibration,financial,0.1,1,3.1197089953724078,0.44999999999999996,1.4038690479175833,0.4499999999999999,0.0,0.0,1.0,0.0,0.0,0.0,-1,7,0.0,0.0,0.0,0.0,1.0,0.0,0.0,0.0,0.0,0.0,core,long_shelf_life,high_inventory,uniform,medium_margin,moderate_disposal_cost,observed_sales_demand,observed_target_response
core_015,always_0pct,recovered_calibration,financial,0.1,2,3.1197089953724078,0.44999999999999996,1.4038690479175833,0.44999999999999996,0.0,0.0,0.9999999999999999,0.0,0.0,0.0,-1,6,0.0,4.440892098500626e-16,0.0,0.0,1.0,0.0,0.0,0.0,0.0,0.0,core,long_shelf_life,high_inventory,uniform,medium_margin,moderate_disposal_cost,observed_sales_demand,observed_target_response
core_015,always_0pct,recovered_calibration,financial,0.1,3,3.1197089953724078,0.45,1.4038690479175835,0.44999999999999996,0.0,0.0,1.0000000000000002,0.0,0.0,0.0,-1,6,0.0,4.440892098500626e-16,2.220446049250313e-16,0.0,1.0,0.0,0.0,0.0,0.0,0.0,core,long_shelf_life,high_inventory,uniform,medium_margin,moderate_disposal_cost,observed_sales_demand,observed_target_response
core_015,always_0pct,recovered_calibration,financial,0.1,4,3.1197089953724078,0.44999999999999984,1.403869047917583,0.44999999999999984,0.0,0.0,1.0000000000000002,0.0,0.0,0.0,-1,6,0.0,4.440892098500626e-16,0.0,0.0,1.0,0.0,0.0,0.0,0.0,0.0,core,long_shelf_life,high_inventory,uniform,medium_margin,moderate_disposal_cost,observed_sales_demand,observed_target_response
core_015,always_0pct,recovered_calibration,financial,0.1,5,3.1197089953724078,0.44999999999999996,1.4038690479175833,0.44999999999999996,0.0,0.0,1.0,0.0,0.0,0.0,-1,5,0.0,0.0,0.0,0.0,1.0,0.0,0.0,0.0,0.0,0.0,core,long_shelf_life,high_inventory,uniform,medium_margin,moderate_disposal_cost,observed_sales_demand,observed_target_response
core_015,always_0pct,recovered_calibration,financial,0.1,6,3.2741866199405023,0.4500000000000001,1.4733839789732264,0.45000000000000007,0.0,0.0,1.0000000000000002,0.0,0.0,0.0,-1,3,0.0,4.440892098500626e-16,0.0,0.0,1.0,0.0,0.0,0.0,0.0,0.0,core,long_shelf_life,high_inventory,uniform,medium_margin,moderate_disposal_cost,observed_sales_demand,observed_target_response
core_015,always_0pct,recovered_calibration,financial,0.1,7,3.2741866199405023,0.44999999999999996,1.473383978973226,0.45,0.0,0.0,1.0,0.0,0.0,0.0,-1,5,0.0,0.0,0.0,0.0,1.0,0.0,0.0,0.0,0.0,0.0,core,long_shelf_life,high_inventory,uniform,medium_margin,moderate_disposal_cost,observed_sales_demand,observed_target_response
core_015,always_5pct,recovered_calibration,financial,0.1,0,3.1197089953724078,0.39999999999999986,1.2478835981489627,0.39999999999999986,0.0,0.0,1.0,0.0,0.0,0.05,0,3,0.0,0.0,0.0,0.0,0.0,1.0,0.0,0.0,0.0,0.0,core,long_shelf_life,high_inventory,uniform,medium_margin,moderate_disposal_cost,observed_sales_demand,observed_target_response
core_015,always_5pct,recovered_calibration,financial,0.1,1,3.1197089953724078,0.39999999999999986,1.2478835981489627,0.3999999999999999,0.0,0.0,1.0,0.0,0.0,0.05,0,6,0.0,0.0,0.0,0.0,0.0,1.0,0.0,0.0,0.0,0.0,core,long_shelf_life,high_inventory,uniform,medium_margin,moderate_disposal_cost,observed_sales_demand,observed_target_response
core_015,always_5pct,recovered_calibration,financial,0.1,2,3.1197089953724078,0.39999999999999986,1.2478835981489627,0.39999999999999986,0.0,0.0,1.0,0.0,0.0,0.05,0,6,0.0,0.0,0.0,0.0,0.0,1.0,0.0,0.0,0.0,0.0,core,long_shelf_life,high_inventory,uniform,medium_margin,moderate_disposal_cost,observed_sales_demand,observed_target_response
core_015,always_5pct,recovered_calibration,financial,0.1,3,3.1197089953724078,0.3999999999999998,1.2478835981489624,0.39999999999999986,0.0,0.0,1.0,0.0,0.0,0.05,0,6,0.0,0.0,2.220446049250313e-16,0.0,0.0,1.0,0.0,0.0,0.0,0.0,core,long_shelf_life,high_inventory,uniform,medium_margin,moderate_disposal_cost,observed_sales_demand,observed_target_response
core_015,always_5pct,recovered_calibration,financial,0.1,4,3.1197089953724078,0.39999999999999986,1.2478835981489627,0.39999999999999986,0.0,0.0,1.0,0.0,0.0,0.05,0,5,0.0,0.0,0.0,0.0,0.0,1.0,0.0,0.0,0.0,0.0,core,long_shelf_life,high_inventory,uniform,medium_margin,moderate_disposal_cost,observed_sales_demand,observed_target_response
core_015,always_5pct,recovered_calibration,financial,0.1,5,3.1197089953724078,0.3999999999999999,1.2478835981489629,0.3999999999999999,0.0,0.0,1.0,0.0,0.0,0.05,0,5,0.0,0.0,0.0,0.0,0.0,1.0,0.0,0.0,0.0,0.0,core,long_shelf_life,high_inventory,uniform,medium_margin,moderate_disposal_cost,observed_sales_demand,observed_target_response
core_015,always_5pct,recovered_calibration,financial,0.1,6,3.2741866199405023,0.4,1.309674647976201,0.4000000000000001,0.0,0.0,1.0000000000000002,0.0,0.0,0.05,0,3,0.0,4.440892098500626e-16,0.0,0.0,0.0,1.0,0.0,0.0,0.0,0.0,core,long_shelf_life,high_inventory,uniform,medium_margin,moderate_disposal_cost,observed_sales_demand,observed_target_response
core_015,always_5pct,recovered_calibration,financial,0.1,7,3.2741866199405023,0.3999999999999999,1.3096746479762007,0.3999999999999999,0.0,0.0,1.0,0.0,0.0,0.05,0,5,0.0,0.0,0.0,0.0,0.0,1.0,0.0,0.0,0.0,0.0,core,long_shelf_life,high_inventory,uniform,medium_margin,moderate_disposal_cost,observed_sales_demand,observed_target_response
core_015,always_10pct,recovered_calibration,financial,0.1,0,3.1197089953724078,0.3499999999999999,1.0918981483803425,0.34999999999999987,0.0,0.0,1.0,0.0,0.0,0.1,0,3,0.0,0.0,0.0,0.0,0.0,0.0,1.0,0.0,0.0,0.0,core,long_shelf_life,high_inventory,uniform,medium_margin,moderate_disposal_cost,observed_sales_demand,observed_target_response
core_015,always_10pct,recovered_calibration,financial,0.1,1,3.1197089953724078,0.3499999999999999,1.0918981483803425,0.35,0.0,0.0,1.0,0.0,0.0,0.1,0,7,0.0,0.0,0.0,0.0,0.0,0.0,1.0,0.0,0.0,0.0,core,long_shelf_life,high_inventory,uniform,medium_margin,moderate_disposal_cost,observed_sales_demand,observed_target_response
core_015,always_10pct,recovered_calibration,financial,0.1,2,3.1197089953724078,0.3499999999999999,1.0918981483803425,0.34999999999999987,0.0,0.0,1.0,0.0,0.0,0.1,0,6,0.0,0.0,0.0,0.0,0.0,0.0,1.0,0.0,0.0,0.0,core,long_shelf_life,high_inventory,uniform,medium_margin,moderate_disposal_cost,observed_sales_demand,observed_target_response
core_015,always_10pct,recovered_calibration,financial,0.1,3,3.1197089953724078,0.35,1.0918981483803427,0.35000000000000003,0.0,0.0,0.9999999999999999,0.0,0.0,0.1,0,6,0.0,4.440892098500626e-16,0.0,0.0,0.0,0.0,1.0,0.0,0.0,0.0,core,long_shelf_life,high_inventory,uniform,medium_margin,moderate_disposal_cost,observed_sales_demand,observed_target_response
core_015,always_10pct,recovered_calibration,financial,0.1,4,3.1197089953724078,0.3499999999999999,1.0918981483803425,0.34999999999999987,0.0,0.0,1.0,0.0,0.0,0.1,0,5,0.0,0.0,0.0,0.0,0.0,0.0,1.0,0.0,0.0,0.0,core,long_shelf_life,high_inventory,uniform,medium_margin,moderate_disposal_cost,observed_sales_demand,observed_target_response
core_015,always_10pct,recovered_calibration,financial,0.1,5,3.1197089953724078,0.3499999999999999,1.0918981483803425,0.3499999999999999,0.0,0.0,1.0,0.0,0.0,0.1,0,5,0.0,0.0,0.0,0.0,0.0,0.0,1.0,0.0,0.0,0.0,core,long_shelf_life,high_inventory,uniform,medium_margin,moderate_disposal_cost,observed_sales_demand,observed_target_response
core_015,always_10pct,recovered_calibration,financial,0.1,6,3.2741866199405023,0.3500000000000001,1.1459653169791761,0.3500000000000001,0.0,0.0,1.0000000000000002,0.0,0.0,0.1,0,3,0.0,4.440892098500626e-16,0.0,0.0,0.0,0.0,1.0,0.0,0.0,0.0,core,long_shelf_life,high_inventory,uniform,medium_margin,moderate_disposal_cost,observed_sales_demand,observed_target_response
core_015,always_10pct,recovered_calibration,financial,0.1,7,3.2741866199405023,0.35000000000000003,1.145965316979176,0.3500000000000001,0.0,0.0,1.0000000000000002,0.0,0.0,0.1,0,5,0.0,4.440892098500626e-16,0.0,0.0,0.0,0.0,1.0,0.0,0.0,0.0,core,long_shelf_life,high_inventory,uniform,medium_margin,moderate_disposal_cost,observed_sales_demand,observed_target_response
core_015,always_20pct,recovered_calibration,financial,0.1,0,3.1197089953724078,0.25,0.7799272488431019,0.25000000000000006,0.0,0.0,1.0,0.0,0.0,0.2,0,3,0.0,0.0,0.0,0.0,0.0,0.0,0.0,1.0,0.0,0.0,core,long_shelf_life,high_inventory,uniform,medium_margin,moderate_disposal_cost,observed_sales_demand,observed_target_response
core_015,always_20pct,recovered_calibration,financial,0.1,1,3.1197089953724078,0.24999999999999997,0.7799272488431018,0.24999999999999994,0.0,0.0,1.0,0.0,0.0,0.2,0,6,0.0,0.0,0.0,0.0,0.0,0.0,0.0,1.0,0.0,0.0,core,long_shelf_life,high_inventory,uniform,medium_margin,moderate_disposal_cost,observed_sales_demand,observed_target_response
core_015,always_20pct,recovered_calibration,financial,0.1,2,3.1197089953724078,0.25,0.7799272488431019,0.25,0.0,0.0,1.0,0.0,0.0,0.2,0,6,0.0,0.0,0.0,0.0,0.0,0.0,0.0,1.0,0.0,0.0,core,long_shelf_life,high_inventory,uniform,medium_margin,moderate_disposal_cost,observed_sales_demand,observed_target_response
core_015,always_20pct,recovered_calibration,financial,0.1,3,3.1197089953724078,0.24999999999999997,0.7799272488431018,0.24999999999999994,0.0,0.0,1.0,0.0,0.0,0.2,0,5,0.0,0.0,1.1102230246251565e-16,0.0,0.0,0.0,0.0,1.0,0.0,0.0,core,long_shelf_life,high_inventory,uniform,medium_margin,moderate_disposal_cost,observed_sales_demand,observed_target_response
core_015,always_20pct,recovered_calibration,financial,0.1,4,3.1197089953724078,0.24999999999999997,0.7799272488431018,0.24999999999999994,0.0,0.0,1.0,0.0,0.0,0.2,0,5,0.0,0.0,1.1102230246251565e-16,0.0,0.0,0.0,0.0,1.0,0.0,0.0,core,long_shelf_life,high_inventory,uniform,medium_margin,moderate_disposal_cost,observed_sales_demand,observed_target_response
core_015,always_20pct,recovered_calibration,financial,0.1,5,3.1197089953724078,0.25,0.7799272488431019,0.25,0.0,0.0,0.9999999999999999,0.0,0.0,0.2,0,5,0.0,4.440892098500626e-16,0.0,0.0,0.0,0.0,0.0,1.0,0.0,0.0,core,long_shelf_life,high_inventory,uniform,medium_margin,moderate_disposal_cost,observed_sales_demand,observed_target_response
core_015,always_20pct,recovered_calibration,financial,0.1,6,3.2741866199405023,0.25000000000000017,0.8185466549851261,0.25000000000000017,0.0,0.0,1.0000000000000002,0.0,0.0,0.2,0,3,0.0,4.440892098500626e-16,0.0,0.0,0.0,0.0,0.0,1.0,0.0,0.0,core,long_shelf_life,high_inventory,uniform,medium_margin,moderate_disposal_cost,observed_sales_demand,observed_target_response
core_015,always_20pct,recovered_calibration,financial,0.1,7,3.2741866199405023,0.25,0.8185466549851256,0.24999999999999997,0.0,0.0,1.0000000000000002,5.551115123125783e-17,0.0,0.2,0,4,0.0,4.996003610813204e-16,0.0,0.0,0.0,0.0,0.0,1.0,0.0,0.0,core,long_shelf_life,high_inventory,uniform,medium_margin,moderate_disposal_cost,observed_sales_demand,observed_target_response
core_015,always_40pct,recovered_calibration,financial,0.1,0,3.1197089953724078,0.04999999999999989,0.15598544976862005,0.04999999999999988,0.0,0.0,1.0,0.0,0.0,0.4,0,2,0.0,0.0,0.0,0.0,0.0,0.0,0.0,0.0,0.0,1.0,core,long_shelf_life,high_inventory,uniform,medium_margin,moderate_disposal_cost,observed_sales_demand,observed_target_response
core_015,always_40pct,recovered_calibration,financial,0.1,1,3.1197089953724078,0.04999999999999988,0.15598544976862,0.049999999999999906,0.0,0.0,1.0,0.0,0.0,0.4,0,4,0.0,0.0,0.0,0.0,0.0,0.0,0.0,0.0,0.0,1.0,core,long_shelf_life,high_inventory,uniform,medium_margin,moderate_disposal_cost,observed_sales_demand,observed_target_response
core_015,always_40pct,recovered_calibration,financial,0.1,2,3.1197089953724078,0.04999999999999991,0.1559854497686201,0.049999999999999906,0.0,0.0,1.0,0.0,0.0,0.4,0,4,0.0,0.0,0.0,0.0,0.0,0.0,0.0,0.0,0.0,1.0,core,long_shelf_life,high_inventory,uniform,medium_margin,moderate_disposal_cost,observed_sales_demand,observed_target_response
core_015,always_40pct,recovered_calibration,financial,0.1,3,3.1197089953724078,0.04999999999999991,0.1559854497686201,0.04999999999999993,0.0,0.0,1.0,0.0,0.0,0.4,0,4,0.0,0.0,0.0,0.0,0.0,0.0,0.0,0.0,0.0,1.0,core,long_shelf_life,high_inventory,uniform,medium_margin,moderate_disposal_cost,observed_sales_demand,observed_target_response
core_015,always_40pct,recovered_calibration,financial,0.1,4,3.1197089953724078,0.04999999999999992,0.15598544976862014,0.04999999999999989,0.0,0.0,1.0,0.0,0.0,0.4,0,4,0.0,0.0,0.0,0.0,0.0,0.0,0.0,0.0,0.0,1.0,core,long_shelf_life,high_inventory,uniform,medium_margin,moderate_disposal_cost,observed_sales_demand,observed_target_response
core_015,always_40pct,recovered_calibration,financial,0.1,5,3.1197089953724078,0.049999999999999885,0.15598544976862003,0.049999999999999864,0.0,0.0,1.0,0.0,0.0,0.4,0,4,0.0,0.0,0.0,0.0,0.0,0.0,0.0,0.0,0.0,1.0,core,long_shelf_life,high_inventory,uniform,medium_margin,moderate_disposal_cost,observed_sales_demand,observed_target_response
core_015,always_40pct,recovered_calibration,financial,0.1,6,3.2741866199405023,0.050000000000000065,0.16370933099702534,0.050000000000000044,0.0,0.0,1.0000000000000002,5.551115123125783e-17,0.0,0.4,0,2,0.0,4.996003610813204e-16,0.0,0.0,0.0,0.0,0.0,0.0,0.0,1.0,core,long_shelf_life,high_inventory,uniform,medium_margin,moderate_disposal_cost,observed_sales_demand,observed_target_response
core_015,always_40pct,recovered_calibration,financial,0.1,7,3.2741866199405023,0.05000000000000003,0.16370933099702523,0.050000000000000044,0.0,0.0,1.0000000000000002,5.551115123125783e-17,0.0,0.4,0,3,0.0,4.996003610813204e-16,0.0,0.0,0.0,0.0,0.0,0.0,0.0,1.0,core,long_shelf_life,high_inventory,uniform,medium_margin,moderate_disposal_cost,observed_sales_demand,observed_target_response
core_015,expiry_threshold_rule,recovered_calibration,financial,0.1,0,3.1197089953724078,0.3936709539802704,1.2281388163490867,0.3936709539802704,0.0,0.0,1.0,0.0,0.0,0.1,0,3,0.0,0.0,0.0,0.6365141682948128,0.6666666666666666,0.0,0.3333333333333333,0.0,0.0,0.0,core,long_shelf_life,high_inventory,uniform,medium_margin,moderate_disposal_cost,observed_sales_demand,observed_target_response
core_015,expiry_threshold_rule,recovered_calibration,financial,0.1,1,3.1197089953724078,0.4356534540986501,1.359111999616619,0.4356534540986501,0.0,0.0,1.0,0.0,0.0,0.1,0,7,0.0,0.0,0.0,0.410116318288409,0.8571428571428571,0.0,0.14285714285714285,0.0,0.0,0.0,core,long_shelf_life,high_inventory,uniform,medium_margin,moderate_disposal_cost,observed_sales_demand,observed_target_response
core_015,expiry_threshold_rule,recovered_calibration,financial,0.1,2,3.1197089953724078,0.434524522406047,1.3555900612600442,0.43452452240604705,0.0,0.0,1.0,0.0,0.0,0.1,0,6,0.0,0.0,0.0,0.45056120886630463,0.8333333333333334,0.0,0.16666666666666666,0.0,0.0,0.0,core,long_shelf_life,high_inventory,uniform,medium_margin,moderate_disposal_cost,observed_sales_demand,observed_target_response
core_015,expiry_threshold_rule,recovered_calibration,financial,0.1,3,3.1197089953724078,0.4343911000096642,1.3551738222098646,0.43439110000966424,0.0,0.0,1.0,0.0,0.0,0.1,0,6,0.0,0.0,2.220446049250313e-16,0.45056120886630463,0.8333333333333334,0.0,0.16666666666666666,0.0,0.0,0.0,core,long_shelf_life,high_inventory,uniform,medium_margin,moderate_disposal_cost,observed_sales_demand,observed_target_response
core_015,expiry_threshold_rule,recovered_calibration,financial,0.1,4,3.1197089953724078,0.4341246241231517,1.3543424949896619,0.4341246241231517,0.0,0.0,1.0,0.0,0.0,0.1,0,6,0.0,0.0,0.0,0.45056120886630463,0.8333333333333334,0.0,0.16666666666666666,0.0,0.0,0.0,core,long_shelf_life,high_inventory,uniform,medium_margin,moderate_disposal_cost,observed_sales_demand,observed_target_response
core_015,expiry_threshold_rule,recovered_calibration,financial,0.1,5,3.1197089953724078,0.4329510295270612,1.3506812213713177,0.4329510295270612,0.0,0.0,1.0,0.0,0.0,0.1,0,5,0.0,0.0,0.0,0.5004024235381879,0.8,0.0,0.2,0.0,0.0,0.0,core,long_shelf_life,high_inventory,uniform,medium_margin,moderate_disposal_cost,observed_sales_demand,observed_target_response
core_015,expiry_threshold_rule,recovered_calibration,financial,0.1,6,3.2741866199405023,0.3986237798921099,1.305168646512854,0.39862377989210984,0.0,0.0,1.0000000000000002,0.0,0.0,0.1,0,3,0.0,4.440892098500626e-16,0.0,0.6365141682948128,0.6666666666666666,0.0,0.3333333333333333,0.0,0.0,0.0,core,long_shelf_life,high_inventory,uniform,medium_margin,moderate_disposal_cost,observed_sales_demand,observed_target_response
core_015,expiry_threshold_rule,recovered_calibration,financial,0.1,7,3.2741866199405023,0.42596008129054824,1.3946727987902818,0.4259600812905483,0.0,0.0,1.0000000000000002,0.0,0.0,0.1,0,5,0.0,4.440892098500626e-16,0.0,0.5004024235381879,0.8,0.0,0.2,0.0,0.0,0.0,core,long_shelf_life,high_inventory,uniform,medium_margin,moderate_disposal_cost,observed_sales_demand,observed_target_response
core_015,inventory_coverage_rule,recovered_calibration,financial,0.1,0,3.1197089953724078,0.23724465334855416,0.740134279155493,0.23724465334855413,0.0,0.0,1.0,0.0,0.0,0.3,0,3,0.0,0.0,0.0,1.0986122886681096,0.3333333333333333,0.0,0.3333333333333333,0.0,0.3333333333333333,0.0,core,long_shelf_life,high_inventory,uniform,medium_margin,moderate_disposal_cost,observed_sales_demand,observed_target_response
core_015,inventory_coverage_rule,recovered_calibration,financial,0.1,1,3.1197089953724078,0.18254830441890804,0.569497587385648,0.18254830441890807,0.0,0.0,1.0,0.0,0.0,0.3,0,5,0.0,0.0,0.0,0.5004024235381879,0.0,0.0,0.2,0.0,0.8,0.0,core,long_shelf_life,high_inventory,uniform,medium_margin,moderate_disposal_cost,observed_sales_demand,observed_target_response
core_015,inventory_coverage_rule,recovered_calibration,financial,0.1,2,3.1197089953724078,0.1932045216980698,0.6027418842880918,0.19320452169806981,0.0,0.0,1.0,0.0,0.0,0.3,0,5,0.0,0.0,0.0,0.5004024235381879,0.2,0.0,0.0,0.0,0.8,0.0,core,long_shelf_life,high_inventory,uniform,medium_margin,moderate_disposal_cost,observed_sales_demand,observed_target_response
core_015,inventory_coverage_rule,recovered_calibration,financial,0.1,3,3.1197089953724078,0.17572411866531681,0.5482081137040773,0.17572411866531687,0.0,0.0,1.0,0.0,0.0,0.3,0,5,0.0,0.0,0.0,0.5004024235381879,0.2,0.0,0.0,0.0,0.8,0.0,core,long_shelf_life,high_inventory,uniform,medium_margin,moderate_disposal_cost,observed_sales_demand,observed_target_response
core_015,inventory_coverage_rule,recovered_calibration,financial,0.1,4,3.1197089953724078,0.15314175192503046,0.4777577010476073,0.15314175192503046,0.0,0.0,1.0,0.0,0.0,0.3,0,5,0.0,0.0,5.551115123125783e-17,0.5004024235381879,0.2,0.0,0.0,0.0,0.8,0.0,core,long_shelf_life,high_inventory,uniform,medium_margin,moderate_disposal_cost,observed_sales_demand,observed_target_response
core_015,inventory_coverage_rule,recovered_calibration,financial,0.1,5,3.1197089953724078,0.1988581354702359,0.6203795140294798,0.1988581354702359,0.0,0.0,1.0,0.0,0.0,0.3,0,5,0.0,0.0,0.0,0.9502705392332347,0.2,0.0,0.2,0.0,0.6,0.0,core,long_shelf_life,high_inventory,uniform,medium_margin,moderate_disposal_cost,observed_sales_demand,observed_target_response
core_015,inventory_coverage_rule,recovered_calibration,financial,0.1,6,3.2741866199405023,0.2174068568521032,0.7118306217884764,0.21740685685210323,0.0,0.0,1.0000000000000002,0.0,0.0,0.3,0,3,0.0,4.440892098500626e-16,0.0,1.0986122886681096,0.3333333333333333,0.0,0.0,0.3333333333333333,0.3333333333333333,0.0,core,long_shelf_life,high_inventory,uniform,medium_margin,moderate_disposal_cost,observed_sales_demand,observed_target_response
core_015,inventory_coverage_rule,recovered_calibration,financial,0.1,7,3.2741866199405023,0.1947913141471985,0.6377831144613844,0.19479131414719847,0.0,0.0,1.0,5.551115123125783e-17,0.0,0.3,0,4,0.0,5.551115123125783e-17,0.0,0.5623351446188083,0.0,0.0,0.25,0.0,0.75,0.0,core,long_shelf_life,high_inventory,uniform,medium_margin,moderate_disposal_cost,observed_sales_demand,observed_target_response
core_016,always_0pct,recovered_calibration,financial,0.1,0,0.7799272488431019,0.44999999999999996,0.3509672619793958,0.44999999999999996,0.0,0.0,1.0,0.0,0.0,0.0,-1,1,0.0,0.0,0.0,0.0,1.0,0.0,0.0,0.0,0.0,0.0,core,long_shelf_life,lean_inventory,uniform,medium_margin,moderate_disposal_cost,recovered_demand,recovered_target_response
core_016,always_0pct,recovered_calibration,financial,0.1,1,0.7799272488431019,0.44999999999999996,0.3509672619793958,0.4499999999999999,0.0,0.0,1.0,0.0,0.0,0.0,-1,2,0.0,0.0,0.0,0.0,1.0,0.0,0.0,0.0,0.0,0.0,core,long_shelf_life,lean_inventory,uniform,medium_margin,moderate_disposal_cost,recovered_demand,recovered_target_response
core_016,always_0pct,recovered_calibration,financial,0.1,2,0.7799272488431019,0.44999999999999996,0.3509672619793958,0.4499999999999999,0.0,0.0,1.0,0.0,0.0,0.0,-1,2,0.0,0.0,0.0,0.0,1.0,0.0,0.0,0.0,0.0,0.0,core,long_shelf_life,lean_inventory,uniform,medium_margin,moderate_disposal_cost,recovered_demand,recovered_target_response
core_016,always_0pct,recovered_calibration,financial,0.1,3,0.7799272488431019,0.44999999999999996,0.3509672619793958,0.44999999999999996,0.0,0.0,1.0,0.0,0.0,0.0,-1,2,0.0,0.0,0.0,0.0,1.0,0.0,0.0,0.0,0.0,0.0,core,long_shelf_life,lean_inventory,uniform,medium_margin,moderate_disposal_cost,recovered_demand,recovered_target_response
core_016,always_0pct,recovered_calibration,financial,0.1,4,0.7799272488431019,0.44999999999999996,0.3509672619793958,0.4499999999999999,0.0,0.0,1.0,0.0,0.0,0.0,-1,2,0.0,0.0,0.0,0.0,1.0,0.0,0.0,0.0,0.0,0.0,core,long_shelf_life,lean_inventory,uniform,medium_margin,moderate_disposal_cost,recovered_demand,recovered_target_response
core_016,always_0pct,recovered_calibration,financial,0.1,5,0.7799272488431019,0.44999999999999996,0.3509672619793958,0.44999999999999996,0.0,0.0,1.0,0.0,0.0,0.0,-1,2,0.0,0.0,0.0,0.0,1.0,0.0,0.0,0.0,0.0,0.0,core,long_shelf_life,lean_inventory,uniform,medium_margin,moderate_disposal_cost,recovered_demand,recovered_target_response
core_016,always_0pct,recovered_calibration,financial,0.1,6,0.8185466549851256,0.44999999999999996,0.3683459947433065,0.44999999999999996,0.0,0.0,1.0,0.0,0.0,0.0,-1,1,0.0,0.0,0.0,0.0,1.0,0.0,0.0,0.0,0.0,0.0,core,long_shelf_life,lean_inventory,uniform,medium_margin,moderate_disposal_cost,recovered_demand,recovered_target_response
core_016,always_0pct,recovered_calibration,financial,0.1,7,0.8185466549851256,0.4499999999999999,0.3683459947433064,0.4499999999999999,0.0,0.0,0.9999999999999999,0.0,0.0,0.0,-1,2,0.0,1.1102230246251565e-16,0.0,0.0,1.0,0.0,0.0,0.0,0.0,0.0,core,long_shelf_life,lean_inventory,uniform,medium_margin,moderate_disposal_cost,recovered_demand,recovered_target_response
core_016,always_5pct,recovered_calibration,financial,0.1,0,0.7799272488431019,0.3999999999999999,0.3119708995372407,0.3999999999999999,0.0,0.0,1.0,0.0,0.0,0.05,0,1,0.0,0.0,0.0,0.0,0.0,1.0,0.0,0.0,0.0,0.0,core,long_shelf_life,lean_inventory,uniform,medium_margin,moderate_disposal_cost,recovered_demand,recovered_target_response
core_016,always_5pct,recovered_calibration,financial,0.1,1,0.7799272488431019,0.39999999999999986,0.31197089953724066,0.39999999999999986,0.0,0.0,1.0,0.0,0.0,0.05,0,2,0.0,0.0,0.0,0.0,0.0,1.0,0.0,0.0,0.0,0.0,core,long_shelf_life,lean_inventory,uniform,medium_margin,moderate_disposal_cost,recovered_demand,recovered_target_response
core_016,always_5pct,recovered_calibration,financial,0.1,2,0.7799272488431019,0.3999999999999999,0.3119708995372407,0.3999999999999999,0.0,0.0,1.0,0.0,0.0,0.05,0,2,0.0,0.0,0.0,0.0,0.0,1.0,0.0,0.0,0.0,0.0,core,long_shelf_life,lean_inventory,uniform,medium_margin,moderate_disposal_cost,recovered_demand,recovered_target_response
core_016,always_5pct,recovered_calibration,financial,0.1,3,0.7799272488431019,0.3999999999999999,0.3119708995372407,0.3999999999999999,0.0,0.0,1.0,0.0,0.0,0.05,0,2,0.0,0.0,0.0,0.0,0.0,1.0,0.0,0.0,0.0,0.0,core,long_shelf_life,lean_inventory,uniform,medium_margin,moderate_disposal_cost,recovered_demand,recovered_target_response
core_016,always_5pct,recovered_calibration,financial,0.1,4,0.7799272488431019,0.39999999999999986,0.31197089953724066,0.39999999999999986,0.0,0.0,1.0,0.0,0.0,0.05,0,2,0.0,0.0,0.0,0.0,0.0,1.0,0.0,0.0,0.0,0.0,core,long_shelf_life,lean_inventory,uniform,medium_margin,moderate_disposal_cost,recovered_demand,recovered_target_response
core_016,always_5pct,recovered_calibration,financial,0.1,5,0.7799272488431019,0.39999999999999986,0.31197089953724066,0.39999999999999986,0.0,0.0,1.0,0.0,0.0,0.05,0,2,0.0,0.0,0.0,0.0,0.0,1.0,0.0,0.0,0.0,0.0,core,long_shelf_life,lean_inventory,uniform,medium_margin,moderate_disposal_cost,recovered_demand,recovered_target_response
core_016,always_5pct,recovered_calibration,financial,0.1,6,0.8185466549851256,0.3999999999999999,0.3274186619940502,0.3999999999999999,0.0,0.0,1.0,0.0,0.0,0.05,0,1,0.0,0.0,0.0,0.0,0.0,1.0,0.0,0.0,0.0,0.0,core,long_shelf_life,lean_inventory,uniform,medium_margin,moderate_disposal_cost,recovered_demand,recovered_target_response
core_016,always_5pct,recovered_calibration,financial,0.1,7,0.8185466549851256,0.3999999999999998,0.32741866199405006,0.3999999999999998,0.0,0.0,1.0,0.0,0.0,0.05,0,2,0.0,0.0,0.0,0.0,0.0,1.0,0.0,0.0,0.0,0.0,core,long_shelf_life,lean_inventory,uniform,medium_margin,moderate_disposal_cost,recovered_demand,recovered_target_response
core_016,always_10pct,recovered_calibration,financial,0.1,0,0.7799272488431019,0.3499999999999999,0.2729745370950856,0.3499999999999999,0.0,0.0,1.0,0.0,0.0,0.1,0,1,0.0,0.0,0.0,0.0,0.0,0.0,1.0,0.0,0.0,0.0,core,long_shelf_life,lean_inventory,uniform,medium_margin,moderate_disposal_cost,recovered_demand,recovered_target_response
core_016,always_10pct,recovered_calibration,financial,0.1,1,0.7799272488431019,0.3499999999999999,0.2729745370950856,0.3499999999999999,0.0,0.0,1.0,0.0,0.0,0.1,0,2,0.0,0.0,0.0,0.0,0.0,0.0,1.0,0.0,0.0,0.0,core,long_shelf_life,lean_inventory,uniform,medium_margin,moderate_disposal_cost,recovered_demand,recovered_target_response
core_016,always_10pct,recovered_calibration,financial,0.1,2,0.7799272488431019,0.35,0.2729745370950857,0.35000000000000003,0.0,0.0,1.0,0.0,0.0,0.1,0,2,0.0,0.0,0.0,0.0,0.0,0.0,1.0,0.0,0.0,0.0,core,long_shelf_life,lean_inventory,uniform,medium_margin,moderate_disposal_cost,recovered_demand,recovered_target_response
core_016,always_10pct,recovered_calibration,financial,0.1,3,0.7799272488431019,0.3499999999999999,0.2729745370950856,0.3499999999999999,0.0,0.0,1.0,0.0,0.0,0.1,0,2,0.0,0.0,0.0,0.0,0.0,0.0,1.0,0.0,0.0,0.0,core,long_shelf_life,lean_inventory,uniform,medium_margin,moderate_disposal_cost,recovered_demand,recovered_target_response
core_016,always_10pct,recovered_calibration,financial,0.1,4,0.7799272488431019,0.35,0.2729745370950857,0.35,0.0,0.0,1.0,0.0,0.0,0.1,0,2,0.0,0.0,0.0,0.0,0.0,0.0,1.0,0.0,0.0,0.0,core,long_shelf_life,lean_inventory,uniform,medium_margin,moderate_disposal_cost,recovered_demand,recovered_target_response
core_016,always_10pct,recovered_calibration,financial,0.1,5,0.7799272488431019,0.35,0.2729745370950857,0.3499999999999999,0.0,0.0,1.0,0.0,0.0,0.1,0,2,0.0,0.0,0.0,0.0,0.0,0.0,1.0,0.0,0.0,0.0,core,long_shelf_life,lean_inventory,uniform,medium_margin,moderate_disposal_cost,recovered_demand,recovered_target_response
core_016,always_10pct,recovered_calibration,financial,0.1,6,0.8185466549851256,0.35000000000000003,0.286491329244794,0.35000000000000003,0.0,0.0,1.0,0.0,0.0,0.1,0,1,0.0,0.0,0.0,0.0,0.0,0.0,1.0,0.0,0.0,0.0,core,long_shelf_life,lean_inventory,uniform,medium_margin,moderate_disposal_cost,recovered_demand,recovered_target_response
core_016,always_10pct,recovered_calibration,financial,0.1,7,0.8185466549851256,0.3499999999999999,0.28649132924479387,0.3499999999999999,0.0,0.0,1.0,0.0,0.0,0.1,0,2,0.0,0.0,0.0,0.0,0.0,0.0,1.0,0.0,0.0,0.0,core,long_shelf_life,lean_inventory,uniform,medium_margin,moderate_disposal_cost,recovered_demand,recovered_target_response
core_016,always_20pct,recovered_calibration,financial,0.1,0,0.7799272488431019,0.24999999999999992,0.19498181221077543,0.24999999999999992,0.0,0.0,1.0,0.0,0.0,0.2,0,1,0.0,0.0,0.0,0.0,0.0,0.0,0.0,1.0,0.0,0.0,core,long_shelf_life,lean_inventory,uniform,medium_margin,moderate_disposal_cost,recovered_demand,recovered_target_response
core_016,always_20pct,recovered_calibration,financial,0.1,1,0.7799272488431019,0.24999999999999992,0.19498181221077543,0.2499999999999999,0.0,0.0,1.0,0.0,0.0,0.2,0,2,0.0,0.0,0.0,0.0,0.0,0.0,0.0,1.0,0.0,0.0,core,long_shelf_life,lean_inventory,uniform,medium_margin,moderate_disposal_cost,recovered_demand,recovered_target_response
core_016,always_20pct,recovered_calibration,financial,0.1,2,0.7799272488431019,0.24999999999999997,0.19498181221077546,0.24999999999999994,0.0,0.0,1.0,0.0,0.0,0.2,0,2,0.0,0.0,0.0,0.0,0.0,0.0,0.0,1.0,0.0,0.0,core,long_shelf_life,lean_inventory,uniform,medium_margin,moderate_disposal_cost,recovered_demand,recovered_target_response
core_016,always_20pct,recovered_calibration,financial,0.1,3,0.7799272488431019,0.25,0.19498181221077548,0.25,0.0,0.0,1.0,0.0,0.0,0.2,0,2,0.0,0.0,0.0,0.0,0.0,0.0,0.0,1.0,0.0,0.0,core,long_shelf_life,lean_inventory,uniform,medium_margin,moderate_disposal_cost,recovered_demand,recovered_target_response
core_016,always_20pct,recovered_calibration,financial,0.1,4,0.7799272488431019,0.24999999999999997,0.19498181221077546,0.24999999999999997,0.0,0.0,1.0,0.0,0.0,0.2,0,2,0.0,0.0,0.0,0.0,0.0,0.0,0.0,1.0,0.0,0.0,core,long_shelf_life,lean_inventory,uniform,medium_margin,moderate_disposal_cost,recovered_demand,recovered_target_response
core_016,always_20pct,recovered_calibration,financial,0.1,5,0.7799272488431019,0.25,0.19498181221077548,0.25,0.0,0.0,1.0,0.0,0.0,0.2,0,2,0.0,0.0,0.0,0.0,0.0,0.0,0.0,1.0,0.0,0.0,core,long_shelf_life,lean_inventory,uniform,medium_margin,moderate_disposal_cost,recovered_demand,recovered_target_response
core_016,always_20pct,recovered_calibration,financial,0.1,6,0.8185466549851256,0.24999999999999997,0.20463666374628137,0.24999999999999997,0.0,0.0,1.0,0.0,0.0,0.2,0,1,0.0,0.0,0.0,0.0,0.0,0.0,0.0,1.0,0.0,0.0,core,long_shelf_life,lean_inventory,uniform,medium_margin,moderate_disposal_cost,recovered_demand,recovered_target_response
core_016,always_20pct,recovered_calibration,financial,0.1,7,0.8185466549851256,0.24999999999999997,0.20463666374628137,0.24999999999999997,0.0,0.0,1.0,0.0,0.0,0.2,0,1,0.0,0.0,0.0,0.0,0.0,0.0,0.0,1.0,0.0,0.0,core,long_shelf_life,lean_inventory,uniform,medium_margin,moderate_disposal_cost,recovered_demand,recovered_target_response
core_016,always_40pct,recovered_calibration,financial,0.1,0,0.7799272488431019,0.049999999999999926,0.03899636244215504,0.049999999999999926,0.0,0.0,1.0,0.0,0.0,0.4,0,1,0.0,0.0,0.0,0.0,0.0,0.0,0.0,0.0,0.0,1.0,core,long_shelf_life,lean_inventory,uniform,medium_margin,moderate_disposal_cost,recovered_demand,recovered_target_response
core_016,always_40pct,recovered_calibration,financial,0.1,1,0.7799272488431019,0.049999999999999926,0.03899636244215504,0.049999999999999926,0.0,0.0,1.0,0.0,0.0,0.4,0,1,0.0,0.0,0.0,0.0,0.0,0.0,0.0,0.0,0.0,1.0,core,long_shelf_life,lean_inventory,uniform,medium_margin,moderate_disposal_cost,recovered_demand,recovered_target_response
core_016,always_40pct,recovered_calibration,financial,0.1,2,0.7799272488431019,0.049999999999999926,0.03899636244215504,0.049999999999999926,0.0,0.0,1.0,0.0,0.0,0.4,0,1,0.0,0.0,0.0,0.0,0.0,0.0,0.0,0.0,0.0,1.0,core,long_shelf_life,lean_inventory,uniform,medium_margin,moderate_disposal_cost,recovered_demand,recovered_target_response
core_016,always_40pct,recovered_calibration,financial,0.1,3,0.7799272488431019,0.049999999999999926,0.03899636244215504,0.049999999999999926,0.0,0.0,1.0,0.0,0.0,0.4,0,1,0.0,0.0,0.0,0.0,0.0,0.0,0.0,0.0,0.0,1.0,core,long_shelf_life,lean_inventory,uniform,medium_margin,moderate_disposal_cost,recovered_demand,recovered_target_response
core_016,always_40pct,recovered_calibration,financial,0.1,4,0.7799272488431019,0.049999999999999926,0.03899636244215504,0.049999999999999926,0.0,0.0,1.0,0.0,0.0,0.4,0,1,0.0,0.0,0.0,0.0,0.0,0.0,0.0,0.0,0.0,1.0,core,long_shelf_life,lean_inventory,uniform,medium_margin,moderate_disposal_cost,recovered_demand,recovered_target_response
core_016,always_40pct,recovered_calibration,financial,0.1,5,0.7799272488431019,0.049999999999999926,0.03899636244215504,0.049999999999999926,0.0,0.0,1.0,0.0,0.0,0.4,0,1,0.0,0.0,0.0,0.0,0.0,0.0,0.0,0.0,0.0,1.0,core,long_shelf_life,lean_inventory,uniform,medium_margin,moderate_disposal_cost,recovered_demand,recovered_target_response
core_016,always_40pct,recovered_calibration,financial,0.1,6,0.8185466549851256,0.04999999999999997,0.04092733274925625,0.04999999999999997,0.0,0.0,1.0,0.0,0.0,0.4,0,1,0.0,0.0,0.0,0.0,0.0,0.0,0.0,0.0,0.0,1.0,core,long_shelf_life,lean_inventory,uniform,medium_margin,moderate_disposal_cost,recovered_demand,recovered_target_response
core_016,always_40pct,recovered_calibration,financial,0.1,7,0.8185466549851256,0.04999999999999997,0.04092733274925625,0.04999999999999997,0.0,0.0,1.0,0.0,0.0,0.4,0,1,0.0,0.0,0.0,0.0,0.0,0.0,0.0,0.0,0.0,1.0,core,long_shelf_life,lean_inventory,uniform,medium_margin,moderate_disposal_cost,recovered_demand,recovered_target_response
core_016,expiry_threshold_rule,recovered_calibration,financial,0.1,0,0.7799272488431019,0.3499999999999999,0.2729745370950856,0.3499999999999999,0.0,0.0,1.0,0.0,0.0,0.1,0,1,0.0,0.0,0.0,0.0,0.0,0.0,1.0,0.0,0.0,0.0,core,long_shelf_life,lean_inventory,uniform,medium_margin,moderate_disposal_cost,recovered_demand,recovered_target_response
core_016,expiry_threshold_rule,recovered_calibration,financial,0.1,1,0.7799272488431019,0.39428012620436975,0.3075098141040851,0.39428012620436975,0.0,0.0,1.0,0.0,0.0,0.1,0,2,0.0,0.0,0.0,0.6931471805599453,0.5,0.0,0.5,0.0,0.0,0.0,core,long_shelf_life,lean_inventory,uniform,medium_margin,moderate_disposal_cost,recovered_demand,recovered_target_response
core_016,expiry_threshold_rule,recovered_calibration,financial,0.1,2,0.7799272488431019,0.39087757547080765,0.30485607207140897,0.3908775754708077,0.0,0.0,1.0,0.0,0.0,0.1,0,2,0.0,0.0,0.0,0.6931471805599453,0.5,0.0,0.5,0.0,0.0,0.0,core,long_shelf_life,lean_inventory,uniform,medium_margin,moderate_disposal_cost,recovered_demand,recovered_target_response
core_016,expiry_threshold_rule,recovered_calibration,financial,0.1,3,0.7799272488431019,0.3914374850088057,0.3052927607769808,0.3914374850088057,0.0,0.0,1.0,0.0,0.0,0.1,0,2,0.0,0.0,0.0,0.6931471805599453,0.5,0.0,0.5,0.0,0.0,0.0,core,long_shelf_life,lean_inventory,uniform,medium_margin,moderate_disposal_cost,recovered_demand,recovered_target_response
core_016,expiry_threshold_rule,recovered_calibration,financial,0.1,4,0.7799272488431019,0.39017022842028626,0.3043043928323185,0.39017022842028626,0.0,0.0,1.0,0.0,0.0,0.1,0,2,0.0,0.0,0.0,0.6931471805599453,0.5,0.0,0.5,0.0,0.0,0.0,core,long_shelf_life,lean_inventory,uniform,medium_margin,moderate_disposal_cost,recovered_demand,recovered_target_response
core_016,expiry_threshold_rule,recovered_calibration,financial,0.1,5,0.7799272488431019,0.3842519024994782,0.2996885291791459,0.3842519024994782,0.0,0.0,1.0,0.0,0.0,0.1,0,2,0.0,0.0,0.0,0.6931471805599453,0.5,0.0,0.5,0.0,0.0,0.0,core,long_shelf_life,lean_inventory,uniform,medium_margin,moderate_disposal_cost,recovered_demand,recovered_target_response
core_016,expiry_threshold_rule,recovered_calibration,financial,0.1,6,0.8185466549851256,0.35000000000000003,0.286491329244794,0.35000000000000003,0.0,0.0,1.0,0.0,0.0,0.1,0,1,0.0,0.0,0.0,0.0,0.0,0.0,1.0,0.0,0.0,0.0,core,long_shelf_life,lean_inventory,uniform,medium_margin,moderate_disposal_cost,recovered_demand,recovered_target_response
core_016,expiry_threshold_rule,recovered_calibration,financial,0.1,7,0.8185466549851256,0.35473529186654035,0.2903673865625288,0.35473529186654035,0.0,0.0,1.0,0.0,0.0,0.1,0,2,0.0,0.0,0.0,0.6931471805599453,0.5,0.0,0.5,0.0,0.0,0.0,core,long_shelf_life,lean_inventory,uniform,medium_margin,moderate_disposal_cost,recovered_demand,recovered_target_response
core_016,inventory_coverage_rule,recovered_calibration,financial,0.1,0,0.7799272488431019,0.44999999999999996,0.3509672619793958,0.44999999999999996,0.0,0.0,1.0,0.0,0.0,0.0,-1,1,0.0,0.0,0.0,0.0,1.0,0.0,0.0,0.0,0.0,0.0,core,long_shelf_life,lean_inventory,uniform,medium_margin,moderate_disposal_cost,recovered_demand,recovered_target_response
core_016,inventory_coverage_rule,recovered_calibration,financial,0.1,1,0.7799272488431019,0.20714659443102765,0.1615592735018092,0.20714659443102765,0.0,0.0,1.0,0.0,0.0,0.3,0,2,0.0,0.0,0.0,0.6931471805599453,0.5,0.0,0.0,0.0,0.5,0.0,core,long_shelf_life,lean_inventory,uniform,medium_margin,moderate_disposal_cost,recovered_demand,recovered_target_response
core_016,inventory_coverage_rule,recovered_calibration,financial,0.1,2,0.7799272488431019,0.19291954297712785,0.15046320840221988,0.19291954297712782,0.0,0.0,1.0,0.0,0.0,0.3,0,2,0.0,0.0,0.0,0.6931471805599453,0.5,0.0,0.0,0.0,0.5,0.0,core,long_shelf_life,lean_inventory,uniform,medium_margin,moderate_disposal_cost,recovered_demand,recovered_target_response
core_016,inventory_coverage_rule,recovered_calibration,financial,0.1,3,0.7799272488431019,0.1908243043700294,0.14882907471971574,0.1908243043700294,0.0,0.0,1.0,0.0,0.0,0.3,0,2,0.0,0.0,0.0,0.6931471805599453,0.5,0.0,0.0,0.0,0.5,0.0,core,long_shelf_life,lean_inventory,uniform,medium_margin,moderate_disposal_cost,recovered_demand,recovered_target_response
core_016,inventory_coverage_rule,recovered_calibration,financial,0.1,4,0.7799272488431019,0.19234081351084006,0.15001184152175362,0.19234081351084006,0.0,0.0,1.0,0.0,0.0,0.3,0,2,0.0,0.0,0.0,0.6931471805599453,0.5,0.0,0.0,0.0,0.5,0.0,core,long_shelf_life,lean_inventory,uniform,medium_margin,moderate_disposal_cost,recovered_demand,recovered_target_response
core_016,inventory_coverage_rule,recovered_calibration,financial,0.1,5,0.7799272488431019,0.18294201966070867,0.14268146609177718,0.18294201966070867,0.0,0.0,1.0,0.0,0.0,0.3,0,2,0.0,0.0,0.0,0.6931471805599453,0.5,0.0,0.0,0.0,0.5,0.0,core,long_shelf_life,lean_inventory,uniform,medium_margin,moderate_disposal_cost,recovered_demand,recovered_target_response
core_016,inventory_coverage_rule,recovered_calibration,financial,0.1,6,0.8185466549851256,0.44999999999999996,0.3683459947433065,0.44999999999999996,0.0,0.0,1.0,0.0,0.0,0.0,-1,1,0.0,0.0,0.0,0.0,1.0,0.0,0.0,0.0,0.0,0.0,core,long_shelf_life,lean_inventory,uniform,medium_margin,moderate_disposal_cost,recovered_demand,recovered_target_response
core_016,inventory_coverage_rule,recovered_calibration,financial,0.1,7,0.8185466549851256,0.35473529186654035,0.2903673865625288,0.35473529186654035,0.0,0.0,1.0,0.0,0.0,0.1,0,2,0.0,0.0,0.0,0.6931471805599453,0.5,0.0,0.5,0.0,0.0,0.0,core,long_shelf_life,lean_inventory,uniform,medium_margin,moderate_disposal_cost,recovered_demand,recovered_target_response
core_017,always_0pct,recovered_calibration,financial,0.1,0,1.5598544976862039,0.44999999999999996,0.7019345239587916,0.44999999999999996,0.0,0.0,1.0,0.0,0.0,0.0,-1,1,0.0,0.0,0.0,0.0,1.0,0.0,0.0,0.0,0.0,0.0,core,long_shelf_life,balanced_inventory,uniform,medium_margin,moderate_disposal_cost,recovered_demand,recovered_target_response
core_017,always_0pct,recovered_calibration,financial,0.1,1,1.5598544976862039,0.44999999999999996,0.7019345239587916,0.44999999999999996,0.0,0.0,1.0,0.0,0.0,0.0,-1,4,0.0,0.0,0.0,0.0,1.0,0.0,0.0,0.0,0.0,0.0,core,long_shelf_life,balanced_inventory,uniform,medium_margin,moderate_disposal_cost,recovered_demand,recovered_target_response
core_017,always_0pct,recovered_calibration,financial,0.1,2,1.5598544976862039,0.44999999999999996,0.7019345239587916,0.44999999999999996,0.0,0.0,1.0,0.0,0.0,0.0,-1,4,0.0,0.0,0.0,0.0,1.0,0.0,0.0,0.0,0.0,0.0,core,long_shelf_life,balanced_inventory,uniform,medium_margin,moderate_disposal_cost,recovered_demand,recovered_target_response
core_017,always_0pct,recovered_calibration,financial,0.1,3,1.5598544976862039,0.44999999999999996,0.7019345239587916,0.44999999999999996,0.0,0.0,1.0,0.0,0.0,0.0,-1,4,0.0,0.0,0.0,0.0,1.0,0.0,0.0,0.0,0.0,0.0,core,long_shelf_life,balanced_inventory,uniform,medium_margin,moderate_disposal_cost,recovered_demand,recovered_target_response
core_017,always_0pct,recovered_calibration,financial,0.1,4,1.5598544976862039,0.44999999999999984,0.7019345239587915,0.44999999999999984,0.0,0.0,1.0,0.0,0.0,0.0,-1,3,0.0,0.0,0.0,0.0,1.0,0.0,0.0,0.0,0.0,0.0,core,long_shelf_life,balanced_inventory,uniform,medium_margin,moderate_disposal_cost,recovered_demand,recovered_target_response
core_017,always_0pct,recovered_calibration,financial,0.1,5,1.5598544976862039,0.44999999999999996,0.7019345239587916,0.44999999999999996,0.0,0.0,1.0,0.0,0.0,0.0,-1,3,0.0,0.0,0.0,0.0,1.0,0.0,0.0,0.0,0.0,0.0,core,long_shelf_life,balanced_inventory,uniform,medium_margin,moderate_disposal_cost,recovered_demand,recovered_target_response
core_017,always_0pct,recovered_calibration,financial,0.1,6,1.6370933099702512,0.44999999999999984,0.7366919894866127,0.44999999999999984,0.0,0.0,0.9999999999999999,0.0,0.0,0.0,-1,2,0.0,2.220446049250313e-16,0.0,0.0,1.0,0.0,0.0,0.0,0.0,0.0,core,long_shelf_life,balanced_inventory,uniform,medium_margin,moderate_disposal_cost,recovered_demand,recovered_target_response
core_017,always_0pct,recovered_calibration,financial,0.1,7,1.6370933099702512,0.4500000000000001,0.7366919894866132,0.4500000000000001,0.0,0.0,1.0000000000000002,0.0,0.0,0.0,-1,3,0.0,2.220446049250313e-16,0.0,0.0,1.0,0.0,0.0,0.0,0.0,0.0,core,long_shelf_life,balanced_inventory,uniform,medium_margin,moderate_disposal_cost,recovered_demand,recovered_target_response
core_017,always_5pct,recovered_calibration,financial,0.1,0,1.5598544976862039,0.3999999999999999,0.6239417990744814,0.3999999999999999,0.0,0.0,1.0,0.0,0.0,0.05,0,1,0.0,0.0,0.0,0.0,0.0,1.0,0.0,0.0,0.0,0.0,core,long_shelf_life,balanced_inventory,uniform,medium_margin,moderate_disposal_cost,recovered_demand,recovered_target_response
core_017,always_5pct,recovered_calibration,financial,0.1,1,1.5598544976862039,0.3999999999999999,0.6239417990744814,0.3999999999999999,0.0,0.0,1.0,0.0,0.0,0.05,0,4,0.0,0.0,0.0,0.0,0.0,1.0,0.0,0.0,0.0,0.0,core,long_shelf_life,balanced_inventory,uniform,medium_margin,moderate_disposal_cost,recovered_demand,recovered_target_response
core_017,always_5pct,recovered_calibration,financial,0.1,2,1.5598544976862039,0.39999999999999986,0.6239417990744813,0.3999999999999999,0.0,0.0,1.0,0.0,0.0,0.05,0,4,0.0,0.0,1.1102230246251565e-16,0.0,0.0,1.0,0.0,0.0,0.0,0.0,core,long_shelf_life,balanced_inventory,uniform,medium_margin,moderate_disposal_cost,recovered_demand,recovered_target_response
core_017,always_5pct,recovered_calibration,financial,0.1,3,1.5598544976862039,0.39999999999999986,0.6239417990744813,0.3999999999999999,0.0,0.0,1.0,0.0,0.0,0.05,0,4,0.0,0.0,1.1102230246251565e-16,0.0,0.0,1.0,0.0,0.0,0.0,0.0,core,long_shelf_life,balanced_inventory,uniform,medium_margin,moderate_disposal_cost,recovered_demand,recovered_target_response
core_017,always_5pct,recovered_calibration,financial,0.1,4,1.5598544976862039,0.39999999999999986,0.6239417990744813,0.39999999999999986,0.0,0.0,1.0,0.0,0.0,0.05,0,3,0.0,0.0,0.0,0.0,0.0,1.0,0.0,0.0,0.0,0.0,core,long_shelf_life,balanced_inventory,uniform,medium_margin,moderate_disposal_cost,recovered_demand,recovered_target_response
core_017,always_5pct,recovered_calibration,financial,0.1,5,1.5598544976862039,0.39999999999999986,0.6239417990744813,0.39999999999999986,0.0,0.0,1.0,0.0,0.0,0.05,0,3,0.0,0.0,0.0,0.0,0.0,1.0,0.0,0.0,0.0,0.0,core,long_shelf_life,balanced_inventory,uniform,medium_margin,moderate_disposal_cost,recovered_demand,recovered_target_response
core_017,always_5pct,recovered_calibration,financial,0.1,6,1.6370933099702512,0.3999999999999999,0.6548373239881004,0.3999999999999999,0.0,0.0,1.0,0.0,0.0,0.05,0,1,0.0,0.0,0.0,0.0,0.0,1.0,0.0,0.0,0.0,0.0,core,long_shelf_life,balanced_inventory,uniform,medium_margin,moderate_disposal_cost,recovered_demand,recovered_target_response
core_017,always_5pct,recovered_calibration,financial,0.1,7,1.6370933099702512,0.4000000000000001,0.6548373239881006,0.4000000000000001,0.0,0.0,1.0000000000000002,0.0,0.0,0.05,0,3,0.0,2.220446049250313e-16,0.0,0.0,0.0,1.0,0.0,0.0,0.0,0.0,core,long_shelf_life,balanced_inventory,uniform,medium_margin,moderate_disposal_cost,recovered_demand,recovered_target_response
core_017,always_10pct,recovered_calibration,financial,0.1,0,1.5598544976862039,0.3499999999999999,0.5459490741901712,0.3499999999999999,0.0,0.0,1.0,0.0,0.0,0.1,0,1,0.0,0.0,0.0,0.0,0.0,0.0,1.0,0.0,0.0,0.0,core,long_shelf_life,balanced_inventory,uniform,medium_margin,moderate_disposal_cost,recovered_demand,recovered_target_response
core_017,always_10pct,recovered_calibration,financial,0.1,1,1.5598544976862039,0.3499999999999999,0.5459490741901712,0.3499999999999999,0.0,0.0,1.0,0.0,0.0,0.1,0,4,0.0,0.0,0.0,0.0,0.0,0.0,1.0,0.0,0.0,0.0,core,long_shelf_life,balanced_inventory,uniform,medium_margin,moderate_disposal_cost,recovered_demand,recovered_target_response
core_017,always_10pct,recovered_calibration,financial,0.1,2,1.5598544976862039,0.35,0.5459490741901714,0.3499999999999999,0.0,0.0,1.0,0.0,0.0,0.1,0,4,0.0,0.0,0.0,0.0,0.0,0.0,1.0,0.0,0.0,0.0,core,long_shelf_life,balanced_inventory,uniform,medium_margin,moderate_disposal_cost,recovered_demand,recovered_target_response
core_017,always_10pct,recovered_calibration,financial,0.1,3,1.5598544976862039,0.3499999999999999,0.5459490741901712,0.3499999999999999,0.0,0.0,1.0,0.0,0.0,0.1,0,4,0.0,0.0,0.0,0.0,0.0,0.0,1.0,0.0,0.0,0.0,core,long_shelf_life,balanced_inventory,uniform,medium_margin,moderate_disposal_cost,recovered_demand,recovered_target_response
core_017,always_10pct,recovered_calibration,financial,0.1,4,1.5598544976862039,0.3499999999999999,0.5459490741901712,0.3499999999999999,0.0,0.0,1.0,0.0,0.0,0.1,0,3,0.0,0.0,0.0,0.0,0.0,0.0,1.0,0.0,0.0,0.0,core,long_shelf_life,balanced_inventory,uniform,medium_margin,moderate_disposal_cost,recovered_demand,recovered_target_response
core_017,always_10pct,recovered_calibration,financial,0.1,5,1.5598544976862039,0.35,0.5459490741901714,0.35000000000000003,0.0,0.0,1.0,0.0,0.0,0.1,0,3,0.0,0.0,0.0,0.0,0.0,0.0,1.0,0.0,0.0,0.0,core,long_shelf_life,balanced_inventory,uniform,medium_margin,moderate_disposal_cost,recovered_demand,recovered_target_response
core_017,always_10pct,recovered_calibration,financial,0.1,6,1.6370933099702512,0.35000000000000003,0.572982658489588,0.35000000000000003,0.0,0.0,1.0,0.0,0.0,0.1,0,1,0.0,0.0,0.0,0.0,0.0,0.0,1.0,0.0,0.0,0.0,core,long_shelf_life,balanced_inventory,uniform,medium_margin,moderate_disposal_cost,recovered_demand,recovered_target_response
core_017,always_10pct,recovered_calibration,financial,0.1,7,1.6370933099702512,0.3500000000000001,0.5729826584895881,0.35000000000000014,0.0,0.0,1.0000000000000002,0.0,0.0,0.1,0,3,0.0,2.220446049250313e-16,0.0,0.0,0.0,0.0,1.0,0.0,0.0,0.0,core,long_shelf_life,balanced_inventory,uniform,medium_margin,moderate_disposal_cost,recovered_demand,recovered_target_response
core_017,always_20pct,recovered_calibration,financial,0.1,0,1.5598544976862039,0.24999999999999992,0.38996362442155086,0.24999999999999992,0.0,0.0,1.0,0.0,0.0,0.2,0,1,0.0,0.0,0.0,0.0,0.0,0.0,0.0,1.0,0.0,0.0,core,long_shelf_life,balanced_inventory,uniform,medium_margin,moderate_disposal_cost,recovered_demand,recovered_target_response
core_017,always_20pct,recovered_calibration,financial,0.1,1,1.5598544976862039,0.24999999999999997,0.3899636244215509,0.25,0.0,0.0,1.0,0.0,0.0,0.2,0,4,0.0,0.0,0.0,0.0,0.0,0.0,0.0,1.0,0.0,0.0,core,long_shelf_life,balanced_inventory,uniform,medium_margin,moderate_disposal_cost,recovered_demand,recovered_target_response
core_017,always_20pct,recovered_calibration,financial,0.1,2,1.5598544976862039,0.24999999999999997,0.3899636244215509,0.24999999999999994,0.0,0.0,1.0,0.0,0.0,0.2,0,3,0.0,0.0,0.0,0.0,0.0,0.0,0.0,1.0,0.0,0.0,core,long_shelf_life,balanced_inventory,uniform,medium_margin,moderate_disposal_cost,recovered_demand,recovered_target_response
core_017,always_20pct,recovered_calibration,financial,0.1,3,1.5598544976862039,0.24999999999999997,0.3899636244215509,0.24999999999999994,0.0,0.0,1.0,0.0,0.0,0.2,0,3,0.0,0.0,0.0,0.0,0.0,0.0,0.0,1.0,0.0,0.0,core,long_shelf_life,balanced_inventory,uniform,medium_margin,moderate_disposal_cost,recovered_demand,recovered_target_response
core_017,always_20pct,recovered_calibration,financial,0.1,4,1.5598544976862039,0.24999999999999997,0.3899636244215509,0.24999999999999994,0.0,0.0,1.0,0.0,0.0,0.2,0,3,0.0,0.0,0.0,0.0,0.0,0.0,0.0,1.0,0.0,0.0,core,long_shelf_life,balanced_inventory,uniform,medium_margin,moderate_disposal_cost,recovered_demand,recovered_target_response
core_017,always_20pct,recovered_calibration,financial,0.1,5,1.5598544976862039,0.25,0.38996362442155097,0.25,0.0,0.0,1.0,0.0,0.0,0.2,0,3,0.0,0.0,0.0,0.0,0.0,0.0,0.0,1.0,0.0,0.0,core,long_shelf_life,balanced_inventory,uniform,medium_margin,moderate_disposal_cost,recovered_demand,recovered_target_response
core_017,always_20pct,recovered_calibration,financial,0.1,6,1.6370933099702512,0.24999999999999997,0.40927332749256273,0.24999999999999997,0.0,0.0,1.0,0.0,0.0,0.2,0,1,0.0,0.0,0.0,0.0,0.0,0.0,0.0,1.0,0.0,0.0,core,long_shelf_life,balanced_inventory,uniform,medium_margin,moderate_disposal_cost,recovered_demand,recovered_target_response
core_017,always_20pct,recovered_calibration,financial,0.1,7,1.6370933099702512,0.2500000000000001,0.40927332749256295,0.2500000000000001,0.0,0.0,1.0000000000000002,2.7755575615628914e-17,0.0,0.2,0,2,0.0,2.498001805406602e-16,0.0,0.0,0.0,0.0,0.0,1.0,0.0,0.0,core,long_shelf_life,balanced_inventory,uniform,medium_margin,moderate_disposal_cost,recovered_demand,recovered_target_response
core_017,always_40pct,recovered_calibration,financial,0.1,0,1.5598544976862039,0.049999999999999926,0.07799272488431008,0.049999999999999926,0.0,0.0,1.0,0.0,0.0,0.4,0,1,0.0,0.0,0.0,0.0,0.0,0.0,0.0,0.0,0.0,1.0,core,long_shelf_life,balanced_inventory,uniform,medium_margin,moderate_disposal_cost,recovered_demand,recovered_target_response
core_017,always_40pct,recovered_calibration,financial,0.1,1,1.5598544976862039,0.049999999999999926,0.07799272488431008,0.049999999999999906,0.0,0.0,1.0,0.0,0.0,0.4,0,2,0.0,0.0,0.0,0.0,0.0,0.0,0.0,0.0,0.0,1.0,core,long_shelf_life,balanced_inventory,uniform,medium_margin,moderate_disposal_cost,recovered_demand,recovered_target_response
core_017,always_40pct,recovered_calibration,financial,0.1,2,1.5598544976862039,0.04999999999999989,0.07799272488431003,0.04999999999999988,0.0,0.0,1.0,0.0,0.0,0.4,0,2,0.0,0.0,0.0,0.0,0.0,0.0,0.0,0.0,0.0,1.0,core,long_shelf_life,balanced_inventory,uniform,medium_margin,moderate_disposal_cost,recovered_demand,recovered_target_response
core_017,always_40pct,recovered_calibration,financial,0.1,3,1.5598544976862039,0.04999999999999989,0.07799272488431003,0.049999999999999906,0.0,0.0,1.0,0.0,0.0,0.4,0,2,0.0,0.0,0.0,0.0,0.0,0.0,0.0,0.0,0.0,1.0,core,long_shelf_life,balanced_inventory,uniform,medium_margin,moderate_disposal_cost,recovered_demand,recovered_target_response
core_017,always_40pct,recovered_calibration,financial,0.1,4,1.5598544976862039,0.049999999999999926,0.07799272488431008,0.04999999999999993,0.0,0.0,1.0,0.0,0.0,0.4,0,2,0.0,0.0,0.0,0.0,0.0,0.0,0.0,0.0,0.0,1.0,core,long_shelf_life,balanced_inventory,uniform,medium_margin,moderate_disposal_cost,recovered_demand,recovered_target_response
core_017,always_40pct,recovered_calibration,financial,0.1,5,1.5598544976862039,0.04999999999999989,0.07799272488431003,0.049999999999999906,0.0,0.0,1.0,0.0,0.0,0.4,0,2,0.0,0.0,0.0,0.0,0.0,0.0,0.0,0.0,0.0,1.0,core,long_shelf_life,balanced_inventory,uniform,medium_margin,moderate_disposal_cost,recovered_demand,recovered_target_response
core_017,always_40pct,recovered_calibration,financial,0.1,6,1.6370933099702512,0.04999999999999997,0.0818546654985125,0.04999999999999997,0.0,0.0,1.0,0.0,0.0,0.4,0,1,0.0,0.0,0.0,0.0,0.0,0.0,0.0,0.0,0.0,1.0,core,long_shelf_life,balanced_inventory,uniform,medium_margin,moderate_disposal_cost,recovered_demand,recovered_target_response
core_017,always_40pct,recovered_calibration,financial,0.1,7,1.6370933099702512,0.050000000000000065,0.08185466549851267,0.05000000000000007,0.0,0.0,1.0000000000000002,2.7755575615628914e-17,0.0,0.4,0,2,0.0,2.498001805406602e-16,0.0,0.0,0.0,0.0,0.0,0.0,0.0,1.0,core,long_shelf_life,balanced_inventory,uniform,medium_margin,moderate_disposal_cost,recovered_demand,recovered_target_response
core_017,expiry_threshold_rule,recovered_calibration,financial,0.1,0,1.5598544976862039,0.3499999999999999,0.5459490741901712,0.3499999999999999,0.0,0.0,1.0,0.0,0.0,0.1,0,1,0.0,0.0,0.0,0.0,0.0,0.0,1.0,0.0,0.0,0.0,core,long_shelf_life,balanced_inventory,uniform,medium_margin,moderate_disposal_cost,recovered_demand,recovered_target_response
core_017,expiry_threshold_rule,recovered_calibration,financial,0.1,1,1.5598544976862039,0.4217342275740008,0.6578440317095222,0.4217342275740008,0.0,0.0,1.0,0.0,0.0,0.1,0,4,0.0,0.0,0.0,0.5623351446188083,0.75,0.0,0.25,0.0,0.0,0.0,core,long_shelf_life,balanced_inventory,uniform,medium_margin,moderate_disposal_cost,recovered_demand,recovered_target_response
core_017,expiry_threshold_rule,recovered_calibration,financial,0.1,2,1.5598544976862039,0.41948676086737424,0.6543383106587908,0.41948676086737424,0.0,0.0,1.0,0.0,0.0,0.1,0,4,0.0,0.0,0.0,0.5623351446188083,0.75,0.0,0.25,0.0,0.0,0.0,core,long_shelf_life,balanced_inventory,uniform,medium_margin,moderate_disposal_cost,recovered_demand,recovered_target_response
core_017,expiry_threshold_rule,recovered_calibration,financial,0.1,3,1.5598544976862039,0.41922114480242223,0.6539239882452177,0.41922114480242223,0.0,0.0,1.0,0.0,0.0,0.1,0,4,0.0,0.0,0.0,0.5623351446188083,0.75,0.0,0.25,0.0,0.0,0.0,core,long_shelf_life,balanced_inventory,uniform,medium_margin,moderate_disposal_cost,recovered_demand,recovered_target_response
core_017,expiry_threshold_rule,recovered_calibration,financial,0.1,4,1.5598544976862039,0.41869064708765397,0.6530964889988241,0.41869064708765397,0.0,0.0,1.0,0.0,0.0,0.1,0,3,0.0,0.0,0.0,0.6365141682948128,0.6666666666666666,0.0,0.3333333333333333,0.0,0.0,0.0,core,long_shelf_life,balanced_inventory,uniform,medium_margin,moderate_disposal_cost,recovered_demand,recovered_target_response
core_017,expiry_threshold_rule,recovered_calibration,financial,0.1,5,1.5598544976862039,0.41625643548170566,0.6492994730769657,0.41625643548170566,0.0,0.0,1.0,0.0,0.0,0.1,0,3,0.0,0.0,0.0,0.6365141682948128,0.6666666666666666,0.0,0.3333333333333333,0.0,0.0,0.0,core,long_shelf_life,balanced_inventory,uniform,medium_margin,moderate_disposal_cost,recovered_demand,recovered_target_response
core_017,expiry_threshold_rule,recovered_calibration,financial,0.1,6,1.6370933099702512,0.35000000000000003,0.572982658489588,0.35000000000000003,0.0,0.0,1.0,0.0,0.0,0.1,0,1,0.0,0.0,0.0,0.0,0.0,0.0,1.0,0.0,0.0,0.0,core,long_shelf_life,balanced_inventory,uniform,medium_margin,moderate_disposal_cost,recovered_demand,recovered_target_response
core_017,expiry_threshold_rule,recovered_calibration,financial,0.1,7,1.6370933099702512,0.40205157335206176,0.658195940997674,0.40205157335206176,0.0,0.0,1.0000000000000002,0.0,0.0,0.1,0,3,0.0,2.220446049250313e-16,0.0,0.6365141682948128,0.6666666666666666,0.0,0.3333333333333333,0.0,0.0,0.0,core,long_shelf_life,balanced_inventory,uniform,medium_margin,moderate_disposal_cost,recovered_demand,recovered_target_response
core_017,inventory_coverage_rule,recovered_calibration,financial,0.1,0,1.5598544976862039,0.24999999999999992,0.38996362442155086,0.24999999999999992,0.0,0.0,1.0,0.0,0.0,0.2,0,1,0.0,0.0,0.0,0.0,0.0,0.0,0.0,1.0,0.0,0.0,core,long_shelf_life,balanced_inventory,uniform,medium_margin,moderate_disposal_cost,recovered_demand,recovered_target_response
core_017,inventory_coverage_rule,recovered_calibration,financial,0.1,1,1.5598544976862039,0.20089224466443112,0.31336267139009016,0.20089224466443112,0.0,0.0,1.0,0.0,0.0,0.3,0,3,0.0,0.0,0.0,0.6365141682948128,0.3333333333333333,0.0,0.0,0.0,0.6666666666666666,0.0,core,long_shelf_life,balanced_inventory,uniform,medium_margin,moderate_disposal_cost,recovered_demand,recovered_target_response
core_017,inventory_coverage_rule,recovered_calibration,financial,0.1,2,1.5598544976862039,0.19437828175383443,0.3032018370462348,0.19437828175383443,0.0,0.0,1.0,0.0,0.0,0.3,0,3,0.0,0.0,0.0,0.6365141682948128,0.3333333333333333,0.0,0.0,0.0,0.6666666666666666,0.0,core,long_shelf_life,balanced_inventory,uniform,medium_margin,moderate_disposal_cost,recovered_demand,recovered_target_response
core_017,inventory_coverage_rule,recovered_calibration,financial,0.1,3,1.5598544976862039,0.1957271718763633,0.305305909370746,0.19572717187636332,0.0,0.0,1.0,0.0,0.0,0.3,0,3,0.0,0.0,0.0,0.6365141682948128,0.3333333333333333,0.0,0.0,0.0,0.6666666666666666,0.0,core,long_shelf_life,balanced_inventory,uniform,medium_margin,moderate_disposal_cost,recovered_demand,recovered_target_response
core_017,inventory_coverage_rule,recovered_calibration,financial,0.1,4,1.5598544976862039,0.18995530272984845,0.29630263332249857,0.18995530272984845,0.0,0.0,1.0,0.0,0.0,0.3,0,3,0.0,0.0,0.0,0.6365141682948128,0.3333333333333333,0.0,0.0,0.0,0.6666666666666666,0.0,core,long_shelf_life,balanced_inventory,uniform,medium_margin,moderate_disposal_cost,recovered_demand,recovered_target_response
core_017,inventory_coverage_rule,recovered_calibration,financial,0.1,5,1.5598544976862039,0.15675047620548704,0.24450793532358323,0.15675047620548702,0.0,0.0,1.0,0.0,0.0,0.3,0,3,0.0,0.0,0.0,0.6365141682948128,0.3333333333333333,0.0,0.0,0.0,0.6666666666666666,0.0,core,long_shelf_life,balanced_inventory,uniform,medium_margin,moderate_disposal_cost,recovered_demand,recovered_target_response
core_017,inventory_coverage_rule,recovered_calibration,financial,0.1,6,1.6370933099702512,0.24999999999999997,0.40927332749256273,0.24999999999999997,0.0,0.0,1.0,0.0,0.0,0.2,0,1,0.0,0.0,0.0,0.0,0.0,0.0,0.0,1.0,0.0,0.0,core,long_shelf_life,balanced_inventory,uniform,medium_margin,moderate_disposal_cost,recovered_demand,recovered_target_response
core_017,inventory_coverage_rule,recovered_calibration,financial,0.1,7,1.6370933099702512,0.24611838991224447,0.40291876958598516,0.2461183899122445,0.0,0.0,1.0000000000000002,0.0,0.0,0.3,0,3,0.0,2.220446049250313e-16,0.0,1.0986122886681096,0.3333333333333333,0.0,0.3333333333333333,0.0,0.3333333333333333,0.0,core,long_shelf_life,balanced_inventory,uniform,medium_margin,moderate_disposal_cost,recovered_demand,recovered_target_response
core_018,always_0pct,recovered_calibration,financial,0.1,0,3.1197089953724078,0.44999999999999996,1.4038690479175833,0.4499999999999999,0.0,0.0,1.0,0.0,0.0,0.0,-1,3,0.0,0.0,0.0,0.0,1.0,0.0,0.0,0.0,0.0,0.0,core,long_shelf_life,high_inventory,uniform,medium_margin,moderate_disposal_cost,recovered_demand,recovered_target_response
core_018,always_0pct,recovered_calibration,financial,0.1,1,3.1197089953724078,0.44999999999999996,1.4038690479175833,0.4499999999999999,0.0,0.0,1.0,0.0,0.0,0.0,-1,7,0.0,0.0,0.0,0.0,1.0,0.0,0.0,0.0,0.0,0.0,core,long_shelf_life,high_inventory,uniform,medium_margin,moderate_disposal_cost,recovered_demand,recovered_target_response
core_018,always_0pct,recovered_calibration,financial,0.1,2,3.1197089953724078,0.44999999999999996,1.4038690479175833,0.44999999999999996,0.0,0.0,0.9999999999999999,0.0,0.0,0.0,-1,6,0.0,4.440892098500626e-16,0.0,0.0,1.0,0.0,0.0,0.0,0.0,0.0,core,long_shelf_life,high_inventory,uniform,medium_margin,moderate_disposal_cost,recovered_demand,recovered_target_response
core_018,always_0pct,recovered_calibration,financial,0.1,3,3.1197089953724078,0.45,1.4038690479175835,0.44999999999999996,0.0,0.0,1.0000000000000002,0.0,0.0,0.0,-1,6,0.0,4.440892098500626e-16,2.220446049250313e-16,0.0,1.0,0.0,0.0,0.0,0.0,0.0,core,long_shelf_life,high_inventory,uniform,medium_margin,moderate_disposal_cost,recovered_demand,recovered_target_response
core_018,always_0pct,recovered_calibration,financial,0.1,4,3.1197089953724078,0.44999999999999984,1.403869047917583,0.44999999999999984,0.0,0.0,1.0000000000000002,0.0,0.0,0.0,-1,6,0.0,4.440892098500626e-16,0.0,0.0,1.0,0.0,0.0,0.0,0.0,0.0,core,long_shelf_life,high_inventory,uniform,medium_margin,moderate_disposal_cost,recovered_demand,recovered_target_response
core_018,always_0pct,recovered_calibration,financial,0.1,5,3.1197089953724078,0.44999999999999996,1.4038690479175833,0.44999999999999996,0.0,0.0,1.0,0.0,0.0,0.0,-1,5,0.0,0.0,0.0,0.0,1.0,0.0,0.0,0.0,0.0,0.0,core,long_shelf_life,high_inventory,uniform,medium_margin,moderate_disposal_cost,recovered_demand,recovered_target_response
core_018,always_0pct,recovered_calibration,financial,0.1,6,3.2741866199405023,0.4500000000000001,1.4733839789732264,0.45000000000000007,0.0,0.0,1.0000000000000002,0.0,0.0,0.0,-1,3,0.0,4.440892098500626e-16,0.0,0.0,1.0,0.0,0.0,0.0,0.0,0.0,core,long_shelf_life,high_inventory,uniform,medium_margin,moderate_disposal_cost,recovered_demand,recovered_target_response
core_018,always_0pct,recovered_calibration,financial,0.1,7,3.2741866199405023,0.44999999999999996,1.473383978973226,0.45,0.0,0.0,1.0,0.0,0.0,0.0,-1,5,0.0,0.0,0.0,0.0,1.0,0.0,0.0,0.0,0.0,0.0,core,long_shelf_life,high_inventory,uniform,medium_margin,moderate_disposal_cost,recovered_demand,recovered_target_response
core_018,always_5pct,recovered_calibration,financial,0.1,0,3.1197089953724078,0.39999999999999986,1.2478835981489627,0.39999999999999986,0.0,0.0,1.0,0.0,0.0,0.05,0,3,0.0,0.0,0.0,0.0,0.0,1.0,0.0,0.0,0.0,0.0,core,long_shelf_life,high_inventory,uniform,medium_margin,moderate_disposal_cost,recovered_demand,recovered_target_response
core_018,always_5pct,recovered_calibration,financial,0.1,1,3.1197089953724078,0.39999999999999986,1.2478835981489627,0.3999999999999999,0.0,0.0,1.0,0.0,0.0,0.05,0,6,0.0,0.0,0.0,0.0,0.0,1.0,0.0,0.0,0.0,0.0,core,long_shelf_life,high_inventory,uniform,medium_margin,moderate_disposal_cost,recovered_demand,recovered_target_response
core_018,always_5pct,recovered_calibration,financial,0.1,2,3.1197089953724078,0.39999999999999986,1.2478835981489627,0.39999999999999986,0.0,0.0,1.0,0.0,0.0,0.05,0,6,0.0,0.0,0.0,0.0,0.0,1.0,0.0,0.0,0.0,0.0,core,long_shelf_life,high_inventory,uniform,medium_margin,moderate_disposal_cost,recovered_demand,recovered_target_response
core_018,always_5pct,recovered_calibration,financial,0.1,3,3.1197089953724078,0.3999999999999998,1.2478835981489624,0.39999999999999986,0.0,0.0,1.0,0.0,0.0,0.05,0,6,0.0,0.0,2.220446049250313e-16,0.0,0.0,1.0,0.0,0.0,0.0,0.0,core,long_shelf_life,high_inventory,uniform,medium_margin,moderate_disposal_cost,recovered_demand,recovered_target_response
core_018,always_5pct,recovered_calibration,financial,0.1,4,3.1197089953724078,0.39999999999999986,1.2478835981489627,0.39999999999999986,0.0,0.0,1.0,0.0,0.0,0.05,0,5,0.0,0.0,0.0,0.0,0.0,1.0,0.0,0.0,0.0,0.0,core,long_shelf_life,high_inventory,uniform,medium_margin,moderate_disposal_cost,recovered_demand,recovered_target_response
core_018,always_5pct,recovered_calibration,financial,0.1,5,3.1197089953724078,0.3999999999999999,1.2478835981489629,0.3999999999999999,0.0,0.0,1.0,0.0,0.0,0.05,0,5,0.0,0.0,0.0,0.0,0.0,1.0,0.0,0.0,0.0,0.0,core,long_shelf_life,high_inventory,uniform,medium_margin,moderate_disposal_cost,recovered_demand,recovered_target_response
core_018,always_5pct,recovered_calibration,financial,0.1,6,3.2741866199405023,0.4,1.309674647976201,0.4000000000000001,0.0,0.0,1.0000000000000002,0.0,0.0,0.05,0,3,0.0,4.440892098500626e-16,0.0,0.0,0.0,1.0,0.0,0.0,0.0,0.0,core,long_shelf_life,high_inventory,uniform,medium_margin,moderate_disposal_cost,recovered_demand,recovered_target_response
core_018,always_5pct,recovered_calibration,financial,0.1,7,3.2741866199405023,0.3999999999999999,1.3096746479762007,0.3999999999999999,0.0,0.0,1.0,0.0,0.0,0.05,0,5,0.0,0.0,0.0,0.0,0.0,1.0,0.0,0.0,0.0,0.0,core,long_shelf_life,high_inventory,uniform,medium_margin,moderate_disposal_cost,recovered_demand,recovered_target_response
core_018,always_10pct,recovered_calibration,financial,0.1,0,3.1197089953724078,0.3499999999999999,1.0918981483803425,0.34999999999999987,0.0,0.0,1.0,0.0,0.0,0.1,0,3,0.0,0.0,0.0,0.0,0.0,0.0,1.0,0.0,0.0,0.0,core,long_shelf_life,high_inventory,uniform,medium_margin,moderate_disposal_cost,recovered_demand,recovered_target_response
core_018,always_10pct,recovered_calibration,financial,0.1,1,3.1197089953724078,0.3499999999999999,1.0918981483803425,0.35,0.0,0.0,1.0,0.0,0.0,0.1,0,7,0.0,0.0,0.0,0.0,0.0,0.0,1.0,0.0,0.0,0.0,core,long_shelf_life,high_inventory,uniform,medium_margin,moderate_disposal_cost,recovered_demand,recovered_target_response
core_018,always_10pct,recovered_calibration,financial,0.1,2,3.1197089953724078,0.3499999999999999,1.0918981483803425,0.34999999999999987,0.0,0.0,1.0,0.0,0.0,0.1,0,6,0.0,0.0,0.0,0.0,0.0,0.0,1.0,0.0,0.0,0.0,core,long_shelf_life,high_inventory,uniform,medium_margin,moderate_disposal_cost,recovered_demand,recovered_target_response
core_018,always_10pct,recovered_calibration,financial,0.1,3,3.1197089953724078,0.35,1.0918981483803427,0.35000000000000003,0.0,0.0,0.9999999999999999,0.0,0.0,0.1,0,6,0.0,4.440892098500626e-16,0.0,0.0,0.0,0.0,1.0,0.0,0.0,0.0,core,long_shelf_life,high_inventory,uniform,medium_margin,moderate_disposal_cost,recovered_demand,recovered_target_response
core_018,always_10pct,recovered_calibration,financial,0.1,4,3.1197089953724078,0.3499999999999999,1.0918981483803425,0.34999999999999987,0.0,0.0,1.0,0.0,0.0,0.1,0,5,0.0,0.0,0.0,0.0,0.0,0.0,1.0,0.0,0.0,0.0,core,long_shelf_life,high_inventory,uniform,medium_margin,moderate_disposal_cost,recovered_demand,recovered_target_response
core_018,always_10pct,recovered_calibration,financial,0.1,5,3.1197089953724078,0.3499999999999999,1.0918981483803425,0.3499999999999999,0.0,0.0,1.0,0.0,0.0,0.1,0,5,0.0,0.0,0.0,0.0,0.0,0.0,1.0,0.0,0.0,0.0,core,long_shelf_life,high_inventory,uniform,medium_margin,moderate_disposal_cost,recovered_demand,recovered_target_response
core_018,always_10pct,recovered_calibration,financial,0.1,6,3.2741866199405023,0.3500000000000001,1.1459653169791761,0.3500000000000001,0.0,0.0,1.0000000000000002,0.0,0.0,0.1,0,3,0.0,4.440892098500626e-16,0.0,0.0,0.0,0.0,1.0,0.0,0.0,0.0,core,long_shelf_life,high_inventory,uniform,medium_margin,moderate_disposal_cost,recovered_demand,recovered_target_response
core_018,always_10pct,recovered_calibration,financial,0.1,7,3.2741866199405023,0.35000000000000003,1.145965316979176,0.3500000000000001,0.0,0.0,1.0000000000000002,0.0,0.0,0.1,0,5,0.0,4.440892098500626e-16,0.0,0.0,0.0,0.0,1.0,0.0,0.0,0.0,core,long_shelf_life,high_inventory,uniform,medium_margin,moderate_disposal_cost,recovered_demand,recovered_target_response
core_018,always_20pct,recovered_calibration,financial,0.1,0,3.1197089953724078,0.25,0.7799272488431019,0.25000000000000006,0.0,0.0,1.0,0.0,0.0,0.2,0,3,0.0,0.0,0.0,0.0,0.0,0.0,0.0,1.0,0.0,0.0,core,long_shelf_life,high_inventory,uniform,medium_margin,moderate_disposal_cost,recovered_demand,recovered_target_response
core_018,always_20pct,recovered_calibration,financial,0.1,1,3.1197089953724078,0.24999999999999997,0.7799272488431018,0.24999999999999994,0.0,0.0,1.0,0.0,0.0,0.2,0,6,0.0,0.0,0.0,0.0,0.0,0.0,0.0,1.0,0.0,0.0,core,long_shelf_life,high_inventory,uniform,medium_margin,moderate_disposal_cost,recovered_demand,recovered_target_response
core_018,always_20pct,recovered_calibration,financial,0.1,2,3.1197089953724078,0.25,0.7799272488431019,0.25,0.0,0.0,1.0,0.0,0.0,0.2,0,6,0.0,0.0,0.0,0.0,0.0,0.0,0.0,1.0,0.0,0.0,core,long_shelf_life,high_inventory,uniform,medium_margin,moderate_disposal_cost,recovered_demand,recovered_target_response
core_018,always_20pct,recovered_calibration,financial,0.1,3,3.1197089953724078,0.24999999999999997,0.7799272488431018,0.24999999999999994,0.0,0.0,1.0,0.0,0.0,0.2,0,5,0.0,0.0,1.1102230246251565e-16,0.0,0.0,0.0,0.0,1.0,0.0,0.0,core,long_shelf_life,high_inventory,uniform,medium_margin,moderate_disposal_cost,recovered_demand,recovered_target_response
core_018,always_20pct,recovered_calibration,financial,0.1,4,3.1197089953724078,0.24999999999999997,0.7799272488431018,0.24999999999999994,0.0,0.0,1.0,0.0,0.0,0.2,0,5,0.0,0.0,1.1102230246251565e-16,0.0,0.0,0.0,0.0,1.0,0.0,0.0,core,long_shelf_life,high_inventory,uniform,medium_margin,moderate_disposal_cost,recovered_demand,recovered_target_response
core_018,always_20pct,recovered_calibration,financial,0.1,5,3.1197089953724078,0.25,0.7799272488431019,0.25,0.0,0.0,0.9999999999999999,0.0,0.0,0.2,0,5,0.0,4.440892098500626e-16,0.0,0.0,0.0,0.0,0.0,1.0,0.0,0.0,core,long_shelf_life,high_inventory,uniform,medium_margin,moderate_disposal_cost,recovered_demand,recovered_target_response
core_018,always_20pct,recovered_calibration,financial,0.1,6,3.2741866199405023,0.25000000000000017,0.8185466549851261,0.25000000000000017,0.0,0.0,1.0000000000000002,0.0,0.0,0.2,0,3,0.0,4.440892098500626e-16,0.0,0.0,0.0,0.0,0.0,1.0,0.0,0.0,core,long_shelf_life,high_inventory,uniform,medium_margin,moderate_disposal_cost,recovered_demand,recovered_target_response
core_018,always_20pct,recovered_calibration,financial,0.1,7,3.2741866199405023,0.25,0.8185466549851256,0.24999999999999997,0.0,0.0,1.0000000000000002,5.551115123125783e-17,0.0,0.2,0,4,0.0,4.996003610813204e-16,0.0,0.0,0.0,0.0,0.0,1.0,0.0,0.0,core,long_shelf_life,high_inventory,uniform,medium_margin,moderate_disposal_cost,recovered_demand,recovered_target_response
core_018,always_40pct,recovered_calibration,financial,0.1,0,3.1197089953724078,0.04999999999999989,0.15598544976862005,0.04999999999999988,0.0,0.0,1.0,0.0,0.0,0.4,0,2,0.0,0.0,0.0,0.0,0.0,0.0,0.0,0.0,0.0,1.0,core,long_shelf_life,high_inventory,uniform,medium_margin,moderate_disposal_cost,recovered_demand,recovered_target_response
core_018,always_40pct,recovered_calibration,financial,0.1,1,3.1197089953724078,0.04999999999999988,0.15598544976862,0.049999999999999906,0.0,0.0,1.0,0.0,0.0,0.4,0,4,0.0,0.0,0.0,0.0,0.0,0.0,0.0,0.0,0.0,1.0,core,long_shelf_life,high_inventory,uniform,medium_margin,moderate_disposal_cost,recovered_demand,recovered_target_response
core_018,always_40pct,recovered_calibration,financial,0.1,2,3.1197089953724078,0.04999999999999991,0.1559854497686201,0.049999999999999906,0.0,0.0,1.0,0.0,0.0,0.4,0,4,0.0,0.0,0.0,0.0,0.0,0.0,0.0,0.0,0.0,1.0,core,long_shelf_life,high_inventory,uniform,medium_margin,moderate_disposal_cost,recovered_demand,recovered_target_response
core_018,always_40pct,recovered_calibration,financial,0.1,3,3.1197089953724078,0.04999999999999991,0.1559854497686201,0.04999999999999993,0.0,0.0,1.0,0.0,0.0,0.4,0,4,0.0,0.0,0.0,0.0,0.0,0.0,0.0,0.0,0.0,1.0,core,long_shelf_life,high_inventory,uniform,medium_margin,moderate_disposal_cost,recovered_demand,recovered_target_response
core_018,always_40pct,recovered_calibration,financial,0.1,4,3.1197089953724078,0.04999999999999992,0.15598544976862014,0.04999999999999989,0.0,0.0,1.0,0.0,0.0,0.4,0,4,0.0,0.0,0.0,0.0,0.0,0.0,0.0,0.0,0.0,1.0,core,long_shelf_life,high_inventory,uniform,medium_margin,moderate_disposal_cost,recovered_demand,recovered_target_response
core_018,always_40pct,recovered_calibration,financial,0.1,5,3.1197089953724078,0.049999999999999885,0.15598544976862003,0.049999999999999864,0.0,0.0,1.0,0.0,0.0,0.4,0,4,0.0,0.0,0.0,0.0,0.0,0.0,0.0,0.0,0.0,1.0,core,long_shelf_life,high_inventory,uniform,medium_margin,moderate_disposal_cost,recovered_demand,recovered_target_response
core_018,always_40pct,recovered_calibration,financial,0.1,6,3.2741866199405023,0.050000000000000065,0.16370933099702534,0.050000000000000044,0.0,0.0,1.0000000000000002,5.551115123125783e-17,0.0,0.4,0,2,0.0,4.996003610813204e-16,0.0,0.0,0.0,0.0,0.0,0.0,0.0,1.0,core,long_shelf_life,high_inventory,uniform,medium_margin,moderate_disposal_cost,recovered_demand,recovered_target_response
core_018,always_40pct,recovered_calibration,financial,0.1,7,3.2741866199405023,0.05000000000000003,0.16370933099702523,0.050000000000000044,0.0,0.0,1.0000000000000002,5.551115123125783e-17,0.0,0.4,0,3,0.0,4.996003610813204e-16,0.0,0.0,0.0,0.0,0.0,0.0,0.0,1.0,core,long_shelf_life,high_inventory,uniform,medium_margin,moderate_disposal_cost,recovered_demand,recovered_target_response
core_018,expiry_threshold_rule,recovered_calibration,financial,0.1,0,3.1197089953724078,0.3936709539802704,1.2281388163490867,0.3936709539802704,0.0,0.0,1.0,0.0,0.0,0.1,0,3,0.0,0.0,0.0,0.6365141682948128,0.6666666666666666,0.0,0.3333333333333333,0.0,0.0,0.0,core,long_shelf_life,high_inventory,uniform,medium_margin,moderate_disposal_cost,recovered_demand,recovered_target_response
core_018,expiry_threshold_rule,recovered_calibration,financial,0.1,1,3.1197089953724078,0.4356534540986501,1.359111999616619,0.4356534540986501,0.0,0.0,1.0,0.0,0.0,0.1,0,7,0.0,0.0,0.0,0.410116318288409,0.8571428571428571,0.0,0.14285714285714285,0.0,0.0,0.0,core,long_shelf_life,high_inventory,uniform,medium_margin,moderate_disposal_cost,recovered_demand,recovered_target_response
core_018,expiry_threshold_rule,recovered_calibration,financial,0.1,2,3.1197089953724078,0.434524522406047,1.3555900612600442,0.43452452240604705,0.0,0.0,1.0,0.0,0.0,0.1,0,6,0.0,0.0,0.0,0.45056120886630463,0.8333333333333334,0.0,0.16666666666666666,0.0,0.0,0.0,core,long_shelf_life,high_inventory,uniform,medium_margin,moderate_disposal_cost,recovered_demand,recovered_target_response
core_018,expiry_threshold_rule,recovered_calibration,financial,0.1,3,3.1197089953724078,0.4343911000096642,1.3551738222098646,0.43439110000966424,0.0,0.0,1.0,0.0,0.0,0.1,0,6,0.0,0.0,2.220446049250313e-16,0.45056120886630463,0.8333333333333334,0.0,0.16666666666666666,0.0,0.0,0.0,core,long_shelf_life,high_inventory,uniform,medium_margin,moderate_disposal_cost,recovered_demand,recovered_target_response
core_018,expiry_threshold_rule,recovered_calibration,financial,0.1,4,3.1197089953724078,0.4341246241231517,1.3543424949896619,0.4341246241231517,0.0,0.0,1.0,0.0,0.0,0.1,0,6,0.0,0.0,0.0,0.45056120886630463,0.8333333333333334,0.0,0.16666666666666666,0.0,0.0,0.0,core,long_shelf_life,high_inventory,uniform,medium_margin,moderate_disposal_cost,recovered_demand,recovered_target_response
core_018,expiry_threshold_rule,recovered_calibration,financial,0.1,5,3.1197089953724078,0.4329510295270612,1.3506812213713177,0.4329510295270612,0.0,0.0,1.0,0.0,0.0,0.1,0,5,0.0,0.0,0.0,0.5004024235381879,0.8,0.0,0.2,0.0,0.0,0.0,core,long_shelf_life,high_inventory,uniform,medium_margin,moderate_disposal_cost,recovered_demand,recovered_target_response
core_018,expiry_threshold_rule,recovered_calibration,financial,0.1,6,3.2741866199405023,0.3986237798921099,1.305168646512854,0.39862377989210984,0.0,0.0,1.0000000000000002,0.0,0.0,0.1,0,3,0.0,4.440892098500626e-16,0.0,0.6365141682948128,0.6666666666666666,0.0,0.3333333333333333,0.0,0.0,0.0,core,long_shelf_life,high_inventory,uniform,medium_margin,moderate_disposal_cost,recovered_demand,recovered_target_response
core_018,expiry_threshold_rule,recovered_calibration,financial,0.1,7,3.2741866199405023,0.42596008129054824,1.3946727987902818,0.4259600812905483,0.0,0.0,1.0000000000000002,0.0,0.0,0.1,0,5,0.0,4.440892098500626e-16,0.0,0.5004024235381879,0.8,0.0,0.2,0.0,0.0,0.0,core,long_shelf_life,high_inventory,uniform,medium_margin,moderate_disposal_cost,recovered_demand,recovered_target_response
core_018,inventory_coverage_rule,recovered_calibration,financial,0.1,0,3.1197089953724078,0.23724465334855416,0.740134279155493,0.23724465334855413,0.0,0.0,1.0,0.0,0.0,0.3,0,3,0.0,0.0,0.0,1.0986122886681096,0.3333333333333333,0.0,0.3333333333333333,0.0,0.3333333333333333,0.0,core,long_shelf_life,high_inventory,uniform,medium_margin,moderate_disposal_cost,recovered_demand,recovered_target_response
core_018,inventory_coverage_rule,recovered_calibration,financial,0.1,1,3.1197089953724078,0.18254830441890804,0.569497587385648,0.18254830441890807,0.0,0.0,1.0,0.0,0.0,0.3,0,5,0.0,0.0,0.0,0.5004024235381879,0.0,0.0,0.2,0.0,0.8,0.0,core,long_shelf_life,high_inventory,uniform,medium_margin,moderate_disposal_cost,recovered_demand,recovered_target_response
core_018,inventory_coverage_rule,recovered_calibration,financial,0.1,2,3.1197089953724078,0.1932045216980698,0.6027418842880918,0.19320452169806981,0.0,0.0,1.0,0.0,0.0,0.3,0,5,0.0,0.0,0.0,0.5004024235381879,0.2,0.0,0.0,0.0,0.8,0.0,core,long_shelf_life,high_inventory,uniform,medium_margin,moderate_disposal_cost,recovered_demand,recovered_target_response
core_018,inventory_coverage_rule,recovered_calibration,financial,0.1,3,3.1197089953724078,0.17572411866531681,0.5482081137040773,0.17572411866531687,0.0,0.0,1.0,0.0,0.0,0.3,0,5,0.0,0.0,0.0,0.5004024235381879,0.2,0.0,0.0,0.0,0.8,0.0,core,long_shelf_life,high_inventory,uniform,medium_margin,moderate_disposal_cost,recovered_demand,recovered_target_response
core_018,inventory_coverage_rule,recovered_calibration,financial,0.1,4,3.1197089953724078,0.15314175192503046,0.4777577010476073,0.15314175192503046,0.0,0.0,1.0,0.0,0.0,0.3,0,5,0.0,0.0,5.551115123125783e-17,0.5004024235381879,0.2,0.0,0.0,0.0,0.8,0.0,core,long_shelf_life,high_inventory,uniform,medium_margin,moderate_disposal_cost,recovered_demand,recovered_target_response
core_018,inventory_coverage_rule,recovered_calibration,financial,0.1,5,3.1197089953724078,0.1988581354702359,0.6203795140294798,0.1988581354702359,0.0,0.0,1.0,0.0,0.0,0.3,0,5,0.0,0.0,0.0,0.9502705392332347,0.2,0.0,0.2,0.0,0.6,0.0,core,long_shelf_life,high_inventory,uniform,medium_margin,moderate_disposal_cost,recovered_demand,recovered_target_response
core_018,inventory_coverage_rule,recovered_calibration,financial,0.1,6,3.2741866199405023,0.2174068568521032,0.7118306217884764,0.21740685685210323,0.0,0.0,1.0000000000000002,0.0,0.0,0.3,0,3,0.0,4.440892098500626e-16,0.0,1.0986122886681096,0.3333333333333333,0.0,0.0,0.3333333333333333,0.3333333333333333,0.0,core,long_shelf_life,high_inventory,uniform,medium_margin,moderate_disposal_cost,recovered_demand,recovered_target_response
core_018,inventory_coverage_rule,recovered_calibration,financial,0.1,7,3.2741866199405023,0.1947913141471985,0.6377831144613844,0.19479131414719847,0.0,0.0,1.0,5.551115123125783e-17,0.0,0.3,0,4,0.0,5.551115123125783e-17,0.0,0.5623351446188083,0.0,0.0,0.25,0.0,0.75,0.0,core,long_shelf_life,high_inventory,uniform,medium_margin,moderate_disposal_cost,recovered_demand,recovered_target_response
