state_id,target,selected_model_type,store_id,product_id,activity_flag,possible_stockout_flag,stockout_risk_group,demand_volume_group,markdown_rate,predicted_demand,absolute_uplift_vs_zero,percentage_uplift_vs_zero,support_status
0,observed,hist_gradient_boosting,493,37,0,1,high,high,0.0,1.5305709373112206,0.0,0.0,supported
0,observed,hist_gradient_boosting,493,37,0,1,high,high,0.05,1.7702427221991996,0.23967178488797902,15.658979211314072,supported
0,observed,hist_gradient_boosting,493,37,0,1,high,high,0.1,1.9547858512148042,0.42421491390358357,27.716122367304898,supported
0,observed,hist_gradient_boosting,493,37,0,1,high,high,0.2,1.988957886308381,0.45838694899716037,29.948755580216122,supported
0,observed,hist_gradient_boosting,493,37,0,1,high,high,0.3,2.0680620263512615,0.5374910890400408,35.11703220918727,supported
0,observed,hist_gradient_boosting,493,37,0,1,high,high,0.4,2.28878217563911,0.7582112383278892,49.537804478363576,supported
1,observed,hist_gradient_boosting,117,316,0,1,high,high,0.0,1.180740264380991,0.0,0.0,supported
1,observed,hist_gradient_boosting,117,316,0,1,high,high,0.05,1.2778239044131117,0.09708364003212067,8.222268941003485,supported
1,observed,hist_gradient_boosting,117,316,0,1,high,high,0.1,1.2378247304235002,0.05708446604250916,4.834633641670205,supported
1,observed,hist_gradient_boosting,117,316,0,1,high,high,0.2,1.2144164012673748,0.03367613688638382,2.852120648569456,supported
1,observed,hist_gradient_boosting,117,316,0,1,high,high,0.3,1.236516037638412,0.05577577325742089,4.723797005996211,supported
1,observed,hist_gradient_boosting,117,316,0,1,high,high,0.4,1.599542059169754,0.418801794788763,35.46942603912318,supported
2,observed,hist_gradient_boosting,513,467,0,0,high,high,0.0,3.0704316342199105,0.0,0.0,supported
2,observed,hist_gradient_boosting,513,467,0,0,high,high,0.05,3.233542276765985,0.16311064254607466,5.312303349412151,supported
2,observed,hist_gradient_boosting,513,467,0,0,high,high,0.1,3.714482363410953,0.6440507291910427,20.97590195505765,supported
2,observed,hist_gradient_boosting,513,467,0,0,high,high,0.2,3.7836000888205987,0.7131684546006882,23.226977166742202,supported
2,observed,hist_gradient_boosting,513,467,0,0,high,high,0.3,3.763437709415065,0.6930060751951546,22.570314462358088,supported
2,observed,hist_gradient_boosting,513,467,0,0,high,high,0.4,3.820786522780865,0.7503548885609543,24.438091380972683,supported
3,observed,hist_gradient_boosting,325,758,0,1,high,high,0.0,0.9202766580544641,0.0,0.0,supported
3,observed,hist_gradient_boosting,325,758,0,1,high,high,0.05,0.9697112417925231,0.04943458373805898,5.37170896440724,supported
3,observed,hist_gradient_boosting,325,758,0,1,high,high,0.1,1.0342279827156333,0.1139513246611692,12.382290006362995,supported
3,observed,hist_gradient_boosting,325,758,0,1,high,high,0.2,1.0480004846899438,0.12772382663547965,13.878851051758456,supported
3,observed,hist_gradient_boosting,325,758,0,1,high,high,0.3,1.0787989057970697,0.1585222477426056,17.22549913172131,supported
3,observed,hist_gradient_boosting,325,758,0,1,high,high,0.4,1.3988552805247,0.47857862247023597,52.00377715566405,supported
4,observed,hist_gradient_boosting,417,756,0,1,high,high,0.0,6.532178516931096,0.0,0.0,supported
4,observed,hist_gradient_boosting,417,756,0,1,high,high,0.05,6.455434542994641,-0.07674397393645549,-1.1748603277993541,supported
4,observed,hist_gradient_boosting,417,756,0,1,high,high,0.1,6.980716557283137,0.4485380403520409,6.86659189104295,supported
4,observed,hist_gradient_boosting,417,756,0,1,high,high,0.2,8.166832666611073,1.6346541496799771,25.02463987233403,supported
4,observed,hist_gradient_boosting,417,756,0,1,high,high,0.3,8.332409755213762,1.8002312382826657,27.559431108879707,supported
4,observed,hist_gradient_boosting,417,756,0,1,high,high,0.4,8.51122227299163,1.9790437560605332,30.296841259480978,supported
5,observed,hist_gradient_boosting,498,547,0,1,high,low,0.0,0.21173189549593,0.0,0.0,supported
5,observed,hist_gradient_boosting,498,547,0,1,high,low,0.05,0.2962519642350726,0.08452006873914261,39.918439563002586,supported
5,observed,hist_gradient_boosting,498,547,0,1,high,low,0.1,0.30460934683430324,0.09287745133837325,43.86559290976477,supported
5,observed,hist_gradient_boosting,498,547,0,1,high,low,0.2,0.3391617377102355,0.1274298422143055,60.184528134427914,supported
5,observed,hist_gradient_boosting,498,547,0,1,high,low,0.3,0.4400428740168993,0.2283109785209693,107.83022462733207,supported
5,observed,hist_gradient_boosting,498,547,0,1,high,low,0.4,0.6482850476682003,0.4365531521722703,206.1820450573834,supported
6,observed,hist_gradient_boosting,212,608,0,0,high,low,0.0,0.39212347768288064,0.0,0.0,supported
6,observed,hist_gradient_boosting,212,608,0,0,high,low,0.05,0.46951538081809424,0.0773919031352136,19.73661551522865,supported
6,observed,hist_gradient_boosting,212,608,0,0,high,low,0.1,0.4883154768501868,0.09619199916730614,24.531048162614443,supported
6,observed,hist_gradient_boosting,212,608,0,0,high,low,0.2,0.4897006299583384,0.09757715227545777,24.884292277538833,supported
6,observed,hist_gradient_boosting,212,608,0,0,high,low,0.3,0.5878927225183006,0.19576924483541996,49.92540767827809,supported
6,observed,hist_gradient_boosting,212,608,0,0,high,low,0.4,0.8948442341142275,0.502720756431347,128.204707201416,supported
7,observed,hist_gradient_boosting,802,591,0,1,high,low,0.0,0.2947551651807538,0.0,0.0,supported
7,observed,hist_gradient_boosting,802,591,0,1,high,low,0.05,0.3702113233919415,0.07545615821118773,25.599605070505028,supported
7,observed,hist_gradient_boosting,802,591,0,1,high,low,0.1,0.3676828242998203,0.07292765911906651,24.74177477919508,supported
7,observed,hist_gradient_boosting,802,591,0,1,high,low,0.2,0.40751720505325584,0.11276203987250205,38.25617094898153,supported
7,observed,hist_gradient_boosting,802,591,0,1,high,low,0.3,0.4907444594427922,0.19598929426203843,66.49223403493241,supported
7,observed,hist_gradient_boosting,802,591,0,1,high,low,0.4,0.8309044352612751,0.5361492700805213,181.8964799995062,supported
8,observed,hist_gradient_boosting,507,715,0,1,high,low,0.0,0.2931801664085034,0.0,0.0,supported
8,observed,hist_gradient_boosting,507,715,0,1,high,low,0.05,0.36000021766196016,0.06682005125345675,22.791463717348748,supported
8,observed,hist_gradient_boosting,507,715,0,1,high,low,0.1,0.35698965550562367,0.06380948909712025,21.764599522128346,supported
8,observed,hist_gradient_boosting,507,715,0,1,high,low,0.2,0.385922708067858,0.09274254165935458,31.633293205152047,supported
8,observed,hist_gradient_boosting,507,715,0,1,high,low,0.3,0.4905323751603981,0.1973522087518947,67.3143109131446,supported
8,observed,hist_gradient_boosting,507,715,0,1,high,low,0.4,0.7940451798038954,0.500865013395392,170.83864148487805,supported
9,observed,hist_gradient_boosting,115,779,0,0,high,low,0.0,0.3630563468806759,0.0,0.0,supported
9,observed,hist_gradient_boosting,115,779,0,0,high,low,0.05,0.38361604103232344,0.020559694151647545,5.662948555587377,supported
9,observed,hist_gradient_boosting,115,779,0,0,high,low,0.1,0.3785998433690173,0.015543496488341413,4.281290389739434,supported
9,observed,hist_gradient_boosting,115,779,0,0,high,low,0.2,0.3838140618372735,0.020757714956597617,5.717491275099507,supported
9,observed,hist_gradient_boosting,115,779,0,0,high,low,0.3,0.41623739817956124,0.05318105129888534,14.648153587124613,supported
9,observed,hist_gradient_boosting,115,779,0,0,high,low,0.4,0.5153536030781862,0.15229725619751033,41.94865549274234,supported
10,observed,hist_gradient_boosting,17,381,0,1,high,medium,0.0,1.00382298379255,0.0,0.0,supported
10,observed,hist_gradient_boosting,17,381,0,1,high,medium,0.05,1.1027802332814316,0.09895724948888152,9.858037830037581,supported
10,observed,hist_gradient_boosting,17,381,0,1,high,medium,0.1,1.1904635487223607,0.18664056492981063,18.592975847660178,supported
10,observed,hist_gradient_boosting,17,381,0,1,high,medium,0.2,1.1261577811906411,0.12233479739809106,12.186889458926032,supported
10,observed,hist_gradient_boosting,17,381,0,1,high,medium,0.3,1.1920066475358704,0.1881836637433203,18.746698051517253,supported
10,observed,hist_gradient_boosting,17,381,0,1,high,medium,0.4,1.5576572875640777,0.5538343037715276,55.17250677794632,supported
11,observed,hist_gradient_boosting,507,715,0,1,high,medium,0.0,0.4596519903209375,0.0,0.0,supported
11,observed,hist_gradient_boosting,507,715,0,1,high,medium,0.05,0.562504926153508,0.10285293583257049,22.37626247647848,supported
11,observed,hist_gradient_boosting,507,715,0,1,high,medium,0.1,0.5645646281576409,0.10491263783670335,22.824362788781016,supported
11,observed,hist_gradient_boosting,507,715,0,1,high,medium,0.2,0.5718227721445677,0.11217078182363016,24.40341479764081,supported
11,observed,hist_gradient_boosting,507,715,0,1,high,medium,0.3,0.6477464449558885,0.188094454634951,40.921057364207215,supported
11,observed,hist_gradient_boosting,507,715,0,1,high,medium,0.4,0.7880526834148545,0.32840069309391695,71.44550660264117,supported
12,observed,hist_gradient_boosting,291,426,0,1,high,medium,0.0,0.5637619975452672,0.0,0.0,supported
12,observed,hist_gradient_boosting,291,426,0,1,high,medium,0.05,0.6445113069500126,0.08074930940474534,14.323297731373174,supported
12,observed,hist_gradient_boosting,291,426,0,1,high,medium,0.1,0.6385855150866522,0.07482351754138494,13.272181854609123,supported
12,observed,hist_gradient_boosting,291,426,0,1,high,medium,0.2,0.6422468698407169,0.07848487229544965,13.921632291142094,supported
12,observed,hist_gradient_boosting,291,426,0,1,high,medium,0.3,0.7800759360440523,0.2163139384987851,38.36972684229505,supported
12,observed,hist_gradient_boosting,291,426,0,1,high,medium,0.4,1.1347589578766635,0.5709969603313962,101.2833363755683,supported
13,observed,hist_gradient_boosting,714,793,0,1,high,medium,0.0,0.5497636827457015,0.0,0.0,supported
13,observed,hist_gradient_boosting,714,793,0,1,high,medium,0.05,0.5937874933586513,0.0440238106129498,8.007769882703109,supported
13,observed,hist_gradient_boosting,714,793,0,1,high,medium,0.1,0.59588843220325,0.04612474945754852,8.389922962387452,supported
13,observed,hist_gradient_boosting,714,793,0,1,high,medium,0.2,0.5973841803357578,0.047620497590056265,8.661994068473877,supported
13,observed,hist_gradient_boosting,714,793,0,1,high,medium,0.3,0.6581335212058486,0.10836983846014703,19.712076636076105,supported
13,observed,hist_gradient_boosting,714,793,0,1,high,medium,0.4,0.8015961550754451,0.2518324723297436,45.80740420538676,supported
14,observed,hist_gradient_boosting,714,793,0,1,high,medium,0.0,0.5306620652861378,0.0,0.0,supported
14,observed,hist_gradient_boosting,714,793,0,1,high,medium,0.05,0.5988870362517678,0.06822497096562996,12.85657585658444,supported
14,observed,hist_gradient_boosting,714,793,0,1,high,medium,0.1,0.5832567666302826,0.05259470134414479,9.911147750081817,supported
14,observed,hist_gradient_boosting,714,793,0,1,high,medium,0.2,0.5849591118272708,0.05429704654113299,10.231944224589618,supported
14,observed,hist_gradient_boosting,714,793,0,1,high,medium,0.3,0.6489898897895847,0.11832782450344692,22.298150224784475,supported
14,observed,hist_gradient_boosting,714,793,0,1,high,medium,0.4,0.8051304267677157,0.27446836148157794,51.72187337973406,supported
15,observed,hist_gradient_boosting,554,765,0,1,high,medium,0.0,0.28594029772889934,0.0,0.0,supported
15,observed,hist_gradient_boosting,554,765,0,1,high,medium,0.05,0.3488452304233317,0.06290493269443237,21.99932405262888,supported
15,observed,hist_gradient_boosting,554,765,0,1,high,medium,0.1,0.3458593614854219,0.05991906375652256,20.95509595269849,supported
15,observed,hist_gradient_boosting,554,765,0,1,high,medium,0.2,0.3725854259249814,0.08664512819608206,30.301824850945103,supported
15,observed,hist_gradient_boosting,554,765,0,1,high,medium,0.3,0.4974040755568431,0.21146377782794373,73.95382165700654,supported
15,observed,hist_gradient_boosting,554,765,0,1,high,medium,0.4,0.8333255444837842,0.5473852467548848,191.4334044912627,supported
16,observed,hist_gradient_boosting,230,4,0,1,low,high,0.0,1.4547736291496625,0.0,0.0,supported
16,observed,hist_gradient_boosting,230,4,0,1,low,high,0.05,1.5529948381316157,0.09822120898195319,6.75164898606011,supported
16,observed,hist_gradient_boosting,230,4,0,1,low,high,0.1,1.919958483073136,0.46518485392347353,31.976442561402575,supported
16,observed,hist_gradient_boosting,230,4,0,1,low,high,0.2,1.8965135375841595,0.44173990843449706,30.364855368783438,supported
16,observed,hist_gradient_boosting,230,4,0,1,low,high,0.3,1.9272540807209508,0.4724804515712884,32.47793623035773,supported
16,observed,hist_gradient_boosting,230,4,0,1,low,high,0.4,2.201448735001568,0.7466751058519057,51.32586203726752,supported
17,observed,hist_gradient_boosting,230,4,0,1,low,high,0.0,1.3961315428866778,0.0,0.0,supported
17,observed,hist_gradient_boosting,230,4,0,1,low,high,0.05,1.444758564363069,0.048627021476391086,3.482982798014045,supported
17,observed,hist_gradient_boosting,230,4,0,1,low,high,0.1,1.648834911570984,0.2527033686843061,18.100254948886118,supported
17,observed,hist_gradient_boosting,230,4,0,1,low,high,0.2,1.6488258232185329,0.25269428033185504,18.099603982113166,supported
17,observed,hist_gradient_boosting,230,4,0,1,low,high,0.3,1.70961019351363,0.31347865062695224,22.4533749863423,supported
17,observed,hist_gradient_boosting,230,4,0,1,low,high,0.4,1.8719325606392392,0.47580101775256134,34.079956160060874,supported
18,observed,hist_gradient_boosting,658,19,0,0,low,high,0.0,1.3424100068655664,0.0,0.0,supported
18,observed,hist_gradient_boosting,658,19,0,0,low,high,0.05,1.4002873657219435,0.057877358856377015,4.311451684684364,supported
18,observed,hist_gradient_boosting,658,19,0,0,low,high,0.1,1.5037403995809258,0.16133039271535932,12.017967080866331,supported
18,observed,hist_gradient_boosting,658,19,0,0,low,high,0.2,1.450829210057249,0.10841920319168263,8.07645969839228,supported
18,observed,hist_gradient_boosting,658,19,0,0,low,high,0.3,1.5417546071623485,0.19934460029678203,14.849755237018659,supported
18,observed,hist_gradient_boosting,658,19,0,0,low,high,0.4,1.8425305698915055,0.5001205630259391,37.25542572449125,supported
19,observed,hist_gradient_boosting,488,740,0,1,low,high,0.0,0.8142470146544043,0.0,0.0,supported
19,observed,hist_gradient_boosting,488,740,0,1,low,high,0.05,0.8874353808543267,0.07318836619992242,8.988472156816707,supported
19,observed,hist_gradient_boosting,488,740,0,1,low,high,0.1,0.8897451816685094,0.07549816701410506,9.27214538774197,supported
19,observed,hist_gradient_boosting,488,740,0,1,low,high,0.2,0.8723455085312048,0.05809849387680055,7.135241865327524,supported
19,observed,hist_gradient_boosting,488,740,0,1,low,high,0.3,0.937041140538253,0.12279412588384875,15.080697094844986,supported
19,observed,hist_gradient_boosting,488,740,0,1,low,high,0.4,1.1534891520463986,0.33924213739199427,41.66329520237551,supported
20,observed,hist_gradient_boosting,754,92,0,0,low,low,0.0,0.03966124375466501,0.0,0.0,supported
20,observed,hist_gradient_boosting,754,92,0,0,low,low,0.05,0.04492260315422845,0.005261359399563438,13.265744846805493,supported
20,observed,hist_gradient_boosting,754,92,0,0,low,low,0.1,0.042994370765320714,0.0033331270106557037,8.403990130197702,supported
20,observed,hist_gradient_boosting,754,92,0,0,low,low,0.2,0.04737902565981557,0.007717781905150559,19.459253352948068,supported
20,observed,hist_gradient_boosting,754,92,0,0,low,low,0.3,0.04911425956181019,0.00945301580714518,23.834390735750198,supported
20,observed,hist_gradient_boosting,754,92,0,0,low,low,0.4,0.0648289823113573,0.025167738556692285,63.45675569927638,supported
21,observed,hist_gradient_boosting,658,19,0,0,low,low,0.0,0.7817439960244714,0.0,0.0,supported
21,observed,hist_gradient_boosting,658,19,0,0,low,low,0.05,0.8847790525330161,0.10303505650854472,13.180153225675607,supported
21,observed,hist_gradient_boosting,658,19,0,0,low,low,0.1,1.082316380169238,0.3005723841447665,38.44895332401856,supported
21,observed,hist_gradient_boosting,658,19,0,0,low,low,0.2,1.0440685368702085,0.2623245408457371,33.55632306481129,supported
21,observed,hist_gradient_boosting,658,19,0,0,low,low,0.3,1.0301527878424808,0.24840879181800934,31.776232766901003,supported
21,observed,hist_gradient_boosting,658,19,0,0,low,low,0.4,1.0855313863792024,0.303787390354731,38.86021407259026,supported
22,observed,hist_gradient_boosting,754,92,0,0,low,medium,0.0,0.5255789050067383,0.0,0.0,supported
22,observed,hist_gradient_boosting,754,92,0,0,low,medium,0.05,0.5596119525828203,0.03403304757608194,6.475345043699132,supported
22,observed,hist_gradient_boosting,754,92,0,0,low,medium,0.1,0.5561595202507961,0.03058061524405775,5.818463213181224,supported
22,observed,hist_gradient_boosting,754,92,0,0,low,medium,0.2,0.581261070587541,0.055682165580802634,10.594444535419223,supported
22,observed,hist_gradient_boosting,754,92,0,0,low,medium,0.3,0.7014865646870989,0.1759076596803606,33.46931507422379,supported
22,observed,hist_gradient_boosting,754,92,0,0,low,medium,0.4,0.9873989327453923,0.46182002773865394,87.86882870284398,supported
23,observed,hist_gradient_boosting,237,596,0,0,low,medium,0.0,0.8303482135452573,0.0,0.0,supported
23,observed,hist_gradient_boosting,237,596,0,0,low,medium,0.05,0.9392781969596233,0.108929983414366,13.118590687306742,supported
23,observed,hist_gradient_boosting,237,596,0,0,low,medium,0.1,1.0118985172018173,0.18155030365656,21.86435771101527,supported
23,observed,hist_gradient_boosting,237,596,0,0,low,medium,0.2,1.080410913399961,0.25006269985470375,30.115401680342657,supported
23,observed,hist_gradient_boosting,237,596,0,0,low,medium,0.3,1.2176267882756657,0.3872785747304084,46.64050195000511,supported
23,observed,hist_gradient_boosting,237,596,0,0,low,medium,0.4,1.7843946789557164,0.954046465410459,114.89715397074912,supported
24,observed,hist_gradient_boosting,370,127,0,0,medium,high,0.0,1.1530237696065444,0.0,0.0,supported
24,observed,hist_gradient_boosting,370,127,0,0,medium,high,0.05,1.213094384566972,0.06007061496042754,5.209833183311208,supported
24,observed,hist_gradient_boosting,370,127,0,0,medium,high,0.1,1.2251434640792525,0.07211969447270805,6.254831545868145,supported
24,observed,hist_gradient_boosting,370,127,0,0,medium,high,0.2,1.2302047395321702,0.07718096992562584,6.693788277405854,supported
24,observed,hist_gradient_boosting,370,127,0,0,medium,high,0.3,1.267233761483396,0.11420999187685155,9.905259101104601,supported
24,observed,hist_gradient_boosting,370,127,0,0,medium,high,0.4,1.594008901860108,0.4409851322535636,38.24597062765189,supported
25,observed,hist_gradient_boosting,3,351,0,1,medium,high,0.0,0.5781566553895643,0.0,0.0,supported
25,observed,hist_gradient_boosting,3,351,0,1,medium,high,0.05,0.6409574523157884,0.06280079692622409,10.862245784217194,supported
25,observed,hist_gradient_boosting,3,351,0,1,medium,high,0.1,0.6299591455588138,0.05180249016924954,8.959940128051414,supported
25,observed,hist_gradient_boosting,3,351,0,1,medium,high,0.2,0.6693796390752931,0.09122298368572879,15.77824674944932,supported
25,observed,hist_gradient_boosting,3,351,0,1,medium,high,0.3,0.7612828319630709,0.1831261765735066,31.674144864788502,supported
25,observed,hist_gradient_boosting,3,351,0,1,medium,high,0.4,0.8986403384369659,0.3204836830474016,55.431980253078365,supported
26,observed,hist_gradient_boosting,843,6,0,1,medium,high,0.0,1.8647126593081524,0.0,0.0,supported
26,observed,hist_gradient_boosting,843,6,0,1,medium,high,0.05,2.0332765191791187,0.16856385987096623,9.039669411238238,supported
26,observed,hist_gradient_boosting,843,6,0,1,medium,high,0.1,2.298817125554971,0.43410446624681853,23.279965633304613,supported
26,observed,hist_gradient_boosting,843,6,0,1,medium,high,0.2,2.3420251207052916,0.4773124613971391,25.597105216963143,supported
26,observed,hist_gradient_boosting,843,6,0,1,medium,high,0.3,2.3513212144207642,0.4866085551126118,26.09563209020922,supported
26,observed,hist_gradient_boosting,843,6,0,1,medium,high,0.4,2.3937153889813865,0.529002729673234,28.369128457008763,supported
27,observed,hist_gradient_boosting,368,540,0,1,medium,high,0.0,7.0034727656512015,0.0,0.0,supported
27,observed,hist_gradient_boosting,368,540,0,1,medium,high,0.05,7.575143084992179,0.5716703193409778,8.162669270947355,supported
27,observed,hist_gradient_boosting,368,540,0,1,medium,high,0.1,8.28135237576211,1.277879610110908,18.24637080589957,supported
27,observed,hist_gradient_boosting,368,540,0,1,medium,high,0.2,10.889660577985136,3.886187812333935,55.48943991606408,supported
27,observed,hist_gradient_boosting,368,540,0,1,medium,high,0.3,10.924106260153245,3.9206334945020433,55.98127708486196,supported
27,observed,hist_gradient_boosting,368,540,0,1,medium,high,0.4,11.154422672045996,4.1509499063947946,59.26988003370679,supported
28,observed,hist_gradient_boosting,284,190,0,0,medium,high,0.0,1.0479566611736448,0.0,0.0,supported
28,observed,hist_gradient_boosting,284,190,0,0,medium,high,0.05,1.0993388386063097,0.05138217743266482,4.903082287307581,supported
28,observed,hist_gradient_boosting,284,190,0,0,medium,high,0.1,1.1100521628367606,0.062095501663115726,5.925388326037528,supported
28,observed,hist_gradient_boosting,284,190,0,0,medium,high,0.2,1.1167622445333554,0.06880558335971054,6.565689776011596,supported
28,observed,hist_gradient_boosting,284,190,0,0,medium,high,0.3,1.3557273843695827,0.3077707231959379,29.368649925966817,supported
28,observed,hist_gradient_boosting,284,190,0,0,medium,high,0.4,1.7847503870074721,0.7367937258338273,70.30765232301354,supported
29,observed,hist_gradient_boosting,666,729,0,1,medium,high,0.0,0.7664061070295616,0.0,0.0,supported
29,observed,hist_gradient_boosting,666,729,0,1,medium,high,0.05,0.8313248626183865,0.06491875558882487,8.470542574410999,supported
29,observed,hist_gradient_boosting,666,729,0,1,medium,high,0.1,0.8407301644184584,0.0743240573888968,9.697738145245506,supported
29,observed,hist_gradient_boosting,666,729,0,1,medium,high,0.2,0.8337699184116543,0.06736381138209269,8.78957132050806,supported
29,observed,hist_gradient_boosting,666,729,0,1,medium,high,0.3,0.8644916691481161,0.09808556211855457,12.798118545625226,supported
29,observed,hist_gradient_boosting,666,729,0,1,medium,high,0.4,1.1346729286364745,0.36826682160691293,48.05113349556181,supported
30,observed,hist_gradient_boosting,563,295,0,1,medium,high,0.0,0.9507551487625858,0.0,0.0,supported
30,observed,hist_gradient_boosting,563,295,0,1,medium,high,0.05,0.9986773610686628,0.04792221230607696,5.040436790528879,supported
30,observed,hist_gradient_boosting,563,295,0,1,medium,high,0.1,1.0127067752308498,0.06195162646826402,6.516044277950472,supported
30,observed,hist_gradient_boosting,563,295,0,1,medium,high,0.2,1.056365179338579,0.10561003057599327,11.108015635092316,supported
30,observed,hist_gradient_boosting,563,295,0,1,medium,high,0.3,1.1407584877327794,0.1900033389701936,19.98446594977521,supported
30,observed,hist_gradient_boosting,563,295,0,1,medium,high,0.4,1.6459124554545301,0.6951573066919443,73.11633364244162,supported
31,observed,hist_gradient_boosting,49,11,0,1,medium,high,0.0,0.5801648227309517,0.0,0.0,supported
31,observed,hist_gradient_boosting,49,11,0,1,medium,high,0.05,0.6749908385024876,0.09482601577153593,16.344668283259733,supported
31,observed,hist_gradient_boosting,49,11,0,1,medium,high,0.1,0.6896224008906708,0.10945757815971913,18.86663476845778,supported
31,observed,hist_gradient_boosting,49,11,0,1,medium,high,0.2,0.6713338731494622,0.09116905041851053,15.714336141470909,supported
31,observed,hist_gradient_boosting,49,11,0,1,medium,high,0.3,0.714824937645423,0.13466011491447127,23.210665252091502,supported
31,observed,hist_gradient_boosting,49,11,0,1,medium,high,0.4,0.9404208987606206,0.3602560760296689,62.09547044473873,supported
32,observed,hist_gradient_boosting,865,4,0,1,medium,high,0.0,0.565166627997604,0.0,0.0,supported
32,observed,hist_gradient_boosting,865,4,0,1,medium,high,0.05,0.6700955455380377,0.10492891754043376,18.566014400425402,supported
32,observed,hist_gradient_boosting,865,4,0,1,medium,high,0.1,0.6930494480596403,0.12788282006203633,22.627454227990707,supported
32,observed,hist_gradient_boosting,865,4,0,1,medium,high,0.2,0.6883036317600844,0.12313700376248038,21.78773438883983,supported
32,observed,hist_gradient_boosting,865,4,0,1,medium,high,0.3,0.757074131130455,0.191907503132851,33.95591558772373,supported
32,observed,hist_gradient_boosting,865,4,0,1,medium,high,0.4,1.1660308343320338,0.6008642063344298,106.31629267695848,supported
33,observed,hist_gradient_boosting,155,300,0,1,medium,high,0.0,5.918374673802656,0.0,0.0,supported
33,observed,hist_gradient_boosting,155,300,0,1,medium,high,0.05,5.53223760082679,-0.38613707297586597,-6.524376949047839,supported
33,observed,hist_gradient_boosting,155,300,0,1,medium,high,0.1,6.144674504956766,0.22629983115411,3.823682068589096,supported
33,observed,hist_gradient_boosting,155,300,0,1,medium,high,0.2,7.059327531428352,1.1409528576256953,19.27814510757586,supported
33,observed,hist_gradient_boosting,155,300,0,1,medium,high,0.3,7.065417520669897,1.1470428468672402,19.381044798406542,supported
33,observed,hist_gradient_boosting,155,300,0,1,medium,high,0.4,7.24190043160792,1.323525757805264,22.362993739882242,supported
34,observed,hist_gradient_boosting,481,296,0,1,medium,high,0.0,1.3481258769789561,0.0,0.0,supported
34,observed,hist_gradient_boosting,481,296,0,1,medium,high,0.05,1.3908444384411518,0.04271856146219566,3.168736851036824,supported
34,observed,hist_gradient_boosting,481,296,0,1,medium,high,0.1,1.4191811133825558,0.07105523640359968,5.270667792745654,supported
34,observed,hist_gradient_boosting,481,296,0,1,medium,high,0.2,1.419222002534017,0.07109612555506084,5.2737008293603616,supported
34,observed,hist_gradient_boosting,481,296,0,1,medium,high,0.3,1.45990782080244,0.11178194382348394,8.291654787754577,supported
34,observed,hist_gradient_boosting,481,296,0,1,medium,high,0.4,1.7827789501887907,0.4346530732098346,32.24128255618517,supported
35,observed,hist_gradient_boosting,668,631,0,0,medium,high,0.0,0.7715018935074343,0.0,0.0,supported
35,observed,hist_gradient_boosting,668,631,0,0,medium,high,0.05,0.8859810819992922,0.1144791884918579,14.838484449002177,supported
35,observed,hist_gradient_boosting,668,631,0,0,medium,high,0.1,0.9338794087091107,0.16237751520167643,21.046936704648765,supported
35,observed,hist_gradient_boosting,668,631,0,0,medium,high,0.2,0.9339120952606104,0.1624102017531761,21.051173447523254,supported
35,observed,hist_gradient_boosting,668,631,0,0,medium,high,0.3,0.9601925703716367,0.1886906768642025,24.457577933654704,supported
35,observed,hist_gradient_boosting,668,631,0,0,medium,high,0.4,1.4615671382667488,0.6900652447593145,89.44440066402312,supported
36,observed,hist_gradient_boosting,97,102,0,1,medium,high,0.0,1.9892518284883338,0.0,0.0,supported
36,observed,hist_gradient_boosting,97,102,0,1,medium,high,0.05,2.0480478201696446,0.05879599168131078,2.9556836816377663,supported
36,observed,hist_gradient_boosting,97,102,0,1,medium,high,0.1,2.0972091428804407,0.10795731439210687,5.427031049866904,supported
36,observed,hist_gradient_boosting,97,102,0,1,medium,high,0.2,2.1225089396495234,0.13325711116118955,6.698855783505997,supported
36,observed,hist_gradient_boosting,97,102,0,1,medium,high,0.3,2.1856309486832903,0.1963791201949565,9.872009032872842,supported
36,observed,hist_gradient_boosting,97,102,0,1,medium,high,0.4,2.215225822209922,0.22597399372158833,11.35974794570429,supported
37,observed,hist_gradient_boosting,370,127,0,0,medium,high,0.0,0.779724071857701,0.0,0.0,supported
37,observed,hist_gradient_boosting,370,127,0,0,medium,high,0.05,0.8003215231339613,0.020597451276260337,2.6416333700185257,supported
37,observed,hist_gradient_boosting,370,127,0,0,medium,high,0.1,0.779258977315848,-0.0004650945418529506,-0.05964860630054414,supported
37,observed,hist_gradient_boosting,370,127,0,0,medium,high,0.2,0.7927163786404943,0.012992306782793284,1.6662698064251025,supported
37,observed,hist_gradient_boosting,370,127,0,0,medium,high,0.3,0.8707826277569444,0.09105855589924339,11.678305080705709,supported
37,observed,hist_gradient_boosting,370,127,0,0,medium,high,0.4,1.1504290011798535,0.3707049293221525,47.543091550186986,supported
38,observed,hist_gradient_boosting,57,11,0,1,medium,high,0.0,0.6725702953202772,0.0,0.0,supported
38,observed,hist_gradient_boosting,57,11,0,1,medium,high,0.05,0.7274322596203431,0.054861964300065846,8.15706026296339,supported
38,observed,hist_gradient_boosting,57,11,0,1,medium,high,0.1,0.7476771697370861,0.07510687441680886,11.167141180542783,supported
38,observed,hist_gradient_boosting,57,11,0,1,medium,high,0.2,0.7260580266965175,0.0534877313762403,7.952734717605914,supported
38,observed,hist_gradient_boosting,57,11,0,1,medium,high,0.3,0.7850035419980472,0.11243324667777,16.716950995320047,supported
38,observed,hist_gradient_boosting,57,11,0,1,medium,high,0.4,1.0558216769383328,0.3832513816180556,56.983096679217994,supported
39,observed,hist_gradient_boosting,153,834,0,1,medium,high,0.0,2.5802016888166994,0.0,0.0,supported
39,observed,hist_gradient_boosting,153,834,0,1,medium,high,0.05,2.5332479795046545,-0.0469537093120449,-1.819768955099721,supported
39,observed,hist_gradient_boosting,153,834,0,1,medium,high,0.1,2.6412506395006288,0.06104895068392935,2.3660534348354245,supported
39,observed,hist_gradient_boosting,153,834,0,1,medium,high,0.2,2.678954746386244,0.09875305756954456,3.8273386920707475,supported
39,observed,hist_gradient_boosting,153,834,0,1,medium,high,0.3,2.7136857991773926,0.1334841103606932,5.173398302126908,supported
39,observed,hist_gradient_boosting,153,834,0,1,medium,high,0.4,2.7757027815037913,0.19550109268709193,7.576969410354506,supported
40,observed,hist_gradient_boosting,501,6,0,1,medium,high,0.0,1.216207363021777,0.0,0.0,supported
40,observed,hist_gradient_boosting,501,6,0,1,medium,high,0.05,1.3155314893453918,0.09932412632361487,8.166709834483754,supported
40,observed,hist_gradient_boosting,501,6,0,1,medium,high,0.1,1.3776827457712266,0.16147538274944973,13.276961450738934,supported
40,observed,hist_gradient_boosting,501,6,0,1,medium,high,0.2,1.377722933514666,0.161515570492889,13.280265800363921,supported
40,observed,hist_gradient_boosting,501,6,0,1,medium,high,0.3,1.3710875476797755,0.15488018465799858,12.734685660279577,supported
40,observed,hist_gradient_boosting,501,6,0,1,medium,high,0.4,1.6582033367752285,0.44199597375345157,36.34215572049102,supported
41,observed,hist_gradient_boosting,265,481,0,1,medium,high,0.0,0.9672215951896708,0.0,0.0,supported
41,observed,hist_gradient_boosting,265,481,0,1,medium,high,0.05,1.0536927087508374,0.08647111356116666,8.94015538850843,supported
41,observed,hist_gradient_boosting,265,481,0,1,medium,high,0.1,1.0716968084800933,0.10447521329042253,10.801579887175183,supported
41,observed,hist_gradient_boosting,265,481,0,1,medium,high,0.2,1.0638632217234556,0.09664162653378483,9.99167378131518,supported
41,observed,hist_gradient_boosting,265,481,0,1,medium,high,0.3,1.102325230909933,0.13510363572026218,13.968219526133364,supported
41,observed,hist_gradient_boosting,265,481,0,1,medium,high,0.4,1.2894538546626144,0.32223225947294365,33.31524658625455,supported
42,observed,hist_gradient_boosting,881,496,0,0,medium,low,0.0,0.543562545562909,0.0,0.0,supported
42,observed,hist_gradient_boosting,881,496,0,0,medium,low,0.05,0.5923182448280835,0.048755699265174535,8.969657615883664,supported
42,observed,hist_gradient_boosting,881,496,0,0,medium,low,0.1,0.6251513756236551,0.08158883006074613,15.010016920178604,supported
42,observed,hist_gradient_boosting,881,496,0,0,medium,low,0.2,0.6177076472692964,0.07414510170638744,13.640583279998332,supported
42,observed,hist_gradient_boosting,881,496,0,0,medium,low,0.3,0.8232261064763033,0.2796635609133944,51.45011612670574,supported
42,observed,hist_gradient_boosting,881,496,0,0,medium,low,0.4,1.0397936985011627,0.4962311529382537,91.29237416907759,supported
43,observed,hist_gradient_boosting,358,768,0,0,medium,low,0.0,0.012559394355174629,0.0,0.0,supported
43,observed,hist_gradient_boosting,358,768,0,0,medium,low,0.05,0.0469550584898009,0.034395664134626275,273.8640348565441,supported
43,observed,hist_gradient_boosting,358,768,0,0,medium,low,0.1,0.027637844380701472,0.015078450025526843,120.05714287738986,supported
43,observed,hist_gradient_boosting,358,768,0,0,medium,low,0.2,0.033153068454490286,0.02059367409931566,163.9702800703189,supported
43,observed,hist_gradient_boosting,358,768,0,0,medium,low,0.3,0.03733739058804917,0.024777996232874543,197.2865532537856,supported
43,observed,hist_gradient_boosting,358,768,0,0,medium,low,0.4,0.056332600541462885,0.04377320618628826,348.529594249528,supported
44,observed,hist_gradient_boosting,229,109,0,0,medium,low,0.0,0.2524113670796314,0.0,0.0,supported
44,observed,hist_gradient_boosting,229,109,0,0,medium,low,0.05,0.30094766842755094,0.04853630134791953,19.229047371946283,supported
44,observed,hist_gradient_boosting,229,109,0,0,medium,low,0.1,0.30993065008102255,0.05751928300139114,22.787913106641035,supported
44,observed,hist_gradient_boosting,229,109,0,0,medium,low,0.2,0.29894495660320813,0.046533589523576724,18.43561566262433,supported
44,observed,hist_gradient_boosting,229,109,0,0,medium,low,0.3,0.37637611886659544,0.12396475178696403,49.112190635953134,supported
44,observed,hist_gradient_boosting,229,109,0,0,medium,low,0.4,0.6389764818083403,0.3865651147287089,153.1488534772502,supported
45,observed,hist_gradient_boosting,666,729,0,0,medium,low,0.0,0.2983413342986112,0.0,0.0,supported
45,observed,hist_gradient_boosting,666,729,0,0,medium,low,0.05,0.3209920733282592,0.02265073902964798,7.592222875485555,supported
45,observed,hist_gradient_boosting,666,729,0,0,medium,low,0.1,0.32777641256744333,0.029435078268832127,9.866242080747156,supported
45,observed,hist_gradient_boosting,666,729,0,0,medium,low,0.2,0.322755768775027,0.02441443447641578,8.183389852369327,supported
45,observed,hist_gradient_boosting,666,729,0,0,medium,low,0.3,0.3336088340447901,0.035267499746178876,11.821191263721943,supported
45,observed,hist_gradient_boosting,666,729,0,0,medium,low,0.4,0.40364641169269394,0.10530507739408274,35.29684468350685,supported
46,observed,hist_gradient_boosting,188,719,0,0,medium,low,0.0,0.3767020387333975,0.0,0.0,supported
46,observed,hist_gradient_boosting,188,719,0,0,medium,low,0.05,0.40642934265696823,0.029727303923570703,7.891463508805052,supported
46,observed,hist_gradient_boosting,188,719,0,0,medium,low,0.1,0.40444458503957614,0.027742546306178617,7.364586185797828,supported
46,observed,hist_gradient_boosting,188,719,0,0,medium,low,0.2,0.41909909505075765,0.04239705631736013,11.254798742240336,supported
46,observed,hist_gradient_boosting,188,719,0,0,medium,low,0.3,0.590821769907321,0.21411973117392352,56.84060853343615,supported
46,observed,hist_gradient_boosting,188,719,0,0,medium,low,0.4,0.9474059561211079,0.5707039173877104,151.5000872590481,supported
47,observed,hist_gradient_boosting,78,217,0,1,medium,low,0.0,0.2916792471021145,0.0,0.0,supported
47,observed,hist_gradient_boosting,78,217,0,1,medium,low,0.05,0.35489673883458944,0.06321749173247493,21.67363374684761,supported
47,observed,hist_gradient_boosting,78,217,0,1,medium,low,0.1,0.36363222448191307,0.07195297737979856,24.668528218810316,supported
47,observed,hist_gradient_boosting,78,217,0,1,medium,low,0.2,0.37349738442632385,0.08181813732420934,28.050722887242465,supported
47,observed,hist_gradient_boosting,78,217,0,1,medium,low,0.3,0.4814350343043319,0.18975578720221736,65.05632097157239,supported
47,observed,hist_gradient_boosting,78,217,0,1,medium,low,0.4,0.8055368320743628,0.5138575849722482,176.17214459976677,supported
48,observed,hist_gradient_boosting,409,749,0,0,medium,low,0.0,0.9860047739005604,0.0,0.0,supported
48,observed,hist_gradient_boosting,409,749,0,0,medium,low,0.05,1.0753029841969939,0.08929821029643348,9.056569771277733,supported
48,observed,hist_gradient_boosting,409,749,0,0,medium,low,0.1,1.0627798320296176,0.07677505812905716,7.786479351954934,supported
48,observed,hist_gradient_boosting,409,749,0,0,medium,low,0.2,1.0549799625178706,0.06897518861731022,6.995421365400656,supported
48,observed,hist_gradient_boosting,409,749,0,0,medium,low,0.3,1.1500163876460707,0.16401161374551032,16.63395736885662,supported
48,observed,hist_gradient_boosting,409,749,0,0,medium,low,0.4,1.308383905016461,0.32237913111590055,32.69549394173752,supported
49,observed,hist_gradient_boosting,34,345,0,0,medium,low,0.0,0.512004384309644,0.0,0.0,supported
49,observed,hist_gradient_boosting,34,345,0,0,medium,low,0.05,0.5226911334363369,0.010686749126692874,2.087237815571097,supported
49,observed,hist_gradient_boosting,34,345,0,0,medium,low,0.1,0.5241282620759862,0.012123877766342162,2.3679245994522535,supported
49,observed,hist_gradient_boosting,34,345,0,0,medium,low,0.2,0.5293451157541071,0.01734073144446313,3.3868326084442346,supported
49,observed,hist_gradient_boosting,34,345,0,0,medium,low,0.3,0.6754893065419907,0.16348492223234667,31.930375450354774,supported
49,observed,hist_gradient_boosting,34,345,0,0,medium,low,0.4,1.0643798059414062,0.5523754216317622,107.88490070774532,supported
50,observed,hist_gradient_boosting,188,259,0,0,medium,low,0.0,0.669398858457134,0.0,0.0,supported
50,observed,hist_gradient_boosting,188,259,0,0,medium,low,0.05,0.7241263209709123,0.05472746251377836,8.175613361504253,supported
50,observed,hist_gradient_boosting,188,259,0,0,medium,low,0.1,0.7356581084393123,0.06625924998217836,9.89832132891535,supported
50,observed,hist_gradient_boosting,188,259,0,0,medium,low,0.2,0.7260740706869897,0.05667521222985572,8.466583340235111,supported
50,observed,hist_gradient_boosting,188,259,0,0,medium,low,0.3,0.7372228878127618,0.06782402935562781,10.132080223732709,supported
50,observed,hist_gradient_boosting,188,259,0,0,medium,low,0.4,0.9671240020764922,0.2977251436193582,44.476494074933285,supported
51,observed,hist_gradient_boosting,877,54,0,0,medium,low,0.0,0.4170558395874476,0.0,0.0,supported
51,observed,hist_gradient_boosting,877,54,0,0,medium,low,0.05,0.44488266014362127,0.027826820556173693,6.672204993868447,supported
51,observed,hist_gradient_boosting,877,54,0,0,medium,low,0.1,0.4541983159998808,0.037142476412433234,8.90587611701461,supported
51,observed,hist_gradient_boosting,877,54,0,0,medium,low,0.2,0.45720279498592525,0.04014695539847768,9.626278207299798,supported
51,observed,hist_gradient_boosting,877,54,0,0,medium,low,0.3,0.6314275277916228,0.21437168820417524,51.4011956807108,supported
51,observed,hist_gradient_boosting,877,54,0,0,medium,low,0.4,0.9828138680729328,0.5657580284854853,135.65522282223264,supported
52,observed,hist_gradient_boosting,256,108,0,0,medium,low,0.0,0.32163324568240165,0.0,0.0,supported
52,observed,hist_gradient_boosting,256,108,0,0,medium,low,0.05,0.35304724264125537,0.03141399695885372,9.767024205536767,supported
52,observed,hist_gradient_boosting,256,108,0,0,medium,low,0.1,0.3726393207233063,0.05100607504090465,15.858458578399226,supported
52,observed,hist_gradient_boosting,256,108,0,0,medium,low,0.2,0.3511847683950075,0.02955152271260586,9.18795650303721,supported
52,observed,hist_gradient_boosting,256,108,0,0,medium,low,0.3,0.37009897349339227,0.04846572781099062,15.068631262966004,supported
52,observed,hist_gradient_boosting,256,108,0,0,medium,low,0.4,0.5438423009017015,0.22220905521929984,69.08771347559055,supported
53,observed,hist_gradient_boosting,188,719,0,1,medium,low,0.0,0.35440355201531354,0.0,0.0,supported
53,observed,hist_gradient_boosting,188,719,0,1,medium,low,0.05,0.4022692674244545,0.047865715409140974,13.505992007403101,supported
53,observed,hist_gradient_boosting,188,719,0,1,medium,low,0.1,0.40029038051862686,0.045886828503313326,12.94762093731232,supported
53,observed,hist_gradient_boosting,188,719,0,1,medium,low,0.2,0.4137395661680494,0.05933601415273587,16.74249984666407,supported
53,observed,hist_gradient_boosting,188,719,0,1,medium,low,0.3,0.5580377062545019,0.20363415423918835,57.45827125073213,supported
53,observed,hist_gradient_boosting,188,719,0,1,medium,low,0.4,0.8498298149125316,0.4954262628972181,139.79156249421877,supported
54,observed,hist_gradient_boosting,860,250,0,0,medium,low,0.0,0.36215712262053223,0.0,0.0,supported
54,observed,hist_gradient_boosting,860,250,0,0,medium,low,0.05,0.40957452563016095,0.04741740300962871,13.093047201866748,supported
54,observed,hist_gradient_boosting,860,250,0,0,medium,low,0.1,0.4186625377897197,0.056505415169187445,15.60245861252707,supported
54,observed,hist_gradient_boosting,860,250,0,0,medium,low,0.2,0.4289626078198836,0.06680548519935137,18.446547375888578,supported
54,observed,hist_gradient_boosting,860,250,0,0,medium,low,0.3,0.5214050845945271,0.15924796197399482,43.97206406481604,supported
54,observed,hist_gradient_boosting,860,250,0,0,medium,low,0.4,0.9265800710183685,0.5644229483978362,155.85029622328813,supported
55,observed,hist_gradient_boosting,722,473,0,1,medium,low,0.0,0.3315834028631208,0.0,0.0,supported
55,observed,hist_gradient_boosting,722,473,0,1,medium,low,0.05,0.4013474918089773,0.06976408894585645,21.03968061834971,supported
55,observed,hist_gradient_boosting,722,473,0,1,medium,low,0.1,0.3987615360514275,0.06717813318830668,20.25979967882714,supported
55,observed,hist_gradient_boosting,722,473,0,1,medium,low,0.2,0.43743836016275583,0.10585495729963501,31.9240819611627,supported
55,observed,hist_gradient_boosting,722,473,0,1,medium,low,0.3,0.5231207395603019,0.1915373366971811,57.76445233486207,supported
55,observed,hist_gradient_boosting,722,473,0,1,medium,low,0.4,0.9001641443901112,0.5685807415269903,171.47442743438614,supported
56,observed,hist_gradient_boosting,4,295,0,1,medium,medium,0.0,0.8008709488428356,0.0,0.0,supported
56,observed,hist_gradient_boosting,4,295,0,1,medium,medium,0.05,0.8475204216260028,0.04664947278316722,5.82484267291381,supported
56,observed,hist_gradient_boosting,4,295,0,1,medium,medium,0.1,0.8277619008915964,0.026890952048760797,3.3577135102247135,supported
56,observed,hist_gradient_boosting,4,295,0,1,medium,medium,0.2,0.8318459628239838,0.030975013981148214,3.8676660735295076,supported
56,observed,hist_gradient_boosting,4,295,0,1,medium,medium,0.3,0.9065606546021605,0.1056897057593249,13.196845997727102,supported
56,observed,hist_gradient_boosting,4,295,0,1,medium,medium,0.4,1.224595786654136,0.4237248378113003,52.908004519771,supported
57,observed,hist_gradient_boosting,876,548,0,1,medium,medium,0.0,0.5508898163692681,0.0,0.0,supported
57,observed,hist_gradient_boosting,876,548,0,1,medium,medium,0.05,0.5912158216120289,0.040326005242760754,7.320158050576442,supported
57,observed,hist_gradient_boosting,876,548,0,1,medium,medium,0.1,0.593313370465747,0.0424235540964788,7.70091456329296,supported
57,observed,hist_gradient_boosting,876,548,0,1,medium,medium,0.2,0.5948067051188992,0.04391688874963107,7.971991393682432,supported
57,observed,hist_gradient_boosting,876,548,0,1,medium,medium,0.3,0.660133665941885,0.1092438495726169,19.83043547484811,supported
57,observed,hist_gradient_boosting,876,548,0,1,medium,medium,0.4,0.9646686955975341,0.41377887922826595,75.11100531052564,supported
58,observed,hist_gradient_boosting,370,223,0,0,medium,medium,0.0,0.7994623386258823,0.0,0.0,supported
58,observed,hist_gradient_boosting,370,223,0,0,medium,medium,0.05,0.8728243769789013,0.07336203835301891,9.176422053740986,supported
58,observed,hist_gradient_boosting,370,223,0,0,medium,medium,0.1,0.8600049494017341,0.06054261077585177,7.57291592746101,supported
58,observed,hist_gradient_boosting,370,223,0,0,medium,medium,0.2,0.8537802340012279,0.05431789537534559,6.794303214921582,supported
58,observed,hist_gradient_boosting,370,223,0,0,medium,medium,0.3,0.9537774969447728,0.15431515831889042,19.302367461627725,supported
58,observed,hist_gradient_boosting,370,223,0,0,medium,medium,0.4,1.1638428639697733,0.364380525343891,45.578197713501936,supported
59,observed,hist_gradient_boosting,370,223,0,1,medium,medium,0.0,0.41304778074619625,0.0,0.0,supported
59,observed,hist_gradient_boosting,370,223,0,1,medium,medium,0.05,0.4885590420121475,0.07551126126595126,18.28148335031252,supported
59,observed,hist_gradient_boosting,370,223,0,1,medium,medium,0.1,0.4964216226718608,0.08337384192566455,20.185035681597064,supported
59,observed,hist_gradient_boosting,370,223,0,1,medium,medium,0.2,0.5025147249265438,0.08946694418034756,21.66019244038062,supported
59,observed,hist_gradient_boosting,370,223,0,1,medium,medium,0.3,0.5728955037820671,0.15984772303587086,38.6995719350183,supported
59,observed,hist_gradient_boosting,370,223,0,1,medium,medium,0.4,0.8363250607421562,0.42327727999595993,102.47658981033223,supported
60,observed,hist_gradient_boosting,378,18,0,0,medium,medium,0.0,0.36870353691379937,0.0,0.0,supported
60,observed,hist_gradient_boosting,378,18,0,0,medium,medium,0.05,0.39670240364852294,0.02799886673472357,7.593869852479762,supported
60,observed,hist_gradient_boosting,378,18,0,0,medium,medium,0.1,0.41137858245453596,0.04267504554073659,11.57435209272586,supported
60,observed,hist_gradient_boosting,378,18,0,0,medium,medium,0.2,0.42386521250178527,0.0551616755879859,14.960983572252085,supported
60,observed,hist_gradient_boosting,378,18,0,0,medium,medium,0.3,0.5486485696430285,0.17994503272922918,48.8048024262103,supported
60,observed,hist_gradient_boosting,378,18,0,0,medium,medium,0.4,0.9574909105110949,0.5887873735972955,159.69127351630218,supported
61,observed,hist_gradient_boosting,49,11,0,1,medium,medium,0.0,0.48721770772695067,0.0,0.0,supported
61,observed,hist_gradient_boosting,49,11,0,1,medium,medium,0.05,0.5340653515655196,0.04684764383856893,9.615340964746611,supported
61,observed,hist_gradient_boosting,49,11,0,1,medium,medium,0.1,0.5341131182305972,0.046895410503646484,9.625144932114793,supported
61,observed,hist_gradient_boosting,49,11,0,1,medium,medium,0.2,0.5357626233225696,0.048544915595618965,9.963700995618318,supported
61,observed,hist_gradient_boosting,49,11,0,1,medium,medium,0.3,0.600409465550801,0.11319175782385033,23.232275023814598,supported
61,observed,hist_gradient_boosting,49,11,0,1,medium,medium,0.4,0.8651114024877797,0.37789369476082907,77.56156822046592,supported
62,observed,hist_gradient_boosting,613,768,0,1,medium,medium,0.0,0.5862215617788691,0.0,0.0,supported
62,observed,hist_gradient_boosting,613,768,0,1,medium,medium,0.05,0.6749399183829397,0.08871835660407057,15.133929283470525,supported
62,observed,hist_gradient_boosting,613,768,0,1,medium,medium,0.1,0.6835420597893833,0.09732049801051423,16.601316695892,supported
62,observed,hist_gradient_boosting,613,768,0,1,medium,medium,0.2,0.6789046719012082,0.0926831101223391,15.810252669843017,supported
62,observed,hist_gradient_boosting,613,768,0,1,medium,medium,0.3,0.833629660490115,0.24740809871124592,42.203855136357426,supported
62,observed,hist_gradient_boosting,613,768,0,1,medium,medium,0.4,1.2136257939586907,0.6274042321798217,107.02510332031889,supported
63,observed,hist_gradient_boosting,57,11,0,1,medium,medium,0.0,0.6118843168028956,0.0,0.0,supported
63,observed,hist_gradient_boosting,57,11,0,1,medium,medium,0.05,0.6827449777118499,0.07086066090895438,11.58072840944875,supported
63,observed,hist_gradient_boosting,57,11,0,1,medium,medium,0.1,0.672001232670528,0.06011691586763246,9.824882615351903,supported
63,observed,hist_gradient_boosting,57,11,0,1,medium,medium,0.2,0.673798997460034,0.061914680657138454,10.118690568936884,supported
63,observed,hist_gradient_boosting,57,11,0,1,medium,medium,0.3,0.7510356303539392,0.1391513135510436,22.741441434242216,supported
63,observed,hist_gradient_boosting,57,11,0,1,medium,medium,0.4,1.0090246580073723,0.3971403412044767,64.90448117375205,supported
64,observed,hist_gradient_boosting,542,489,0,1,medium,medium,0.0,0.4574078693648788,0.0,0.0,supported
64,observed,hist_gradient_boosting,542,489,0,1,medium,medium,0.05,0.5097647700799075,0.05235690071502869,11.446436369301516,supported
64,observed,hist_gradient_boosting,542,489,0,1,medium,medium,0.1,0.5294885803276561,0.0720807109627773,15.758520084681304,supported
64,observed,hist_gradient_boosting,542,489,0,1,medium,medium,0.2,0.5042582505952229,0.046850381230344074,10.242583122891368,supported
64,observed,hist_gradient_boosting,542,489,0,1,medium,medium,0.3,0.6005337334502889,0.14312586408541011,31.290643137413365,supported
64,observed,hist_gradient_boosting,542,489,0,1,medium,medium,0.4,0.888859768054322,0.43145189868944317,94.32542104894783,supported
65,observed,hist_gradient_boosting,160,677,0,0,medium,medium,0.0,0.6075692689586227,0.0,0.0,supported
65,observed,hist_gradient_boosting,160,677,0,0,medium,medium,0.05,0.6725309394993026,0.06496167054067992,10.692059960837819,supported
65,observed,hist_gradient_boosting,160,677,0,0,medium,medium,0.1,0.6707871690203111,0.06321790006168837,10.405052278243797,supported
65,observed,hist_gradient_boosting,160,677,0,0,medium,medium,0.2,0.6950735326226773,0.08750426366405462,14.402351819741877,supported
65,observed,hist_gradient_boosting,160,677,0,0,medium,medium,0.3,0.812617584096168,0.2050483151375453,33.74896091913919,supported
65,observed,hist_gradient_boosting,160,677,0,0,medium,medium,0.4,1.4762184624327643,0.8686491934741416,142.971219555428,supported
66,observed,hist_gradient_boosting,565,772,0,1,medium,medium,0.0,0.7416658889591681,0.0,0.0,supported
66,observed,hist_gradient_boosting,565,772,0,1,medium,medium,0.05,0.7963448440664711,0.05467895510730303,7.37245111596514,supported
66,observed,hist_gradient_boosting,565,772,0,1,medium,medium,0.1,0.7957465757265614,0.054080686767393304,7.291785637234649,supported
66,observed,hist_gradient_boosting,565,772,0,1,medium,medium,0.2,0.8074752892928245,0.06580940033365645,8.873186877451179,supported
66,observed,hist_gradient_boosting,565,772,0,1,medium,medium,0.3,0.869140562503776,0.12747467354460795,17.187614455816778,supported
66,observed,hist_gradient_boosting,565,772,0,1,medium,medium,0.4,1.102752826319798,0.36108693736063,48.68593024648453,supported
67,observed,hist_gradient_boosting,510,793,0,1,medium,medium,0.0,0.484885473810314,0.0,0.0,supported
67,observed,hist_gradient_boosting,510,793,0,1,medium,medium,0.05,0.5381342597771581,0.053248785966844125,10.981724312837414,supported
67,observed,hist_gradient_boosting,510,793,0,1,medium,medium,0.1,0.5401618362439329,0.055276362433618886,11.399880058119226,supported
67,observed,hist_gradient_boosting,510,793,0,1,medium,medium,0.2,0.5418178450226572,0.05693237121234318,11.741405813822126,supported
67,observed,hist_gradient_boosting,510,793,0,1,medium,medium,0.3,0.5974589778967079,0.11257350408639388,23.2165140361438,supported
67,observed,hist_gradient_boosting,510,793,0,1,medium,medium,0.4,0.839536190884066,0.35465071707375195,73.14113047908926,supported
68,observed,hist_gradient_boosting,268,596,0,0,medium,medium,0.0,0.8042647687165063,0.0,0.0,supported
68,observed,hist_gradient_boosting,268,596,0,0,medium,medium,0.05,0.8592212283610849,0.054956459644578626,6.83313030512096,supported
68,observed,hist_gradient_boosting,268,596,0,0,medium,medium,0.1,0.8677819825786433,0.06351721386213693,7.897550201471781,supported
68,observed,hist_gradient_boosting,268,596,0,0,medium,medium,0.2,0.8719554678063022,0.06769069908979586,8.416469516353509,supported
68,observed,hist_gradient_boosting,268,596,0,0,medium,medium,0.3,0.9638554012358114,0.15959063251930505,19.843046559653388,supported
68,observed,hist_gradient_boosting,268,596,0,0,medium,medium,0.4,1.3059783113303198,0.5017135426138135,62.381638749945225,supported
69,observed,hist_gradient_boosting,18,88,0,1,medium,medium,0.0,0.4474415217511425,0.0,0.0,supported
69,observed,hist_gradient_boosting,18,88,0,1,medium,medium,0.05,0.5076518320908707,0.060210310339728235,13.456576426810907,supported
69,observed,hist_gradient_boosting,18,88,0,1,medium,medium,0.1,0.5083947390858152,0.06095321733467274,13.622610860101103,supported
69,observed,hist_gradient_boosting,18,88,0,1,medium,medium,0.2,0.521428919880897,0.07398739812975452,16.53565762967004,supported
69,observed,hist_gradient_boosting,18,88,0,1,medium,medium,0.3,0.598289434291686,0.15084791254054353,33.713436327986116,supported
69,observed,hist_gradient_boosting,18,88,0,1,medium,medium,0.4,0.796791333520865,0.34934981176972246,78.07719998861067,supported
70,observed,hist_gradient_boosting,358,11,0,0,medium,medium,0.0,0.7997507316089354,0.0,0.0,supported
70,observed,hist_gradient_boosting,358,11,0,0,medium,medium,0.05,0.8771234584026171,0.07737272679368168,9.674605315836793,supported
70,observed,hist_gradient_boosting,358,11,0,0,medium,medium,0.1,0.8564956903386605,0.05674495872972507,7.095330643282538,supported
70,observed,hist_gradient_boosting,358,11,0,0,medium,medium,0.2,0.8565270689456812,0.05677633733674581,7.0992541916808705,supported
70,observed,hist_gradient_boosting,358,11,0,0,medium,medium,0.3,0.9566402410001653,0.15688950939122992,19.61730114026907,supported
70,observed,hist_gradient_boosting,358,11,0,0,medium,medium,0.4,1.1778898651714287,0.3781391335624933,47.28212411906825,supported
71,observed,hist_gradient_boosting,161,631,0,0,medium,medium,0.0,0.5265498720242716,0.0,0.0,supported
71,observed,hist_gradient_boosting,161,631,0,0,medium,medium,0.05,0.5850282324360576,0.058478360411786,11.10594903137503,supported
71,observed,hist_gradient_boosting,161,631,0,0,medium,medium,0.1,0.6044115914730142,0.07786171944874254,14.787150009060014,supported
71,observed,hist_gradient_boosting,161,631,0,0,medium,medium,0.2,0.5806256337401521,0.054075761715880466,10.269827150083866,supported
71,observed,hist_gradient_boosting,161,631,0,0,medium,medium,0.3,0.7103256289633972,0.18377575693912562,34.90187097237665,supported
71,observed,hist_gradient_boosting,161,631,0,0,medium,medium,0.4,0.8761784595438349,0.34962858751956327,66.39989981869124,supported
72,observed,hist_gradient_boosting,282,108,0,1,medium,medium,0.0,0.29470961790369726,0.0,0.0,supported
72,observed,hist_gradient_boosting,282,108,0,1,medium,medium,0.05,0.3890519688352158,0.09434235093151855,32.01196879918149,supported
72,observed,hist_gradient_boosting,282,108,0,1,medium,medium,0.1,0.3986433064843675,0.10393368858067026,35.26647325593317,supported
72,observed,hist_gradient_boosting,282,108,0,1,medium,medium,0.2,0.41039309658335166,0.1156834786796544,39.253377444049505,supported
72,observed,hist_gradient_boosting,282,108,0,1,medium,medium,0.3,0.5178137804098797,0.22310416250618242,75.70304766201643,supported
72,observed,hist_gradient_boosting,282,108,0,1,medium,medium,0.4,0.8252057372558539,0.5304961193521567,180.006381578462,supported
73,observed,hist_gradient_boosting,876,548,0,1,medium,medium,0.0,0.5560268761298894,0.0,0.0,supported
73,observed,hist_gradient_boosting,876,548,0,1,medium,medium,0.05,0.5999690898974774,0.043942213767588,7.902893844527581,supported
73,observed,hist_gradient_boosting,876,548,0,1,medium,medium,0.1,0.5994711516949012,0.043444275565011736,7.813340942689084,supported
73,observed,hist_gradient_boosting,876,548,0,1,medium,medium,0.2,0.6065285912822906,0.050501715152401205,9.082603255423184,supported
73,observed,hist_gradient_boosting,876,548,0,1,medium,medium,0.3,0.6847128725525269,0.12868599642263745,23.143844649799995,supported
73,observed,hist_gradient_boosting,876,548,0,1,medium,medium,0.4,1.0117210953692277,0.4556942192393383,81.95543035816975,supported
74,observed,hist_gradient_boosting,418,634,0,1,medium,medium,0.0,0.737421356712145,0.0,0.0,supported
74,observed,hist_gradient_boosting,418,634,0,1,medium,medium,0.05,0.8406979991039967,0.10327664239185164,14.005105961714914,supported
74,observed,hist_gradient_boosting,418,634,0,1,medium,medium,0.1,0.8297630937696319,0.09234173705748683,12.522248808903536,supported
74,observed,hist_gradient_boosting,418,634,0,1,medium,medium,0.2,0.8228443169097812,0.08542296019763618,11.584009524554805,supported
74,observed,hist_gradient_boosting,418,634,0,1,medium,medium,0.3,0.8563379185672952,0.1189165618551502,16.12599916896218,supported
74,observed,hist_gradient_boosting,418,634,0,1,medium,medium,0.4,1.0339739802980197,0.29655262358587464,40.21481353728069,supported
75,observed,hist_gradient_boosting,233,41,1,1,high,high,0.0,1.279575004928104,0.0,0.0,supported
75,observed,hist_gradient_boosting,233,41,1,1,high,high,0.05,1.3950562498168892,0.1154812448887852,9.024968793859323,supported
75,observed,hist_gradient_boosting,233,41,1,1,high,high,0.1,1.6110177550361406,0.3314427501080366,25.90256521356944,supported
75,observed,hist_gradient_boosting,233,41,1,1,high,high,0.2,1.5619220868029533,0.28234708187484925,22.065692185876486,supported
75,observed,hist_gradient_boosting,233,41,1,1,high,high,0.3,1.575653831644964,0.2960788267168599,23.13884106649111,supported
75,observed,hist_gradient_boosting,233,41,1,1,high,high,0.4,1.91229537522107,0.632720370292966,49.44769691937807,supported
76,observed,hist_gradient_boosting,386,76,1,1,high,high,0.0,1.3543316944365391,0.0,0.0,supported
76,observed,hist_gradient_boosting,386,76,1,1,high,high,0.05,1.484934793124049,0.13060309868750997,9.643361314219746,supported
76,observed,hist_gradient_boosting,386,76,1,1,high,high,0.1,1.5384772305694363,0.1841455361328972,13.596782596859303,supported
76,observed,hist_gradient_boosting,386,76,1,1,high,high,0.2,1.529892230155077,0.1755605357185379,12.962890585793962,supported
76,observed,hist_gradient_boosting,386,76,1,1,high,high,0.3,1.5536922817790355,0.1993605873424964,14.720218699853959,supported
76,observed,hist_gradient_boosting,386,76,1,1,high,high,0.4,2.5164399375911755,1.1621082431546363,85.8067671256947,supported
77,observed,hist_gradient_boosting,780,783,1,1,high,high,0.0,1.2219237490084591,0.0,0.0,supported
77,observed,hist_gradient_boosting,780,783,1,1,high,high,0.05,1.3353984918351292,0.11347474282667003,9.286564969274892,supported
77,observed,hist_gradient_boosting,780,783,1,1,high,high,0.1,1.4347838792287817,0.21286013022032257,17.420082913770173,supported
77,observed,hist_gradient_boosting,780,783,1,1,high,high,0.2,1.448433017125601,0.2265092681171419,18.537103342245764,supported
77,observed,hist_gradient_boosting,780,783,1,1,high,high,0.3,1.593466064933489,0.37154231592502995,30.40634214913338,supported
77,observed,hist_gradient_boosting,780,783,1,1,high,high,0.4,2.2060503697880396,0.9841266207795805,80.53911887531106,supported
78,observed,hist_gradient_boosting,233,41,1,1,high,high,0.0,1.0807400268193375,0.0,0.0,supported
78,observed,hist_gradient_boosting,233,41,1,1,high,high,0.05,1.150220467561677,0.0694804407423395,6.428968948880631,supported
78,observed,hist_gradient_boosting,233,41,1,1,high,high,0.1,1.3723727335188576,0.29163270669952013,26.98453832211687,supported
78,observed,hist_gradient_boosting,233,41,1,1,high,high,0.2,1.3846059738350869,0.3038659470157494,28.116470147778227,supported
78,observed,hist_gradient_boosting,233,41,1,1,high,high,0.3,1.448522942222064,0.36778291540272656,34.030655502334525,supported
78,observed,hist_gradient_boosting,233,41,1,1,high,high,0.4,2.1793478640702295,1.098607837250892,101.65329403817309,supported
79,observed,hist_gradient_boosting,72,146,1,1,high,low,0.0,0.3789702006197143,0.0,0.0,supported
79,observed,hist_gradient_boosting,72,146,1,1,high,low,0.05,0.47106730232956606,0.09209710170985175,24.301937608616498,supported
79,observed,hist_gradient_boosting,72,146,1,1,high,low,0.1,0.4754778269610843,0.09650762634137,25.46575593108773,supported
79,observed,hist_gradient_boosting,72,146,1,1,high,low,0.2,0.4795304693958184,0.10056026877610408,26.5351388081865,supported
79,observed,hist_gradient_boosting,72,146,1,1,high,low,0.3,0.5396770443527181,0.1607068437330038,42.40619538692134,supported
79,observed,hist_gradient_boosting,72,146,1,1,high,low,0.4,0.7547422439864369,0.37577204336672254,99.156092682812,supported
80,observed,hist_gradient_boosting,213,253,1,0,high,low,0.0,0.32875961405355375,0.0,0.0,supported
80,observed,hist_gradient_boosting,213,253,1,0,high,low,0.05,0.37551235316639253,0.04675273911283878,14.220949628327206,supported
80,observed,hist_gradient_boosting,213,253,1,0,high,low,0.1,0.38297969131087406,0.05422007725732031,16.492316859968103,supported
80,observed,hist_gradient_boosting,213,253,1,0,high,low,0.2,0.3569244303984177,0.028164816344863952,8.566993980068371,supported
80,observed,hist_gradient_boosting,213,253,1,0,high,low,0.3,0.4201191035896974,0.09135948953614365,27.78914612098964,supported
80,observed,hist_gradient_boosting,213,253,1,0,high,low,0.4,0.5369651166924032,0.20820550263884946,63.3306202278646,supported
81,observed,hist_gradient_boosting,20,500,1,1,high,medium,0.0,0.26967005977532926,0.0,0.0,supported
81,observed,hist_gradient_boosting,20,500,1,1,high,medium,0.05,0.34794094322205094,0.07827088344672167,29.02468427972005,supported
81,observed,hist_gradient_boosting,20,500,1,1,high,medium,0.1,0.33028244275807667,0.060612382982747404,22.47649703242751,supported
81,observed,hist_gradient_boosting,20,500,1,1,high,medium,0.2,0.38005139426853546,0.1103813344932062,40.931994669771065,supported
81,observed,hist_gradient_boosting,20,500,1,1,high,medium,0.3,0.43788722608238395,0.1682171663070547,62.37888123257056,supported
81,observed,hist_gradient_boosting,20,500,1,1,high,medium,0.4,0.6866267229697263,0.416956663194397,154.61733628930733,supported
82,observed,hist_gradient_boosting,72,146,1,1,high,medium,0.0,0.32782777779592076,0.0,0.0,supported
82,observed,hist_gradient_boosting,72,146,1,1,high,medium,0.05,0.4025012145932008,0.07467343679728006,22.77825183068096,supported
82,observed,hist_gradient_boosting,72,146,1,1,high,medium,0.1,0.388987307046091,0.061159529250170264,18.655993601690234,supported
82,observed,hist_gradient_boosting,72,146,1,1,high,medium,0.2,0.4192136602484832,0.09138588245256246,27.876186413175752,supported
82,observed,hist_gradient_boosting,72,146,1,1,high,medium,0.3,0.5233154370662509,0.19548765927033018,59.631206539192384,supported
82,observed,hist_gradient_boosting,72,146,1,1,high,medium,0.4,0.8547996690524009,0.5269718912564801,160.74656479675448,supported
83,observed,hist_gradient_boosting,490,843,1,1,high,medium,0.0,0.5910191231408388,0.0,0.0,supported
83,observed,hist_gradient_boosting,490,843,1,1,high,medium,0.05,0.6548266694393514,0.0638075462985126,10.796189801680466,supported
83,observed,hist_gradient_boosting,490,843,1,1,high,medium,0.1,0.6414118011028498,0.05039267796201097,8.526403967135664,supported
83,observed,hist_gradient_boosting,490,843,1,1,high,medium,0.2,0.6400702156139113,0.04905109247307249,8.299408691279142,supported
83,observed,hist_gradient_boosting,490,843,1,1,high,medium,0.3,0.683127846695365,0.09210872355452615,15.58472813282843,supported
83,observed,hist_gradient_boosting,490,843,1,1,high,medium,0.4,0.9346932909673926,0.3436741678265538,58.149415876795054,supported
84,observed,hist_gradient_boosting,758,764,1,0,high,medium,0.0,0.4826189604684859,0.0,0.0,supported
84,observed,hist_gradient_boosting,758,764,1,0,high,medium,0.05,0.5380167263737996,0.0553977659053137,11.478572215964778,supported
84,observed,hist_gradient_boosting,758,764,1,0,high,medium,0.1,0.5332219001576839,0.05060293968919799,10.485070797897556,supported
84,observed,hist_gradient_boosting,758,764,1,0,high,medium,0.2,0.5602649562985744,0.07764599583008852,16.0884677540883,supported
84,observed,hist_gradient_boosting,758,764,1,0,high,medium,0.3,0.6555956935390417,0.17297673307055578,35.8412634478025,supported
84,observed,hist_gradient_boosting,758,764,1,0,high,medium,0.4,0.6512240450651403,0.1686050845966544,34.93544564287048,supported
85,observed,hist_gradient_boosting,530,411,1,0,high,medium,0.0,0.6273999543156965,0.0,0.0,supported
85,observed,hist_gradient_boosting,530,411,1,0,high,medium,0.05,0.6894412153061806,0.062041260990484126,9.88863014154222,supported
85,observed,hist_gradient_boosting,530,411,1,0,high,medium,0.1,0.6956674695122453,0.06826751519654883,10.881020109573969,supported
85,observed,hist_gradient_boosting,530,411,1,0,high,medium,0.2,0.7045671719979383,0.07716721768224177,12.299525550078805,supported
85,observed,hist_gradient_boosting,530,411,1,0,high,medium,0.3,0.8623925894661977,0.23499263515050117,37.45499717270573,supported
85,observed,hist_gradient_boosting,530,411,1,0,high,medium,0.4,1.029384966568153,0.4019850122524564,64.07157180795468,supported
86,observed,hist_gradient_boosting,714,90,1,1,low,high,0.0,1.0900860722039507,0.0,0.0,supported
86,observed,hist_gradient_boosting,714,90,1,1,low,high,0.05,1.3085244939861478,0.21843842178219708,20.03863982415217,supported
86,observed,hist_gradient_boosting,714,90,1,1,low,high,0.1,1.3482824417042667,0.258196369500316,23.68586995871722,supported
86,observed,hist_gradient_boosting,714,90,1,1,low,high,0.2,1.3118190020552674,0.22173292985131665,20.340864405598168,supported
86,observed,hist_gradient_boosting,714,90,1,1,low,high,0.3,1.4359084428294753,0.34582237062552457,31.724317872104923,supported
86,observed,hist_gradient_boosting,714,90,1,1,low,high,0.4,1.7694494730655932,0.6793634008616425,62.32199623357231,supported
87,observed,hist_gradient_boosting,441,580,1,0,low,high,0.0,2.359250001359798,0.0,0.0,supported
87,observed,hist_gradient_boosting,441,580,1,0,low,high,0.05,2.5598081039164238,0.20055810255662587,8.500926245248719,supported
87,observed,hist_gradient_boosting,441,580,1,0,low,high,0.1,2.6750043175826153,0.31575431622281735,13.383673457277801,supported
87,observed,hist_gradient_boosting,441,580,1,0,low,high,0.2,2.7298109684712353,0.3705609671114374,15.706727430236622,supported
87,observed,hist_gradient_boosting,441,580,1,0,low,high,0.3,2.8211586502618875,0.4619086489020896,19.578622385752254,supported
87,observed,hist_gradient_boosting,441,580,1,0,low,high,0.4,2.684300329012823,0.3250503276530252,13.777697465960648,supported
88,observed,hist_gradient_boosting,231,740,1,0,low,low,0.0,0.320904697357703,0.0,0.0,supported
88,observed,hist_gradient_boosting,231,740,1,0,low,low,0.05,0.3751538511418122,0.054249153784109216,16.905066903286638,supported
88,observed,hist_gradient_boosting,231,740,1,0,low,low,0.1,0.37196924198011244,0.05106454462240945,15.912682189718552,supported
88,observed,hist_gradient_boosting,231,740,1,0,low,low,0.2,0.3649480634199824,0.04404336606227943,13.72474956737253,supported
88,observed,hist_gradient_boosting,231,740,1,0,low,low,0.3,0.41566444945839714,0.09475975210069415,29.528938928266378,supported
88,observed,hist_gradient_boosting,231,740,1,0,low,low,0.4,0.4793198109244037,0.15841511356670068,49.3651588372108,supported
89,observed,hist_gradient_boosting,112,686,1,1,low,medium,0.0,0.4979616802134588,0.0,0.0,supported
89,observed,hist_gradient_boosting,112,686,1,1,low,medium,0.05,0.5587850052778025,0.06082332506434368,12.21445895962734,supported
89,observed,hist_gradient_boosting,112,686,1,1,low,medium,0.1,0.5473952607575341,0.04943358054407526,9.92718566675348,supported
89,observed,hist_gradient_boosting,112,686,1,1,low,medium,0.2,0.5418680427378677,0.04390636252440888,8.817217121122201,supported
89,observed,hist_gradient_boosting,112,686,1,1,low,medium,0.3,0.5794576857518221,0.08149600553836328,16.365919060966448,supported
89,observed,hist_gradient_boosting,112,686,1,1,low,medium,0.4,0.8243606314250225,0.32639895121156365,65.54700174351724,supported
90,observed,hist_gradient_boosting,254,769,1,0,medium,high,0.0,0.9490217708345043,0.0,0.0,supported
90,observed,hist_gradient_boosting,254,769,1,0,medium,high,0.05,1.0375753811367434,0.08855361030223907,9.33104097542159,supported
90,observed,hist_gradient_boosting,254,769,1,0,medium,high,0.1,1.026727824595382,0.07770605376087758,8.188015928501645,supported
90,observed,hist_gradient_boosting,254,769,1,0,medium,high,0.2,1.0447991503282847,0.0957773794937804,10.092221531394419,supported
90,observed,hist_gradient_boosting,254,769,1,0,medium,high,0.3,1.043761425730262,0.09473965489575775,9.982874767187933,supported
90,observed,hist_gradient_boosting,254,769,1,0,medium,high,0.4,1.2933364626368644,0.3443146918023601,36.28101086654667,supported
91,observed,hist_gradient_boosting,314,691,1,1,medium,high,0.0,4.710580508500969,0.0,0.0,supported
91,observed,hist_gradient_boosting,314,691,1,1,medium,high,0.05,4.383083974648298,-0.3274965338526705,-6.952360399353175,supported
91,observed,hist_gradient_boosting,314,691,1,1,medium,high,0.1,4.8584313254650695,0.14785081696410085,3.1386963177315597,supported
91,observed,hist_gradient_boosting,314,691,1,1,medium,high,0.2,4.992263784624193,0.28168327612322397,5.979799636475436,supported
91,observed,hist_gradient_boosting,314,691,1,1,medium,high,0.3,5.141356669445231,0.4307761609442622,9.14486357184343,supported
91,observed,hist_gradient_boosting,314,691,1,1,medium,high,0.4,5.329402234638938,0.6188217261379689,13.136846403988,supported
92,observed,hist_gradient_boosting,714,644,1,1,medium,high,0.0,0.8695569961248086,0.0,0.0,supported
92,observed,hist_gradient_boosting,714,644,1,1,medium,high,0.05,1.033030770043355,0.16347377391854634,18.79966174121641,supported
92,observed,hist_gradient_boosting,714,644,1,1,medium,high,0.1,1.0904308920712786,0.22087389594647,25.400738184017513,supported
92,observed,hist_gradient_boosting,714,644,1,1,medium,high,0.2,1.0904662246658048,0.22090922854099615,25.404801470804195,supported
92,observed,hist_gradient_boosting,714,644,1,1,medium,high,0.3,1.1795183913869112,0.30996139526210253,35.64589746772773,supported
92,observed,hist_gradient_boosting,714,644,1,1,medium,high,0.4,2.0629263024090285,1.1933693062842199,137.2387677406409,supported
93,observed,hist_gradient_boosting,714,644,1,1,medium,high,0.0,0.7865256365422826,0.0,0.0,supported
93,observed,hist_gradient_boosting,714,644,1,1,medium,high,0.05,0.950143745314129,0.16361810877184646,20.802641537679946,supported
93,observed,hist_gradient_boosting,714,644,1,1,medium,high,0.1,1.0191323631131048,0.23260672657082226,29.573953570465417,supported
93,observed,hist_gradient_boosting,714,644,1,1,medium,high,0.2,1.0304514030867025,0.2439257665444199,31.013072582956646,supported
93,observed,hist_gradient_boosting,714,644,1,1,medium,high,0.3,1.065613140667642,0.2790875041253593,35.48358644128644,supported
93,observed,hist_gradient_boosting,714,644,1,1,medium,high,0.4,1.5669986206070847,0.7804729840648021,99.23045706379145,supported
94,observed,hist_gradient_boosting,244,104,1,1,medium,high,0.0,2.321021040374559,0.0,0.0,supported
94,observed,hist_gradient_boosting,244,104,1,1,medium,high,0.05,2.380019143877499,0.058998103502940324,2.5419030020261912,supported
94,observed,hist_gradient_boosting,244,104,1,1,medium,high,0.1,2.5117248311544196,0.19070379077986077,8.216374925626946,supported
94,observed,hist_gradient_boosting,244,104,1,1,medium,high,0.2,2.5593864542246623,0.23836541385010346,10.269851487931225,supported
94,observed,hist_gradient_boosting,244,104,1,1,medium,high,0.3,2.6093696633354777,0.2883486229609189,12.423352392979004,supported
94,observed,hist_gradient_boosting,244,104,1,1,medium,high,0.4,2.6409090771401345,0.31988803676557565,13.782211845608817,supported
95,observed,hist_gradient_boosting,469,259,1,1,medium,high,0.0,0.6220021114394487,0.0,0.0,supported
95,observed,hist_gradient_boosting,469,259,1,1,medium,high,0.05,0.704389960714862,0.08238784927541332,13.245589968296056,supported
95,observed,hist_gradient_boosting,469,259,1,1,medium,high,0.1,0.6687651697168753,0.04676305827742655,7.51815105083915,supported
95,observed,hist_gradient_boosting,469,259,1,1,medium,high,0.2,0.6828826206681085,0.06088050922865973,9.78782999430161,supported
95,observed,hist_gradient_boosting,469,259,1,1,medium,high,0.3,0.7053943130817131,0.08339220164226435,13.407060861783338,supported
95,observed,hist_gradient_boosting,469,259,1,1,medium,high,0.4,1.0322278466688783,0.4102257352294296,65.95246666929756,supported
96,observed,hist_gradient_boosting,206,104,1,0,medium,high,0.0,2.645553545164342,0.0,0.0,supported
96,observed,hist_gradient_boosting,206,104,1,0,medium,high,0.05,2.706373742578917,0.060820197414575006,2.298959230129549,supported
96,observed,hist_gradient_boosting,206,104,1,0,medium,high,0.1,2.796543013689949,0.1509894685256068,5.707292101556294,supported
96,observed,hist_gradient_boosting,206,104,1,0,medium,high,0.2,2.793816398353903,0.14826285318956067,5.6042280248140175,supported
96,observed,hist_gradient_boosting,206,104,1,0,medium,high,0.3,2.8375860526426506,0.19203250747830847,7.25868912497778,supported
96,observed,hist_gradient_boosting,206,104,1,0,medium,high,0.4,2.908838600953141,0.2632850557887987,9.95198363193377,supported
97,observed,hist_gradient_boosting,452,240,1,0,medium,high,0.0,1.025515604020696,0.0,0.0,supported
97,observed,hist_gradient_boosting,452,240,1,0,medium,high,0.05,1.1143309115328597,0.0888153075121636,8.66055154733376,supported
97,observed,hist_gradient_boosting,452,240,1,0,medium,high,0.1,1.087372883841054,0.061857279820357824,6.0318223903991885,supported
97,observed,hist_gradient_boosting,452,240,1,0,medium,high,0.2,1.0867365207113209,0.061220916690624794,5.969769397032909,supported
97,observed,hist_gradient_boosting,452,240,1,0,medium,high,0.3,1.2573882574792798,0.23187265345858377,22.610348643110868,supported
97,observed,hist_gradient_boosting,452,240,1,0,medium,high,0.4,1.6490242124799428,0.6235086084592467,60.79952426025335,supported
98,observed,hist_gradient_boosting,532,666,1,0,medium,high,0.0,1.0332547050935323,0.0,0.0,supported
98,observed,hist_gradient_boosting,532,666,1,0,medium,high,0.05,1.1574249343206202,0.12417022922708787,12.017388221411274,supported
98,observed,hist_gradient_boosting,532,666,1,0,medium,high,0.1,1.2444617554086492,0.21120705031511688,20.440947355376228,supported
98,observed,hist_gradient_boosting,532,666,1,0,medium,high,0.2,1.2406469795352888,0.20739227444175645,20.071747403558437,supported
98,observed,hist_gradient_boosting,532,666,1,0,medium,high,0.3,1.2189802063697388,0.18572550127620646,17.974803343324155,supported
98,observed,hist_gradient_boosting,532,666,1,0,medium,high,0.4,1.6408992071157327,0.6076445020222003,58.80878151599562,supported
99,observed,hist_gradient_boosting,843,686,1,1,medium,high,0.0,0.8200295615337954,0.0,0.0,supported
99,observed,hist_gradient_boosting,843,686,1,1,medium,high,0.05,0.909674586368592,0.08964502483479664,10.931925998755855,supported
99,observed,hist_gradient_boosting,843,686,1,1,medium,high,0.1,0.9672495190859187,0.14721995755212336,17.95300614245674,supported
99,observed,hist_gradient_boosting,843,686,1,1,medium,high,0.2,0.9727740796634767,0.15274451812968137,18.626708754741195,supported
99,observed,hist_gradient_boosting,843,686,1,1,medium,high,0.3,0.9983698598147321,0.17834029828093678,21.748032832787946,supported
99,observed,hist_gradient_boosting,843,686,1,1,medium,high,0.4,1.6176914761040395,0.7976619145702442,97.27233650922116,supported
100,observed,hist_gradient_boosting,484,119,1,1,medium,high,0.0,2.1836581531158217,0.0,0.0,supported
100,observed,hist_gradient_boosting,484,119,1,1,medium,high,0.05,2.3466808428013888,0.1630226896855671,7.465577405188317,supported
100,observed,hist_gradient_boosting,484,119,1,1,medium,high,0.1,2.405017406458681,0.22135925334285922,10.13708363770245,supported
100,observed,hist_gradient_boosting,484,119,1,1,medium,high,0.2,2.3935018114029827,0.209843658287161,9.6097302587284,supported
100,observed,hist_gradient_boosting,484,119,1,1,medium,high,0.3,2.460259753571167,0.2766016004553453,12.666891109337207,supported
100,observed,hist_gradient_boosting,484,119,1,1,medium,high,0.4,2.939035462348891,0.7553773092330691,34.59228763234918,supported
101,observed,hist_gradient_boosting,244,104,1,1,medium,high,0.0,2.295883628345939,0.0,0.0,supported
101,observed,hist_gradient_boosting,244,104,1,1,medium,high,0.05,2.3792402276973363,0.08335659935139716,3.6306979292086927,supported
101,observed,hist_gradient_boosting,244,104,1,1,medium,high,0.1,2.468403669300918,0.17252004095497897,7.514319925669333,supported
101,observed,hist_gradient_boosting,244,104,1,1,medium,high,0.2,2.4684245229527404,0.17254089460680122,7.515228231803173,supported
101,observed,hist_gradient_boosting,244,104,1,1,medium,high,0.3,2.538018820608723,0.24213519226278368,10.54649239505354,supported
101,observed,hist_gradient_boosting,244,104,1,1,medium,high,0.4,2.621048124088362,0.3251644957424227,14.162934555036056,supported
102,observed,hist_gradient_boosting,132,223,1,1,medium,high,0.0,0.8135473211598192,0.0,0.0,supported
102,observed,hist_gradient_boosting,132,223,1,1,medium,high,0.05,0.8364643779583252,0.022917056798505975,2.8169297842238317,supported
102,observed,hist_gradient_boosting,132,223,1,1,medium,high,0.1,0.8248825937559792,0.011335272596159962,1.3933144761634875,supported
102,observed,hist_gradient_boosting,132,223,1,1,medium,high,0.2,0.8127507095703574,-0.0007966115894617598,-0.09791828560459237,supported
102,observed,hist_gradient_boosting,132,223,1,1,medium,high,0.3,0.8695760432315538,0.056028722071734594,6.886965344788831,supported
102,observed,hist_gradient_boosting,132,223,1,1,medium,high,0.4,1.1266689465539108,0.3131216253940916,38.488434200446434,supported
103,observed,hist_gradient_boosting,586,138,1,1,medium,low,0.0,0.3059564301836195,0.0,0.0,supported
103,observed,hist_gradient_boosting,586,138,1,1,medium,low,0.05,0.3863140160897641,0.08035758590614461,26.264388644460944,supported
103,observed,hist_gradient_boosting,586,138,1,1,medium,low,0.1,0.3904704351096826,0.08451400492606309,27.6228889438088,supported
103,observed,hist_gradient_boosting,586,138,1,1,medium,low,0.2,0.39223294426358574,0.08627651407996623,28.19895435052222,supported
103,observed,hist_gradient_boosting,586,138,1,1,medium,low,0.3,0.5366386207561997,0.23068219057258021,75.39707220212253,supported
103,observed,hist_gradient_boosting,586,138,1,1,medium,low,0.4,0.8352509363370801,0.5292945061534606,172.9966929722003,supported
104,observed,hist_gradient_boosting,658,93,1,0,medium,low,0.0,0.4769082006657385,0.0,0.0,supported
104,observed,hist_gradient_boosting,658,93,1,0,medium,low,0.05,0.5321175323712237,0.0552093317054852,11.576511292616875,supported
104,observed,hist_gradient_boosting,658,93,1,0,medium,low,0.1,0.5254185598364771,0.04851035917073859,10.17184420461228,supported
104,observed,hist_gradient_boosting,658,93,1,0,medium,low,0.2,0.5341426326430634,0.05723443197732486,12.001142336707282,supported
104,observed,hist_gradient_boosting,658,93,1,0,medium,low,0.3,0.6659883727972329,0.18908017213149436,39.64707922144104,supported
104,observed,hist_gradient_boosting,658,93,1,0,medium,low,0.4,0.655195281390043,0.1782870807243045,37.383941076170466,supported
105,observed,hist_gradient_boosting,483,71,1,0,medium,low,0.0,0.3153355405581616,0.0,0.0,supported
105,observed,hist_gradient_boosting,483,71,1,0,medium,low,0.05,0.37209170343970976,0.05675616288154817,17.998657170418085,supported
105,observed,hist_gradient_boosting,483,71,1,0,medium,low,0.1,0.39044589155373555,0.07511035099557395,23.819183483924576,supported
105,observed,hist_gradient_boosting,483,71,1,0,medium,low,0.2,0.3914345971846278,0.07609905662646621,24.132724301157626,supported
105,observed,hist_gradient_boosting,483,71,1,0,medium,low,0.3,0.44375463995079123,0.12841909939262963,40.72458789939144,supported
105,observed,hist_gradient_boosting,483,71,1,0,medium,low,0.4,0.5703429840240146,0.255007443465853,80.86860206574735,supported
106,observed,hist_gradient_boosting,147,717,1,0,medium,low,0.0,0.5771719595412601,0.0,0.0,supported
106,observed,hist_gradient_boosting,147,717,1,0,medium,low,0.05,0.6268047365646332,0.0496327770233731,8.59930497365491,supported
106,observed,hist_gradient_boosting,147,717,1,0,medium,low,0.1,0.6230373491817169,0.04586538964045683,7.946572747039027,supported
106,observed,hist_gradient_boosting,147,717,1,0,medium,low,0.2,0.65216316565056,0.07499120610929988,12.992870646194143,supported
106,observed,hist_gradient_boosting,147,717,1,0,medium,low,0.3,0.7511042293039598,0.1739322697626997,30.13525984542669,supported
106,observed,hist_gradient_boosting,147,717,1,0,medium,low,0.4,0.899341417554415,0.3221694580131549,55.81862609355055,supported
107,observed,hist_gradient_boosting,602,425,1,1,medium,low,0.0,0.357133363508245,0.0,0.0,supported
107,observed,hist_gradient_boosting,602,425,1,1,medium,low,0.05,0.47653645123309585,0.11940308772485086,33.433753304903504,supported
107,observed,hist_gradient_boosting,602,425,1,1,medium,low,0.1,0.4608578633240774,0.10372449981583243,29.0436319913969,supported
107,observed,hist_gradient_boosting,602,425,1,1,medium,low,0.2,0.47439932574792837,0.11726596223968339,32.83534226198839,supported
107,observed,hist_gradient_boosting,602,425,1,1,medium,low,0.3,0.657348842041708,0.300215478533463,84.06256855543883,supported
107,observed,hist_gradient_boosting,602,425,1,1,medium,low,0.4,1.0272160541692439,0.6700826906609989,187.62814094951645,supported
108,observed,hist_gradient_boosting,60,93,1,1,medium,low,0.0,0.38118460875865345,0.0,0.0,supported
108,observed,hist_gradient_boosting,60,93,1,1,medium,low,0.05,0.44390503146550114,0.06272042270684769,16.45408058607085,supported
108,observed,hist_gradient_boosting,60,93,1,1,medium,low,0.1,0.43706129307827274,0.055876684319619285,14.65869372364863,supported
108,observed,hist_gradient_boosting,60,93,1,1,medium,low,0.2,0.43730001605803276,0.056115407299379305,14.721320328782927,supported
108,observed,hist_gradient_boosting,60,93,1,1,medium,low,0.3,0.5176897530715319,0.1365051443128784,35.81077020853862,supported
108,observed,hist_gradient_boosting,60,93,1,1,medium,low,0.4,0.7562088528699851,0.3750242441113316,98.38388945781851,supported
109,observed,hist_gradient_boosting,530,644,1,1,medium,medium,0.0,0.43018166824842174,0.0,0.0,supported
109,observed,hist_gradient_boosting,530,644,1,1,medium,medium,0.05,0.5344216502604895,0.10423998201206774,24.23161880340079,supported
109,observed,hist_gradient_boosting,530,644,1,1,medium,medium,0.1,0.529675087022069,0.09949341877364726,23.12823305064495,supported
109,observed,hist_gradient_boosting,530,644,1,1,medium,medium,0.2,0.5225655559998981,0.09238388775147632,21.47555197496849,supported
109,observed,hist_gradient_boosting,530,644,1,1,medium,medium,0.3,0.5802253762242877,0.15004370797586597,34.87914968269139,supported
109,observed,hist_gradient_boosting,530,644,1,1,medium,medium,0.4,0.7943961536260336,0.3642144853776118,84.66527336243553,supported
110,observed,hist_gradient_boosting,598,145,1,1,medium,medium,0.0,0.42434335706813003,0.0,0.0,supported
110,observed,hist_gradient_boosting,598,145,1,1,medium,medium,0.05,0.4940302561253155,0.06968689905718545,16.42229055703044,supported
110,observed,hist_gradient_boosting,598,145,1,1,medium,medium,0.1,0.5069892489031285,0.08264589183499843,19.47618372207234,supported
110,observed,hist_gradient_boosting,598,145,1,1,medium,medium,0.2,0.48891322282061,0.06456986575247997,15.2164195991203,supported
110,observed,hist_gradient_boosting,598,145,1,1,medium,medium,0.3,0.5978173922921157,0.1734740352239857,40.88058227718025,supported
110,observed,hist_gradient_boosting,598,145,1,1,medium,medium,0.4,0.8291662890057809,0.4048229319376509,95.3998513691013,supported
111,observed,hist_gradient_boosting,147,717,1,0,medium,medium,0.0,0.5749105959438043,0.0,0.0,supported
111,observed,hist_gradient_boosting,147,717,1,0,medium,medium,0.05,0.6225367237840729,0.04762612784026854,8.284092896580365,supported
111,observed,hist_gradient_boosting,147,717,1,0,medium,medium,0.1,0.6187792203516629,0.04386862440785855,7.630512416603041,supported
111,observed,hist_gradient_boosting,147,717,1,0,medium,medium,0.2,0.6339929539241818,0.05908235798037742,10.276790582261697,supported
111,observed,hist_gradient_boosting,147,717,1,0,medium,medium,0.3,0.7950810013429164,0.22017040539911203,38.29645982392591,supported
111,observed,hist_gradient_boosting,147,717,1,0,medium,medium,0.4,0.8211357919265028,0.24622519598269843,42.82843240669132,supported
112,observed,hist_gradient_boosting,485,569,1,1,medium,medium,0.0,0.5168705570066856,0.0,0.0,supported
112,observed,hist_gradient_boosting,485,569,1,1,medium,medium,0.05,0.6411049684960268,0.12423441148934122,24.03588476944998,supported
112,observed,hist_gradient_boosting,485,569,1,1,medium,medium,0.1,0.6260460734863471,0.1091755164796615,21.122409663247545,supported
112,observed,hist_gradient_boosting,485,569,1,1,medium,medium,0.2,0.641158069545722,0.12428751253903636,24.04615833774968,supported
112,observed,hist_gradient_boosting,485,569,1,1,medium,medium,0.3,0.7238627103666779,0.20699215335999233,40.04719374203296,supported
112,observed,hist_gradient_boosting,485,569,1,1,medium,medium,0.4,0.9350611050743209,0.41819054806763534,80.90817756953916,supported
113,observed,hist_gradient_boosting,20,569,1,1,medium,medium,0.0,0.43213753758575135,0.0,0.0,supported
113,observed,hist_gradient_boosting,20,569,1,1,medium,medium,0.05,0.5101945027251404,0.07805696513938909,18.062991142929775,supported
113,observed,hist_gradient_boosting,20,569,1,1,medium,medium,0.1,0.5094742368129945,0.07733669922724318,17.89631598756838,supported
113,observed,hist_gradient_boosting,20,569,1,1,medium,medium,0.2,0.5128939596935482,0.08075642210779688,18.687666560735174,supported
113,observed,hist_gradient_boosting,20,569,1,1,medium,medium,0.3,0.5113761904898895,0.07923865290413812,18.33644291741594,supported
113,observed,hist_gradient_boosting,20,569,1,1,medium,medium,0.4,0.6554187102859432,0.22328117270019188,51.66900657314108,supported
114,observed,hist_gradient_boosting,510,793,1,1,medium,medium,0.0,0.619085092914442,0.0,0.0,supported
114,observed,hist_gradient_boosting,510,793,1,1,medium,medium,0.05,0.7001856121289605,0.08110051921451844,13.10006009557181,supported
114,observed,hist_gradient_boosting,510,793,1,1,medium,medium,0.1,0.6955108516441899,0.07642575872974788,12.344952189037773,supported
114,observed,hist_gradient_boosting,510,793,1,1,medium,medium,0.2,0.6898038373773487,0.07071874446290671,11.423105688102897,supported
114,observed,hist_gradient_boosting,510,793,1,1,medium,medium,0.3,0.6947380185700678,0.07565292565562576,12.220117480050696,supported
114,observed,hist_gradient_boosting,510,793,1,1,medium,medium,0.4,0.872641708471642,0.2535566155572,40.956666290176955,supported
115,observed,hist_gradient_boosting,96,500,1,1,medium,medium,0.0,0.6256397305818617,0.0,0.0,supported
115,observed,hist_gradient_boosting,96,500,1,1,medium,medium,0.05,0.6794748686797047,0.053835138097843016,8.604814474901534,supported
115,observed,hist_gradient_boosting,96,500,1,1,medium,medium,0.1,0.6361686642481608,0.010528933666299034,1.6829068154777804,supported
115,observed,hist_gradient_boosting,96,500,1,1,medium,medium,0.2,0.6648392586568006,0.03919952807493887,6.26551130927735,supported
115,observed,hist_gradient_boosting,96,500,1,1,medium,medium,0.3,0.6910779228215285,0.06543819223966674,10.459404836519482,supported
115,observed,hist_gradient_boosting,96,500,1,1,medium,medium,0.4,1.0768346219001317,0.45119489131826995,72.11736551619677,supported
116,observed,hist_gradient_boosting,862,320,1,1,medium,medium,0.0,0.4094985361473958,0.0,0.0,supported
116,observed,hist_gradient_boosting,862,320,1,1,medium,medium,0.05,0.477091941484203,0.06759340533680719,16.506385095471376,supported
116,observed,hist_gradient_boosting,862,320,1,1,medium,medium,0.1,0.4764512269238648,0.06695269077646904,16.349921884060148,supported
116,observed,hist_gradient_boosting,862,320,1,1,medium,medium,0.2,0.47481162571875885,0.06531308957136306,15.949529438086717,supported
116,observed,hist_gradient_boosting,862,320,1,1,medium,medium,0.3,0.5755429546176081,0.16604441847021228,40.548232487562764,supported
116,observed,hist_gradient_boosting,862,320,1,1,medium,medium,0.4,0.8841189677165,0.4746204315691042,115.9028396131478,supported
117,observed,hist_gradient_boosting,231,212,1,0,medium,medium,0.0,0.5929135980299474,0.0,0.0,supported
117,observed,hist_gradient_boosting,231,212,1,0,medium,medium,0.05,0.6411363368857477,0.04822273885580031,8.133181464555417,supported
117,observed,hist_gradient_boosting,231,212,1,0,medium,medium,0.1,0.6488606470516562,0.05594704902170888,9.43595309798968,supported
117,observed,hist_gradient_boosting,231,212,1,0,medium,medium,0.2,0.6633021277025406,0.07038852967259324,11.871633557818662,supported
117,observed,hist_gradient_boosting,231,212,1,0,medium,medium,0.3,0.75148730964433,0.1585737116143826,26.744826251458864,supported
117,observed,hist_gradient_boosting,231,212,1,0,medium,medium,0.4,0.9177118008225074,0.32479820279256,54.78002256513517,supported
118,observed,hist_gradient_boosting,633,489,1,1,medium,medium,0.0,0.3459145405379655,0.0,0.0,supported
118,observed,hist_gradient_boosting,633,489,1,1,medium,medium,0.05,0.41003089712198854,0.06411635658402304,18.535316984452123,supported
118,observed,hist_gradient_boosting,633,489,1,1,medium,medium,0.1,0.4085756942852875,0.06266115374732201,18.114634224358284,supported
118,observed,hist_gradient_boosting,633,489,1,1,medium,medium,0.2,0.4062869965060873,0.060372455968121796,17.452997458340636,supported
118,observed,hist_gradient_boosting,633,489,1,1,medium,medium,0.3,0.5151511259408108,0.1692365854028453,48.924391885825024,supported
118,observed,hist_gradient_boosting,633,489,1,1,medium,medium,0.4,0.8237560240748416,0.4778414835368761,138.13859423016393,supported
119,observed,hist_gradient_boosting,147,717,1,1,medium,medium,0.0,0.4441317755595824,0.0,0.0,supported
119,observed,hist_gradient_boosting,147,717,1,1,medium,medium,0.05,0.5414470665445228,0.0973152909849404,21.91135521936667,supported
119,observed,hist_gradient_boosting,147,717,1,1,medium,medium,0.1,0.5378773521839681,0.09374557662438576,21.107604045279427,supported
119,observed,hist_gradient_boosting,147,717,1,1,medium,medium,0.2,0.5387099489554028,0.09457817339582042,21.295070202229272,supported
119,observed,hist_gradient_boosting,147,717,1,1,medium,medium,0.3,0.6216831802120524,0.17755140465247,39.977190199634926,supported
119,observed,hist_gradient_boosting,147,717,1,1,medium,medium,0.4,0.8342072735562003,0.3900754979966179,87.82877503082132,supported
0,recovered,hist_gradient_boosting,493,37,0,1,high,high,0.0,1.9849700465152265,0.0,0.0,supported
0,recovered,hist_gradient_boosting,493,37,0,1,high,high,0.05,2.009356683773852,0.024386637258625665,1.228564496549378,supported
0,recovered,hist_gradient_boosting,493,37,0,1,high,high,0.1,2.1260950020342095,0.14112495551898308,7.1096768319874215,supported
0,recovered,hist_gradient_boosting,493,37,0,1,high,high,0.2,2.158246864384328,0.17327681786910132,8.729442450444157,supported
0,recovered,hist_gradient_boosting,493,37,0,1,high,high,0.3,2.2974017605556742,0.3124317140404478,15.73987046247607,supported
0,recovered,hist_gradient_boosting,493,37,0,1,high,high,0.4,2.6308558651548717,0.6458858186396452,32.53881940302068,supported
1,recovered,hist_gradient_boosting,117,316,0,1,high,high,0.0,1.4852228433037764,0.0,0.0,supported
1,recovered,hist_gradient_boosting,117,316,0,1,high,high,0.05,1.522394359374304,0.03717151607052749,2.502756824547747,supported
1,recovered,hist_gradient_boosting,117,316,0,1,high,high,0.1,1.518264323529677,0.0330414802259007,2.2246816613998632,supported
1,recovered,hist_gradient_boosting,117,316,0,1,high,high,0.2,1.539180525632812,0.05395768232903553,3.632968787970592,supported
1,recovered,hist_gradient_boosting,117,316,0,1,high,high,0.3,1.566335006101038,0.08111216279726152,5.461278969883954,supported
1,recovered,hist_gradient_boosting,117,316,0,1,high,high,0.4,2.0836290525309975,0.5984062092272211,40.29066829433538,supported
2,recovered,hist_gradient_boosting,513,467,0,0,high,high,0.0,3.3839365884468853,0.0,0.0,supported
2,recovered,hist_gradient_boosting,513,467,0,0,high,high,0.05,3.5437254420127378,0.15978885356585248,4.721981319371893,supported
2,recovered,hist_gradient_boosting,513,467,0,0,high,high,0.1,3.667617286294224,0.2836806978473385,8.383156434309491,supported
2,recovered,hist_gradient_boosting,513,467,0,0,high,high,0.2,3.667617286294224,0.2836806978473385,8.383156434309491,supported
2,recovered,hist_gradient_boosting,513,467,0,0,high,high,0.3,3.7078498146895074,0.3239132262426221,9.572083216585558,supported
2,recovered,hist_gradient_boosting,513,467,0,0,high,high,0.4,3.749619103080099,0.3656825146332139,10.806423379258723,supported
3,recovered,hist_gradient_boosting,325,758,0,1,high,high,0.0,1.3927668146607277,0.0,0.0,supported
3,recovered,hist_gradient_boosting,325,758,0,1,high,high,0.05,1.4124237154921673,0.01965690083143956,1.4113562029569149,supported
3,recovered,hist_gradient_boosting,325,758,0,1,high,high,0.1,1.3960744101003542,0.003307595439626443,0.2374837916016892,supported
3,recovered,hist_gradient_boosting,325,758,0,1,high,high,0.2,1.3876288387091096,-0.0051379759516181345,-0.36890424854570947,supported
3,recovered,hist_gradient_boosting,325,758,0,1,high,high,0.3,1.442478081260015,0.049711266599287374,3.5692454814409746,supported
3,recovered,hist_gradient_boosting,325,758,0,1,high,high,0.4,1.7571953239420544,0.36442850928132664,26.16579498055458,supported
4,recovered,hist_gradient_boosting,417,756,0,1,high,high,0.0,7.255230292080922,0.0,0.0,supported
4,recovered,hist_gradient_boosting,417,756,0,1,high,high,0.05,7.237846733404897,-0.017383558676025146,-0.23960037071462104,supported
4,recovered,hist_gradient_boosting,417,756,0,1,high,high,0.1,7.425111658877979,0.1698813667970569,2.3415020606924353,supported
4,recovered,hist_gradient_boosting,417,756,0,1,high,high,0.2,9.481529212507072,2.2262989204261494,30.68543424260637,supported
4,recovered,hist_gradient_boosting,417,756,0,1,high,high,0.3,9.599890182716429,2.3446598906355067,32.31682243353049,supported
4,recovered,hist_gradient_boosting,417,756,0,1,high,high,0.4,9.517875583160535,2.262645291079613,31.186402084979825,supported
5,recovered,hist_gradient_boosting,498,547,0,1,high,low,0.0,0.42910759662916226,0.0,0.0,supported
5,recovered,hist_gradient_boosting,498,547,0,1,high,low,0.05,0.4629584951620102,0.03385089853284795,7.888673796213896,supported
5,recovered,hist_gradient_boosting,498,547,0,1,high,low,0.1,0.474927256923252,0.04581966029408974,10.677895393608573,supported
5,recovered,hist_gradient_boosting,498,547,0,1,high,low,0.2,0.5541447484445765,0.12503715181541425,29.138880970096693,supported
5,recovered,hist_gradient_boosting,498,547,0,1,high,low,0.3,0.684725278862131,0.2556176822329687,59.56960078100768,supported
5,recovered,hist_gradient_boosting,498,547,0,1,high,low,0.4,0.9788818892650817,0.5497742926359195,128.1203821499898,supported
6,recovered,hist_gradient_boosting,212,608,0,0,high,low,0.0,0.3937036484979268,0.0,0.0,supported
6,recovered,hist_gradient_boosting,212,608,0,0,high,low,0.05,0.4632965449716652,0.06959289647373845,17.676467246176642,supported
6,recovered,hist_gradient_boosting,212,608,0,0,high,low,0.1,0.4753574275533714,0.08165377905544463,20.739909159331702,supported
6,recovered,hist_gradient_boosting,212,608,0,0,high,low,0.2,0.5455695243508363,0.1518658758529095,38.57365214478301,supported
6,recovered,hist_gradient_boosting,212,608,0,0,high,low,0.3,0.591866424316559,0.19816277581863223,50.33297927887395,supported
6,recovered,hist_gradient_boosting,212,608,0,0,high,low,0.4,0.8922137442697478,0.498510095771821,126.62064415043032,supported
7,recovered,hist_gradient_boosting,802,591,0,1,high,low,0.0,0.4750064234395354,0.0,0.0,supported
7,recovered,hist_gradient_boosting,802,591,0,1,high,low,0.05,0.510720556555839,0.035714133116303615,7.518663191477826,supported
7,recovered,hist_gradient_boosting,802,591,0,1,high,low,0.1,0.5041946054905391,0.029188182051003653,6.1447973355078345,supported
7,recovered,hist_gradient_boosting,802,591,0,1,high,low,0.2,0.6127240828752869,0.13771765943575148,28.99279938964485,supported
7,recovered,hist_gradient_boosting,802,591,0,1,high,low,0.3,0.7520284370924186,0.2770220136528832,58.3196352687104,supported
7,recovered,hist_gradient_boosting,802,591,0,1,high,low,0.4,1.0545762399668739,0.5795698165273384,122.01304823009687,supported
8,recovered,hist_gradient_boosting,507,715,0,1,high,low,0.0,0.46838918833420773,0.0,0.0,supported
8,recovered,hist_gradient_boosting,507,715,0,1,high,low,0.05,0.5002342226136867,0.031845034279478934,6.798840595090061,supported
8,recovered,hist_gradient_boosting,507,715,0,1,high,low,0.1,0.5053428819579717,0.036953693623763995,7.889527457964429,supported
8,recovered,hist_gradient_boosting,507,715,0,1,high,low,0.2,0.5852311536309043,0.11684196529669655,24.945487258627065,supported
8,recovered,hist_gradient_boosting,507,715,0,1,high,low,0.3,0.7202116237587002,0.25182243542449245,53.76350302193795,supported
8,recovered,hist_gradient_boosting,507,715,0,1,high,low,0.4,1.025134848434639,0.5567456601004312,118.86390078311946,supported
9,recovered,hist_gradient_boosting,115,779,0,0,high,low,0.0,0.4022931538348242,0.0,0.0,supported
9,recovered,hist_gradient_boosting,115,779,0,0,high,low,0.05,0.42541545282999854,0.023122298995174317,5.7476242821343115,supported
9,recovered,hist_gradient_boosting,115,779,0,0,high,low,0.1,0.4178992076941937,0.015606053859369473,3.8792740345208854,supported
9,recovered,hist_gradient_boosting,115,779,0,0,high,low,0.2,0.4523448148465905,0.05005166101176628,12.441589058787894,supported
9,recovered,hist_gradient_boosting,115,779,0,0,high,low,0.3,0.46475485784368303,0.06246170400885881,15.52641485778421,supported
9,recovered,hist_gradient_boosting,115,779,0,0,high,low,0.4,0.6926040997443017,0.2903109459094775,72.16402843103688,supported
10,recovered,hist_gradient_boosting,17,381,0,1,high,medium,0.0,1.1484833274106547,0.0,0.0,supported
10,recovered,hist_gradient_boosting,17,381,0,1,high,medium,0.05,1.219389329958045,0.07090600254739021,6.173881749529042,supported
10,recovered,hist_gradient_boosting,17,381,0,1,high,medium,0.1,1.2268642879750553,0.07838096056440058,6.824736475810811,supported
10,recovered,hist_gradient_boosting,17,381,0,1,high,medium,0.2,1.262291706321578,0.11380837891092321,9.909449810430694,supported
10,recovered,hist_gradient_boosting,17,381,0,1,high,medium,0.3,1.3639371671958709,0.21545383978521615,18.75985786149579,supported
10,recovered,hist_gradient_boosting,17,381,0,1,high,medium,0.4,1.7137857387577662,0.5653024113471115,49.22164718068915,supported
11,recovered,hist_gradient_boosting,507,715,0,1,high,medium,0.0,0.8335568745703816,0.0,0.0,supported
11,recovered,hist_gradient_boosting,507,715,0,1,high,medium,0.05,0.8614428405388534,0.027885965968471815,3.345418509426179,supported
11,recovered,hist_gradient_boosting,507,715,0,1,high,medium,0.1,0.8757239635320864,0.042167088961704735,5.058693683431947,supported
11,recovered,hist_gradient_boosting,507,715,0,1,high,medium,0.2,0.8944733245301655,0.06091644995978385,7.308013624286924,supported
11,recovered,hist_gradient_boosting,507,715,0,1,high,medium,0.3,0.957226351590807,0.12366947702042541,14.836357397228017,supported
11,recovered,hist_gradient_boosting,507,715,0,1,high,medium,0.4,1.0939106767495552,0.2603538021791736,31.234077736250555,supported
12,recovered,hist_gradient_boosting,291,426,0,1,high,medium,0.0,0.8751206928480293,0.0,0.0,supported
12,recovered,hist_gradient_boosting,291,426,0,1,high,medium,0.05,0.9071900329879972,0.03206934013996787,3.664561974371794,supported
12,recovered,hist_gradient_boosting,291,426,0,1,high,medium,0.1,0.9147005810677145,0.039579888219685166,4.522791946659921,supported
12,recovered,hist_gradient_boosting,291,426,0,1,high,medium,0.2,0.9366320923973417,0.061511399549312396,7.028904704461647,supported
12,recovered,hist_gradient_boosting,291,426,0,1,high,medium,0.3,1.0163857625281847,0.1412650696801554,16.142352801693715,supported
12,recovered,hist_gradient_boosting,291,426,0,1,high,medium,0.4,1.2545462681169486,0.3794255752689193,43.35694246174215,supported
13,recovered,hist_gradient_boosting,714,793,0,1,high,medium,0.0,0.8196602428489572,0.0,0.0,supported
13,recovered,hist_gradient_boosting,714,793,0,1,high,medium,0.05,0.8535837514294322,0.03392350858047499,4.138728073788767,supported
13,recovered,hist_gradient_boosting,714,793,0,1,high,medium,0.1,0.8555116420243392,0.03585139917538194,4.373934137731306,supported
13,recovered,hist_gradient_boosting,714,793,0,1,high,medium,0.2,0.9028681403152867,0.0832078974663295,10.151510725604718,supported
13,recovered,hist_gradient_boosting,714,793,0,1,high,medium,0.3,0.9888954411402342,0.16923519829127698,20.64699364983873,supported
13,recovered,hist_gradient_boosting,714,793,0,1,high,medium,0.4,1.1730246025624083,0.35336435971345104,43.11107715621718,supported
14,recovered,hist_gradient_boosting,714,793,0,1,high,medium,0.0,0.85816189086598,0.0,0.0,supported
14,recovered,hist_gradient_boosting,714,793,0,1,high,medium,0.05,0.8852124783313269,0.02705058746534683,3.1521543607640146,supported
14,recovered,hist_gradient_boosting,714,793,0,1,high,medium,0.1,0.8879635674680828,0.029801676602102756,3.4727336321156876,supported
14,recovered,hist_gradient_boosting,714,793,0,1,high,medium,0.2,0.9087107392011831,0.05054884833520301,5.890362747778699,supported
14,recovered,hist_gradient_boosting,714,793,0,1,high,medium,0.3,0.9725217174836738,0.11435982661769373,13.326136692261192,supported
14,recovered,hist_gradient_boosting,714,793,0,1,high,medium,0.4,1.148794998024424,0.29063310715844404,33.86693236461049,supported
15,recovered,hist_gradient_boosting,554,765,0,1,high,medium,0.0,0.5015548805243992,0.0,0.0,supported
15,recovered,hist_gradient_boosting,554,765,0,1,high,medium,0.05,0.5267594499528727,0.02520456942847349,5.02528644564697,supported
15,recovered,hist_gradient_boosting,554,765,0,1,high,medium,0.1,0.5319584340934218,0.03040355356902258,6.061859778382428,supported
15,recovered,hist_gradient_boosting,554,765,0,1,high,medium,0.2,0.5909953708508688,0.08944049032646961,17.83264280729466,supported
15,recovered,hist_gradient_boosting,554,765,0,1,high,medium,0.3,0.7214754037927273,0.21992052326832812,43.84774863288956,supported
15,recovered,hist_gradient_boosting,554,765,0,1,high,medium,0.4,1.0283612310359742,0.526806350511575,105.0346374779115,supported
16,recovered,hist_gradient_boosting,230,4,0,1,low,high,0.0,2.0864489180247667,0.0,0.0,supported
16,recovered,hist_gradient_boosting,230,4,0,1,low,high,0.05,2.1549821101110256,0.06853319208625885,3.2846810431927054,supported
16,recovered,hist_gradient_boosting,230,4,0,1,low,high,0.1,2.394880007125715,0.3084310891009481,14.782585206684029,supported
16,recovered,hist_gradient_boosting,230,4,0,1,low,high,0.2,2.489887121844294,0.40343820381952744,19.336116994489405,supported
16,recovered,hist_gradient_boosting,230,4,0,1,low,high,0.3,2.5368671319269986,0.4504182139022319,21.587790144828524,supported
16,recovered,hist_gradient_boosting,230,4,0,1,low,high,0.4,2.7767382467459485,0.6902893287211818,33.084410682561824,supported
17,recovered,hist_gradient_boosting,230,4,0,1,low,high,0.0,2.0154610918009688,0.0,0.0,supported
17,recovered,hist_gradient_boosting,230,4,0,1,low,high,0.05,2.0323312510113567,0.016870159210387925,0.8370372059781639,supported
17,recovered,hist_gradient_boosting,230,4,0,1,low,high,0.1,2.1473404159352647,0.13187932413429593,6.543382289580779,supported
17,recovered,hist_gradient_boosting,230,4,0,1,low,high,0.2,2.2355360692905606,0.22007497748959182,10.919336442904882,supported
17,recovered,hist_gradient_boosting,230,4,0,1,low,high,0.3,2.3722273491244663,0.35676625732349754,17.701470833391262,supported
17,recovered,hist_gradient_boosting,230,4,0,1,low,high,0.4,2.471536359243082,0.45607526744211313,22.6288301618651,supported
18,recovered,hist_gradient_boosting,658,19,0,0,low,high,0.0,1.1003401905744972,0.0,0.0,supported
18,recovered,hist_gradient_boosting,658,19,0,0,low,high,0.05,1.109178816647196,0.008838626072698919,0.8032630406860086,supported
18,recovered,hist_gradient_boosting,658,19,0,0,low,high,0.1,1.3075769289621428,0.20723673838764567,18.833878846090823,supported
18,recovered,hist_gradient_boosting,658,19,0,0,low,high,0.2,1.339288136260591,0.2389479456860939,21.715824590696542,supported
18,recovered,hist_gradient_boosting,658,19,0,0,low,high,0.3,1.3423015497337012,0.24196135915920403,21.989686574374232,supported
18,recovered,hist_gradient_boosting,658,19,0,0,low,high,0.4,1.5986736339761638,0.49833344340166663,45.28903403423647,supported
19,recovered,hist_gradient_boosting,488,740,0,1,low,high,0.0,1.1635540345417392,0.0,0.0,supported
19,recovered,hist_gradient_boosting,488,740,0,1,low,high,0.05,1.188426959573944,0.02487292503220484,2.137668238329904,supported
19,recovered,hist_gradient_boosting,488,740,0,1,low,high,0.1,1.1689776792884636,0.00542364474672441,0.4661274496684964,supported
19,recovered,hist_gradient_boosting,488,740,0,1,low,high,0.2,1.1719416441924606,0.008387609650721384,0.7208612064178777,supported
19,recovered,hist_gradient_boosting,488,740,0,1,low,high,0.3,1.2020271079340819,0.03847307339234263,3.3065136856746946,supported
19,recovered,hist_gradient_boosting,488,740,0,1,low,high,0.4,1.570147591019813,0.4065935564780738,34.9441061100535,supported
20,recovered,hist_gradient_boosting,754,92,0,0,low,low,0.0,0.04388104165026652,0.0,0.0,supported
20,recovered,hist_gradient_boosting,754,92,0,0,low,low,0.05,0.057002703683534016,0.013121662033267499,29.90280435420749,supported
20,recovered,hist_gradient_boosting,754,92,0,0,low,low,0.1,0.08560171959506788,0.04172067794480136,95.07677205412912,supported
20,recovered,hist_gradient_boosting,754,92,0,0,low,low,0.2,0.08830292043538582,0.0444218787851193,101.23250751238606,supported
20,recovered,hist_gradient_boosting,754,92,0,0,low,low,0.3,0.08645204824585821,0.042571006595591696,97.01457621467637,supported
20,recovered,hist_gradient_boosting,754,92,0,0,low,low,0.4,0.1335156747437543,0.08963463309348779,204.26733213828206,supported
21,recovered,hist_gradient_boosting,658,19,0,0,low,low,0.0,0.6403469811723281,0.0,0.0,supported
21,recovered,hist_gradient_boosting,658,19,0,0,low,low,0.05,0.7383343202486738,0.09798733907634571,15.302225505452283,supported
21,recovered,hist_gradient_boosting,658,19,0,0,low,low,0.1,1.1191854140445399,0.47883843287221173,74.77796365894763,supported
21,recovered,hist_gradient_boosting,658,19,0,0,low,low,0.2,1.1313602930854598,0.4910133119131317,76.67925770715733,supported
21,recovered,hist_gradient_boosting,658,19,0,0,low,low,0.3,1.1085070168669517,0.4681600356946236,73.11036820030449,supported
21,recovered,hist_gradient_boosting,658,19,0,0,low,low,0.4,1.122715915443592,0.4823689342712638,75.32930558806683,supported
22,recovered,hist_gradient_boosting,754,92,0,0,low,medium,0.0,0.5811319747978037,0.0,0.0,supported
22,recovered,hist_gradient_boosting,754,92,0,0,low,medium,0.05,0.6218622819722528,0.04073030717444914,7.008787838359898,supported
22,recovered,hist_gradient_boosting,754,92,0,0,low,medium,0.1,0.6178348057499994,0.03670283095219573,6.315747978755759,supported
22,recovered,hist_gradient_boosting,754,92,0,0,low,medium,0.2,0.6847380656286162,0.10360609083081251,17.828323913317746,supported
22,recovered,hist_gradient_boosting,754,92,0,0,low,medium,0.3,0.8243497638080175,0.24321778901021385,41.85241899567443,supported
22,recovered,hist_gradient_boosting,754,92,0,0,low,medium,0.4,1.1703483355244848,0.5892163607266812,101.39114457291569,supported
23,recovered,hist_gradient_boosting,237,596,0,0,low,medium,0.0,0.8624116765058405,0.0,0.0,supported
23,recovered,hist_gradient_boosting,237,596,0,0,low,medium,0.05,0.9614350378670842,0.09902336136124368,11.482145251377872,supported
23,recovered,hist_gradient_boosting,237,596,0,0,low,medium,0.1,0.9753673502462499,0.11295567374040938,13.09765125143738,supported
23,recovered,hist_gradient_boosting,237,596,0,0,low,medium,0.2,1.0575171234299612,0.19510544692412068,22.623238093738784,supported
23,recovered,hist_gradient_boosting,237,596,0,0,low,medium,0.3,1.0691064506376038,0.2066947741317633,23.967065818172916,supported
23,recovered,hist_gradient_boosting,237,596,0,0,low,medium,0.4,1.547100819334287,0.6846891428284465,79.39237854507523,supported
24,recovered,hist_gradient_boosting,370,127,0,0,medium,high,0.0,1.157406565143821,0.0,0.0,supported
24,recovered,hist_gradient_boosting,370,127,0,0,medium,high,0.05,1.234091503317348,0.07668493817352706,6.625583479734121,supported
24,recovered,hist_gradient_boosting,370,127,0,0,medium,high,0.1,1.2361077541124583,0.07870118896863731,6.799787675202773,supported
24,recovered,hist_gradient_boosting,370,127,0,0,medium,high,0.2,1.2615598879412944,0.10415332279747336,8.998853638309123,supported
24,recovered,hist_gradient_boosting,370,127,0,0,medium,high,0.3,1.29291060154016,0.1355040363963389,11.707557264417368,supported
24,recovered,hist_gradient_boosting,370,127,0,0,medium,high,0.4,1.5348825763491671,0.37747601120534613,32.61395110182743,supported
25,recovered,hist_gradient_boosting,3,351,0,1,medium,high,0.0,0.8559237275892801,0.0,0.0,supported
25,recovered,hist_gradient_boosting,3,351,0,1,medium,high,0.05,0.8877369506848014,0.03181322309552126,3.716829206864447,supported
25,recovered,hist_gradient_boosting,3,351,0,1,medium,high,0.1,0.8928119499181217,0.03688822232884159,4.309755780779412,supported
25,recovered,hist_gradient_boosting,3,351,0,1,medium,high,0.2,0.904630409685401,0.048706682096120835,5.69054000095357,supported
25,recovered,hist_gradient_boosting,3,351,0,1,medium,high,0.3,1.0507845870356083,0.19486085944632814,22.766147632705103,supported
25,recovered,hist_gradient_boosting,3,351,0,1,medium,high,0.4,1.19090081677279,0.33497708918350977,39.13632469647463,supported
26,recovered,hist_gradient_boosting,843,6,0,1,medium,high,0.0,2.7738923514754594,0.0,0.0,supported
26,recovered,hist_gradient_boosting,843,6,0,1,medium,high,0.05,2.8047243338385575,0.03083198236309803,1.1115060880678485,supported
26,recovered,hist_gradient_boosting,843,6,0,1,medium,high,0.1,2.77259993618782,-0.001292415287639237,-0.04659212124622503,supported
26,recovered,hist_gradient_boosting,843,6,0,1,medium,high,0.2,2.769163513183236,-0.004728838292223259,-0.17047663330221896,supported
26,recovered,hist_gradient_boosting,843,6,0,1,medium,high,0.3,2.873136798583758,0.0992444471082985,3.577804562441278,supported
26,recovered,hist_gradient_boosting,843,6,0,1,medium,high,0.4,2.883548077254697,0.10965572577923766,3.9531355901720744,supported
27,recovered,hist_gradient_boosting,368,540,0,1,medium,high,0.0,7.928894058736557,0.0,0.0,supported
27,recovered,hist_gradient_boosting,368,540,0,1,medium,high,0.05,8.347520248773487,0.4186261900369299,5.279755120143914,supported
27,recovered,hist_gradient_boosting,368,540,0,1,medium,high,0.1,8.84996978153497,0.9210757227984132,11.61669857076113,supported
27,recovered,hist_gradient_boosting,368,540,0,1,medium,high,0.2,11.145605292804497,3.2167112340679402,40.5694818248147,supported
27,recovered,hist_gradient_boosting,368,540,0,1,medium,high,0.3,11.149276980298424,3.2203829215618676,40.61578951245346,supported
27,recovered,hist_gradient_boosting,368,540,0,1,medium,high,0.4,11.167073547962929,3.238179489226372,40.8402415928151,supported
28,recovered,hist_gradient_boosting,284,190,0,0,medium,high,0.0,1.0637340454611035,0.0,0.0,supported
28,recovered,hist_gradient_boosting,284,190,0,0,medium,high,0.05,1.1220742283416993,0.05834018288059584,5.484470778154593,supported
28,recovered,hist_gradient_boosting,284,190,0,0,medium,high,0.1,1.1335484696776197,0.06981442421651618,6.563146541601306,supported
28,recovered,hist_gradient_boosting,284,190,0,0,medium,high,0.2,1.1869129046139437,0.12317885915284021,11.579854915656584,supported
28,recovered,hist_gradient_boosting,284,190,0,0,medium,high,0.3,1.2714354110912556,0.20770136563015207,19.525685627568535,supported
28,recovered,hist_gradient_boosting,284,190,0,0,medium,high,0.4,1.7568162553216422,0.6930822098605387,65.1555915520316,supported
29,recovered,hist_gradient_boosting,666,729,0,1,medium,high,0.0,1.0782914717490315,0.0,0.0,supported
29,recovered,hist_gradient_boosting,666,729,0,1,medium,high,0.05,1.1255551594608022,0.0472636877117707,4.383201476601406,supported
29,recovered,hist_gradient_boosting,666,729,0,1,medium,high,0.1,1.1286569804894553,0.05036550874042378,4.670862198207781,supported
29,recovered,hist_gradient_boosting,666,729,0,1,medium,high,0.2,1.1339785329265961,0.05568706117756461,5.164379264470864,supported
29,recovered,hist_gradient_boosting,666,729,0,1,medium,high,0.3,1.168494890040085,0.0902034182910536,8.365402180612636,supported
29,recovered,hist_gradient_boosting,666,729,0,1,medium,high,0.4,1.4421469270901541,0.3638554553411226,33.74370148276648,supported
30,recovered,hist_gradient_boosting,563,295,0,1,medium,high,0.0,1.3336144921279938,0.0,0.0,supported
30,recovered,hist_gradient_boosting,563,295,0,1,medium,high,0.05,1.356650693622107,0.02303620149411323,1.727350867142663,supported
30,recovered,hist_gradient_boosting,563,295,0,1,medium,high,0.1,1.391872360637238,0.058257868509244304,4.368418973633426,supported
30,recovered,hist_gradient_boosting,563,295,0,1,medium,high,0.2,1.3954162619808725,0.061801769852878774,4.634155538776752,supported
30,recovered,hist_gradient_boosting,563,295,0,1,medium,high,0.3,1.4938563774296623,0.1602418853016685,12.01560767729639,supported
30,recovered,hist_gradient_boosting,563,295,0,1,medium,high,0.4,2.024288558803368,0.6906740666753741,51.78963416731426,supported
31,recovered,hist_gradient_boosting,49,11,0,1,medium,high,0.0,0.9315922499805409,0.0,0.0,supported
31,recovered,hist_gradient_boosting,49,11,0,1,medium,high,0.05,0.9836005260084546,0.05200827602791369,5.582729571762757,supported
31,recovered,hist_gradient_boosting,49,11,0,1,medium,high,0.1,0.9880132746044017,0.05642102462386078,6.056407685340792,supported
31,recovered,hist_gradient_boosting,49,11,0,1,medium,high,0.2,1.0135527691581094,0.08196051917756852,8.797896201828692,supported
31,recovered,hist_gradient_boosting,49,11,0,1,medium,high,0.3,1.0850104099597644,0.15341815997922348,16.468380880415022,supported
31,recovered,hist_gradient_boosting,49,11,0,1,medium,high,0.4,1.2980182609086683,0.36642601092812743,39.33330391443053,supported
32,recovered,hist_gradient_boosting,865,4,0,1,medium,high,0.0,0.8134151664016813,0.0,0.0,supported
32,recovered,hist_gradient_boosting,865,4,0,1,medium,high,0.05,0.8452771267859729,0.031861960384291566,3.917060032853814,supported
32,recovered,hist_gradient_boosting,865,4,0,1,medium,high,0.1,0.8805848284738453,0.06716966207216402,8.257734161670927,supported
32,recovered,hist_gradient_boosting,865,4,0,1,medium,high,0.2,0.938602039603972,0.12518687320229072,15.390280188170324,supported
32,recovered,hist_gradient_boosting,865,4,0,1,medium,high,0.3,1.030950118285804,0.21753495188412275,26.74340986859587,supported
32,recovered,hist_gradient_boosting,865,4,0,1,medium,high,0.4,1.3699004253463785,0.5564852589446971,68.41343534402371,supported
33,recovered,hist_gradient_boosting,155,300,0,1,medium,high,0.0,6.168286578788202,0.0,0.0,supported
33,recovered,hist_gradient_boosting,155,300,0,1,medium,high,0.05,6.205148896094062,0.03686231730585998,0.5976103223320317,supported
33,recovered,hist_gradient_boosting,155,300,0,1,medium,high,0.1,6.199166897799066,0.030880319010863744,0.5006304200757539,supported
33,recovered,hist_gradient_boosting,155,300,0,1,medium,high,0.2,7.763747253701066,1.5954606749128635,25.865540690009592,supported
33,recovered,hist_gradient_boosting,155,300,0,1,medium,high,0.3,7.926118560901447,1.7578319821132444,28.497897425164396,supported
33,recovered,hist_gradient_boosting,155,300,0,1,medium,high,0.4,7.920603363799996,1.7523167850117938,28.408485284029194,supported
34,recovered,hist_gradient_boosting,481,296,0,1,medium,high,0.0,1.6809747697434805,0.0,0.0,supported
34,recovered,hist_gradient_boosting,481,296,0,1,medium,high,0.05,1.7041974845451673,0.023222714801686806,1.381502876764218,supported
34,recovered,hist_gradient_boosting,481,296,0,1,medium,high,0.1,1.74815643581451,0.0671816660710296,3.9965897930331007,supported
34,recovered,hist_gradient_boosting,481,296,0,1,medium,high,0.2,1.7496312462902965,0.06865647654681606,4.084325225017693,supported
34,recovered,hist_gradient_boosting,481,296,0,1,medium,high,0.3,1.870437966117605,0.18946319637412445,11.271031533866328,supported
34,recovered,hist_gradient_boosting,481,296,0,1,medium,high,0.4,2.2968720111744534,0.6158972414309729,36.63929123248886,supported
35,recovered,hist_gradient_boosting,668,631,0,0,medium,high,0.0,0.7363161377880445,0.0,0.0,supported
35,recovered,hist_gradient_boosting,668,631,0,0,medium,high,0.05,0.7861222614209571,0.04980612363291259,6.764230888994827,supported
35,recovered,hist_gradient_boosting,668,631,0,0,medium,high,0.1,0.8554175137222273,0.1191013759341828,16.175304305019502,supported
35,recovered,hist_gradient_boosting,668,631,0,0,medium,high,0.2,0.831899340817779,0.09558320302973455,12.981272326432292,supported
35,recovered,hist_gradient_boosting,668,631,0,0,medium,high,0.3,0.8289426419116261,0.09262650412358164,12.579719412620705,supported
35,recovered,hist_gradient_boosting,668,631,0,0,medium,high,0.4,1.5209003885222345,0.78458425073419,106.5553517665859,supported
36,recovered,hist_gradient_boosting,97,102,0,1,medium,high,0.0,2.315690671322445,0.0,0.0,supported
36,recovered,hist_gradient_boosting,97,102,0,1,medium,high,0.05,2.3464327134268164,0.030742042104371148,1.327553912320023,supported
36,recovered,hist_gradient_boosting,97,102,0,1,medium,high,0.1,2.392853020684469,0.07716234936202371,3.3321527057824873,supported
36,recovered,hist_gradient_boosting,97,102,0,1,medium,high,0.2,2.4865109990732908,0.17082032775084555,7.376647056806318,supported
36,recovered,hist_gradient_boosting,97,102,0,1,medium,high,0.3,2.628892861150862,0.31320218982841697,13.525217064054296,supported
36,recovered,hist_gradient_boosting,97,102,0,1,medium,high,0.4,2.690981390279158,0.37529071895671295,16.206427032950476,supported
37,recovered,hist_gradient_boosting,370,127,0,0,medium,high,0.0,0.7891346947246527,0.0,0.0,supported
37,recovered,hist_gradient_boosting,370,127,0,0,medium,high,0.05,0.8132448841152415,0.024110189390588843,3.0552692147189697,supported
37,recovered,hist_gradient_boosting,370,127,0,0,medium,high,0.1,0.7974627815940243,0.008328086869371587,1.0553441541785835,supported
37,recovered,hist_gradient_boosting,370,127,0,0,medium,high,0.2,0.8332519883609055,0.04411729363625283,5.590591052601779,supported
37,recovered,hist_gradient_boosting,370,127,0,0,medium,high,0.3,0.9239064011611673,0.1347717064365146,17.078416059699354,supported
37,recovered,hist_gradient_boosting,370,127,0,0,medium,high,0.4,1.0900863701474908,0.30095167542283807,38.13692103955042,supported
38,recovered,hist_gradient_boosting,57,11,0,1,medium,high,0.0,0.9659087130452662,0.0,0.0,supported
38,recovered,hist_gradient_boosting,57,11,0,1,medium,high,0.05,1.0190113357272748,0.053102622682008604,5.497685440127098,supported
38,recovered,hist_gradient_boosting,57,11,0,1,medium,high,0.1,1.0235028597615314,0.05759414671626528,5.962690463230791,supported
38,recovered,hist_gradient_boosting,57,11,0,1,medium,high,0.2,1.0438187085596375,0.07790999551437139,8.065979161606363,supported
38,recovered,hist_gradient_boosting,57,11,0,1,medium,high,0.3,1.0862165402035338,0.1203078271582676,12.455403448941604,supported
38,recovered,hist_gradient_boosting,57,11,0,1,medium,high,0.4,1.349938978215261,0.38403026516999494,39.758443006404256,supported
39,recovered,hist_gradient_boosting,153,834,0,1,medium,high,0.0,3.6659216864091926,0.0,0.0,supported
39,recovered,hist_gradient_boosting,153,834,0,1,medium,high,0.05,3.6077287819516046,-0.05819290445758796,-1.587401735103311,supported
39,recovered,hist_gradient_boosting,153,834,0,1,medium,high,0.1,3.626822304651551,-0.039099381757641716,-1.0665634757718978,supported
39,recovered,hist_gradient_boosting,153,834,0,1,medium,high,0.2,3.632381137112673,-0.03354054929651973,-0.9149281453792568,supported
39,recovered,hist_gradient_boosting,153,834,0,1,medium,high,0.3,3.575592546373044,-0.09032914003614856,-2.464022632317242,supported
39,recovered,hist_gradient_boosting,153,834,0,1,medium,high,0.4,3.5274707859858934,-0.13845090042329922,-3.7767009845459443,supported
40,recovered,hist_gradient_boosting,501,6,0,1,medium,high,0.0,1.6485311451489761,0.0,0.0,supported
40,recovered,hist_gradient_boosting,501,6,0,1,medium,high,0.05,1.7018558584514314,0.05332471330245525,3.2346803673907187,supported
40,recovered,hist_gradient_boosting,501,6,0,1,medium,high,0.1,1.6799412167140808,0.03141007156510467,1.9053368604853516,supported
40,recovered,hist_gradient_boosting,501,6,0,1,medium,high,0.2,1.6799412167140808,0.03141007156510467,1.9053368604853516,supported
40,recovered,hist_gradient_boosting,501,6,0,1,medium,high,0.3,1.7015980269427295,0.053066881793753407,3.2190402923177874,supported
40,recovered,hist_gradient_boosting,501,6,0,1,medium,high,0.4,2.0571287615541167,0.4085976164051406,24.78555637893125,supported
41,recovered,hist_gradient_boosting,265,481,0,1,medium,high,0.0,1.2313335314570306,0.0,0.0,supported
41,recovered,hist_gradient_boosting,265,481,0,1,medium,high,0.05,1.2823694235007257,0.051035892043695075,4.144765876984158,supported
41,recovered,hist_gradient_boosting,265,481,0,1,medium,high,0.1,1.2976441171524051,0.06631058569537451,5.38526597394855,supported
41,recovered,hist_gradient_boosting,265,481,0,1,medium,high,0.2,1.2983929186494345,0.0670593871924039,5.4460782135164365,supported
41,recovered,hist_gradient_boosting,265,481,0,1,medium,high,0.3,1.3704620228513975,0.1391284913943669,11.299009394289538,supported
41,recovered,hist_gradient_boosting,265,481,0,1,medium,high,0.4,1.6206180369994527,0.3892845055424221,31.61487083696841,supported
42,recovered,hist_gradient_boosting,881,496,0,0,medium,low,0.0,0.5252245991185707,0.0,0.0,supported
42,recovered,hist_gradient_boosting,881,496,0,0,medium,low,0.05,0.5748728338849873,0.049648234766416666,9.452762656154356,supported
42,recovered,hist_gradient_boosting,881,496,0,0,medium,low,0.1,0.5884882386006656,0.0632636394820949,12.045064071306566,supported
42,recovered,hist_gradient_boosting,881,496,0,0,medium,low,0.2,0.6359957056468866,0.1107711065283159,21.090235818012214,supported
42,recovered,hist_gradient_boosting,881,496,0,0,medium,low,0.3,0.7270707751659504,0.20184617604737976,38.43044982777215,supported
42,recovered,hist_gradient_boosting,881,496,0,0,medium,low,0.4,1.030613748739864,0.5053891496212934,96.22343478760041,supported
43,recovered,hist_gradient_boosting,358,768,0,0,medium,low,0.0,0.004714437464783352,0.0,0.0,supported
43,recovered,hist_gradient_boosting,358,768,0,0,medium,low,0.05,0.012886099946762871,0.008171662481979518,173.33271557893158,supported
43,recovered,hist_gradient_boosting,358,768,0,0,medium,low,0.1,0.0,-0.004714437464783352,-100.0,supported
43,recovered,hist_gradient_boosting,358,768,0,0,medium,low,0.2,0.019522593504980996,0.014808156040197643,314.1022900571689,supported
43,recovered,hist_gradient_boosting,358,768,0,0,medium,low,0.3,0.038427461984384084,0.03371302451960073,715.1017437697625,supported
43,recovered,hist_gradient_boosting,358,768,0,0,medium,low,0.4,0.08443592876149132,0.07972149129670797,1691.0075039116361,supported
44,recovered,hist_gradient_boosting,229,109,0,0,medium,low,0.0,0.278054524901188,0.0,0.0,supported
44,recovered,hist_gradient_boosting,229,109,0,0,medium,low,0.05,0.3105478732973379,0.032493348396149924,11.68596281887413,supported
44,recovered,hist_gradient_boosting,229,109,0,0,medium,low,0.1,0.3062493331966473,0.02819480829545934,10.140028580897553,supported
44,recovered,hist_gradient_boosting,229,109,0,0,medium,low,0.2,0.3409907999145063,0.06293627501331833,22.634508478394277,supported
44,recovered,hist_gradient_boosting,229,109,0,0,medium,low,0.3,0.34866009912327167,0.07060557422208369,25.39270822770272,supported
44,recovered,hist_gradient_boosting,229,109,0,0,medium,low,0.4,0.5338361911696026,0.2557816662684146,91.98975141991,supported
45,recovered,hist_gradient_boosting,666,729,0,0,medium,low,0.0,0.3097222958855527,0.0,0.0,supported
45,recovered,hist_gradient_boosting,666,729,0,0,medium,low,0.05,0.3615941186620019,0.051871822776449195,16.747849110487234,supported
45,recovered,hist_gradient_boosting,666,729,0,0,medium,low,0.1,0.34999994962500175,0.040277653739449026,13.004441163748904,supported
45,recovered,hist_gradient_boosting,666,729,0,0,medium,low,0.2,0.35187508933008277,0.042152793444530046,13.609867292248845,supported
45,recovered,hist_gradient_boosting,666,729,0,0,medium,low,0.3,0.359204836903848,0.0494825410182953,15.976421999848501,supported
45,recovered,hist_gradient_boosting,666,729,0,0,medium,low,0.4,0.5232790223542554,0.21355672646870266,68.95103429932445,supported
46,recovered,hist_gradient_boosting,188,719,0,0,medium,low,0.0,0.39310740620546997,0.0,0.0,supported
46,recovered,hist_gradient_boosting,188,719,0,0,medium,low,0.05,0.42645883775290566,0.033351431547435695,8.484050674436672,supported
46,recovered,hist_gradient_boosting,188,719,0,0,medium,low,0.1,0.42333026199747625,0.030222855792006287,7.68819292511862,supported
46,recovered,hist_gradient_boosting,188,719,0,0,medium,low,0.2,0.5041070458219477,0.11099963961647769,28.2364661322255,supported
46,recovered,hist_gradient_boosting,188,719,0,0,medium,low,0.3,0.5931446020989597,0.20003719589348973,50.88614275278598,supported
46,recovered,hist_gradient_boosting,188,719,0,0,medium,low,0.4,0.904161102897665,0.511053696692195,130.00357882473392,supported
47,recovered,hist_gradient_boosting,78,217,0,1,medium,low,0.0,0.4809014266826654,0.0,0.0,supported
47,recovered,hist_gradient_boosting,78,217,0,1,medium,low,0.05,0.513017814539442,0.03211638785677656,6.678372338863814,supported
47,recovered,hist_gradient_boosting,78,217,0,1,medium,low,0.1,0.5199664505384829,0.039065023855817504,8.123291320904213,supported
47,recovered,hist_gradient_boosting,78,217,0,1,medium,low,0.2,0.604450966513123,0.12354953983045763,25.69124002869403,supported
47,recovered,hist_gradient_boosting,78,217,0,1,medium,low,0.3,0.7481698622152226,0.26726843553255725,55.57655284498062,supported
47,recovered,hist_gradient_boosting,78,217,0,1,medium,low,0.4,1.0668989812812049,0.5859975545985394,121.85398547075312,supported
48,recovered,hist_gradient_boosting,409,749,0,0,medium,low,0.0,0.9494269597433818,0.0,0.0,supported
48,recovered,hist_gradient_boosting,409,749,0,0,medium,low,0.05,1.0502915617095927,0.10086460196621094,10.623734762437476,supported
48,recovered,hist_gradient_boosting,409,749,0,0,medium,low,0.1,1.066810482704864,0.11738352296148213,12.363618049482117,supported
48,recovered,hist_gradient_boosting,409,749,0,0,medium,low,0.2,1.066810482704864,0.11738352296148213,12.363618049482117,supported
48,recovered,hist_gradient_boosting,409,749,0,0,medium,low,0.3,1.0793807219564329,0.1299537622130511,13.687599754716896,supported
48,recovered,hist_gradient_boosting,409,749,0,0,medium,low,0.4,1.3491323574662974,0.3997053977229157,42.09964691027428,supported
49,recovered,hist_gradient_boosting,34,345,0,0,medium,low,0.0,0.47045779163916224,0.0,0.0,supported
49,recovered,hist_gradient_boosting,34,345,0,0,medium,low,0.05,0.4959542650457273,0.02549647340656508,5.419502845883506,supported
49,recovered,hist_gradient_boosting,34,345,0,0,medium,low,0.1,0.48814129887705204,0.017683507237889806,3.7587871966743736,supported
49,recovered,hist_gradient_boosting,34,345,0,0,medium,low,0.2,0.5559849433467972,0.08552715170763492,18.179558980124956,supported
49,recovered,hist_gradient_boosting,34,345,0,0,medium,low,0.3,0.6845168239525479,0.21405903231338563,45.50015668091376,supported
49,recovered,hist_gradient_boosting,34,345,0,0,medium,low,0.4,0.9335953768641116,0.4631375852249494,98.4440248319179,supported
50,recovered,hist_gradient_boosting,188,259,0,0,medium,low,0.0,0.6669397544981497,0.0,0.0,supported
50,recovered,hist_gradient_boosting,188,259,0,0,medium,low,0.05,0.7462879817886261,0.07934822729047641,11.897360556979141,supported
50,recovered,hist_gradient_boosting,188,259,0,0,medium,low,0.1,0.7454573323042617,0.07851757780611202,11.772814152485767,supported
50,recovered,hist_gradient_boosting,188,259,0,0,medium,low,0.2,0.7659000360588173,0.0989602815606676,14.837964132927105,supported
50,recovered,hist_gradient_boosting,188,259,0,0,medium,low,0.3,0.7562473057491244,0.08930755125097467,13.390647453333425,supported
50,recovered,hist_gradient_boosting,188,259,0,0,medium,low,0.4,1.0455622063248455,0.37862245182669585,56.77011293345331,supported
51,recovered,hist_gradient_boosting,877,54,0,0,medium,low,0.0,0.42696545147765497,0.0,0.0,supported
51,recovered,hist_gradient_boosting,877,54,0,0,medium,low,0.05,0.4726220630385171,0.04565661156086215,10.693280077545463,supported
51,recovered,hist_gradient_boosting,877,54,0,0,medium,low,0.1,0.4806631625328391,0.053697711055184116,12.576593930339207,supported
51,recovered,hist_gradient_boosting,877,54,0,0,medium,low,0.2,0.5566822852845772,0.12971683380692223,30.38110773553089,supported
51,recovered,hist_gradient_boosting,877,54,0,0,medium,low,0.3,0.6534042516099317,0.22643880013227669,53.03445497723771,supported
51,recovered,hist_gradient_boosting,877,54,0,0,medium,low,0.4,0.9662676020853924,0.5393021506077375,126.31048923075726,supported
52,recovered,hist_gradient_boosting,256,108,0,0,medium,low,0.0,0.3330342988445113,0.0,0.0,supported
52,recovered,hist_gradient_boosting,256,108,0,0,medium,low,0.05,0.39401230939056603,0.06097801054605473,18.309828974860174,supported
52,recovered,hist_gradient_boosting,256,108,0,0,medium,low,0.1,0.41405884215085514,0.08102454330634384,24.32918879150432,supported
52,recovered,hist_gradient_boosting,256,108,0,0,medium,low,0.2,0.4602048089968865,0.12717051015237518,38.18540930877188,supported
52,recovered,hist_gradient_boosting,256,108,0,0,medium,low,0.3,0.46339811786527696,0.13036381902076566,39.14426215950524,supported
52,recovered,hist_gradient_boosting,256,108,0,0,medium,low,0.4,0.6183007603978126,0.28526646155330126,85.65678146156588,supported
53,recovered,hist_gradient_boosting,188,719,0,1,medium,low,0.0,0.5222097863533919,0.0,0.0,supported
53,recovered,hist_gradient_boosting,188,719,0,1,medium,low,0.05,0.557578052023445,0.035368265670053134,6.772807901022104,supported
53,recovered,hist_gradient_boosting,188,719,0,1,medium,low,0.1,0.5626538710337694,0.04044408468037752,7.744796389742126,supported
53,recovered,hist_gradient_boosting,188,719,0,1,medium,low,0.2,0.629118546856771,0.10690876050337916,20.472377825380583,supported
53,recovered,hist_gradient_boosting,188,719,0,1,medium,low,0.3,0.7548408304342991,0.23263104408090718,44.54743096742353,supported
53,recovered,hist_gradient_boosting,188,719,0,1,medium,low,0.4,1.0050292673698662,0.4828194810164743,92.45699594946673,supported
54,recovered,hist_gradient_boosting,860,250,0,0,medium,low,0.0,0.33921503734594516,0.0,0.0,supported
54,recovered,hist_gradient_boosting,860,250,0,0,medium,low,0.05,0.3822993276323077,0.043084290286362514,12.701173457243708,supported
54,recovered,hist_gradient_boosting,860,250,0,0,medium,low,0.1,0.3852488131613083,0.046033775815363165,13.570676634955925,supported
54,recovered,hist_gradient_boosting,860,250,0,0,medium,low,0.2,0.462122180483975,0.12290714313802986,36.2328109330496,supported
54,recovered,hist_gradient_boosting,860,250,0,0,medium,low,0.3,0.5042865558059255,0.16507151845998036,48.66279506696331,supported
54,recovered,hist_gradient_boosting,860,250,0,0,medium,low,0.4,0.8534753989900836,0.5142603616441385,151.60305559204176,supported
55,recovered,hist_gradient_boosting,722,473,0,1,medium,low,0.0,0.46039159363339516,0.0,0.0,supported
55,recovered,hist_gradient_boosting,722,473,0,1,medium,low,0.05,0.5030644803240167,0.04267288669062158,9.268824036044743,supported
55,recovered,hist_gradient_boosting,722,473,0,1,medium,low,0.1,0.49860335905337394,0.03821176541997878,8.299839951119182,supported
55,recovered,hist_gradient_boosting,722,473,0,1,medium,low,0.2,0.5924790548770402,0.13208746124364507,28.690241757286493,supported
55,recovered,hist_gradient_boosting,722,473,0,1,medium,low,0.3,0.7420697773206273,0.28167818368723213,61.18230384361218,supported
55,recovered,hist_gradient_boosting,722,473,0,1,medium,low,0.4,1.0502942265932642,0.5899026329598691,128.13062643137707,supported
56,recovered,hist_gradient_boosting,4,295,0,1,medium,medium,0.0,1.0202391500220926,0.0,0.0,supported
56,recovered,hist_gradient_boosting,4,295,0,1,medium,medium,0.05,1.0473374643734443,0.027098314351351682,2.6560747400023788,supported
56,recovered,hist_gradient_boosting,4,295,0,1,medium,medium,0.1,1.0578550927332158,0.03761594271112312,3.6869730700207493,supported
56,recovered,hist_gradient_boosting,4,295,0,1,medium,medium,0.2,1.0764817405666327,0.05624259054454006,5.512686956124169,supported
56,recovered,hist_gradient_boosting,4,295,0,1,medium,medium,0.3,1.1368098294224893,0.11657067940039667,11.42581907368212,supported
56,recovered,hist_gradient_boosting,4,295,0,1,medium,medium,0.4,1.4478494995642484,0.4276103495421557,41.91275638980292,supported
57,recovered,hist_gradient_boosting,876,548,0,1,medium,medium,0.0,0.7991960977902433,0.0,0.0,supported
57,recovered,hist_gradient_boosting,876,548,0,1,medium,medium,0.05,0.8327380980077042,0.0335420002174609,4.196967466458323,supported
57,recovered,hist_gradient_boosting,876,548,0,1,medium,medium,0.1,0.8392527261150318,0.04005662832478851,5.0121151036077505,supported
57,recovered,hist_gradient_boosting,876,548,0,1,medium,medium,0.2,0.852885534538484,0.05368943674824078,6.7179302922887985,supported
57,recovered,hist_gradient_boosting,876,548,0,1,medium,medium,0.3,0.9320796602917572,0.1328835625015139,16.627153569559905,supported
57,recovered,hist_gradient_boosting,876,548,0,1,medium,medium,0.4,1.1789396754765669,0.3797435776863236,47.515694675725385,supported
58,recovered,hist_gradient_boosting,370,223,0,0,medium,medium,0.0,0.7951556962269541,0.0,0.0,supported
58,recovered,hist_gradient_boosting,370,223,0,0,medium,medium,0.05,0.8795416580347835,0.08438596180782931,10.61250799161022,supported
58,recovered,hist_gradient_boosting,370,223,0,0,medium,medium,0.1,0.8719932965701238,0.07683760034316967,9.663214475827452,supported
58,recovered,hist_gradient_boosting,370,223,0,0,medium,medium,0.2,0.9129249085700815,0.11776921234312732,14.810836783531457,supported
58,recovered,hist_gradient_boosting,370,223,0,0,medium,medium,0.3,0.9288876011612759,0.13373190493432174,16.818329488034234,supported
58,recovered,hist_gradient_boosting,370,223,0,0,medium,medium,0.4,1.1902880462926873,0.3951323500657331,49.69245041451027,supported
59,recovered,hist_gradient_boosting,370,223,0,1,medium,medium,0.0,0.6924415574286837,0.0,0.0,supported
59,recovered,hist_gradient_boosting,370,223,0,1,medium,medium,0.05,0.7197637037446987,0.027322146316014928,3.9457692888152485,supported
59,recovered,hist_gradient_boosting,370,223,0,1,medium,medium,0.1,0.7235895168404085,0.031147959411724768,4.498279902117619,supported
59,recovered,hist_gradient_boosting,370,223,0,1,medium,medium,0.2,0.7625762855938321,0.07013472816514832,10.128613369998618,supported
59,recovered,hist_gradient_boosting,370,223,0,1,medium,medium,0.3,0.8466819022533372,0.15424034482465343,22.274853837110875,supported
59,recovered,hist_gradient_boosting,370,223,0,1,medium,medium,0.4,1.0739071685433799,0.3814656111146961,55.08993604185639,supported
60,recovered,hist_gradient_boosting,378,18,0,0,medium,medium,0.0,0.4303477272878808,0.0,0.0,supported
60,recovered,hist_gradient_boosting,378,18,0,0,medium,medium,0.05,0.46547204285613897,0.03512431556825818,8.161845257001165,supported
60,recovered,hist_gradient_boosting,378,18,0,0,medium,medium,0.1,0.46420189345026214,0.03385416616238135,7.866700348514821,supported
60,recovered,hist_gradient_boosting,378,18,0,0,medium,medium,0.2,0.5465889606375636,0.11624123334968278,27.011002029045983,supported
60,recovered,hist_gradient_boosting,378,18,0,0,medium,medium,0.3,0.6832155469865906,0.2528678196987098,58.7589532056606,supported
60,recovered,hist_gradient_boosting,378,18,0,0,medium,medium,0.4,0.9891641993851508,0.5588164720972699,129.85231166875667,supported
61,recovered,hist_gradient_boosting,49,11,0,1,medium,medium,0.0,0.7703191839050438,0.0,0.0,supported
61,recovered,hist_gradient_boosting,49,11,0,1,medium,medium,0.05,0.7915986010241542,0.02127941711911041,2.762415575740551,supported
61,recovered,hist_gradient_boosting,49,11,0,1,medium,medium,0.1,0.7964151415507976,0.026095957645753787,3.387681131536069,supported
61,recovered,hist_gradient_boosting,49,11,0,1,medium,medium,0.2,0.8099526877185252,0.03963350381348141,5.145075527337117,supported
61,recovered,hist_gradient_boosting,49,11,0,1,medium,medium,0.3,0.8873118219374441,0.11699263803240023,15.18755348131402,supported
61,recovered,hist_gradient_boosting,49,11,0,1,medium,medium,0.4,1.078541585452386,0.30822240154734226,40.01229723824928,supported
62,recovered,hist_gradient_boosting,613,768,0,1,medium,medium,0.0,0.8969727691599045,0.0,0.0,supported
62,recovered,hist_gradient_boosting,613,768,0,1,medium,medium,0.05,0.9382001030077722,0.0412273338478677,4.596274855309246,supported
62,recovered,hist_gradient_boosting,613,768,0,1,medium,medium,0.1,0.9408091372965066,0.04383636813660208,4.887145925027214,supported
62,recovered,hist_gradient_boosting,613,768,0,1,medium,medium,0.2,0.9435049064884533,0.04653213732854877,5.187686731240482,supported
62,recovered,hist_gradient_boosting,613,768,0,1,medium,medium,0.3,1.0421018005527203,0.14512903139281574,16.17987037987141,supported
62,recovered,hist_gradient_boosting,613,768,0,1,medium,medium,0.4,1.2401989464823573,0.34322617732245275,38.264949519472566,supported
63,recovered,hist_gradient_boosting,57,11,0,1,medium,medium,0.0,0.986771100749934,0.0,0.0,supported
63,recovered,hist_gradient_boosting,57,11,0,1,medium,medium,0.05,1.0105074742740858,0.02373637352415181,2.4054589262000547,supported
63,recovered,hist_gradient_boosting,57,11,0,1,medium,medium,0.1,1.0199011717304196,0.03313007098048559,3.35742209670582,supported
63,recovered,hist_gradient_boosting,57,11,0,1,medium,medium,0.2,1.0554383690566755,0.06866726830674152,6.958783881546116,supported
63,recovered,hist_gradient_boosting,57,11,0,1,medium,medium,0.3,1.1257048124977729,0.13893371174783886,14.079629170559516,supported
63,recovered,hist_gradient_boosting,57,11,0,1,medium,medium,0.4,1.31365917682044,0.32688807607050596,33.12704190688955,supported
64,recovered,hist_gradient_boosting,542,489,0,1,medium,medium,0.0,0.7032546668811093,0.0,0.0,supported
64,recovered,hist_gradient_boosting,542,489,0,1,medium,medium,0.05,0.7332974032041337,0.030042736323024455,4.271956908051844,supported
64,recovered,hist_gradient_boosting,542,489,0,1,medium,medium,0.1,0.7386539832183847,0.035399316337275444,5.033641155098079,supported
64,recovered,hist_gradient_boosting,542,489,0,1,medium,medium,0.2,0.7565362931111546,0.05328162623004529,7.576434077052907,supported
64,recovered,hist_gradient_boosting,542,489,0,1,medium,medium,0.3,0.8448807737246153,0.14162610684350607,20.138665765505557,supported
64,recovered,hist_gradient_boosting,542,489,0,1,medium,medium,0.4,1.064854807987392,0.3616001411062828,51.41809335015961,supported
65,recovered,hist_gradient_boosting,160,677,0,0,medium,medium,0.0,0.6130566056901186,0.0,0.0,supported
65,recovered,hist_gradient_boosting,160,677,0,0,medium,medium,0.05,0.6374496109441512,0.02439300525403265,3.9789156543829085,supported
65,recovered,hist_gradient_boosting,160,677,0,0,medium,medium,0.1,0.6431834968376515,0.030126891147532975,4.914210346631709,supported
65,recovered,hist_gradient_boosting,160,677,0,0,medium,medium,0.2,0.6905443004184693,0.07748769472835071,12.639566070921404,supported
65,recovered,hist_gradient_boosting,160,677,0,0,medium,medium,0.3,0.7725219276723492,0.15946532198223062,26.01151679994058,supported
65,recovered,hist_gradient_boosting,160,677,0,0,medium,medium,0.4,1.0402868336916553,0.42723022800153676,69.68854491349998,supported
66,recovered,hist_gradient_boosting,565,772,0,1,medium,medium,0.0,1.0433087022738867,0.0,0.0,supported
66,recovered,hist_gradient_boosting,565,772,0,1,medium,medium,0.05,1.0659549601442668,0.022646257870380104,2.170619091072723,supported
66,recovered,hist_gradient_boosting,565,772,0,1,medium,medium,0.1,1.0701922997016302,0.02688359742774349,2.57676346120288,supported
66,recovered,hist_gradient_boosting,565,772,0,1,medium,medium,0.2,1.0775089785736007,0.034200276299714005,3.27805914253132,supported
66,recovered,hist_gradient_boosting,565,772,0,1,medium,medium,0.3,1.1474609783117917,0.104152276037905,9.982881941931998,supported
66,recovered,hist_gradient_boosting,565,772,0,1,medium,medium,0.4,1.4390915705302847,0.39578286825639797,37.93535579582448,supported
67,recovered,hist_gradient_boosting,510,793,0,1,medium,medium,0.0,0.7711383552354312,0.0,0.0,supported
67,recovered,hist_gradient_boosting,510,793,0,1,medium,medium,0.05,0.7951503844474761,0.024012029212044927,3.113841899967995,supported
67,recovered,hist_gradient_boosting,510,793,0,1,medium,medium,0.1,0.7970174991866676,0.025879143951236472,3.355966380810549,supported
67,recovered,hist_gradient_boosting,510,793,0,1,medium,medium,0.2,0.8403985089514303,0.06926015371599914,8.981546987745649,supported
67,recovered,hist_gradient_boosting,510,793,0,1,medium,medium,0.3,0.918881355955095,0.14774300071966384,19.159078227221293,supported
67,recovered,hist_gradient_boosting,510,793,0,1,medium,medium,0.4,1.1137350585533303,0.34259670331789915,44.427397624814446,supported
68,recovered,hist_gradient_boosting,268,596,0,0,medium,medium,0.0,0.8270184637250995,0.0,0.0,supported
68,recovered,hist_gradient_boosting,268,596,0,0,medium,medium,0.05,0.8828226400950363,0.05580417636993684,6.74763367659057,supported
68,recovered,hist_gradient_boosting,268,596,0,0,medium,medium,0.1,0.8522857378552395,0.02526727413014007,3.05522491194814,supported
68,recovered,hist_gradient_boosting,268,596,0,0,medium,medium,0.2,0.9601904431125858,0.13317197938748637,16.102660971757054,supported
68,recovered,hist_gradient_boosting,268,596,0,0,medium,medium,0.3,0.9969385287143024,0.16992006498920298,20.546102952023617,supported
68,recovered,hist_gradient_boosting,268,596,0,0,medium,medium,0.4,1.1953161335061862,0.3682976697810867,44.53318588827886,supported
69,recovered,hist_gradient_boosting,18,88,0,1,medium,medium,0.0,0.6825071050738789,0.0,0.0,supported
69,recovered,hist_gradient_boosting,18,88,0,1,medium,medium,0.05,0.7182679304454689,0.03576082537158998,5.239626826700805,supported
69,recovered,hist_gradient_boosting,18,88,0,1,medium,medium,0.1,0.700432070422909,0.017924965349030098,2.6263412081387383,supported
69,recovered,hist_gradient_boosting,18,88,0,1,medium,medium,0.2,0.6991260168112101,0.01661891173733121,2.4349800337290617,supported
69,recovered,hist_gradient_boosting,18,88,0,1,medium,medium,0.3,0.7584088992348383,0.07590179416095943,11.121026227667375,supported
69,recovered,hist_gradient_boosting,18,88,0,1,medium,medium,0.4,0.9496328978692719,0.26712579279539295,39.138902849440306,supported
70,recovered,hist_gradient_boosting,358,11,0,0,medium,medium,0.0,0.7976952854043677,0.0,0.0,supported
70,recovered,hist_gradient_boosting,358,11,0,0,medium,medium,0.05,0.8928996533174716,0.09520436791310383,11.934929246177362,supported
70,recovered,hist_gradient_boosting,358,11,0,0,medium,medium,0.1,0.9072600523507248,0.10956476694635708,13.735165413547158,supported
70,recovered,hist_gradient_boosting,358,11,0,0,medium,medium,0.2,0.9223673868065065,0.1246721014021388,15.629038266026619,supported
70,recovered,hist_gradient_boosting,358,11,0,0,medium,medium,0.3,0.9224504909748648,0.12475520557049702,15.639456300316002,supported
70,recovered,hist_gradient_boosting,358,11,0,0,medium,medium,0.4,1.3030984446506029,0.5054031592462351,63.35792231616815,supported
71,recovered,hist_gradient_boosting,161,631,0,0,medium,medium,0.0,0.5316195222295286,0.0,0.0,supported
71,recovered,hist_gradient_boosting,161,631,0,0,medium,medium,0.05,0.5563616059187861,0.024742083689257566,4.654096144831765,supported
71,recovered,hist_gradient_boosting,161,631,0,0,medium,medium,0.1,0.5537526293506372,0.02213310712110861,4.163336031808207,supported
71,recovered,hist_gradient_boosting,161,631,0,0,medium,medium,0.2,0.5610288208525103,0.029409298622981694,5.53202006195026,supported
71,recovered,hist_gradient_boosting,161,631,0,0,medium,medium,0.3,0.5942383263920668,0.06261880416253818,11.778875971282021,supported
71,recovered,hist_gradient_boosting,161,631,0,0,medium,medium,0.4,0.8957418327616913,0.3641223105321627,68.49302843603091,supported
72,recovered,hist_gradient_boosting,282,108,0,1,medium,medium,0.0,0.47210230280139787,0.0,0.0,supported
72,recovered,hist_gradient_boosting,282,108,0,1,medium,medium,0.05,0.5058606426889396,0.03375833988754173,7.150640801204289,supported
72,recovered,hist_gradient_boosting,282,108,0,1,medium,medium,0.1,0.5127764088952431,0.04067410609384525,8.615528001556028,supported
72,recovered,hist_gradient_boosting,282,108,0,1,medium,medium,0.2,0.595439873369737,0.12333757056833916,26.12517876665057,supported
72,recovered,hist_gradient_boosting,282,108,0,1,medium,medium,0.3,0.7434698260285488,0.27136752322715096,57.48066078409042,supported
72,recovered,hist_gradient_boosting,282,108,0,1,medium,medium,0.4,1.0648548449310153,0.5927525421296175,125.55595230362057,supported
73,recovered,hist_gradient_boosting,876,548,0,1,medium,medium,0.0,0.8368262298762623,0.0,0.0,supported
73,recovered,hist_gradient_boosting,876,548,0,1,medium,medium,0.05,0.863566218912823,0.02673998903656072,3.1954052205694694,supported
73,recovered,hist_gradient_boosting,876,548,0,1,medium,medium,0.1,0.870108209123736,0.03328197924747367,3.9771673089638915,supported
73,recovered,hist_gradient_boosting,876,548,0,1,medium,medium,0.2,0.8863321457620912,0.049505915885828866,5.91591349773406,supported
73,recovered,hist_gradient_boosting,876,548,0,1,medium,medium,0.3,0.9708006078136777,0.1339743779374154,16.009820576157807,supported
73,recovered,hist_gradient_boosting,876,548,0,1,medium,medium,0.4,1.3020605945092716,0.46523436463300927,55.59509824420792,supported
74,recovered,hist_gradient_boosting,418,634,0,1,medium,medium,0.0,1.0321136213675866,0.0,0.0,supported
74,recovered,hist_gradient_boosting,418,634,0,1,medium,medium,0.05,1.0733649889847063,0.04125136761711978,3.9967855053070878,supported
74,recovered,hist_gradient_boosting,418,634,0,1,medium,medium,0.1,1.0791685566756701,0.04705493530808358,4.559084807517033,supported
74,recovered,hist_gradient_boosting,418,634,0,1,medium,medium,0.2,1.0791685566756701,0.04705493530808358,4.559084807517033,supported
74,recovered,hist_gradient_boosting,418,634,0,1,medium,medium,0.3,1.1350906690610532,0.1029770476934666,9.977297611576752,supported
74,recovered,hist_gradient_boosting,418,634,0,1,medium,medium,0.4,1.3265654804303497,0.29445185906276317,28.52901589193293,supported
75,recovered,hist_gradient_boosting,233,41,1,1,high,high,0.0,1.691608205400601,0.0,0.0,supported
75,recovered,hist_gradient_boosting,233,41,1,1,high,high,0.05,1.7443702432775314,0.05276203787693046,3.1190459888101207,supported
75,recovered,hist_gradient_boosting,233,41,1,1,high,high,0.1,1.8211407071104153,0.12953250170981434,7.657358323060337,supported
75,recovered,hist_gradient_boosting,233,41,1,1,high,high,0.2,1.8496152246388164,0.15800701923821547,9.340639205565736,supported
75,recovered,hist_gradient_boosting,233,41,1,1,high,high,0.3,1.902804863579234,0.2111966581786331,12.484962978092096,supported
75,recovered,hist_gradient_boosting,233,41,1,1,high,high,0.4,2.303951284156557,0.6123430787559561,36.19887139356497,supported
76,recovered,hist_gradient_boosting,386,76,1,1,high,high,0.0,1.8909614547050397,0.0,0.0,supported
76,recovered,hist_gradient_boosting,386,76,1,1,high,high,0.05,1.9412665862563565,0.05030513155131677,2.6602938640631235,supported
76,recovered,hist_gradient_boosting,386,76,1,1,high,high,0.1,1.963195934794935,0.0722344800898953,3.819986912486417,supported
76,recovered,hist_gradient_boosting,386,76,1,1,high,high,0.2,1.9442705047009077,0.05330904999586794,2.819150536528703,supported
76,recovered,hist_gradient_boosting,386,76,1,1,high,high,0.3,1.970365675926931,0.07940422122189128,4.199145414853378,supported
76,recovered,hist_gradient_boosting,386,76,1,1,high,high,0.4,2.3161352824341663,0.4251738277291266,22.484531700591816,supported
77,recovered,hist_gradient_boosting,780,783,1,1,high,high,0.0,1.7055421322978734,0.0,0.0,supported
77,recovered,hist_gradient_boosting,780,783,1,1,high,high,0.05,1.73375905510694,0.028216922809066514,1.6544254331055441,supported
77,recovered,hist_gradient_boosting,780,783,1,1,high,high,0.1,1.731813594054234,0.026271461756360637,1.540358415008214,supported
77,recovered,hist_gradient_boosting,780,783,1,1,high,high,0.2,1.778055523956724,0.07251339165885051,4.251632972628672,supported
77,recovered,hist_gradient_boosting,780,783,1,1,high,high,0.3,1.8238208164515508,0.11827868415367737,6.934961143077767,supported
77,recovered,hist_gradient_boosting,780,783,1,1,high,high,0.4,2.175992659350337,0.4704505270524635,27.583635616120873,supported
78,recovered,hist_gradient_boosting,233,41,1,1,high,high,0.0,1.5261528810386906,0.0,0.0,supported
78,recovered,hist_gradient_boosting,233,41,1,1,high,high,0.05,1.5521629689431675,0.026010087904476897,1.7042911118298143,supported
78,recovered,hist_gradient_boosting,233,41,1,1,high,high,0.1,1.6010619598098432,0.0749090787711526,4.908360079900387,supported
78,recovered,hist_gradient_boosting,233,41,1,1,high,high,0.2,1.6643916623189718,0.13823878128028122,9.0579903886298,supported
78,recovered,hist_gradient_boosting,233,41,1,1,high,high,0.3,1.7186456271024504,0.19249274606375977,12.612939925962753,supported
78,recovered,hist_gradient_boosting,233,41,1,1,high,high,0.4,2.1798280788793307,0.6536751978406401,42.831567267084836,supported
79,recovered,hist_gradient_boosting,72,146,1,1,high,low,0.0,0.5879305566651722,0.0,0.0,supported
79,recovered,hist_gradient_boosting,72,146,1,1,high,low,0.05,0.6283155450366316,0.04038498837145932,6.869006537188493,supported
79,recovered,hist_gradient_boosting,72,146,1,1,high,low,0.1,0.6297983163950953,0.04186775972992307,7.121208322187411,supported
79,recovered,hist_gradient_boosting,72,146,1,1,high,low,0.2,0.679205414173673,0.09127485750850073,15.5247684396989,supported
79,recovered,hist_gradient_boosting,72,146,1,1,high,low,0.3,0.7507895560441982,0.16285899937902593,27.700380178024076,supported
79,recovered,hist_gradient_boosting,72,146,1,1,high,low,0.4,0.980570632537686,0.3926400758725137,66.78341028906975,supported
80,recovered,hist_gradient_boosting,213,253,1,0,high,low,0.0,0.36676505094038964,0.0,0.0,supported
80,recovered,hist_gradient_boosting,213,253,1,0,high,low,0.05,0.39868870703669335,0.03192365609630371,8.704116167680409,supported
80,recovered,hist_gradient_boosting,213,253,1,0,high,low,0.1,0.39868327859132063,0.031918227650931,8.702636079717063,supported
80,recovered,hist_gradient_boosting,213,253,1,0,high,low,0.2,0.4007174093341848,0.03395235839379518,9.25725019511563,supported
80,recovered,hist_gradient_boosting,213,253,1,0,high,low,0.3,0.39733064553434194,0.030565594593952305,8.33383511203747,supported
80,recovered,hist_gradient_boosting,213,253,1,0,high,low,0.4,0.4868891411068707,0.12012409016648107,32.75232737101901,supported
81,recovered,hist_gradient_boosting,20,500,1,1,high,medium,0.0,0.47795077695919214,0.0,0.0,supported
81,recovered,hist_gradient_boosting,20,500,1,1,high,medium,0.05,0.5069700113559974,0.02901923439680526,6.07159477413779,supported
81,recovered,hist_gradient_boosting,20,500,1,1,high,medium,0.1,0.5156706768061059,0.03771989984691376,7.892005132180024,supported
81,recovered,hist_gradient_boosting,20,500,1,1,high,medium,0.2,0.5634455129592313,0.08549473600003915,17.88777006368143,supported
81,recovered,hist_gradient_boosting,20,500,1,1,high,medium,0.3,0.6698709534348759,0.19192017647568377,40.15479955838006,supported
81,recovered,hist_gradient_boosting,20,500,1,1,high,medium,0.4,0.889349055975593,0.41139827901640086,86.07544936610208,supported
82,recovered,hist_gradient_boosting,72,146,1,1,high,medium,0.0,0.5033564138779649,0.0,0.0,supported
82,recovered,hist_gradient_boosting,72,146,1,1,high,medium,0.05,0.5268399618158657,0.02348354793790075,4.665391617239667,supported
82,recovered,hist_gradient_boosting,72,146,1,1,high,medium,0.1,0.531855987698818,0.028499573820853108,5.661907355324303,supported
82,recovered,hist_gradient_boosting,72,146,1,1,high,medium,0.2,0.5867172841717168,0.08336087029375183,16.561002898825095,supported
82,recovered,hist_gradient_boosting,72,146,1,1,high,medium,0.3,0.7034837250529242,0.2001273111749593,39.758569804074995,supported
82,recovered,hist_gradient_boosting,72,146,1,1,high,medium,0.4,0.9466811902143986,0.44332477633643363,88.07373147805255,supported
83,recovered,hist_gradient_boosting,490,843,1,1,high,medium,0.0,0.892517452651149,0.0,0.0,supported
83,recovered,hist_gradient_boosting,490,843,1,1,high,medium,0.05,0.9362226977108583,0.0437052450597093,4.896850468289049,supported
83,recovered,hist_gradient_boosting,490,843,1,1,high,medium,0.1,0.9281560239112185,0.03563857126006953,3.9930391449722435,supported
83,recovered,hist_gradient_boosting,490,843,1,1,high,medium,0.2,0.9290260184888419,0.03650856583769291,4.090515622887514,supported
83,recovered,hist_gradient_boosting,490,843,1,1,high,medium,0.3,0.9736514887356214,0.08113403608447234,9.090470538527896,supported
83,recovered,hist_gradient_boosting,490,843,1,1,high,medium,0.4,1.114825734928754,0.22230828227760502,24.90800394068,supported
84,recovered,hist_gradient_boosting,758,764,1,0,high,medium,0.0,0.537286874399312,0.0,0.0,supported
84,recovered,hist_gradient_boosting,758,764,1,0,high,medium,0.05,0.5749128875588527,0.03762601315954073,7.002965259779836,supported
84,recovered,hist_gradient_boosting,758,764,1,0,high,medium,0.1,0.575706974226152,0.038420099826840026,7.150760917022914,supported
84,recovered,hist_gradient_boosting,758,764,1,0,high,medium,0.2,0.605495222783051,0.06820834838373901,12.694958993739824,supported
84,recovered,hist_gradient_boosting,758,764,1,0,high,medium,0.3,0.6300496071901576,0.09276273279084557,17.265028648718527,supported
84,recovered,hist_gradient_boosting,758,764,1,0,high,medium,0.4,0.8772570138982729,0.33997013949896093,63.27534799338777,supported
85,recovered,hist_gradient_boosting,530,411,1,0,high,medium,0.0,0.6316831217395165,0.0,0.0,supported
85,recovered,hist_gradient_boosting,530,411,1,0,high,medium,0.05,0.6800455222315516,0.04836240049203511,7.656117256838479,supported
85,recovered,hist_gradient_boosting,530,411,1,0,high,medium,0.1,0.6831860506512566,0.05150292891174013,8.153285585644966,supported
85,recovered,hist_gradient_boosting,530,411,1,0,high,medium,0.2,0.6875608108452091,0.055877689105692685,8.84584171757159,supported
85,recovered,hist_gradient_boosting,530,411,1,0,high,medium,0.3,0.6853138132761467,0.05363069153663025,8.490125775237289,supported
85,recovered,hist_gradient_boosting,530,411,1,0,high,medium,0.4,0.9005987678193295,0.268915646079813,42.571288803677135,supported
86,recovered,hist_gradient_boosting,714,90,1,1,low,high,0.0,1.884929528367902,0.0,0.0,supported
86,recovered,hist_gradient_boosting,714,90,1,1,low,high,0.05,1.9483940888481337,0.06346456048023175,3.3669460595263434,supported
86,recovered,hist_gradient_boosting,714,90,1,1,low,high,0.1,1.8909086177575327,0.005979089389630765,0.3172049299269064,supported
86,recovered,hist_gradient_boosting,714,90,1,1,low,high,0.2,1.8717280657064683,-0.013201462661433627,-0.7003690303936327,supported
86,recovered,hist_gradient_boosting,714,90,1,1,low,high,0.3,1.874432228345857,-0.010497300022044964,-0.5569067630413871,supported
86,recovered,hist_gradient_boosting,714,90,1,1,low,high,0.4,2.243075097860352,0.35814556949245,19.00047530172422,supported
87,recovered,hist_gradient_boosting,441,580,1,0,low,high,0.0,2.0539203541543114,0.0,0.0,supported
87,recovered,hist_gradient_boosting,441,580,1,0,low,high,0.05,2.0074262677940786,-0.04649408636023278,-2.2636752328878074,supported
87,recovered,hist_gradient_boosting,441,580,1,0,low,high,0.1,2.289068013801024,0.2351476596467128,11.44872337289502,supported
87,recovered,hist_gradient_boosting,441,580,1,0,low,high,0.2,2.26603478045976,0.2121144263054484,10.327295597242635,supported
87,recovered,hist_gradient_boosting,441,580,1,0,low,high,0.3,2.2301957035128583,0.17627534935854694,8.58238485255809,supported
87,recovered,hist_gradient_boosting,441,580,1,0,low,high,0.4,2.289517309726919,0.2355969555726074,11.470598414202527,supported
88,recovered,hist_gradient_boosting,231,740,1,0,low,low,0.0,0.34411097387530537,0.0,0.0,supported
88,recovered,hist_gradient_boosting,231,740,1,0,low,low,0.05,0.37660686104824465,0.032495887172939275,9.443432392456842,supported
88,recovered,hist_gradient_boosting,231,740,1,0,low,low,0.1,0.3771444434998331,0.033033469624527745,9.599655963456133,supported
88,recovered,hist_gradient_boosting,231,740,1,0,low,low,0.2,0.3818505068335743,0.03773953295826893,10.967256444412165,supported
88,recovered,hist_gradient_boosting,231,740,1,0,low,low,0.3,0.3785093609021027,0.03439838702679732,9.9963063192696,supported
88,recovered,hist_gradient_boosting,231,740,1,0,low,low,0.4,0.4960119515370644,0.15190097766175903,44.1430204771101,supported
89,recovered,hist_gradient_boosting,112,686,1,1,low,medium,0.0,0.7891145046366976,0.0,0.0,supported
89,recovered,hist_gradient_boosting,112,686,1,1,low,medium,0.05,0.7967992302632612,0.007684725626563527,0.9738416391296134,supported
89,recovered,hist_gradient_boosting,112,686,1,1,low,medium,0.1,0.799810964655959,0.010696460019261389,1.3555016358729688,supported
89,recovered,hist_gradient_boosting,112,686,1,1,low,medium,0.2,0.8154162176136024,0.026301712976904756,3.333066725090017,supported
89,recovered,hist_gradient_boosting,112,686,1,1,low,medium,0.3,0.8504183542875721,0.06130384965087443,7.7686887379035285,supported
89,recovered,hist_gradient_boosting,112,686,1,1,low,medium,0.4,1.0043013392526898,0.2151868346159922,27.2694055617521,supported
90,recovered,hist_gradient_boosting,254,769,1,0,medium,high,0.0,0.9850817065084412,0.0,0.0,supported
90,recovered,hist_gradient_boosting,254,769,1,0,medium,high,0.05,1.062926167383107,0.07784446087466579,7.902335446932662,supported
90,recovered,hist_gradient_boosting,254,769,1,0,medium,high,0.1,1.0645292819966339,0.0794475754881927,8.065074700228635,supported
90,recovered,hist_gradient_boosting,254,769,1,0,medium,high,0.2,1.025836620674387,0.04075491416594579,4.137211552775555,supported
90,recovered,hist_gradient_boosting,254,769,1,0,medium,high,0.3,1.0440536317680058,0.05897192525956463,5.986500903421188,supported
90,recovered,hist_gradient_boosting,254,769,1,0,medium,high,0.4,1.2151006164316938,0.23001890992325258,23.350236676157543,supported
91,recovered,hist_gradient_boosting,314,691,1,1,medium,high,0.0,4.812211791563608,0.0,0.0,supported
91,recovered,hist_gradient_boosting,314,691,1,1,medium,high,0.05,4.785554873905486,-0.026656917658121948,-0.553943151564007,supported
91,recovered,hist_gradient_boosting,314,691,1,1,medium,high,0.1,4.834395765760737,0.022183974197129253,0.4609933053241866,supported
91,recovered,hist_gradient_boosting,314,691,1,1,medium,high,0.2,5.17093205365686,0.3587202620932519,7.454373947591675,supported
91,recovered,hist_gradient_boosting,314,691,1,1,medium,high,0.3,5.140047386387419,0.32783559482381097,6.8125761920650785,supported
91,recovered,hist_gradient_boosting,314,691,1,1,medium,high,0.4,5.167015674665281,0.3548038831016731,7.3729897699782665,supported
92,recovered,hist_gradient_boosting,714,644,1,1,medium,high,0.0,1.3390983083723373,0.0,0.0,supported
92,recovered,hist_gradient_boosting,714,644,1,1,medium,high,0.05,1.3759877744704512,0.03688946609811383,2.7547989469834055,supported
92,recovered,hist_gradient_boosting,714,644,1,1,medium,high,0.1,1.379311187543614,0.04021287917127658,3.0029818512843143,supported
92,recovered,hist_gradient_boosting,714,644,1,1,medium,high,0.2,1.3784778945630314,0.03937958619069404,2.9407539345307265,supported
92,recovered,hist_gradient_boosting,714,644,1,1,medium,high,0.3,1.423410813103117,0.08431250473077956,6.296214714307324,supported
92,recovered,hist_gradient_boosting,714,644,1,1,medium,high,0.4,1.8480188895706071,0.5089205811982698,38.004721387248885,supported
93,recovered,hist_gradient_boosting,714,644,1,1,medium,high,0.0,1.280169757844881,0.0,0.0,supported
93,recovered,hist_gradient_boosting,714,644,1,1,medium,high,0.05,1.3077440565526501,0.027574298707769174,2.15395642170062,supported
93,recovered,hist_gradient_boosting,714,644,1,1,medium,high,0.1,1.3109720137203884,0.030802255875507445,2.406107134366464,supported
93,recovered,hist_gradient_boosting,714,644,1,1,medium,high,0.2,1.3031600511983186,0.022990293353437607,1.795878492875902,supported
93,recovered,hist_gradient_boosting,714,644,1,1,medium,high,0.3,1.3745626140684521,0.09439285622357119,7.3734639992182105,supported
93,recovered,hist_gradient_boosting,714,644,1,1,medium,high,0.4,1.9345564813903673,0.6543867235454863,51.117183446601835,supported
94,recovered,hist_gradient_boosting,244,104,1,1,medium,high,0.0,2.7876050328745534,0.0,0.0,supported
94,recovered,hist_gradient_boosting,244,104,1,1,medium,high,0.05,2.773510800764516,-0.014094232110037463,-0.505603625471418,supported
94,recovered,hist_gradient_boosting,244,104,1,1,medium,high,0.1,2.84118651327307,0.0535814803985164,1.9221331489441162,supported
94,recovered,hist_gradient_boosting,244,104,1,1,medium,high,0.2,2.9025483919951376,0.11494335912058418,4.123373209799941,supported
94,recovered,hist_gradient_boosting,244,104,1,1,medium,high,0.3,2.9572082775232564,0.16960324464870302,6.084192080605111,supported
94,recovered,hist_gradient_boosting,244,104,1,1,medium,high,0.4,2.974159331742095,0.1865542988675415,6.692278736316104,supported
95,recovered,hist_gradient_boosting,469,259,1,1,medium,high,0.0,0.9863025206055835,0.0,0.0,supported
95,recovered,hist_gradient_boosting,469,259,1,1,medium,high,0.05,1.0294712779389497,0.043168757333366115,4.3768272341898395,supported
95,recovered,hist_gradient_boosting,469,259,1,1,medium,high,0.1,1.0299388750768017,0.043636354471218164,4.424236333130915,supported
95,recovered,hist_gradient_boosting,469,259,1,1,medium,high,0.2,1.0308547946353452,0.044552274029761696,4.517100291136522,supported
95,recovered,hist_gradient_boosting,469,259,1,1,medium,high,0.3,1.063813894773188,0.07751137416760456,7.858782934065012,supported
95,recovered,hist_gradient_boosting,469,259,1,1,medium,high,0.4,1.2537568895075815,0.2674543689019979,27.11686965351996,supported
96,recovered,hist_gradient_boosting,206,104,1,0,medium,high,0.0,2.93833807740846,0.0,0.0,supported
96,recovered,hist_gradient_boosting,206,104,1,0,medium,high,0.05,2.907000461606207,-0.031337615802252916,-1.066508174916747,supported
96,recovered,hist_gradient_boosting,206,104,1,0,medium,high,0.1,2.93509144057853,-0.003246636829929983,-0.11049228320225701,supported
96,recovered,hist_gradient_boosting,206,104,1,0,medium,high,0.2,3.0478147137551623,0.10947663634670235,3.725801233983872,supported
96,recovered,hist_gradient_boosting,206,104,1,0,medium,high,0.3,3.115363011438564,0.17702493403010422,6.0246618791475415,supported
96,recovered,hist_gradient_boosting,206,104,1,0,medium,high,0.4,3.1499389761435284,0.21160089873506838,7.2013802755364065,supported
97,recovered,hist_gradient_boosting,452,240,1,0,medium,high,0.0,0.9954709935657022,0.0,0.0,supported
97,recovered,hist_gradient_boosting,452,240,1,0,medium,high,0.05,1.0305201770596928,0.035049183493990554,3.5208643667704376,supported
97,recovered,hist_gradient_boosting,452,240,1,0,medium,high,0.1,1.10563845992061,0.1101674663549077,11.066868554381081,supported
97,recovered,hist_gradient_boosting,452,240,1,0,medium,high,0.2,1.108709626713667,0.11323863314796467,11.375382495310316,supported
97,recovered,hist_gradient_boosting,452,240,1,0,medium,high,0.3,1.1245014037689134,0.12903041020321115,12.961744846128953,supported
97,recovered,hist_gradient_boosting,452,240,1,0,medium,high,0.4,1.6269590393548428,0.6314880457891405,63.436107116210174,supported
98,recovered,hist_gradient_boosting,532,666,1,0,medium,high,0.0,1.114253848371023,0.0,0.0,supported
98,recovered,hist_gradient_boosting,532,666,1,0,medium,high,0.05,1.2637193617173028,0.1494655133462799,13.413955317703419,supported
98,recovered,hist_gradient_boosting,532,666,1,0,medium,high,0.1,1.4720381814596015,0.3577843330885786,32.1097686682114,supported
98,recovered,hist_gradient_boosting,532,666,1,0,medium,high,0.2,1.419844728186027,0.305590879815004,27.425606854466867,supported
98,recovered,hist_gradient_boosting,532,666,1,0,medium,high,0.3,1.4484941744870494,0.3342403261160265,29.996784539238284,supported
98,recovered,hist_gradient_boosting,532,666,1,0,medium,high,0.4,1.7641215562095618,0.6498677078385389,58.32312886229734,supported
99,recovered,hist_gradient_boosting,843,686,1,1,medium,high,0.0,1.172689399836797,0.0,0.0,supported
99,recovered,hist_gradient_boosting,843,686,1,1,medium,high,0.05,1.2032503460483932,0.030560946211596107,2.6060563194183706,supported
99,recovered,hist_gradient_boosting,843,686,1,1,medium,high,0.1,1.2120727594234304,0.039383359586633304,3.3583794304028247,supported
99,recovered,hist_gradient_boosting,843,686,1,1,medium,high,0.2,1.2080429543796205,0.03535355454282341,3.0147415460345828,supported
99,recovered,hist_gradient_boosting,843,686,1,1,medium,high,0.3,1.2221913867822893,0.04950198694549224,4.221235985622562,supported
99,recovered,hist_gradient_boosting,843,686,1,1,medium,high,0.4,1.71488752812196,0.5421981282851629,46.2354420838647,supported
100,recovered,hist_gradient_boosting,484,119,1,1,medium,high,0.0,2.5928135359981455,0.0,0.0,supported
100,recovered,hist_gradient_boosting,484,119,1,1,medium,high,0.05,2.6645338437638473,0.07172030776570182,2.7661189966015742,supported
100,recovered,hist_gradient_boosting,484,119,1,1,medium,high,0.1,2.725899981250069,0.13308644525192337,5.132896886111382,supported
100,recovered,hist_gradient_boosting,484,119,1,1,medium,high,0.2,2.725899981250069,0.13308644525192337,5.132896886111382,supported
100,recovered,hist_gradient_boosting,484,119,1,1,medium,high,0.3,2.8020633525509346,0.20924981655278918,8.070376586962503,supported
100,recovered,hist_gradient_boosting,484,119,1,1,medium,high,0.4,3.07140608221688,0.4785925462187346,18.45842516532885,supported
101,recovered,hist_gradient_boosting,244,104,1,1,medium,high,0.0,2.6772987341212713,0.0,0.0,supported
101,recovered,hist_gradient_boosting,244,104,1,1,medium,high,0.05,2.707341565011756,0.030042830890484762,1.1221321889708813,supported
101,recovered,hist_gradient_boosting,244,104,1,1,medium,high,0.1,2.7313570395109976,0.054058305389726335,2.0191361053875534,supported
101,recovered,hist_gradient_boosting,244,104,1,1,medium,high,0.2,2.83418683160454,0.15688809748326893,5.859939926904034,supported
101,recovered,hist_gradient_boosting,244,104,1,1,medium,high,0.3,2.9365742502571646,0.2592755161358933,9.68422062250709,supported
101,recovered,hist_gradient_boosting,244,104,1,1,medium,high,0.4,3.0232668790833506,0.3459681449620793,12.92228396304198,supported
102,recovered,hist_gradient_boosting,132,223,1,1,medium,high,0.0,0.9634232660708164,0.0,0.0,supported
102,recovered,hist_gradient_boosting,132,223,1,1,medium,high,0.05,1.0042063315440388,0.04078306547322241,4.233141020099129,supported
102,recovered,hist_gradient_boosting,132,223,1,1,medium,high,0.1,0.984009692245418,0.020586426174601602,2.1367997742633316,supported
102,recovered,hist_gradient_boosting,132,223,1,1,medium,high,0.2,0.9969935477010661,0.033570281630249665,3.4844790252119617,supported
102,recovered,hist_gradient_boosting,132,223,1,1,medium,high,0.3,1.0476893122020186,0.08426604613120214,8.746523890259471,supported
102,recovered,hist_gradient_boosting,132,223,1,1,medium,high,0.4,1.2591287354222005,0.2957054693513841,30.693204094746072,supported
103,recovered,hist_gradient_boosting,586,138,1,1,medium,low,0.0,0.5278373529721099,0.0,0.0,supported
103,recovered,hist_gradient_boosting,586,138,1,1,medium,low,0.05,0.5517033114292162,0.023865958457106373,4.521460696694457,supported
103,recovered,hist_gradient_boosting,586,138,1,1,medium,low,0.1,0.5564511954727103,0.028613842500600395,5.420958243952145,supported
103,recovered,hist_gradient_boosting,586,138,1,1,medium,low,0.2,0.5970450567925463,0.0692077038204364,13.11155859484867,supported
103,recovered,hist_gradient_boosting,586,138,1,1,medium,low,0.3,0.7074747021835095,0.17963734921139962,34.03270878802156,supported
103,recovered,hist_gradient_boosting,586,138,1,1,medium,low,0.4,0.911721770126708,0.3838844171545981,72.72778536665668,supported
104,recovered,hist_gradient_boosting,658,93,1,0,medium,low,0.0,0.511495871821664,0.0,0.0,supported
104,recovered,hist_gradient_boosting,658,93,1,0,medium,low,0.05,0.5319354399864218,0.020439568164757782,3.996037757247861,supported
104,recovered,hist_gradient_boosting,658,93,1,0,medium,low,0.1,0.5668591353766625,0.05536326355499854,10.82379479580653,supported
104,recovered,hist_gradient_boosting,658,93,1,0,medium,low,0.2,0.5704084050564246,0.058912533234760645,11.517694761630626,supported
104,recovered,hist_gradient_boosting,658,93,1,0,medium,low,0.3,0.6155227235601437,0.1040268517384797,20.337769563612284,supported
104,recovered,hist_gradient_boosting,658,93,1,0,medium,low,0.4,0.8889996196891148,0.3775037478674508,73.8038699164848,supported
105,recovered,hist_gradient_boosting,483,71,1,0,medium,low,0.0,0.27200530287162866,0.0,0.0,supported
105,recovered,hist_gradient_boosting,483,71,1,0,medium,low,0.05,0.30534702218215526,0.033341719310526596,12.257746065436837,supported
105,recovered,hist_gradient_boosting,483,71,1,0,medium,low,0.1,0.32726134879640817,0.05525604592477951,20.314326721364417,supported
105,recovered,hist_gradient_boosting,483,71,1,0,medium,low,0.2,0.3094826796055389,0.03747737673391022,13.778178711316325,supported
105,recovered,hist_gradient_boosting,483,71,1,0,medium,low,0.3,0.3325993669280674,0.060594064056438746,22.276795127422844,supported
105,recovered,hist_gradient_boosting,483,71,1,0,medium,low,0.4,0.42827396801328216,0.1562686651416535,57.45059507733332,supported
106,recovered,hist_gradient_boosting,147,717,1,0,medium,low,0.0,0.5551151413290287,0.0,0.0,supported
106,recovered,hist_gradient_boosting,147,717,1,0,medium,low,0.05,0.5767213764380534,0.021606235109024707,3.8922078503022206,supported
106,recovered,hist_gradient_boosting,147,717,1,0,medium,low,0.1,0.5772861291024962,0.022170987773467488,3.9939439807725075,supported
106,recovered,hist_gradient_boosting,147,717,1,0,medium,low,0.2,0.6063541415119318,0.05123900018290306,9.230337342308692,supported
106,recovered,hist_gradient_boosting,147,717,1,0,medium,low,0.3,0.6537818358101848,0.09866669448115606,17.774095342622665,supported
106,recovered,hist_gradient_boosting,147,717,1,0,medium,low,0.4,0.85855615485062,0.30344101352159125,54.662716061952125,supported
107,recovered,hist_gradient_boosting,602,425,1,1,medium,low,0.0,0.5951864933883737,0.0,0.0,supported
107,recovered,hist_gradient_boosting,602,425,1,1,medium,low,0.05,0.6261868901581762,0.031000396769802485,5.20851818953727,supported
107,recovered,hist_gradient_boosting,602,425,1,1,medium,low,0.1,0.6289202919503858,0.033733798562012085,5.667769503633546,supported
107,recovered,hist_gradient_boosting,602,425,1,1,medium,low,0.2,0.6640200137958532,0.06883352040747948,11.56503401406388,supported
107,recovered,hist_gradient_boosting,602,425,1,1,medium,low,0.3,0.7576290228033871,0.16244252941501336,27.292710977064406,supported
107,recovered,hist_gradient_boosting,602,425,1,1,medium,low,0.4,0.989985304158906,0.39479881077053225,66.33195059971169,supported
108,recovered,hist_gradient_boosting,60,93,1,1,medium,low,0.0,0.6081054533279215,0.0,0.0,supported
108,recovered,hist_gradient_boosting,60,93,1,1,medium,low,0.05,0.6362135415374888,0.028108088209567228,4.62223912904296,supported
108,recovered,hist_gradient_boosting,60,93,1,1,medium,low,0.1,0.6326182823880806,0.024512829060159058,4.031016154518929,supported
108,recovered,hist_gradient_boosting,60,93,1,1,medium,low,0.2,0.6271623159188191,0.01905686259089756,3.13380886269099,supported
108,recovered,hist_gradient_boosting,60,93,1,1,medium,low,0.3,0.7033249936701034,0.09521954034218183,15.65839277070824,supported
108,recovered,hist_gradient_boosting,60,93,1,1,medium,low,0.4,0.9377300714381149,0.3296246181101934,54.205173840538315,supported
109,recovered,hist_gradient_boosting,530,644,1,1,medium,medium,0.0,0.6972459442060008,0.0,0.0,supported
109,recovered,hist_gradient_boosting,530,644,1,1,medium,medium,0.05,0.7284059760305039,0.03116003182450311,4.469015859244196,supported
109,recovered,hist_gradient_boosting,530,644,1,1,medium,medium,0.1,0.7252496057649893,0.02800366155898848,4.016324769142687,supported
109,recovered,hist_gradient_boosting,530,644,1,1,medium,medium,0.2,0.7427005269287272,0.0454545827227264,6.519160577475791,supported
109,recovered,hist_gradient_boosting,530,644,1,1,medium,medium,0.3,0.8296680979230229,0.13242215371702204,18.992172678439843,supported
109,recovered,hist_gradient_boosting,530,644,1,1,medium,medium,0.4,1.0356629138717826,0.3384169696657817,48.5362406878048,supported
110,recovered,hist_gradient_boosting,598,145,1,1,medium,medium,0.0,0.6343521380904498,0.0,0.0,supported
110,recovered,hist_gradient_boosting,598,145,1,1,medium,medium,0.05,0.6568148917440131,0.022462753653563317,3.5410542985133686,supported
110,recovered,hist_gradient_boosting,598,145,1,1,medium,medium,0.1,0.6620350763227181,0.027682938232268306,4.363970194157529,supported
110,recovered,hist_gradient_boosting,598,145,1,1,medium,medium,0.2,0.6800228453257735,0.04567070723532374,7.199582770037383,supported
110,recovered,hist_gradient_boosting,598,145,1,1,medium,medium,0.3,0.7772411534696568,0.14288901537920706,22.52518858206056,supported
110,recovered,hist_gradient_boosting,598,145,1,1,medium,medium,0.4,0.9946647120879917,0.3603125739975419,56.800088210022935,supported
111,recovered,hist_gradient_boosting,147,717,1,0,medium,medium,0.0,0.5389731102901547,0.0,0.0,supported
111,recovered,hist_gradient_boosting,147,717,1,0,medium,medium,0.05,0.5552277617802681,0.016254651490113403,3.015855741182105,supported
111,recovered,hist_gradient_boosting,147,717,1,0,medium,medium,0.1,0.5596020563700981,0.020628946079943367,3.8274536681130122,supported
111,recovered,hist_gradient_boosting,147,717,1,0,medium,medium,0.2,0.5785092722749605,0.03953616198480581,7.33546094043942,supported
111,recovered,hist_gradient_boosting,147,717,1,0,medium,medium,0.3,0.6534010898857521,0.11442797959559736,21.23073997773197,supported
111,recovered,hist_gradient_boosting,147,717,1,0,medium,medium,0.4,0.8774071371392018,0.3384340268490471,62.792376908534834,supported
112,recovered,hist_gradient_boosting,485,569,1,1,medium,medium,0.0,0.7318995134351629,0.0,0.0,supported
112,recovered,hist_gradient_boosting,485,569,1,1,medium,medium,0.05,0.7604620157722992,0.02856250233713631,3.902516918351062,supported
112,recovered,hist_gradient_boosting,485,569,1,1,medium,medium,0.1,0.7642564362677502,0.03235692283258729,4.4209515430226665,supported
112,recovered,hist_gradient_boosting,485,569,1,1,medium,medium,0.2,0.7831962140091135,0.05129670057395064,7.008708112564532,supported
112,recovered,hist_gradient_boosting,485,569,1,1,medium,medium,0.3,0.8933086958921466,0.16140918245698366,22.053462189011608,supported
112,recovered,hist_gradient_boosting,485,569,1,1,medium,medium,0.4,1.0323164521542112,0.3004169387190483,41.046200086818544,supported
113,recovered,hist_gradient_boosting,20,569,1,1,medium,medium,0.0,0.7107636648211828,0.0,0.0,supported
113,recovered,hist_gradient_boosting,20,569,1,1,medium,medium,0.05,0.7459152265664999,0.035151561745317084,4.945604774853063,supported
113,recovered,hist_gradient_boosting,20,569,1,1,medium,medium,0.1,0.7516975419772884,0.040933877156105636,5.7591403700137045,supported
113,recovered,hist_gradient_boosting,20,569,1,1,medium,medium,0.2,0.7748325480625367,0.06406888324135385,9.014090957712728,supported
113,recovered,hist_gradient_boosting,20,569,1,1,medium,medium,0.3,0.8608807331532096,0.15011706833202676,21.1205321490082,supported
113,recovered,hist_gradient_boosting,20,569,1,1,medium,medium,0.4,0.9525383471519806,0.2417746823307978,34.016184886381964,supported
114,recovered,hist_gradient_boosting,510,793,1,1,medium,medium,0.0,0.980117778074332,0.0,0.0,supported
114,recovered,hist_gradient_boosting,510,793,1,1,medium,medium,0.05,1.023152121013752,0.04303434293941999,4.3907317979652305,supported
114,recovered,hist_gradient_boosting,510,793,1,1,medium,medium,0.1,1.0256532520550885,0.045535473980756525,4.645918582379105,supported
114,recovered,hist_gradient_boosting,510,793,1,1,medium,medium,0.2,1.0265672379170097,0.046449459842677676,4.7391712385769,supported
114,recovered,hist_gradient_boosting,510,793,1,1,medium,medium,0.3,1.0436585916271879,0.0635408135528559,6.482977349691232,supported
114,recovered,hist_gradient_boosting,510,793,1,1,medium,medium,0.4,1.2510434356545508,0.2709256575802188,27.642153182091533,supported
115,recovered,hist_gradient_boosting,96,500,1,1,medium,medium,0.0,0.9271887986143348,0.0,0.0,supported
115,recovered,hist_gradient_boosting,96,500,1,1,medium,medium,0.05,0.9586351023104986,0.03144630369616386,3.3915750215230966,supported
115,recovered,hist_gradient_boosting,96,500,1,1,medium,medium,0.1,0.9596275910239549,0.03243879240962011,3.4986178066537477,supported
115,recovered,hist_gradient_boosting,96,500,1,1,medium,medium,0.2,0.9744355347280913,0.047246736113756516,5.095697465755178,supported
115,recovered,hist_gradient_boosting,96,500,1,1,medium,medium,0.3,1.0180668001591409,0.09087800154480608,9.801455936549441,supported
115,recovered,hist_gradient_boosting,96,500,1,1,medium,medium,0.4,1.2618328947864956,0.33464409617216084,36.0923359592221,supported
116,recovered,hist_gradient_boosting,862,320,1,1,medium,medium,0.0,0.6338199483764324,0.0,0.0,supported
116,recovered,hist_gradient_boosting,862,320,1,1,medium,medium,0.05,0.6581751093312826,0.02435516095485024,3.8425993087212618,supported
116,recovered,hist_gradient_boosting,862,320,1,1,medium,medium,0.1,0.6633995795950745,0.029579631218642044,4.666882336917921,supported
116,recovered,hist_gradient_boosting,862,320,1,1,medium,medium,0.2,0.6814021162585819,0.04758216788214953,7.507205793070115,supported
116,recovered,hist_gradient_boosting,862,320,1,1,medium,medium,0.3,0.7815384264278078,0.1477184780513754,23.306063248682072,supported
116,recovered,hist_gradient_boosting,862,320,1,1,medium,medium,0.4,0.9958204910054094,0.36200054262897696,57.11409739568201,supported
117,recovered,hist_gradient_boosting,231,212,1,0,medium,medium,0.0,0.6407683236678441,0.0,0.0,supported
117,recovered,hist_gradient_boosting,231,212,1,0,medium,medium,0.05,0.6650931544010088,0.024324830733164715,3.7961974452679126,supported
117,recovered,hist_gradient_boosting,231,212,1,0,medium,medium,0.1,0.6662511432153506,0.02548281954750653,3.9769162435557837,supported
117,recovered,hist_gradient_boosting,231,212,1,0,medium,medium,0.2,0.6927951555722232,0.05202683190437907,8.119445044750417,supported
117,recovered,hist_gradient_boosting,231,212,1,0,medium,medium,0.3,0.7523401102856331,0.11157178661778899,17.41218822727333,supported
117,recovered,hist_gradient_boosting,231,212,1,0,medium,medium,0.4,0.934944914228298,0.29417659056045387,45.90997708447064,supported
118,recovered,hist_gradient_boosting,633,489,1,1,medium,medium,0.0,0.5486727740284894,0.0,0.0,supported
118,recovered,hist_gradient_boosting,633,489,1,1,medium,medium,0.05,0.5717586561144183,0.023085882085928988,4.207586594178303,supported
118,recovered,hist_gradient_boosting,633,489,1,1,medium,medium,0.1,0.5780729106260489,0.02940013659755958,5.358409964776745,supported
118,recovered,hist_gradient_boosting,633,489,1,1,medium,medium,0.2,0.6204797230681225,0.07180694903963314,13.08739059757038,supported
118,recovered,hist_gradient_boosting,633,489,1,1,medium,medium,0.3,0.7325297872917669,0.18385701326327752,33.5094107027317,supported
118,recovered,hist_gradient_boosting,633,489,1,1,medium,medium,0.4,0.9046552173429225,0.3559824433144332,64.88064656474992,supported
119,recovered,hist_gradient_boosting,147,717,1,1,medium,medium,0.0,0.6327661396644155,0.0,0.0,supported
119,recovered,hist_gradient_boosting,147,717,1,1,medium,medium,0.05,0.64932513780472,0.01655899814030448,2.616922288080459,supported
119,recovered,hist_gradient_boosting,147,717,1,1,medium,medium,0.1,0.6551742597774362,0.022408120113020624,3.5412957028491787,supported
119,recovered,hist_gradient_boosting,147,717,1,1,medium,medium,0.2,0.6728270380878791,0.04006089842346361,6.331074928362912,supported
119,recovered,hist_gradient_boosting,147,717,1,1,medium,medium,0.3,0.7436148137878378,0.11084867412342225,17.518110906220464,supported
119,recovered,hist_gradient_boosting,147,717,1,1,medium,medium,0.4,0.9762554210994068,0.34348928143499124,54.28376455433585,supported
