"file_path","source_table","script_that_generated_it","question_answered","current_title","axes","units","legend","sample_split","sample_size_shown","whether_values_match_source_table","whether_duplicated","whether_visually_readable","whether_needed_in_report","whether_needed_in_presentation","recommendation"
"archive/diagnostic_figures/discount_response/action_ranking_comparison.png","archived source table","archived generation script","Diagnostic or supporting question.","action ranking comparison","Visible in PNG; not machine-audited","normalized profit, rates, or action shares depending on figure","Visible in PNG where needed","held-out test or validation as indicated by source table","60 for held-out final figures; see source table","PASS for retained main figures; archived diagnostic figures not revalidated","NO for retained main figures","PASS for retained main figures","NO","NO","ARCHIVE"
"archive/diagnostic_figures/discount_response/demand_by_markdown_bin.png","archived source table","archived generation script","Diagnostic or supporting question.","demand by markdown bin","Visible in PNG; not machine-audited","normalized profit, rates, or action shares depending on figure","Visible in PNG where needed","held-out test or validation as indicated by source table","60 for held-out final figures; see source table","PASS for retained main figures; archived diagnostic figures not revalidated","NO for retained main figures","PASS for retained main figures","NO","NO","ARCHIVE"
"archive/diagnostic_figures/discount_response/implied_demand_uplift_by_markdown.png","archived source table","archived generation script","Diagnostic or supporting question.","implied demand uplift by markdown","Visible in PNG; not machine-audited","normalized profit, rates, or action shares depending on figure","Visible in PNG where needed","held-out test or validation as indicated by source table","60 for held-out final figures; see source table","PASS for retained main figures; archived diagnostic figures not revalidated","NO for retained main figures","PASS for retained main figures","NO","NO","ARCHIVE"
"archive/diagnostic_figures/discount_response/markdown_distribution_support.png","archived source table","archived generation script","Diagnostic or supporting question.","markdown distribution support","Visible in PNG; not machine-audited","normalized profit, rates, or action shares depending on figure","Visible in PNG where needed","held-out test or validation as indicated by source table","60 for held-out final figures; see source table","PASS for retained main figures; archived diagnostic figures not revalidated","NO for retained main figures","PASS for retained main figures","NO","NO","ARCHIVE"
"archive/diagnostic_figures/discount_response/model_implied_markdown_response_curves.png","archived source table","archived generation script","Diagnostic or supporting question.","model implied markdown response curves","Visible in PNG; not machine-audited","normalized profit, rates, or action shares depending on figure","Visible in PNG where needed","held-out test or validation as indicated by source table","60 for held-out final figures; see source table","PASS for retained main figures; archived diagnostic figures not revalidated","NO for retained main figures","PASS for retained main figures","NO","NO","ARCHIVE"
"archive/diagnostic_figures/discount_response/model_performance_by_target.png","archived source table","archived generation script","Diagnostic or supporting question.","model performance by target","Visible in PNG; not machine-audited","normalized profit, rates, or action shares depending on figure","Visible in PNG where needed","held-out test or validation as indicated by source table","60 for held-out final figures; see source table","PASS for retained main figures; archived diagnostic figures not revalidated","NO for retained main figures","PASS for retained main figures","NO","NO","ARCHIVE"
"archive/diagnostic_figures/discount_response/response_difference_by_promotion_status.png","archived source table","archived generation script","Diagnostic or supporting question.","response difference by promotion status","Visible in PNG; not machine-audited","normalized profit, rates, or action shares depending on figure","Visible in PNG where needed","held-out test or validation as indicated by source table","60 for held-out final figures; see source table","PASS for retained main figures; archived diagnostic figures not revalidated","NO for retained main figures","PASS for retained main figures","NO","NO","ARCHIVE"
"archive/diagnostic_figures/discount_response/response_difference_by_stockout_risk_group.png","archived source table","archived generation script","Diagnostic or supporting question.","response difference by stockout risk group","Visible in PNG; not machine-audited","normalized profit, rates, or action shares depending on figure","Visible in PNG where needed","held-out test or validation as indicated by source table","60 for held-out final figures; see source table","PASS for retained main figures; archived diagnostic figures not revalidated","NO for retained main figures","PASS for retained main figures","NO","NO","ARCHIVE"
"archive/diagnostic_figures/discount_response/robustness_comparison.png","archived source table","archived generation script","Diagnostic or supporting question.","robustness comparison","Visible in PNG; not machine-audited","normalized profit, rates, or action shares depending on figure","Visible in PNG where needed","held-out test or validation as indicated by source table","60 for held-out final figures; see source table","PASS for retained main figures; archived diagnostic figures not revalidated","NO for retained main figures","PASS for retained main figures","NO","NO","ARCHIVE"
"archive/diagnostic_figures/dqn_final_candidate/action_distribution.png","archived source table","archived generation script","Diagnostic or supporting question.","action distribution","Visible in PNG; not machine-audited","normalized profit, rates, or action shares depending on figure","Visible in PNG where needed","held-out test or validation as indicated by source table","60 for held-out final figures; see source table","PASS for retained main figures; archived diagnostic figures not revalidated","NO for retained main figures","PASS for retained main figures","NO","NO","ARCHIVE"
"archive/diagnostic_figures/dqn_final_candidate/dqn_paired_gain_vs_baseline.png","archived source table","archived generation script","Diagnostic or supporting question.","dqn paired gain vs baseline","Visible in PNG; not machine-audited","normalized profit, rates, or action shares depending on figure","Visible in PNG where needed","held-out test or validation as indicated by source table","60 for held-out final figures; see source table","PASS for retained main figures; archived diagnostic figures not revalidated","NO for retained main figures","PASS for retained main figures","NO","NO","ARCHIVE"
"archive/diagnostic_figures/dqn_final_candidate/dqn_seed_stability.png","archived source table","archived generation script","Diagnostic or supporting question.","dqn seed stability","Visible in PNG; not machine-audited","normalized profit, rates, or action shares depending on figure","Visible in PNG where needed","held-out test or validation as indicated by source table","60 for held-out final figures; see source table","PASS for retained main figures; archived diagnostic figures not revalidated","NO for retained main figures","PASS for retained main figures","NO","NO","ARCHIVE"
"archive/diagnostic_figures/dqn_final_candidate/dqn_validation_profit_by_timestep.png","archived source table","archived generation script","Diagnostic or supporting question.","dqn validation profit by timestep","Visible in PNG; not machine-audited","normalized profit, rates, or action shares depending on figure","Visible in PNG where needed","held-out test or validation as indicated by source table","60 for held-out final figures; see source table","PASS for retained main figures; archived diagnostic figures not revalidated","NO for retained main figures","PASS for retained main figures","NO","NO","ARCHIVE"
"archive/diagnostic_figures/dqn_final_candidate/dqn_vs_ppo_vs_planning.png","archived source table","archived generation script","Diagnostic or supporting question.","dqn vs ppo vs planning","Visible in PNG; not machine-audited","normalized profit, rates, or action shares depending on figure","Visible in PNG where needed","held-out test or validation as indicated by source table","60 for held-out final figures; see source table","PASS for retained main figures; archived diagnostic figures not revalidated","NO for retained main figures","PASS for retained main figures","NO","NO","ARCHIVE"
"archive/diagnostic_figures/dqn_final_candidate/profit_waste_comparison.png","archived source table","archived generation script","Diagnostic or supporting question.","profit waste comparison","Visible in PNG; not machine-audited","normalized profit, rates, or action shares depending on figure","Visible in PNG where needed","held-out test or validation as indicated by source table","60 for held-out final figures; see source table","PASS for retained main figures; archived diagnostic figures not revalidated","NO for retained main figures","PASS for retained main figures","NO","NO","ARCHIVE"
"archive/diagnostic_figures/dqn_final_candidate/standard_dqn_action_distribution_by_seed.png","archived source table","archived generation script","Diagnostic or supporting question.","standard dqn action distribution by seed","Visible in PNG; not machine-audited","normalized profit, rates, or action shares depending on figure","Visible in PNG where needed","held-out test or validation as indicated by source table","60 for held-out final figures; see source table","PASS for retained main figures; archived diagnostic figures not revalidated","NO for retained main figures","PASS for retained main figures","NO","NO","ARCHIVE"
"archive/diagnostic_figures/dqn_final_candidate/standard_dqn_paired_gain_by_selected_seed.png","archived source table","archived generation script","Diagnostic or supporting question.","standard dqn paired gain by selected seed","Visible in PNG; not machine-audited","normalized profit, rates, or action shares depending on figure","Visible in PNG where needed","held-out test or validation as indicated by source table","60 for held-out final figures; see source table","PASS for retained main figures; archived diagnostic figures not revalidated","NO for retained main figures","PASS for retained main figures","NO","NO","ARCHIVE"
"archive/diagnostic_figures/dqn_final_candidate/standard_dqn_pooled_confidence_interval.png","archived source table","archived generation script","Diagnostic or supporting question.","standard dqn pooled confidence interval","Visible in PNG; not machine-audited","normalized profit, rates, or action shares depending on figure","Visible in PNG where needed","held-out test or validation as indicated by source table","60 for held-out final figures; see source table","PASS for retained main figures; archived diagnostic figures not revalidated","NO for retained main figures","PASS for retained main figures","NO","NO","ARCHIVE"
"archive/diagnostic_figures/dqn_final_candidate/standard_dqn_profit_waste_comparison.png","archived source table","archived generation script","Diagnostic or supporting question.","standard dqn profit waste comparison","Visible in PNG; not machine-audited","normalized profit, rates, or action shares depending on figure","Visible in PNG where needed","held-out test or validation as indicated by source table","60 for held-out final figures; see source table","PASS for retained main figures; archived diagnostic figures not revalidated","NO for retained main figures","PASS for retained main figures","NO","NO","ARCHIVE"
"archive/diagnostic_figures/dqn_final_candidate/standard_dqn_seed_stability.png","archived source table","archived generation script","Diagnostic or supporting question.","standard dqn seed stability","Visible in PNG; not machine-audited","normalized profit, rates, or action shares depending on figure","Visible in PNG where needed","held-out test or validation as indicated by source table","60 for held-out final figures; see source table","PASS for retained main figures; archived diagnostic figures not revalidated","NO for retained main figures","PASS for retained main figures","NO","NO","ARCHIVE"
"archive/diagnostic_figures/dqn_final_candidate/standard_dqn_validation_profit_by_timestep_all_seeds.png","archived source table","archived generation script","Diagnostic or supporting question.","standard dqn validation profit by timestep all seeds","Visible in PNG; not machine-audited","normalized profit, rates, or action shares depending on figure","Visible in PNG where needed","held-out test or validation as indicated by source table","60 for held-out final figures; see source table","PASS for retained main figures; archived diagnostic figures not revalidated","NO for retained main figures","PASS for retained main figures","NO","NO","ARCHIVE"
"archive/diagnostic_figures/dqn_final_candidate/standard_dqn_vs_planning_baseline.png","archived source table","archived generation script","Diagnostic or supporting question.","standard dqn vs planning baseline","Visible in PNG; not machine-audited","normalized profit, rates, or action shares depending on figure","Visible in PNG where needed","held-out test or validation as indicated by source table","60 for held-out final figures; see source table","PASS for retained main figures; archived diagnostic figures not revalidated","NO for retained main figures","PASS for retained main figures","NO","NO","ARCHIVE"
"archive/diagnostic_figures/dqn_final_candidate/standard_dqn_worst_episode_loss_decomposition.png","archived source table","archived generation script","Diagnostic or supporting question.","standard dqn worst episode loss decomposition","Visible in PNG; not machine-audited","normalized profit, rates, or action shares depending on figure","Visible in PNG where needed","held-out test or validation as indicated by source table","60 for held-out final figures; see source table","PASS for retained main figures; archived diagnostic figures not revalidated","NO for retained main figures","PASS for retained main figures","NO","NO","ARCHIVE"
"archive/diagnostic_figures/dqn_final_candidate/worst_case_episode_differences.png","archived source table","archived generation script","Diagnostic or supporting question.","worst case episode differences","Visible in PNG; not machine-audited","normalized profit, rates, or action shares depending on figure","Visible in PNG where needed","held-out test or validation as indicated by source table","60 for held-out final figures; see source table","PASS for retained main figures; archived diagnostic figures not revalidated","NO for retained main figures","PASS for retained main figures","NO","NO","ARCHIVE"
"archive/diagnostic_figures/dqn_final_statistical_audit/corrected_clustered_confidence_interval.png","archived source table","archived generation script","Diagnostic or supporting question.","corrected clustered confidence interval","Visible in PNG; not machine-audited","normalized profit, rates, or action shares depending on figure","Visible in PNG where needed","held-out test or validation as indicated by source table","60 for held-out final figures; see source table","PASS for retained main figures; archived diagnostic figures not revalidated","NO for retained main figures","PASS for retained main figures","NO","NO","ARCHIVE"
"archive/diagnostic_figures/dqn_final_statistical_audit/ensemble_paired_episode_differences.png","archived source table","archived generation script","Diagnostic or supporting question.","ensemble paired episode differences","Visible in PNG; not machine-audited","normalized profit, rates, or action shares depending on figure","Visible in PNG where needed","held-out test or validation as indicated by source table","60 for held-out final figures; see source table","PASS for retained main figures; archived diagnostic figures not revalidated","NO for retained main figures","PASS for retained main figures","NO","NO","ARCHIVE"
"archive/diagnostic_figures/dqn_final_statistical_audit/episode_mean_gain_across_seeds.png","archived source table","archived generation script","Diagnostic or supporting question.","episode mean gain across seeds","Visible in PNG; not machine-audited","normalized profit, rates, or action shares depending on figure","Visible in PNG where needed","held-out test or validation as indicated by source table","60 for held-out final figures; see source table","PASS for retained main figures; archived diagnostic figures not revalidated","NO for retained main figures","PASS for retained main figures","NO","NO","ARCHIVE"
"archive/diagnostic_figures/dqn_final_statistical_audit/individual_seeds_vs_equal_weight_ensemble.png","archived source table","archived generation script","Diagnostic or supporting question.","individual seeds vs equal weight ensemble","Visible in PNG; not machine-audited","normalized profit, rates, or action shares depending on figure","Visible in PNG where needed","held-out test or validation as indicated by source table","60 for held-out final figures; see source table","PASS for retained main figures; archived diagnostic figures not revalidated","NO for retained main figures","PASS for retained main figures","NO","NO","ARCHIVE"
"archive/diagnostic_figures/dqn_final_statistical_audit/profit_waste_comparison.png","archived source table","archived generation script","Diagnostic or supporting question.","profit waste comparison","Visible in PNG; not machine-audited","normalized profit, rates, or action shares depending on figure","Visible in PNG where needed","held-out test or validation as indicated by source table","60 for held-out final figures; see source table","PASS for retained main figures; archived diagnostic figures not revalidated","NO for retained main figures","PASS for retained main figures","NO","NO","ARCHIVE"
"archive/diagnostic_figures/dqn_final_statistical_audit/tail_loss_comparison.png","archived source table","archived generation script","Diagnostic or supporting question.","tail loss comparison","Visible in PNG; not machine-audited","normalized profit, rates, or action shares depending on figure","Visible in PNG where needed","held-out test or validation as indicated by source table","60 for held-out final figures; see source table","PASS for retained main figures; archived diagnostic figures not revalidated","NO for retained main figures","PASS for retained main figures","NO","NO","ARCHIVE"
"archive/diagnostic_figures/final_candidate_selection/action_distribution_by_risk_level.png","archived source table","archived generation script","Diagnostic or supporting question.","action distribution by risk level","Visible in PNG; not machine-audited","normalized profit, rates, or action shares depending on figure","Visible in PNG where needed","held-out test or validation as indicated by source table","60 for held-out final figures; see source table","PASS for retained main figures; archived diagnostic figures not revalidated","NO for retained main figures","PASS for retained main figures","NO","NO","ARCHIVE"
"archive/diagnostic_figures/final_candidate_selection/candidate_confidence_intervals.png","archived source table","archived generation script","Diagnostic or supporting question.","candidate confidence intervals","Visible in PNG; not machine-audited","normalized profit, rates, or action shares depending on figure","Visible in PNG where needed","held-out test or validation as indicated by source table","60 for held-out final figures; see source table","PASS for retained main figures; archived diagnostic figures not revalidated","NO for retained main figures","PASS for retained main figures","NO","NO","ARCHIVE"
"archive/diagnostic_figures/final_candidate_selection/candidate_profit_gain_versus_baseline.png","archived source table","archived generation script","Diagnostic or supporting question.","candidate profit gain versus baseline","Visible in PNG; not machine-audited","normalized profit, rates, or action shares depending on figure","Visible in PNG where needed","held-out test or validation as indicated by source table","60 for held-out final figures; see source table","PASS for retained main figures; archived diagnostic figures not revalidated","NO for retained main figures","PASS for retained main figures","NO","NO","ARCHIVE"
"archive/diagnostic_figures/final_candidate_selection/planning_gain_captured.png","archived source table","archived generation script","Diagnostic or supporting question.","planning gain captured","Visible in PNG; not machine-audited","normalized profit, rates, or action shares depending on figure","Visible in PNG where needed","held-out test or validation as indicated by source table","60 for held-out final figures; see source table","PASS for retained main figures; archived diagnostic figures not revalidated","NO for retained main figures","PASS for retained main figures","NO","NO","ARCHIVE"
"archive/diagnostic_figures/final_candidate_selection/profit_waste_comparison.png","archived source table","archived generation script","Diagnostic or supporting question.","profit waste comparison","Visible in PNG; not machine-audited","normalized profit, rates, or action shares depending on figure","Visible in PNG where needed","held-out test or validation as indicated by source table","60 for held-out final figures; see source table","PASS for retained main figures; archived diagnostic figures not revalidated","NO for retained main figures","PASS for retained main figures","NO","NO","ARCHIVE"
"archive/diagnostic_figures/final_candidate_selection/seed_stability.png","archived source table","archived generation script","Diagnostic or supporting question.","seed stability","Visible in PNG; not machine-audited","normalized profit, rates, or action shares depending on figure","Visible in PNG where needed","held-out test or validation as indicated by source table","60 for held-out final figures; see source table","PASS for retained main figures; archived diagnostic figures not revalidated","NO for retained main figures","PASS for retained main figures","NO","NO","ARCHIVE"
"archive/diagnostic_figures/final_candidate_selection/win_tie_loss_shares.png","archived source table","archived generation script","Diagnostic or supporting question.","win tie loss shares","Visible in PNG; not machine-audited","normalized profit, rates, or action shares depending on figure","Visible in PNG where needed","held-out test or validation as indicated by source table","60 for held-out final figures; see source table","PASS for retained main figures; archived diagnostic figures not revalidated","NO for retained main figures","PASS for retained main figures","NO","NO","ARCHIVE"
"archive/diagnostic_figures/final_candidate_selection/worst_case_episode_losses.png","archived source table","archived generation script","Diagnostic or supporting question.","worst case episode losses","Visible in PNG; not machine-audited","normalized profit, rates, or action shares depending on figure","Visible in PNG where needed","held-out test or validation as indicated by source table","60 for held-out final figures; see source table","PASS for retained main figures; archived diagnostic figures not revalidated","NO for retained main figures","PASS for retained main figures","NO","NO","ARCHIVE"
"archive/diagnostic_figures/final_dqn_ensemble_test/final_test_ensemble_vs_baseline_profit.png","archived source table","archived generation script","Diagnostic or supporting question.","final test ensemble vs baseline profit","Visible in PNG; not machine-audited","normalized profit, rates, or action shares depending on figure","Visible in PNG where needed","held-out test or validation as indicated by source table","60 for held-out final figures; see source table","PASS for retained main figures; archived diagnostic figures not revalidated","NO for retained main figures","PASS for retained main figures","NO","NO","ARCHIVE"
"archive/diagnostic_figures/final_dqn_ensemble_test/paired_test_episode_profit_differences.png","archived source table","archived generation script","Diagnostic or supporting question.","paired test episode profit differences","Visible in PNG; not machine-audited","normalized profit, rates, or action shares depending on figure","Visible in PNG where needed","held-out test or validation as indicated by source table","60 for held-out final figures; see source table","PASS for retained main figures; archived diagnostic figures not revalidated","NO for retained main figures","PASS for retained main figures","NO","NO","ARCHIVE"
"archive/diagnostic_figures/final_dqn_ensemble_test/test_action_distribution_by_risk_level.png","archived source table","archived generation script","Diagnostic or supporting question.","test action distribution by risk level","Visible in PNG; not machine-audited","normalized profit, rates, or action shares depending on figure","Visible in PNG where needed","held-out test or validation as indicated by source table","60 for held-out final figures; see source table","PASS for retained main figures; archived diagnostic figures not revalidated","NO for retained main figures","PASS for retained main figures","NO","NO","ARCHIVE"
"archive/diagnostic_figures/final_dqn_ensemble_test/test_bootstrap_confidence_interval.png","archived source table","archived generation script","Diagnostic or supporting question.","test bootstrap confidence interval","Visible in PNG; not machine-audited","normalized profit, rates, or action shares depending on figure","Visible in PNG where needed","held-out test or validation as indicated by source table","60 for held-out final figures; see source table","PASS for retained main figures; archived diagnostic figures not revalidated","NO for retained main figures","PASS for retained main figures","NO","NO","ARCHIVE"
"archive/diagnostic_figures/final_dqn_ensemble_test/test_profit_waste_comparison.png","archived source table","archived generation script","Diagnostic or supporting question.","test profit waste comparison","Visible in PNG; not machine-audited","normalized profit, rates, or action shares depending on figure","Visible in PNG where needed","held-out test or validation as indicated by source table","60 for held-out final figures; see source table","PASS for retained main figures; archived diagnostic figures not revalidated","NO for retained main figures","PASS for retained main figures","NO","NO","ARCHIVE"
"archive/diagnostic_figures/final_dqn_ensemble_test/test_win_tie_loss_shares.png","archived source table","archived generation script","Diagnostic or supporting question.","test win tie loss shares","Visible in PNG; not machine-audited","normalized profit, rates, or action shares depending on figure","Visible in PNG where needed","held-out test or validation as indicated by source table","60 for held-out final figures; see source table","PASS for retained main figures; archived diagnostic figures not revalidated","NO for retained main figures","PASS for retained main figures","NO","NO","ARCHIVE"
"archive/diagnostic_figures/final_dqn_ensemble_test/validation_vs_test_comparison.png","archived source table","archived generation script","Diagnostic or supporting question.","validation vs test comparison","Visible in PNG; not machine-audited","normalized profit, rates, or action shares depending on figure","Visible in PNG where needed","held-out test or validation as indicated by source table","60 for held-out final figures; see source table","PASS for retained main figures; archived diagnostic figures not revalidated","NO for retained main figures","PASS for retained main figures","NO","NO","ARCHIVE"
"archive/diagnostic_figures/final_dqn_ensemble_test/worst_test_episode_diagnostics.png","archived source table","archived generation script","Diagnostic or supporting question.","worst test episode diagnostics","Visible in PNG; not machine-audited","normalized profit, rates, or action shares depending on figure","Visible in PNG where needed","held-out test or validation as indicated by source table","60 for held-out final figures; see source table","PASS for retained main figures; archived diagnostic figures not revalidated","NO for retained main figures","PASS for retained main figures","NO","NO","ARCHIVE"
"archive/diagnostic_figures/final_model_decision_task/candidate_population_state_counts.png","archived source table","archived generation script","Diagnostic or supporting question.","candidate population state counts","Visible in PNG; not machine-audited","normalized profit, rates, or action shares depending on figure","Visible in PNG where needed","held-out test or validation as indicated by source table","60 for held-out final figures; see source table","PASS for retained main figures; archived diagnostic figures not revalidated","NO for retained main figures","PASS for retained main figures","NO","NO","ARCHIVE"
"archive/diagnostic_figures/final_model_decision_task/dynamic_vs_locked_baseline_validation.png","archived source table","archived generation script","Diagnostic or supporting question.","dynamic vs locked baseline validation","Visible in PNG; not machine-audited","normalized profit, rates, or action shares depending on figure","Visible in PNG where needed","held-out test or validation as indicated by source table","60 for held-out final figures; see source table","PASS for retained main figures; archived diagnostic figures not revalidated","NO for retained main figures","PASS for retained main figures","NO","NO","ARCHIVE"
"archive/diagnostic_figures/final_model_decision_task/locked_baseline_selection.png","archived source table","archived generation script","Diagnostic or supporting question.","locked baseline selection","Visible in PNG; not machine-audited","normalized profit, rates, or action shares depending on figure","Visible in PNG where needed","held-out test or validation as indicated by source table","60 for held-out final figures; see source table","PASS for retained main figures; archived diagnostic figures not revalidated","NO for retained main figures","PASS for retained main figures","NO","NO","ARCHIVE"
"archive/diagnostic_figures/final_report/appendix_training_diagnostics/appendix_approx_kl.png","archived source table","archived generation script","Diagnostic or supporting question.","appendix approx kl","Visible in PNG; not machine-audited","normalized profit, rates, or action shares depending on figure","Visible in PNG where needed","held-out test or validation as indicated by source table","60 for held-out final figures; see source table","PASS for retained main figures; archived diagnostic figures not revalidated","NO for retained main figures","PASS for retained main figures","NO","NO","ARCHIVE"
"archive/diagnostic_figures/final_report/appendix_training_diagnostics/appendix_clip_fraction.png","archived source table","archived generation script","Diagnostic or supporting question.","appendix clip fraction","Visible in PNG; not machine-audited","normalized profit, rates, or action shares depending on figure","Visible in PNG where needed","held-out test or validation as indicated by source table","60 for held-out final figures; see source table","PASS for retained main figures; archived diagnostic figures not revalidated","NO for retained main figures","PASS for retained main figures","NO","NO","ARCHIVE"
"archive/diagnostic_figures/final_report/appendix_training_diagnostics/appendix_entropy_loss.png","archived source table","archived generation script","Diagnostic or supporting question.","appendix entropy loss","Visible in PNG; not machine-audited","normalized profit, rates, or action shares depending on figure","Visible in PNG where needed","held-out test or validation as indicated by source table","60 for held-out final figures; see source table","PASS for retained main figures; archived diagnostic figures not revalidated","NO for retained main figures","PASS for retained main figures","NO","NO","ARCHIVE"
"archive/diagnostic_figures/final_report/appendix_training_diagnostics/appendix_explained_variance.png","archived source table","archived generation script","Diagnostic or supporting question.","appendix explained variance","Visible in PNG; not machine-audited","normalized profit, rates, or action shares depending on figure","Visible in PNG where needed","held-out test or validation as indicated by source table","60 for held-out final figures; see source table","PASS for retained main figures; archived diagnostic figures not revalidated","NO for retained main figures","PASS for retained main figures","NO","NO","ARCHIVE"
"archive/diagnostic_figures/final_report/appendix_training_diagnostics/appendix_policy_gradient_loss.png","archived source table","archived generation script","Diagnostic or supporting question.","appendix policy gradient loss","Visible in PNG; not machine-audited","normalized profit, rates, or action shares depending on figure","Visible in PNG where needed","held-out test or validation as indicated by source table","60 for held-out final figures; see source table","PASS for retained main figures; archived diagnostic figures not revalidated","NO for retained main figures","PASS for retained main figures","NO","NO","ARCHIVE"
"archive/diagnostic_figures/final_report/appendix_training_diagnostics/appendix_value_loss.png","archived source table","archived generation script","Diagnostic or supporting question.","appendix value loss","Visible in PNG; not machine-audited","normalized profit, rates, or action shares depending on figure","Visible in PNG where needed","held-out test or validation as indicated by source table","60 for held-out final figures; see source table","PASS for retained main figures; archived diagnostic figures not revalidated","NO for retained main figures","PASS for retained main figures","NO","NO","ARCHIVE"
"archive/diagnostic_figures/final_report/figure_empirical_profit_waste_tradeoff.png","archived source table","archived generation script","Diagnostic or supporting question.","figure empirical profit waste tradeoff","Visible in PNG; not machine-audited","normalized profit, rates, or action shares depending on figure","Visible in PNG where needed","held-out test or validation as indicated by source table","60 for held-out final figures; see source table","PASS for retained main figures; archived diagnostic figures not revalidated","NO for retained main figures","PASS for retained main figures","NO","NO","ARCHIVE"
"archive/diagnostic_figures/final_report/figure_financial_markdown_opportunity_map.png","archived source table","archived generation script","Diagnostic or supporting question.","figure financial markdown opportunity map","Visible in PNG; not machine-audited","normalized profit, rates, or action shares depending on figure","Visible in PNG where needed","held-out test or validation as indicated by source table","60 for held-out final figures; see source table","PASS for retained main figures; archived diagnostic figures not revalidated","NO for retained main figures","PASS for retained main figures","NO","NO","ARCHIVE"
"archive/diagnostic_figures/final_report/figure_observed_action_distribution_over_training.png","archived source table","archived generation script","Diagnostic or supporting question.","figure observed action distribution over training","Visible in PNG; not machine-audited","normalized profit, rates, or action shares depending on figure","Visible in PNG where needed","held-out test or validation as indicated by source table","60 for held-out final figures; see source table","PASS for retained main figures; archived diagnostic figures not revalidated","NO for retained main figures","PASS for retained main figures","NO","NO","ARCHIVE"
"archive/diagnostic_figures/final_report/figure_observed_vs_recovered_selected_policy.png","archived source table","archived generation script","Diagnostic or supporting question.","figure observed vs recovered selected policy","Visible in PNG; not machine-audited","normalized profit, rates, or action shares depending on figure","Visible in PNG where needed","held-out test or validation as indicated by source table","60 for held-out final figures; see source table","PASS for retained main figures; archived diagnostic figures not revalidated","NO for retained main figures","PASS for retained main figures","NO","NO","ARCHIVE"
"archive/diagnostic_figures/final_report/figure_oracle_action_values_by_state.png","archived source table","archived generation script","Diagnostic or supporting question.","figure oracle action values by state","Visible in PNG; not machine-audited","normalized profit, rates, or action shares depending on figure","Visible in PNG where needed","held-out test or validation as indicated by source table","60 for held-out final figures; see source table","PASS for retained main figures; archived diagnostic figures not revalidated","NO for retained main figures","PASS for retained main figures","NO","NO","ARCHIVE"
"archive/diagnostic_figures/final_report/figure_policy_entropy_and_collapse.png","archived source table","archived generation script","Diagnostic or supporting question.","figure policy entropy and collapse","Visible in PNG; not machine-audited","normalized profit, rates, or action shares depending on figure","Visible in PNG where needed","held-out test or validation as indicated by source table","60 for held-out final figures; see source table","PASS for retained main figures; archived diagnostic figures not revalidated","NO for retained main figures","PASS for retained main figures","NO","NO","ARCHIVE"
"archive/diagnostic_figures/final_report/figure_ppo_validation_return_over_training.png","archived source table","archived generation script","Diagnostic or supporting question.","figure ppo validation return over training","Visible in PNG; not machine-audited","normalized profit, rates, or action shares depending on figure","Visible in PNG where needed","held-out test or validation as indicated by source table","60 for held-out final figures; see source table","PASS for retained main figures; archived diagnostic figures not revalidated","NO for retained main figures","PASS for retained main figures","NO","NO","ARCHIVE"
"archive/diagnostic_figures/final_report/figure_ppo_vs_baselines_normalized_profit.png","archived source table","archived generation script","Diagnostic or supporting question.","figure ppo vs baselines normalized profit","Visible in PNG; not machine-audited","normalized profit, rates, or action shares depending on figure","Visible in PNG where needed","held-out test or validation as indicated by source table","60 for held-out final figures; see source table","PASS for retained main figures; archived diagnostic figures not revalidated","NO for retained main figures","PASS for retained main figures","NO","NO","ARCHIVE"
"archive/diagnostic_figures/final_report/figure_ppo_vs_oracle_error_decomposition.png","archived source table","archived generation script","Diagnostic or supporting question.","figure ppo vs oracle error decomposition","Visible in PNG; not machine-audited","normalized profit, rates, or action shares depending on figure","Visible in PNG where needed","held-out test or validation as indicated by source table","60 for held-out final figures; see source table","PASS for retained main figures; archived diagnostic figures not revalidated","NO for retained main figures","PASS for retained main figures","NO","NO","ARCHIVE"
"archive/diagnostic_figures/final_report/figure_recovered_action_distribution_over_training.png","archived source table","archived generation script","Diagnostic or supporting question.","figure recovered action distribution over training","Visible in PNG; not machine-audited","normalized profit, rates, or action shares depending on figure","Visible in PNG where needed","held-out test or validation as indicated by source table","60 for held-out final figures; see source table","PASS for retained main figures; archived diagnostic figures not revalidated","NO for retained main figures","PASS for retained main figures","NO","NO","ARCHIVE"
"archive/diagnostic_figures/final_report/figure_waste_reduction_efficiency.png","archived source table","archived generation script","Diagnostic or supporting question.","figure waste reduction efficiency","Visible in PNG; not machine-audited","normalized profit, rates, or action shares depending on figure","Visible in PNG where needed","held-out test or validation as indicated by source table","60 for held-out final figures; see source table","PASS for retained main figures; archived diagnostic figures not revalidated","NO for retained main figures","PASS for retained main figures","NO","NO","ARCHIVE"
"archive/diagnostic_figures/final_test_baseline_ladder/baseline_hierarchy_summary.png","archived source table","archived generation script","Diagnostic or supporting question.","baseline hierarchy summary","Visible in PNG; not machine-audited","normalized profit, rates, or action shares depending on figure","Visible in PNG where needed","held-out test or validation as indicated by source table","60 for held-out final figures; see source table","PASS for retained main figures; archived diagnostic figures not revalidated","NO for retained main figures","PASS for retained main figures","NO","NO","ARCHIVE"
"archive/diagnostic_figures/final_test_baseline_ladder/pairwise_gain_matrix.png","archived source table","archived generation script","Diagnostic or supporting question.","pairwise gain matrix","Visible in PNG; not machine-audited","normalized profit, rates, or action shares depending on figure","Visible in PNG where needed","held-out test or validation as indicated by source table","60 for held-out final figures; see source table","PASS for retained main figures; archived diagnostic figures not revalidated","NO for retained main figures","PASS for retained main figures","NO","NO","ARCHIVE"
"archive/diagnostic_figures/financial_markdown_opportunity_audit/multistep_action_value_vs_markdown.png","archived source table","archived generation script","Diagnostic or supporting question.","multistep action value vs markdown","Visible in PNG; not machine-audited","normalized profit, rates, or action shares depending on figure","Visible in PNG where needed","held-out test or validation as indicated by source table","60 for held-out final figures; see source table","PASS for retained main figures; archived diagnostic figures not revalidated","NO for retained main figures","PASS for retained main figures","NO","NO","ARCHIVE"
"archive/diagnostic_figures/financial_markdown_opportunity_audit/optimal_action_by_inventory_and_expiry.png","archived source table","archived generation script","Diagnostic or supporting question.","optimal action by inventory and expiry","Visible in PNG; not machine-audited","normalized profit, rates, or action shares depending on figure","Visible in PNG where needed","held-out test or validation as indicated by source table","60 for held-out final figures; see source table","PASS for retained main figures; archived diagnostic figures not revalidated","NO for retained main figures","PASS for retained main figures","NO","NO","ARCHIVE"
"archive/diagnostic_figures/financial_markdown_opportunity_audit/positive_markdown_gain_over_zero.png","archived source table","archived generation script","Diagnostic or supporting question.","positive markdown gain over zero","Visible in PNG; not machine-audited","normalized profit, rates, or action shares depending on figure","Visible in PNG where needed","held-out test or validation as indicated by source table","60 for held-out final figures; see source table","PASS for retained main figures; archived diagnostic figures not revalidated","NO for retained main figures","PASS for retained main figures","NO","NO","ARCHIVE"
"archive/diagnostic_figures/financial_markdown_opportunity_audit/ppo_vs_oracle_action_comparison.png","archived source table","archived generation script","Diagnostic or supporting question.","ppo vs oracle action comparison","Visible in PNG; not machine-audited","normalized profit, rates, or action shares depending on figure","Visible in PNG where needed","held-out test or validation as indicated by source table","60 for held-out final figures; see source table","PASS for retained main figures; archived diagnostic figures not revalidated","NO for retained main figures","PASS for retained main figures","NO","NO","ARCHIVE"
"archive/diagnostic_figures/financial_markdown_opportunity_audit/share_states_preferring_each_action.png","archived source table","archived generation script","Diagnostic or supporting question.","share states preferring each action","Visible in PNG; not machine-audited","normalized profit, rates, or action shares depending on figure","Visible in PNG where needed","held-out test or validation as indicated by source table","60 for held-out final figures; see source table","PASS for retained main figures; archived diagnostic figures not revalidated","NO for retained main figures","PASS for retained main figures","NO","NO","ARCHIVE"
"archive/diagnostic_figures/financial_markdown_opportunity_audit/state_map_financially_justified_markdown.png","archived source table","archived generation script","Diagnostic or supporting question.","state map financially justified markdown","Visible in PNG; not machine-audited","normalized profit, rates, or action shares depending on figure","Visible in PNG where needed","held-out test or validation as indicated by source table","60 for held-out final figures; see source table","PASS for retained main figures; archived diagnostic figures not revalidated","NO for retained main figures","PASS for retained main figures","NO","NO","ARCHIVE"
"archive/diagnostic_figures/freshretail_modeling_subset/example_complete_97_day_series.png","archived source table","archived generation script","Diagnostic or supporting question.","example complete 97 day series","Visible in PNG; not machine-audited","normalized profit, rates, or action shares depending on figure","Visible in PNG where needed","held-out test or validation as indicated by source table","60 for held-out final figures; see source table","PASS for retained main figures; archived diagnostic figures not revalidated","NO for retained main figures","PASS for retained main figures","NO","NO","ARCHIVE"
"archive/diagnostic_figures/freshretail_modeling_subset/markdown_distribution_comparison.png","archived source table","archived generation script","Diagnostic or supporting question.","markdown distribution comparison","Visible in PNG; not machine-audited","normalized profit, rates, or action shares depending on figure","Visible in PNG where needed","held-out test or validation as indicated by source table","60 for held-out final figures; see source table","PASS for retained main figures; archived diagnostic figures not revalidated","NO for retained main figures","PASS for retained main figures","NO","NO","ARCHIVE"
"archive/diagnostic_figures/freshretail_modeling_subset/promotion_rate_comparison.png","archived source table","archived generation script","Diagnostic or supporting question.","promotion rate comparison","Visible in PNG; not machine-audited","normalized profit, rates, or action shares depending on figure","Visible in PNG where needed","held-out test or validation as indicated by source table","60 for held-out final figures; see source table","PASS for retained main figures; archived diagnostic figures not revalidated","NO for retained main figures","PASS for retained main figures","NO","NO","ARCHIVE"
"archive/diagnostic_figures/freshretail_modeling_subset/sales_distribution_comparison.png","archived source table","archived generation script","Diagnostic or supporting question.","sales distribution comparison","Visible in PNG; not machine-audited","normalized profit, rates, or action shares depending on figure","Visible in PNG where needed","held-out test or validation as indicated by source table","60 for held-out final figures; see source table","PASS for retained main figures; archived diagnostic figures not revalidated","NO for retained main figures","PASS for retained main figures","NO","NO","ARCHIVE"
"archive/diagnostic_figures/freshretail_modeling_subset/selected_series_stockout_vs_promotion.png","archived source table","archived generation script","Diagnostic or supporting question.","selected series stockout vs promotion","Visible in PNG; not machine-audited","normalized profit, rates, or action shares depending on figure","Visible in PNG where needed","held-out test or validation as indicated by source table","60 for held-out final figures; see source table","PASS for retained main figures; archived diagnostic figures not revalidated","NO for retained main figures","PASS for retained main figures","NO","NO","ARCHIVE"
"archive/diagnostic_figures/freshretail_modeling_subset/stockout_rate_comparison.png","archived source table","archived generation script","Diagnostic or supporting question.","stockout rate comparison","Visible in PNG; not machine-audited","normalized profit, rates, or action shares depending on figure","Visible in PNG where needed","held-out test or validation as indicated by source table","60 for held-out final figures; see source table","PASS for retained main figures; archived diagnostic figures not revalidated","NO for retained main figures","PASS for retained main figures","NO","NO","ARCHIVE"
"archive/diagnostic_figures/freshretail_modeling_subset/train_validation_test_date_split.png","archived source table","archived generation script","Diagnostic or supporting question.","train validation test date split","Visible in PNG; not machine-audited","normalized profit, rates, or action shares depending on figure","Visible in PNG where needed","held-out test or validation as indicated by source table","60 for held-out final figures; see source table","PASS for retained main figures; archived diagnostic figures not revalidated","NO for retained main figures","PASS for retained main figures","NO","NO","ARCHIVE"
"archive/diagnostic_figures/freshretail_processing/discount_distribution.png","archived source table","archived generation script","Diagnostic or supporting question.","discount distribution","Visible in PNG; not machine-audited","normalized profit, rates, or action shares depending on figure","Visible in PNG where needed","held-out test or validation as indicated by source table","60 for held-out final figures; see source table","PASS for retained main figures; archived diagnostic figures not revalidated","NO for retained main figures","PASS for retained main figures","NO","NO","ARCHIVE"
"archive/diagnostic_figures/freshretail_processing/example_promotion_stockout_timeseries.png","archived source table","archived generation script","Diagnostic or supporting question.","example promotion stockout timeseries","Visible in PNG; not machine-audited","normalized profit, rates, or action shares depending on figure","Visible in PNG where needed","held-out test or validation as indicated by source table","60 for held-out final figures; see source table","PASS for retained main figures; archived diagnostic figures not revalidated","NO for retained main figures","PASS for retained main figures","NO","NO","ARCHIVE"
"archive/diagnostic_figures/freshretail_processing/example_sales_inventory_timeseries.png","archived source table","archived generation script","Diagnostic or supporting question.","example sales inventory timeseries","Visible in PNG; not machine-audited","normalized profit, rates, or action shares depending on figure","Visible in PNG where needed","held-out test or validation as indicated by source table","60 for held-out final figures; see source table","PASS for retained main figures; archived diagnostic figures not revalidated","NO for retained main figures","PASS for retained main figures","NO","NO","ARCHIVE"
"archive/diagnostic_figures/freshretail_processing/promotion_rate_by_category.png","archived source table","archived generation script","Diagnostic or supporting question.","promotion rate by category","Visible in PNG; not machine-audited","normalized profit, rates, or action shares depending on figure","Visible in PNG where needed","held-out test or validation as indicated by source table","60 for held-out final figures; see source table","PASS for retained main figures; archived diagnostic figures not revalidated","NO for retained main figures","PASS for retained main figures","NO","NO","ARCHIVE"
"archive/diagnostic_figures/freshretail_processing/sequence_length_distribution.png","archived source table","archived generation script","Diagnostic or supporting question.","sequence length distribution","Visible in PNG; not machine-audited","normalized profit, rates, or action shares depending on figure","Visible in PNG where needed","held-out test or validation as indicated by source table","60 for held-out final figures; see source table","PASS for retained main figures; archived diagnostic figures not revalidated","NO for retained main figures","PASS for retained main figures","NO","NO","ARCHIVE"
"archive/diagnostic_figures/freshretail_processing/stockout_rate_distribution_by_series.png","archived source table","archived generation script","Diagnostic or supporting question.","stockout rate distribution by series","Visible in PNG; not machine-audited","normalized profit, rates, or action shares depending on figure","Visible in PNG where needed","held-out test or validation as indicated by source table","60 for held-out final figures; see source table","PASS for retained main figures; archived diagnostic figures not revalidated","NO for retained main figures","PASS for retained main figures","NO","NO","ARCHIVE"
"archive/diagnostic_figures/freshretail_processing/subset_category_composition.png","archived source table","archived generation script","Diagnostic or supporting question.","subset category composition","Visible in PNG; not machine-audited","normalized profit, rates, or action shares depending on figure","Visible in PNG where needed","held-out test or validation as indicated by source table","60 for held-out final figures; see source table","PASS for retained main figures; archived diagnostic figures not revalidated","NO for retained main figures","PASS for retained main figures","NO","NO","ARCHIVE"
"archive/diagnostic_figures/latent_demand_recovery/aggregate_observed_vs_recovered_over_time.png","archived source table","archived generation script","Diagnostic or supporting question.","aggregate observed vs recovered over time","Visible in PNG; not machine-audited","normalized profit, rates, or action shares depending on figure","Visible in PNG where needed","held-out test or validation as indicated by source table","60 for held-out final figures; see source table","PASS for retained main figures; archived diagnostic figures not revalidated","NO for retained main figures","PASS for retained main figures","NO","NO","ARCHIVE"
"archive/diagnostic_figures/latent_demand_recovery/artificial_censoring_predicted_vs_true.png","archived source table","archived generation script","Diagnostic or supporting question.","artificial censoring predicted vs true","Visible in PNG; not machine-audited","normalized profit, rates, or action shares depending on figure","Visible in PNG where needed","held-out test or validation as indicated by source table","60 for held-out final figures; see source table","PASS for retained main figures; archived diagnostic figures not revalidated","NO for retained main figures","PASS for retained main figures","NO","NO","ARCHIVE"
"archive/diagnostic_figures/latent_demand_recovery/example_store_product_recovered_series.png","archived source table","archived generation script","Diagnostic or supporting question.","example store product recovered series","Visible in PNG; not machine-audited","normalized profit, rates, or action shares depending on figure","Visible in PNG where needed","held-out test or validation as indicated by source table","60 for held-out final figures; see source table","PASS for retained main figures; archived diagnostic figures not revalidated","NO for retained main figures","PASS for retained main figures","NO","NO","ARCHIVE"
"archive/diagnostic_figures/latent_demand_recovery/model_performance_by_censoring_severity.png","archived source table","archived generation script","Diagnostic or supporting question.","model performance by censoring severity","Visible in PNG; not machine-audited","normalized profit, rates, or action shares depending on figure","Visible in PNG where needed","held-out test or validation as indicated by source table","60 for held-out final figures; see source table","PASS for retained main figures; archived diagnostic figures not revalidated","NO for retained main figures","PASS for retained main figures","NO","NO","ARCHIVE"
"archive/diagnostic_figures/latent_demand_recovery/observed_vs_recovered_distribution.png","archived source table","archived generation script","Diagnostic or supporting question.","observed vs recovered distribution","Visible in PNG; not machine-audited","normalized profit, rates, or action shares depending on figure","Visible in PNG where needed","held-out test or validation as indicated by source table","60 for held-out final figures; see source table","PASS for retained main figures; archived diagnostic figures not revalidated","NO for retained main figures","PASS for retained main figures","NO","NO","ARCHIVE"
"archive/diagnostic_figures/latent_demand_recovery/recovery_amount_by_promotion_status.png","archived source table","archived generation script","Diagnostic or supporting question.","recovery amount by promotion status","Visible in PNG; not machine-audited","normalized profit, rates, or action shares depending on figure","Visible in PNG where needed","held-out test or validation as indicated by source table","60 for held-out final figures; see source table","PASS for retained main figures; archived diagnostic figures not revalidated","NO for retained main figures","PASS for retained main figures","NO","NO","ARCHIVE"
"archive/diagnostic_figures/latent_demand_recovery/recovery_amount_by_stockout_status.png","archived source table","archived generation script","Diagnostic or supporting question.","recovery amount by stockout status","Visible in PNG; not machine-audited","normalized profit, rates, or action shares depending on figure","Visible in PNG where needed","held-out test or validation as indicated by source table","60 for held-out final figures; see source table","PASS for retained main figures; archived diagnostic figures not revalidated","NO for retained main figures","PASS for retained main figures","NO","NO","ARCHIVE"
"archive/diagnostic_figures/latent_demand_recovery/recovery_error_by_model.png","archived source table","archived generation script","Diagnostic or supporting question.","recovery error by model","Visible in PNG; not machine-audited","normalized profit, rates, or action shares depending on figure","Visible in PNG where needed","held-out test or validation as indicated by source table","60 for held-out final figures; see source table","PASS for retained main figures; archived diagnostic figures not revalidated","NO for retained main figures","PASS for retained main figures","NO","NO","ARCHIVE"
"archive/diagnostic_figures/limited_horizon_planning/episode_level_paired_profit_differences.png","archived source table","archived generation script","Diagnostic or supporting question.","episode level paired profit differences","Visible in PNG; not machine-audited","normalized profit, rates, or action shares depending on figure","Visible in PNG where needed","held-out test or validation as indicated by source table","60 for held-out final figures; see source table","PASS for retained main figures; archived diagnostic figures not revalidated","NO for retained main figures","PASS for retained main figures","NO","NO","ARCHIVE"
"archive/diagnostic_figures/limited_horizon_planning/planning_action_distribution_by_risk_level.png","archived source table","archived generation script","Diagnostic or supporting question.","planning action distribution by risk level","Visible in PNG; not machine-audited","normalized profit, rates, or action shares depending on figure","Visible in PNG where needed","held-out test or validation as indicated by source table","60 for held-out final figures; see source table","PASS for retained main figures; archived diagnostic figures not revalidated","NO for retained main figures","PASS for retained main figures","NO","NO","ARCHIVE"
"archive/diagnostic_figures/limited_horizon_planning/planning_ppo_baseline_comparison.png","archived source table","archived generation script","Diagnostic or supporting question.","planning ppo baseline comparison","Visible in PNG; not machine-audited","normalized profit, rates, or action shares depending on figure","Visible in PNG where needed","held-out test or validation as indicated by source table","60 for held-out final figures; see source table","PASS for retained main figures; archived diagnostic figures not revalidated","NO for retained main figures","PASS for retained main figures","NO","NO","ARCHIVE"
"archive/diagnostic_figures/limited_horizon_planning/planning_vs_baseline_by_scenario.png","archived source table","archived generation script","Diagnostic or supporting question.","planning vs baseline by scenario","Visible in PNG; not machine-audited","normalized profit, rates, or action shares depending on figure","Visible in PNG where needed","held-out test or validation as indicated by source table","60 for held-out final figures; see source table","PASS for retained main figures; archived diagnostic figures not revalidated","NO for retained main figures","PASS for retained main figures","NO","NO","ARCHIVE"
"archive/diagnostic_figures/limited_horizon_planning/planning_vs_locked_baseline_paired_profit.png","archived source table","archived generation script","Diagnostic or supporting question.","planning vs locked baseline paired profit","Visible in PNG; not machine-audited","normalized profit, rates, or action shares depending on figure","Visible in PNG where needed","held-out test or validation as indicated by source table","60 for held-out final figures; see source table","PASS for retained main figures; archived diagnostic figures not revalidated","NO for retained main figures","PASS for retained main figures","NO","NO","ARCHIVE"
"archive/diagnostic_figures/limited_horizon_planning/profit_gain_confidence_interval.png","archived source table","archived generation script","Diagnostic or supporting question.","profit gain confidence interval","Visible in PNG; not machine-audited","normalized profit, rates, or action shares depending on figure","Visible in PNG where needed","held-out test or validation as indicated by source table","60 for held-out final figures; see source table","PASS for retained main figures; archived diagnostic figures not revalidated","NO for retained main figures","PASS for retained main figures","NO","NO","ARCHIVE"
"archive/diagnostic_figures/limited_horizon_planning/waste_and_profit_comparison.png","archived source table","archived generation script","Diagnostic or supporting question.","waste and profit comparison","Visible in PNG; not machine-audited","normalized profit, rates, or action shares depending on figure","Visible in PNG where needed","held-out test or validation as indicated by source table","60 for held-out final figures; see source table","PASS for retained main figures; archived diagnostic figures not revalidated","NO for retained main figures","PASS for retained main figures","NO","NO","ARCHIVE"
"archive/diagnostic_figures/perishability_scenarios/accounting_identity_validation_summary.png","archived source table","archived generation script","Diagnostic or supporting question.","accounting identity validation summary","Visible in PNG; not machine-audited","normalized profit, rates, or action shares depending on figure","Visible in PNG where needed","held-out test or validation as indicated by source table","60 for held-out final figures; see source table","PASS for retained main figures; archived diagnostic figures not revalidated","NO for retained main figures","PASS for retained main figures","NO","NO","ARCHIVE"
"archive/diagnostic_figures/perishability_scenarios/economic_scenario_comparison.png","archived source table","archived generation script","Diagnostic or supporting question.","economic scenario comparison","Visible in PNG; not machine-audited","normalized profit, rates, or action shares depending on figure","Visible in PNG where needed","held-out test or validation as indicated by source table","60 for held-out final figures; see source table","PASS for retained main figures; archived diagnostic figures not revalidated","NO for retained main figures","PASS for retained main figures","NO","NO","ARCHIVE"
"archive/diagnostic_figures/perishability_scenarios/fixed_policy_profit_comparison.png","archived source table","archived generation script","Diagnostic or supporting question.","fixed policy profit comparison","Visible in PNG; not machine-audited","normalized profit, rates, or action shares depending on figure","Visible in PNG where needed","held-out test or validation as indicated by source table","60 for held-out final figures; see source table","PASS for retained main figures; archived diagnostic figures not revalidated","NO for retained main figures","PASS for retained main figures","NO","NO","ARCHIVE"
"archive/diagnostic_figures/perishability_scenarios/fixed_policy_waste_comparison.png","archived source table","archived generation script","Diagnostic or supporting question.","fixed policy waste comparison","Visible in PNG; not machine-audited","normalized profit, rates, or action shares depending on figure","Visible in PNG where needed","held-out test or validation as indicated by source table","60 for held-out final figures; see source table","PASS for retained main figures; archived diagnostic figures not revalidated","NO for retained main figures","PASS for retained main figures","NO","NO","ARCHIVE"
"archive/diagnostic_figures/perishability_scenarios/inventory_age_profile_examples.png","archived source table","archived generation script","Diagnostic or supporting question.","inventory age profile examples","Visible in PNG; not machine-audited","normalized profit, rates, or action shares depending on figure","Visible in PNG where needed","held-out test or validation as indicated by source table","60 for held-out final figures; see source table","PASS for retained main figures; archived diagnostic figures not revalidated","NO for retained main figures","PASS for retained main figures","NO","NO","ARCHIVE"
"archive/diagnostic_figures/perishability_scenarios/observed_vs_recovered_scenario_comparison.png","archived source table","archived generation script","Diagnostic or supporting question.","observed vs recovered scenario comparison","Visible in PNG; not machine-audited","normalized profit, rates, or action shares depending on figure","Visible in PNG where needed","held-out test or validation as indicated by source table","60 for held-out final figures; see source table","PASS for retained main figures; archived diagnostic figures not revalidated","NO for retained main figures","PASS for retained main figures","NO","NO","ARCHIVE"
"archive/diagnostic_figures/perishability_scenarios/profit_versus_waste_scatter.png","archived source table","archived generation script","Diagnostic or supporting question.","profit versus waste scatter","Visible in PNG; not machine-audited","normalized profit, rates, or action shares depending on figure","Visible in PNG where needed","held-out test or validation as indicated by source table","60 for held-out final figures; see source table","PASS for retained main figures; archived diagnostic figures not revalidated","NO for retained main figures","PASS for retained main figures","NO","NO","ARCHIVE"
"archive/diagnostic_figures/perishability_scenarios/sensitivity_by_inventory_coverage.png","archived source table","archived generation script","Diagnostic or supporting question.","sensitivity by inventory coverage","Visible in PNG; not machine-audited","normalized profit, rates, or action shares depending on figure","Visible in PNG where needed","held-out test or validation as indicated by source table","60 for held-out final figures; see source table","PASS for retained main figures; archived diagnostic figures not revalidated","NO for retained main figures","PASS for retained main figures","NO","NO","ARCHIVE"
"archive/diagnostic_figures/perishability_scenarios/sensitivity_by_shelf_life.png","archived source table","archived generation script","Diagnostic or supporting question.","sensitivity by shelf life","Visible in PNG; not machine-audited","normalized profit, rates, or action shares depending on figure","Visible in PNG where needed","held-out test or validation as indicated by source table","60 for held-out final figures; see source table","PASS for retained main figures; archived diagnostic figures not revalidated","NO for retained main figures","PASS for retained main figures","NO","NO","ARCHIVE"
"archive/diagnostic_figures/perishability_scenarios/shelf_life_scenario_overview.png","archived source table","archived generation script","Diagnostic or supporting question.","shelf life scenario overview","Visible in PNG; not machine-audited","normalized profit, rates, or action shares depending on figure","Visible in PNG where needed","held-out test or validation as indicated by source table","60 for held-out final figures; see source table","PASS for retained main figures; archived diagnostic figures not revalidated","NO for retained main figures","PASS for retained main figures","NO","NO","ARCHIVE"
"archive/diagnostic_figures/planning_distillation/action_distribution_by_risk_state.png","archived source table","archived generation script","Diagnostic or supporting question.","action distribution by risk state","Visible in PNG; not machine-audited","normalized profit, rates, or action shares depending on figure","Visible in PNG where needed","held-out test or validation as indicated by source table","60 for held-out final figures; see source table","PASS for retained main figures; archived diagnostic figures not revalidated","NO for retained main figures","PASS for retained main figures","NO","NO","ARCHIVE"
"archive/diagnostic_figures/planning_distillation/distilled_candidates_vs_baseline_profit.png","archived source table","archived generation script","Diagnostic or supporting question.","distilled candidates vs baseline profit","Visible in PNG; not machine-audited","normalized profit, rates, or action shares depending on figure","Visible in PNG where needed","held-out test or validation as indicated by source table","60 for held-out final figures; see source table","PASS for retained main figures; archived diagnostic figures not revalidated","NO for retained main figures","PASS for retained main figures","NO","NO","ARCHIVE"
"archive/diagnostic_figures/planning_distillation/paired_episode_profit_differences_limited_horizon_planning_policy.png","archived source table","archived generation script","Diagnostic or supporting question.","paired episode profit differences limited horizon planning policy","Visible in PNG; not machine-audited","normalized profit, rates, or action shares depending on figure","Visible in PNG where needed","held-out test or validation as indicated by source table","60 for held-out final figures; see source table","PASS for retained main figures; archived diagnostic figures not revalidated","NO for retained main figures","PASS for retained main figures","NO","NO","ARCHIVE"
"archive/diagnostic_figures/planning_distillation/paired_episode_profit_differences_planning_distilled_policy.png","archived source table","archived generation script","Diagnostic or supporting question.","paired episode profit differences planning distilled policy","Visible in PNG; not machine-audited","normalized profit, rates, or action shares depending on figure","Visible in PNG where needed","held-out test or validation as indicated by source table","60 for held-out final figures; see source table","PASS for retained main figures; archived diagnostic figures not revalidated","NO for retained main figures","PASS for retained main figures","NO","NO","ARCHIVE"
"archive/diagnostic_figures/planning_distillation/planning_gain_captured.png","archived source table","archived generation script","Diagnostic or supporting question.","planning gain captured","Visible in PNG; not machine-audited","normalized profit, rates, or action shares depending on figure","Visible in PNG where needed","held-out test or validation as indicated by source table","60 for held-out final figures; see source table","PASS for retained main figures; archived diagnostic figures not revalidated","NO for retained main figures","PASS for retained main figures","NO","NO","ARCHIVE"
"archive/diagnostic_figures/planning_distillation/planning_vs_learned_confusion_matrix.png","archived source table","archived generation script","Diagnostic or supporting question.","planning vs learned confusion matrix","Visible in PNG; not machine-audited","normalized profit, rates, or action shares depending on figure","Visible in PNG where needed","held-out test or validation as indicated by source table","60 for held-out final figures; see source table","PASS for retained main figures; archived diagnostic figures not revalidated","NO for retained main figures","PASS for retained main figures","NO","NO","ARCHIVE"
"archive/diagnostic_figures/planning_distillation/profit_waste_comparison.png","archived source table","archived generation script","Diagnostic or supporting question.","profit waste comparison","Visible in PNG; not machine-audited","normalized profit, rates, or action shares depending on figure","Visible in PNG where needed","held-out test or validation as indicated by source table","60 for held-out final figures; see source table","PASS for retained main figures; archived diagnostic figures not revalidated","NO for retained main figures","PASS for retained main figures","NO","NO","ARCHIVE"
"archive/diagnostic_figures/planning_distillation/win_tie_loss_shares.png","archived source table","archived generation script","Diagnostic or supporting question.","win tie loss shares","Visible in PNG; not machine-audited","normalized profit, rates, or action shares depending on figure","Visible in PNG where needed","held-out test or validation as indicated by source table","60 for held-out final figures; see source table","PASS for retained main figures; archived diagnostic figures not revalidated","NO for retained main figures","PASS for retained main figures","NO","NO","ARCHIVE"
"archive/diagnostic_figures/planning_distillation/worst_case_episode_comparison.png","archived source table","archived generation script","Diagnostic or supporting question.","worst case episode comparison","Visible in PNG; not machine-audited","normalized profit, rates, or action shares depending on figure","Visible in PNG where needed","held-out test or validation as indicated by source table","60 for held-out final figures; see source table","PASS for retained main figures; archived diagnostic figures not revalidated","NO for retained main figures","PASS for retained main figures","NO","NO","ARCHIVE"
"archive/diagnostic_figures/ppo_checkpoint_validation/accounting_profit_by_checkpoint.png","archived source table","archived generation script","Diagnostic or supporting question.","accounting profit by checkpoint","Visible in PNG; not machine-audited","normalized profit, rates, or action shares depending on figure","Visible in PNG where needed","held-out test or validation as indicated by source table","60 for held-out final figures; see source table","PASS for retained main figures; archived diagnostic figures not revalidated","NO for retained main figures","PASS for retained main figures","NO","NO","ARCHIVE"
"archive/diagnostic_figures/ppo_checkpoint_validation/action_distribution_by_checkpoint.png","archived source table","archived generation script","Diagnostic or supporting question.","action distribution by checkpoint","Visible in PNG; not machine-audited","normalized profit, rates, or action shares depending on figure","Visible in PNG where needed","held-out test or validation as indicated by source table","60 for held-out final figures; see source table","PASS for retained main figures; archived diagnostic figures not revalidated","NO for retained main figures","PASS for retained main figures","NO","NO","ARCHIVE"
"archive/diagnostic_figures/ppo_checkpoint_validation/action_entropy_over_training.png","archived source table","archived generation script","Diagnostic or supporting question.","action entropy over training","Visible in PNG; not machine-audited","normalized profit, rates, or action shares depending on figure","Visible in PNG where needed","held-out test or validation as indicated by source table","60 for held-out final figures; see source table","PASS for retained main figures; archived diagnostic figures not revalidated","NO for retained main figures","PASS for retained main figures","NO","NO","ARCHIVE"
"archive/diagnostic_figures/ppo_checkpoint_validation/observed_vs_recovered_checkpoint_comparison.png","archived source table","archived generation script","Diagnostic or supporting question.","observed vs recovered checkpoint comparison","Visible in PNG; not machine-audited","normalized profit, rates, or action shares depending on figure","Visible in PNG where needed","held-out test or validation as indicated by source table","60 for held-out final figures; see source table","PASS for retained main figures; archived diagnostic figures not revalidated","NO for retained main figures","PASS for retained main figures","NO","NO","ARCHIVE"
"archive/diagnostic_figures/ppo_checkpoint_validation/paired_profit_difference_vs_always_zero.png","archived source table","archived generation script","Diagnostic or supporting question.","paired profit difference vs always zero","Visible in PNG; not machine-audited","normalized profit, rates, or action shares depending on figure","Visible in PNG where needed","held-out test or validation as indicated by source table","60 for held-out final figures; see source table","PASS for retained main figures; archived diagnostic figures not revalidated","NO for retained main figures","PASS for retained main figures","NO","NO","ARCHIVE"
"archive/diagnostic_figures/ppo_checkpoint_validation/state_dependent_markdown_behavior.png","archived source table","archived generation script","Diagnostic or supporting question.","state dependent markdown behavior","Visible in PNG; not machine-audited","normalized profit, rates, or action shares depending on figure","Visible in PNG where needed","held-out test or validation as indicated by source table","60 for held-out final figures; see source table","PASS for retained main figures; archived diagnostic figures not revalidated","NO for retained main figures","PASS for retained main figures","NO","NO","ARCHIVE"
"archive/diagnostic_figures/ppo_checkpoint_validation/validation_performance_by_checkpoint.png","archived source table","archived generation script","Diagnostic or supporting question.","validation performance by checkpoint","Visible in PNG; not machine-audited","normalized profit, rates, or action shares depending on figure","Visible in PNG where needed","held-out test or validation as indicated by source table","60 for held-out final figures; see source table","PASS for retained main figures; archived diagnostic figures not revalidated","NO for retained main figures","PASS for retained main figures","NO","NO","ARCHIVE"
"archive/diagnostic_figures/ppo_checkpoint_validation/waste_rate_by_checkpoint.png","archived source table","archived generation script","Diagnostic or supporting question.","waste rate by checkpoint","Visible in PNG; not machine-audited","normalized profit, rates, or action shares depending on figure","Visible in PNG where needed","held-out test or validation as indicated by source table","60 for held-out final figures; see source table","PASS for retained main figures; archived diagnostic figures not revalidated","NO for retained main figures","PASS for retained main figures","NO","NO","ARCHIVE"
"archive/diagnostic_figures/ppo_financial_paired_validation/calibration_transmission_summary.png","archived source table","archived generation script","Diagnostic or supporting question.","calibration transmission summary","Visible in PNG; not machine-audited","normalized profit, rates, or action shares depending on figure","Visible in PNG where needed","held-out test or validation as indicated by source table","60 for held-out final figures; see source table","PASS for retained main figures; archived diagnostic figures not revalidated","NO for retained main figures","PASS for retained main figures","NO","NO","ARCHIVE"
"archive/diagnostic_figures/ppo_financial_paired_validation/initial_inventory_comparability.png","archived source table","archived generation script","Diagnostic or supporting question.","initial inventory comparability","Visible in PNG; not machine-audited","normalized profit, rates, or action shares depending on figure","Visible in PNG where needed","held-out test or validation as indicated by source table","60 for held-out final figures; see source table","PASS for retained main figures; archived diagnostic figures not revalidated","NO for retained main figures","PASS for retained main figures","NO","NO","ARCHIVE"
"archive/diagnostic_figures/ppo_financial_paired_validation/markdown_by_fraction_expiring_soon.png","archived source table","archived generation script","Diagnostic or supporting question.","markdown by fraction expiring soon","Visible in PNG; not machine-audited","normalized profit, rates, or action shares depending on figure","Visible in PNG where needed","held-out test or validation as indicated by source table","60 for held-out final figures; see source table","PASS for retained main figures; archived diagnostic figures not revalidated","NO for retained main figures","PASS for retained main figures","NO","NO","ARCHIVE"
"archive/diagnostic_figures/ppo_financial_paired_validation/normalized_accounting_profit_by_policy.png","archived source table","archived generation script","Diagnostic or supporting question.","normalized accounting profit by policy","Visible in PNG; not machine-audited","normalized profit, rates, or action shares depending on figure","Visible in PNG where needed","held-out test or validation as indicated by source table","60 for held-out final figures; see source table","PASS for retained main figures; archived diagnostic figures not revalidated","NO for retained main figures","PASS for retained main figures","NO","NO","ARCHIVE"
"archive/diagnostic_figures/ppo_financial_paired_validation/observed_vs_recovered_action_distribution.png","archived source table","archived generation script","Diagnostic or supporting question.","observed vs recovered action distribution","Visible in PNG; not machine-audited","normalized profit, rates, or action shares depending on figure","Visible in PNG where needed","held-out test or validation as indicated by source table","60 for held-out final figures; see source table","PASS for retained main figures; archived diagnostic figures not revalidated","NO for retained main figures","PASS for retained main figures","NO","NO","ARCHIVE"
"archive/diagnostic_figures/ppo_financial_paired_validation/paired_profit_difference_confidence_intervals.png","archived source table","archived generation script","Diagnostic or supporting question.","paired profit difference confidence intervals","Visible in PNG; not machine-audited","normalized profit, rates, or action shares depending on figure","Visible in PNG where needed","held-out test or validation as indicated by source table","60 for held-out final figures; see source table","PASS for retained main figures; archived diagnostic figures not revalidated","NO for retained main figures","PASS for retained main figures","NO","NO","ARCHIVE"
"archive/diagnostic_figures/ppo_financial_paired_validation/policy_win_tie_loss_comparison.png","archived source table","archived generation script","Diagnostic or supporting question.","policy win tie loss comparison","Visible in PNG; not machine-audited","normalized profit, rates, or action shares depending on figure","Visible in PNG where needed","held-out test or validation as indicated by source table","60 for held-out final figures; see source table","PASS for retained main figures; archived diagnostic figures not revalidated","NO for retained main figures","PASS for retained main figures","NO","NO","ARCHIVE"
"archive/diagnostic_figures/ppo_financial_paired_validation/profit_versus_waste_scatter.png","archived source table","archived generation script","Diagnostic or supporting question.","profit versus waste scatter","Visible in PNG; not machine-audited","normalized profit, rates, or action shares depending on figure","Visible in PNG where needed","held-out test or validation as indicated by source table","60 for held-out final figures; see source table","PASS for retained main figures; archived diagnostic figures not revalidated","NO for retained main figures","PASS for retained main figures","NO","NO","ARCHIVE"
"archive/diagnostic_figures/ppo_financial_paired_validation/sell_through_rate_by_policy.png","archived source table","archived generation script","Diagnostic or supporting question.","sell through rate by policy","Visible in PNG; not machine-audited","normalized profit, rates, or action shares depending on figure","Visible in PNG where needed","held-out test or validation as indicated by source table","60 for held-out final figures; see source table","PASS for retained main figures; archived diagnostic figures not revalidated","NO for retained main figures","PASS for retained main figures","NO","NO","ARCHIVE"
"archive/diagnostic_figures/ppo_financial_paired_validation/waste_rate_by_policy.png","archived source table","archived generation script","Diagnostic or supporting question.","waste rate by policy","Visible in PNG; not machine-audited","normalized profit, rates, or action shares depending on figure","Visible in PNG where needed","held-out test or validation as indicated by source table","60 for held-out final figures; see source table","PASS for retained main figures; archived diagnostic figures not revalidated","NO for retained main figures","PASS for retained main figures","NO","NO","ARCHIVE"
"archive/diagnostic_figures/ppo_training_redesign/action_entropy_by_timestep.png","archived source table","archived generation script","Diagnostic or supporting question.","action entropy by timestep","Visible in PNG; not machine-audited","normalized profit, rates, or action shares depending on figure","Visible in PNG where needed","held-out test or validation as indicated by source table","60 for held-out final figures; see source table","PASS for retained main figures; archived diagnostic figures not revalidated","NO for retained main figures","PASS for retained main figures","NO","NO","ARCHIVE"
"archive/diagnostic_figures/ppo_training_redesign/diagnostic_oracle_value_gap_by_timestep.png","archived source table","archived generation script","Diagnostic or supporting question.","diagnostic oracle value gap by timestep","Visible in PNG; not machine-audited","normalized profit, rates, or action shares depending on figure","Visible in PNG where needed","held-out test or validation as indicated by source table","60 for held-out final figures; see source table","PASS for retained main figures; archived diagnostic figures not revalidated","NO for retained main figures","PASS for retained main figures","NO","NO","ARCHIVE"
"archive/diagnostic_figures/ppo_training_redesign/high_risk_state_action_behavior.png","archived source table","archived generation script","Diagnostic or supporting question.","high risk state action behavior","Visible in PNG; not machine-audited","normalized profit, rates, or action shares depending on figure","Visible in PNG where needed","held-out test or validation as indicated by source table","60 for held-out final figures; see source table","PASS for retained main figures; archived diagnostic figures not revalidated","NO for retained main figures","PASS for retained main figures","NO","NO","ARCHIVE"
"archive/diagnostic_figures/ppo_training_redesign/multimetric_checkpoint_selection_summary.png","archived source table","archived generation script","Diagnostic or supporting question.","multimetric checkpoint selection summary","Visible in PNG; not machine-audited","normalized profit, rates, or action shares depending on figure","Visible in PNG where needed","held-out test or validation as indicated by source table","60 for held-out final figures; see source table","PASS for retained main figures; archived diagnostic figures not revalidated","NO for retained main figures","PASS for retained main figures","NO","NO","ARCHIVE"
"archive/diagnostic_figures/ppo_training_redesign/oracle_regret_by_timestep.png","archived source table","archived generation script","Diagnostic or supporting question.","oracle regret by timestep","Visible in PNG; not machine-audited","normalized profit, rates, or action shares depending on figure","Visible in PNG where needed","held-out test or validation as indicated by source table","60 for held-out final figures; see source table","PASS for retained main figures; archived diagnostic figures not revalidated","NO for retained main figures","PASS for retained main figures","NO","NO","ARCHIVE"
"archive/diagnostic_figures/ppo_training_redesign/ppo_vs_always_zero_paired_profit.png","archived source table","archived generation script","Diagnostic or supporting question.","ppo vs always zero paired profit","Visible in PNG; not machine-audited","normalized profit, rates, or action shares depending on figure","Visible in PNG where needed","held-out test or validation as indicated by source table","60 for held-out final figures; see source table","PASS for retained main figures; archived diagnostic figures not revalidated","NO for retained main figures","PASS for retained main figures","NO","NO","ARCHIVE"
"archive/diagnostic_figures/ppo_training_redesign/selected_action_distributions.png","archived source table","archived generation script","Diagnostic or supporting question.","selected action distributions","Visible in PNG; not machine-audited","normalized profit, rates, or action shares depending on figure","Visible in PNG where needed","held-out test or validation as indicated by source table","60 for held-out final figures; see source table","PASS for retained main figures; archived diagnostic figures not revalidated","NO for retained main figures","PASS for retained main figures","NO","NO","ARCHIVE"
"archive/diagnostic_figures/ppo_training_redesign/selected_model_comparison_after_audit.png","archived source table","archived generation script","Diagnostic or supporting question.","selected model comparison after audit","Visible in PNG; not machine-audited","normalized profit, rates, or action shares depending on figure","Visible in PNG where needed","held-out test or validation as indicated by source table","60 for held-out final figures; see source table","PASS for retained main figures; archived diagnostic figures not revalidated","NO for retained main figures","PASS for retained main figures","NO","NO","ARCHIVE"
"archive/diagnostic_figures/ppo_training_redesign/unnecessary_markdown_by_timestep.png","archived source table","archived generation script","Diagnostic or supporting question.","unnecessary markdown by timestep","Visible in PNG; not machine-audited","normalized profit, rates, or action shares depending on figure","Visible in PNG where needed","held-out test or validation as indicated by source table","60 for held-out final figures; see source table","PASS for retained main figures; archived diagnostic figures not revalidated","NO for retained main figures","PASS for retained main figures","NO","NO","ARCHIVE"
"archive/diagnostic_figures/ppo_training_redesign/validation_profit_by_timestep.png","archived source table","archived generation script","Diagnostic or supporting question.","validation profit by timestep","Visible in PNG; not machine-audited","normalized profit, rates, or action shares depending on figure","Visible in PNG where needed","held-out test or validation as indicated by source table","60 for held-out final figures; see source table","PASS for retained main figures; archived diagnostic figures not revalidated","NO for retained main figures","PASS for retained main figures","NO","NO","ARCHIVE"
"archive/diagnostic_figures/pricing_env_validation/action_effect_curves.png","archived source table","archived generation script","Diagnostic or supporting question.","action effect curves","Visible in PNG; not machine-audited","normalized profit, rates, or action shares depending on figure","Visible in PNG where needed","held-out test or validation as indicated by source table","60 for held-out final figures; see source table","PASS for retained main figures; archived diagnostic figures not revalidated","NO for retained main figures","PASS for retained main figures","NO","NO","ARCHIVE"
"archive/diagnostic_figures/pricing_env_validation/conservation_error_summary.png","archived source table","archived generation script","Diagnostic or supporting question.","conservation error summary","Visible in PNG; not machine-audited","normalized profit, rates, or action shares depending on figure","Visible in PNG where needed","held-out test or validation as indicated by source table","60 for held-out final figures; see source table","PASS for retained main figures; archived diagnostic figures not revalidated","NO for retained main figures","PASS for retained main figures","NO","NO","ARCHIVE"
"archive/diagnostic_figures/pricing_env_validation/inventory_sales_waste_trajectory.png","archived source table","archived generation script","Diagnostic or supporting question.","inventory sales waste trajectory","Visible in PNG; not machine-audited","normalized profit, rates, or action shares depending on figure","Visible in PNG where needed","held-out test or validation as indicated by source table","60 for held-out final figures; see source table","PASS for retained main figures; archived diagnostic figures not revalidated","NO for retained main figures","PASS for retained main figures","NO","NO","ARCHIVE"
"archive/diagnostic_figures/pricing_env_validation/observed_vs_recovered_calibration_comparison.png","archived source table","archived generation script","Diagnostic or supporting question.","observed vs recovered calibration comparison","Visible in PNG; not machine-audited","normalized profit, rates, or action shares depending on figure","Visible in PNG where needed","held-out test or validation as indicated by source table","60 for held-out final figures; see source table","PASS for retained main figures; archived diagnostic figures not revalidated","NO for retained main figures","PASS for retained main figures","NO","NO","ARCHIVE"
"archive/diagnostic_figures/pricing_env_validation/preferred_action_by_fraction_expiring_soon.png","archived source table","archived generation script","Diagnostic or supporting question.","preferred action by fraction expiring soon","Visible in PNG; not machine-audited","normalized profit, rates, or action shares depending on figure","Visible in PNG where needed","held-out test or validation as indicated by source table","60 for held-out final figures; see source table","PASS for retained main figures; archived diagnostic figures not revalidated","NO for retained main figures","PASS for retained main figures","NO","NO","ARCHIVE"
"archive/diagnostic_figures/pricing_env_validation/preferred_action_distribution.png","archived source table","archived generation script","Diagnostic or supporting question.","preferred action distribution","Visible in PNG; not machine-audited","normalized profit, rates, or action shares depending on figure","Visible in PNG where needed","held-out test or validation as indicated by source table","60 for held-out final figures; see source table","PASS for retained main figures; archived diagnostic figures not revalidated","NO for retained main figures","PASS for retained main figures","NO","NO","ARCHIVE"
"archive/diagnostic_figures/pricing_env_validation/profit_comparison_by_fixed_policy.png","archived source table","archived generation script","Diagnostic or supporting question.","profit comparison by fixed policy","Visible in PNG; not machine-audited","normalized profit, rates, or action shares depending on figure","Visible in PNG where needed","held-out test or validation as indicated by source table","60 for held-out final figures; see source table","PASS for retained main figures; archived diagnostic figures not revalidated","NO for retained main figures","PASS for retained main figures","NO","NO","ARCHIVE"
"archive/diagnostic_figures/pricing_env_validation/profit_versus_waste_scatter.png","archived source table","archived generation script","Diagnostic or supporting question.","profit versus waste scatter","Visible in PNG; not machine-audited","normalized profit, rates, or action shares depending on figure","Visible in PNG where needed","held-out test or validation as indicated by source table","60 for held-out final figures; see source table","PASS for retained main figures; archived diagnostic figures not revalidated","NO for retained main figures","PASS for retained main figures","NO","NO","ARCHIVE"
"archive/diagnostic_figures/pricing_env_validation/remaining_life_bucket_trajectory.png","archived source table","archived generation script","Diagnostic or supporting question.","remaining life bucket trajectory","Visible in PNG; not machine-audited","normalized profit, rates, or action shares depending on figure","Visible in PNG where needed","held-out test or validation as indicated by source table","60 for held-out final figures; see source table","PASS for retained main figures; archived diagnostic figures not revalidated","NO for retained main figures","PASS for retained main figures","NO","NO","ARCHIVE"
"archive/diagnostic_figures/pricing_env_validation/reward_component_distributions.png","archived source table","archived generation script","Diagnostic or supporting question.","reward component distributions","Visible in PNG; not machine-audited","normalized profit, rates, or action shares depending on figure","Visible in PNG where needed","held-out test or validation as indicated by source table","60 for held-out final figures; see source table","PASS for retained main figures; archived diagnostic figures not revalidated","NO for retained main figures","PASS for retained main figures","NO","NO","ARCHIVE"
"archive/diagnostic_figures/pricing_env_validation/scenario_sensitivity_matrix.png","archived source table","archived generation script","Diagnostic or supporting question.","scenario sensitivity matrix","Visible in PNG; not machine-audited","normalized profit, rates, or action shares depending on figure","Visible in PNG where needed","held-out test or validation as indicated by source table","60 for held-out final figures; see source table","PASS for retained main figures; archived diagnostic figures not revalidated","NO for retained main figures","PASS for retained main figures","NO","NO","ARCHIVE"
"archive/diagnostic_figures/pricing_env_validation/waste_comparison_by_fixed_policy.png","archived source table","archived generation script","Diagnostic or supporting question.","waste comparison by fixed policy","Visible in PNG; not machine-audited","normalized profit, rates, or action shares depending on figure","Visible in PNG where needed","held-out test or validation as indicated by source table","60 for held-out final figures; see source table","PASS for retained main figures; archived diagnostic figures not revalidated","NO for retained main figures","PASS for retained main figures","NO","NO","ARCHIVE"
"archive/diagnostic_figures/sustainability_opportunity_audit/fixed_policy_ranking_by_lambda.png","archived source table","archived generation script","Diagnostic or supporting question.","fixed policy ranking by lambda","Visible in PNG; not machine-audited","normalized profit, rates, or action shares depending on figure","Visible in PNG where needed","held-out test or validation as indicated by source table","60 for held-out final figures; see source table","PASS for retained main figures; archived diagnostic figures not revalidated","NO for retained main figures","PASS for retained main figures","NO","NO","ARCHIVE"
"archive/diagnostic_figures/sustainability_opportunity_audit/normalized_profit_by_scenario_and_policy.png","archived source table","archived generation script","Diagnostic or supporting question.","normalized profit by scenario and policy","Visible in PNG; not machine-audited","normalized profit, rates, or action shares depending on figure","Visible in PNG where needed","held-out test or validation as indicated by source table","60 for held-out final figures; see source table","PASS for retained main figures; archived diagnostic figures not revalidated","NO for retained main figures","PASS for retained main figures","NO","NO","ARCHIVE"
"archive/diagnostic_figures/sustainability_opportunity_audit/profit_versus_waste_scatter_candidate_scenarios.png","archived source table","archived generation script","Diagnostic or supporting question.","profit versus waste scatter candidate scenarios","Visible in PNG; not machine-audited","normalized profit, rates, or action shares depending on figure","Visible in PNG where needed","held-out test or validation as indicated by source table","60 for held-out final figures; see source table","PASS for retained main figures; archived diagnostic figures not revalidated","NO for retained main figures","PASS for retained main figures","NO","NO","ARCHIVE"
"archive/diagnostic_figures/sustainability_opportunity_audit/reward_component_magnitude_by_lambda.png","archived source table","archived generation script","Diagnostic or supporting question.","reward component magnitude by lambda","Visible in PNG; not machine-audited","normalized profit, rates, or action shares depending on figure","Visible in PNG where needed","held-out test or validation as indicated by source table","60 for held-out final figures; see source table","PASS for retained main figures; archived diagnostic figures not revalidated","NO for retained main figures","PASS for retained main figures","NO","NO","ARCHIVE"
"archive/diagnostic_figures/sustainability_opportunity_audit/selected_sustainability_scenario_overview.png","archived source table","archived generation script","Diagnostic or supporting question.","selected sustainability scenario overview","Visible in PNG; not machine-audited","normalized profit, rates, or action shares depending on figure","Visible in PNG where needed","held-out test or validation as indicated by source table","60 for held-out final figures; see source table","PASS for retained main figures; archived diagnostic figures not revalidated","NO for retained main figures","PASS for retained main figures","NO","NO","ARCHIVE"
"archive/diagnostic_figures/sustainability_opportunity_audit/waste_rate_by_scenario_and_policy.png","archived source table","archived generation script","Diagnostic or supporting question.","waste rate by scenario and policy","Visible in PNG; not machine-audited","normalized profit, rates, or action shares depending on figure","Visible in PNG where needed","held-out test or validation as indicated by source table","60 for held-out final figures; see source table","PASS for retained main figures; archived diagnostic figures not revalidated","NO for retained main figures","PASS for retained main figures","NO","NO","ARCHIVE"
"archive/diagnostic_figures/sustainability_opportunity_audit/waste_reduction_versus_profit_sacrifice.png","archived source table","archived generation script","Diagnostic or supporting question.","waste reduction versus profit sacrifice","Visible in PNG; not machine-audited","normalized profit, rates, or action shares depending on figure","Visible in PNG where needed","held-out test or validation as indicated by source table","60 for held-out final figures; see source table","PASS for retained main figures; archived diagnostic figures not revalidated","NO for retained main figures","PASS for retained main figures","NO","NO","ARCHIVE"
"archive/diagnostic_figures/sustainability_tradeoff_analysis/empirical_nondominated_policy_set.png","archived source table","archived generation script","Diagnostic or supporting question.","empirical nondominated policy set","Visible in PNG; not machine-audited","normalized profit, rates, or action shares depending on figure","Visible in PNG where needed","held-out test or validation as indicated by source table","60 for held-out final figures; see source table","PASS for retained main figures; archived diagnostic figures not revalidated","NO for retained main figures","PASS for retained main figures","NO","NO","ARCHIVE"
"archive/diagnostic_figures/sustainability_tradeoff_analysis/managerial_decision_map.png","archived source table","archived generation script","Diagnostic or supporting question.","managerial decision map","Visible in PNG; not machine-audited","normalized profit, rates, or action shares depending on figure","Visible in PNG where needed","held-out test or validation as indicated by source table","60 for held-out final figures; see source table","PASS for retained main figures; archived diagnostic figures not revalidated","NO for retained main figures","PASS for retained main figures","NO","NO","ARCHIVE"
"archive/diagnostic_figures/sustainability_tradeoff_analysis/observed_vs_recovered_calibration_tradeoff.png","archived source table","archived generation script","Diagnostic or supporting question.","observed vs recovered calibration tradeoff","Visible in PNG; not machine-audited","normalized profit, rates, or action shares depending on figure","Visible in PNG where needed","held-out test or validation as indicated by source table","60 for held-out final figures; see source table","PASS for retained main figures; archived diagnostic figures not revalidated","NO for retained main figures","PASS for retained main figures","NO","NO","ARCHIVE"
"archive/diagnostic_figures/sustainability_tradeoff_analysis/policy_normalized_profit_by_scenario.png","archived source table","archived generation script","Diagnostic or supporting question.","policy normalized profit by scenario","Visible in PNG; not machine-audited","normalized profit, rates, or action shares depending on figure","Visible in PNG where needed","held-out test or validation as indicated by source table","60 for held-out final figures; see source table","PASS for retained main figures; archived diagnostic figures not revalidated","NO for retained main figures","PASS for retained main figures","NO","NO","ARCHIVE"
"archive/diagnostic_figures/sustainability_tradeoff_analysis/policy_waste_rate_by_scenario.png","archived source table","archived generation script","Diagnostic or supporting question.","policy waste rate by scenario","Visible in PNG; not machine-audited","normalized profit, rates, or action shares depending on figure","Visible in PNG where needed","held-out test or validation as indicated by source table","60 for held-out final figures; see source table","PASS for retained main figures; archived diagnostic figures not revalidated","NO for retained main figures","PASS for retained main figures","NO","NO","ARCHIVE"
"archive/diagnostic_figures/sustainability_tradeoff_analysis/profit_vs_waste_scatter_by_scenario.png","archived source table","archived generation script","Diagnostic or supporting question.","profit vs waste scatter by scenario","Visible in PNG; not machine-audited","normalized profit, rates, or action shares depending on figure","Visible in PNG where needed","held-out test or validation as indicated by source table","60 for held-out final figures; see source table","PASS for retained main figures; archived diagnostic figures not revalidated","NO for retained main figures","PASS for retained main figures","NO","NO","ARCHIVE"
"archive/diagnostic_figures/sustainability_tradeoff_analysis/scenario_tradeoff_classification.png","archived source table","archived generation script","Diagnostic or supporting question.","scenario tradeoff classification","Visible in PNG; not machine-audited","normalized profit, rates, or action shares depending on figure","Visible in PNG where needed","held-out test or validation as indicated by source table","60 for held-out final figures; see source table","PASS for retained main figures; archived diagnostic figures not revalidated","NO for retained main figures","PASS for retained main figures","NO","NO","ARCHIVE"
"archive/diagnostic_figures/sustainability_tradeoff_analysis/waste_constrained_policy_recommendations.png","archived source table","archived generation script","Diagnostic or supporting question.","waste constrained policy recommendations","Visible in PNG; not machine-audited","normalized profit, rates, or action shares depending on figure","Visible in PNG where needed","held-out test or validation as indicated by source table","60 for held-out final figures; see source table","PASS for retained main figures; archived diagnostic figures not revalidated","NO for retained main figures","PASS for retained main figures","NO","NO","ARCHIVE"
"archive/diagnostic_figures/sustainability_tradeoff_analysis/waste_reduction_efficiency.png","archived source table","archived generation script","Diagnostic or supporting question.","waste reduction efficiency","Visible in PNG; not machine-audited","normalized profit, rates, or action shares depending on figure","Visible in PNG where needed","held-out test or validation as indicated by source table","60 for held-out final figures; see source table","PASS for retained main figures; archived diagnostic figures not revalidated","NO for retained main figures","PASS for retained main figures","NO","NO","ARCHIVE"
"archive/diagnostic_figures/sustainability_tradeoff_analysis/waste_reduction_vs_profit_sacrifice.png","archived source table","archived generation script","Diagnostic or supporting question.","waste reduction vs profit sacrifice","Visible in PNG; not machine-audited","normalized profit, rates, or action shares depending on figure","Visible in PNG where needed","held-out test or validation as indicated by source table","60 for held-out final figures; see source table","PASS for retained main figures; archived diagnostic figures not revalidated","NO for retained main figures","PASS for retained main figures","NO","NO","ARCHIVE"
"results/figures/01_observed_vs_recovered_demand.png","archive/intermediate_tables/discount_response_model_metrics.csv","src/discount_response.py","How recovered demand differs from observed demand.","01 observed vs recovered demand","Visible in PNG; not machine-audited","normalized profit, rates, or action shares depending on figure","Visible in PNG where needed","held-out test or validation as indicated by source table","60 for held-out final figures; see source table","PASS for retained main figures; archived diagnostic figures not revalidated","NO for retained main figures","PASS for retained main figures","YES","YES","KEEP_MAIN"
"results/figures/02_recovered_demand_adjustment_distribution.png","results/tables/demand_recovery_summary.csv","src/latent_demand_recovery.py","How large the recovery adjustments are.","02 recovered demand adjustment distribution","Visible in PNG; not machine-audited","normalized profit, rates, or action shares depending on figure","Visible in PNG where needed","held-out test or validation as indicated by source table","60 for held-out final figures; see source table","PASS for retained main figures; archived diagnostic figures not revalidated","NO for retained main figures","PASS for retained main figures","YES","NO","KEEP_MAIN"
"results/figures/03_original_vs_balanced_ppo_error_decomposition.png","results/tables/ppo_original_vs_balanced_comparison.csv","src/train_ppo_recovered_redesign.py","How balanced PPO changed decision errors.","03 original vs balanced ppo error decomposition","Visible in PNG; not machine-audited","normalized profit, rates, or action shares depending on figure","Visible in PNG where needed","held-out test or validation as indicated by source table","60 for held-out final figures; see source table","PASS for retained main figures; archived diagnostic figures not revalidated","NO for retained main figures","PASS for retained main figures","YES","YES","KEEP_MAIN"
"results/figures/04_ppo_action_collapse_diagnostic.png","results/tables/ppo_original_vs_balanced_comparison.csv","src/train_ppo_recovered_redesign.py","Whether PPO collapsed to no-markdown actions.","04 ppo action collapse diagnostic","Visible in PNG; not machine-audited","normalized profit, rates, or action shares depending on figure","Visible in PNG where needed","held-out test or validation as indicated by source table","60 for held-out final figures; see source table","PASS for retained main figures; archived diagnostic figures not revalidated","NO for retained main figures","PASS for retained main figures","YES","NO","KEEP_MAIN"
"results/figures/heldout_policy_comparison.png","results/tables/final_heldout_baseline_ladder.csv","src/final_test_baseline_ladder.py; figure redrawn from existing locked artifact without rerunning evaluation","Which policy had the highest mean normalized profit on the locked 60-episode HIGH_RISK_B held-out test set?","Held-out policy comparison","Visible in PNG; not machine-audited","normalized profit, rates, or action shares depending on figure","Visible in PNG where needed","locked held-out test","60 held-out HIGH_RISK_B episodes","PASS; plotted from final_heldout_baseline_ladder.csv","NO for retained main figures","PASS for retained main figures","YES","YES","KEEP_MAIN"
"results/figures/06_learned_policies_vs_fixed_markdown.png","results/tables/final_heldout_baseline_ladder.csv","src/final_test_baseline_ladder.py","Which weaker baselines learned policies beat.","06 learned policies vs fixed markdown","Visible in PNG; not machine-audited","normalized profit, rates, or action shares depending on figure","Visible in PNG where needed","held-out test or validation as indicated by source table","60 for held-out final figures; see source table","PASS for retained main figures; archived diagnostic figures not revalidated","NO for retained main figures","PASS for retained main figures","YES","NO","KEEP_MAIN"
"results/figures/07_profit_waste_pareto_frontier.png","results/tables/final_profit_waste_pareto_frontier.csv","src/final_test_baseline_ladder.py","How profit and waste trade off across policies.","07 profit waste pareto frontier","Visible in PNG; not machine-audited","normalized profit, rates, or action shares depending on figure","Visible in PNG where needed","held-out test or validation as indicated by source table","60 for held-out final figures; see source table","PASS for retained main figures; archived diagnostic figures not revalidated","NO for retained main figures","PASS for retained main figures","YES","YES","KEEP_MAIN"

