"Path","Type","SizeMB","Purpose","Commit","Ignore","LFS"
".gitignore",".gitignore","0","project file","YES/MAYBE - candidate after secret review","False","False"
"README.md",".md","0.002","project file","YES/MAYBE - candidate after secret review","False","False"
"requirements.txt",".txt","0","project file","YES/MAYBE - candidate after secret review","False","False"
".pytest_cache\.gitignore",".gitignore","0","project file","NO - cache","True","False"
".pytest_cache\CACHEDIR.TAG",".TAG","0","project file","NO - cache","True","False"
".pytest_cache\README.md",".md","0","project file","NO - cache","True","False"
".pytest_cache\v\cache\lastfailed","","0","project file","NO - cache","True","False"
".pytest_cache\v\cache\nodeids","","0.003","project file","NO - cache","True","False"
"archive\prototype_kaggle\.Rhistory",".Rhistory","0","legacy/prototype archive, mostly exclude except documentation if needed","YES/MAYBE - candidate after secret review","False","False"
"archive\prototype_kaggle\DISPOSABLE_FILES_REMOVED.csv",".csv","0","legacy/prototype archive, mostly exclude except documentation if needed","YES/MAYBE - candidate after secret review","False","False"
"archive\prototype_kaggle\MIGRATION_MANIFEST.csv",".csv","0.035","legacy/prototype archive, mostly exclude except documentation if needed","YES/MAYBE - candidate after secret review","False","False"
"archive\prototype_kaggle\README.md",".md","0.003","legacy/prototype archive, mostly exclude except documentation if needed","YES/MAYBE - candidate after secret review","False","False"
"archive\prototype_kaggle\data\processed\perishable_goods_clean.csv",".csv","24.453","legacy/prototype archive, mostly exclude except documentation if needed","NO - legacy dataset copy","True","False"
"archive\prototype_kaggle\data\raw\kaggle_source\perishable_goods_management.csv",".csv","20.118","legacy/prototype archive, mostly exclude except documentation if needed","NO - legacy dataset copy","True","False"
"archive\prototype_kaggle\docs\Project_Feasibility_Evidence.xlsx",".xlsx","0.016","legacy/prototype archive, mostly exclude except documentation if needed","YES/MAYBE - candidate after secret review","False","False"
"archive\prototype_kaggle\docs\PROJECT_MANIFEST.md",".md","0.001","legacy/prototype archive, mostly exclude except documentation if needed","YES/MAYBE - candidate after secret review","False","False"
"archive\prototype_kaggle\docs\project_proposal.docx",".docx","0.024","legacy/prototype archive, mostly exclude except documentation if needed","YES/MAYBE - candidate after secret review","False","False"
"archive\prototype_kaggle\docs\README_LOCAL_ORGANIZED.md",".md","0.001","legacy/prototype archive, mostly exclude except documentation if needed","YES/MAYBE - candidate after secret review","False","False"
"archive\prototype_kaggle\docs\RL_Dynamic_Pricing_Papers.xlsx",".xlsx","0.009","legacy/prototype archive, mostly exclude except documentation if needed","YES/MAYBE - candidate after secret review","False","False"
"archive\prototype_kaggle\docs\RL_Ecommerce_Pricing_Research.xlsx",".xlsx","0.016","legacy/prototype archive, mostly exclude except documentation if needed","YES/MAYBE - candidate after secret review","False","False"
"archive\prototype_kaggle\outputs\figures\baselines\average_markdown_by_shelf_life_group.png",".png","0.108","legacy/prototype archive, mostly exclude except documentation if needed","YES/MAYBE - candidate after secret review","False","False"
"archive\prototype_kaggle\outputs\figures\baselines\episode_accounting_profit_distribution.png",".png","0.073","legacy/prototype archive, mostly exclude except documentation if needed","YES/MAYBE - candidate after secret review","False","False"
"archive\prototype_kaggle\outputs\figures\baselines\mean_accounting_profit_by_policy.png",".png","0.118","legacy/prototype archive, mostly exclude except documentation if needed","YES/MAYBE - candidate after secret review","False","False"
"archive\prototype_kaggle\outputs\figures\baselines\mean_waste_rate_by_policy.png",".png","0.112","legacy/prototype archive, mostly exclude except documentation if needed","YES/MAYBE - candidate after secret review","False","False"
"archive\prototype_kaggle\outputs\figures\baselines\policy_performance_by_category.png",".png","0.116","legacy/prototype archive, mostly exclude except documentation if needed","YES/MAYBE - candidate after secret review","False","False"
"archive\prototype_kaggle\outputs\figures\baselines\policy_performance_by_mode.png",".png","0.121","legacy/prototype archive, mostly exclude except documentation if needed","YES/MAYBE - candidate after secret review","False","False"
"archive\prototype_kaggle\outputs\figures\baselines\profit_vs_waste_rate_scatter.png",".png","0.106","legacy/prototype archive, mostly exclude except documentation if needed","YES/MAYBE - candidate after secret review","False","False"
"archive\prototype_kaggle\outputs\figures\counterfactual_audit\contribution_maximizing_action_distribution.png",".png","0.033","legacy/prototype archive, mostly exclude except documentation if needed","YES/MAYBE - candidate after secret review","False","False"
"archive\prototype_kaggle\outputs\figures\counterfactual_audit\demand_uplift_vs_days_until_expiry.png",".png","0.04","legacy/prototype archive, mostly exclude except documentation if needed","YES/MAYBE - candidate after secret review","False","False"
"archive\prototype_kaggle\outputs\figures\counterfactual_audit\discount_response_scenario_comparison.png",".png","0.084","legacy/prototype archive, mostly exclude except documentation if needed","YES/MAYBE - candidate after secret review","False","False"
"archive\prototype_kaggle\outputs\figures\counterfactual_audit\potential_contribution_vs_markdown.png",".png","0.051","legacy/prototype archive, mostly exclude except documentation if needed","YES/MAYBE - candidate after secret review","False","False"
"archive\prototype_kaggle\outputs\figures\counterfactual_audit\predicted_demand_vs_markdown_by_category.png",".png","0.084","legacy/prototype archive, mostly exclude except documentation if needed","YES/MAYBE - candidate after secret review","False","False"
"archive\prototype_kaggle\outputs\figures\demand_model\demand_distribution_by_discount_bin.png",".png","0.032","legacy/prototype archive, mostly exclude except documentation if needed","YES/MAYBE - candidate after secret review","False","False"
"archive\prototype_kaggle\outputs\figures\demand_model\discount_pct_vs_daily_demand.png",".png","0.134","legacy/prototype archive, mostly exclude except documentation if needed","YES/MAYBE - candidate after secret review","False","False"
"archive\prototype_kaggle\outputs\figures\demand_model\mean_daily_demand_by_discount_bin.png",".png","0.055","legacy/prototype archive, mostly exclude except documentation if needed","YES/MAYBE - candidate after secret review","False","False"
"archive\prototype_kaggle\outputs\figures\demand_model\median_daily_demand_by_discount_bin.png",".png","0.053","legacy/prototype archive, mostly exclude except documentation if needed","YES/MAYBE - candidate after secret review","False","False"
"archive\prototype_kaggle\outputs\figures\demand_model\selling_price_vs_daily_demand.png",".png","0.089","legacy/prototype archive, mostly exclude except documentation if needed","YES/MAYBE - candidate after secret review","False","False"
"archive\prototype_kaggle\outputs\figures\demand_model\units_sold_by_discount_bin.png",".png","0.077","legacy/prototype archive, mostly exclude except documentation if needed","YES/MAYBE - candidate after secret review","False","False"
"archive\prototype_kaggle\outputs\figures\ppo_financial\action_distribution_by_checkpoint.png",".png","0.052","legacy/prototype archive, mostly exclude except documentation if needed","YES/MAYBE - candidate after secret review","False","False"
"archive\prototype_kaggle\outputs\figures\ppo_financial\action_distribution_by_remaining_shelf_life.png",".png","0.047","legacy/prototype archive, mostly exclude except documentation if needed","YES/MAYBE - candidate after secret review","False","False"
"archive\prototype_kaggle\outputs\figures\ppo_financial\comparison_across_random_seeds.png",".png","0.136","legacy/prototype archive, mostly exclude except documentation if needed","YES/MAYBE - candidate after secret review","False","False"
"archive\prototype_kaggle\outputs\figures\ppo_financial\mean_episode_length_over_timesteps.png",".png","0.145","legacy/prototype archive, mostly exclude except documentation if needed","YES/MAYBE - candidate after secret review","False","False"
"archive\prototype_kaggle\outputs\figures\ppo_financial\mean_raw_accounting_profit_over_timesteps.png",".png","0.134","legacy/prototype archive, mostly exclude except documentation if needed","YES/MAYBE - candidate after secret review","False","False"
"archive\prototype_kaggle\outputs\figures\ppo_financial\mean_scaled_training_reward_over_timesteps.png",".png","0.136","legacy/prototype archive, mostly exclude except documentation if needed","YES/MAYBE - candidate after secret review","False","False"
"archive\prototype_kaggle\outputs\figures\ppo_financial\mean_waste_rate_over_timesteps.png",".png","0.153","legacy/prototype archive, mostly exclude except documentation if needed","YES/MAYBE - candidate after secret review","False","False"
"archive\prototype_kaggle\outputs\models\demand_model_config.json",".json","0.001","legacy/prototype archive, mostly exclude except documentation if needed","YES/MAYBE - candidate after secret review","False","False"
"archive\prototype_kaggle\outputs\models\demand_ridge.joblib",".joblib","0.003","legacy/prototype archive, mostly exclude except documentation if needed","YES/MAYBE - candidate after secret review","False","False"
"archive\prototype_kaggle\outputs\models\pricing_env_config.json",".json","0.002","legacy/prototype archive, mostly exclude except documentation if needed","YES/MAYBE - candidate after secret review","False","False"
"archive\prototype_kaggle\outputs\models\ppo_financial\training_config.json",".json","0.002","legacy/prototype archive, mostly exclude except documentation if needed","YES/MAYBE - candidate after secret review","False","False"
"archive\prototype_kaggle\outputs\models\ppo_financial\seed_123\best_model.zip",".zip","0.162","legacy/prototype archive, mostly exclude except documentation if needed","NO/MAYBE - binary artifact; review individually","True","False"
"archive\prototype_kaggle\outputs\models\ppo_financial\seed_123\evaluation_logs.csv",".csv","0.001","legacy/prototype archive, mostly exclude except documentation if needed","YES/MAYBE - candidate after secret review","False","False"
"archive\prototype_kaggle\outputs\models\ppo_financial\seed_123\final_model.zip",".zip","0.162","legacy/prototype archive, mostly exclude except documentation if needed","NO/MAYBE - binary artifact; review individually","True","False"
"archive\prototype_kaggle\outputs\models\ppo_financial\seed_123\training_metadata.json",".json","0.003","legacy/prototype archive, mostly exclude except documentation if needed","YES/MAYBE - candidate after secret review","False","False"
"archive\prototype_kaggle\outputs\models\ppo_financial\seed_123\vecnormalize.pkl",".pkl","0.002","legacy/prototype archive, mostly exclude except documentation if needed","YES/MAYBE - candidate after secret review","False","False"
"archive\prototype_kaggle\outputs\models\ppo_financial\seed_2026\best_model.zip",".zip","0.162","legacy/prototype archive, mostly exclude except documentation if needed","NO/MAYBE - binary artifact; review individually","True","False"
"archive\prototype_kaggle\outputs\models\ppo_financial\seed_2026\evaluation_logs.csv",".csv","0.001","legacy/prototype archive, mostly exclude except documentation if needed","YES/MAYBE - candidate after secret review","False","False"
"archive\prototype_kaggle\outputs\models\ppo_financial\seed_2026\final_model.zip",".zip","0.162","legacy/prototype archive, mostly exclude except documentation if needed","NO/MAYBE - binary artifact; review individually","True","False"
"archive\prototype_kaggle\outputs\models\ppo_financial\seed_2026\training_metadata.json",".json","0.003","legacy/prototype archive, mostly exclude except documentation if needed","YES/MAYBE - candidate after secret review","False","False"
"archive\prototype_kaggle\outputs\models\ppo_financial\seed_2026\vecnormalize.pkl",".pkl","0.002","legacy/prototype archive, mostly exclude except documentation if needed","YES/MAYBE - candidate after secret review","False","False"
"archive\prototype_kaggle\outputs\models\ppo_financial\seed_42\best_model.zip",".zip","0.162","legacy/prototype archive, mostly exclude except documentation if needed","NO/MAYBE - binary artifact; review individually","True","False"
"archive\prototype_kaggle\outputs\models\ppo_financial\seed_42\evaluation_logs.csv",".csv","0.001","legacy/prototype archive, mostly exclude except documentation if needed","YES/MAYBE - candidate after secret review","False","False"
"archive\prototype_kaggle\outputs\models\ppo_financial\seed_42\final_model.zip",".zip","0.162","legacy/prototype archive, mostly exclude except documentation if needed","NO/MAYBE - binary artifact; review individually","True","False"
"archive\prototype_kaggle\outputs\models\ppo_financial\seed_42\training_metadata.json",".json","0.003","legacy/prototype archive, mostly exclude except documentation if needed","YES/MAYBE - candidate after secret review","False","False"
"archive\prototype_kaggle\outputs\models\ppo_financial\seed_42\vecnormalize.pkl",".pkl","0.002","legacy/prototype archive, mostly exclude except documentation if needed","YES/MAYBE - candidate after secret review","False","False"
"archive\prototype_kaggle\outputs\reports\dataset_provenance_report.md",".md","0.008","legacy/prototype archive, mostly exclude except documentation if needed","YES/MAYBE - candidate after secret review","False","False"
"archive\prototype_kaggle\outputs\tables\baseline_by_category.csv",".csv","0.027","legacy/prototype archive, mostly exclude except documentation if needed","YES/MAYBE - candidate after secret review","False","False"
"archive\prototype_kaggle\outputs\tables\baseline_by_shelf_life.csv",".csv","0.01","legacy/prototype archive, mostly exclude except documentation if needed","YES/MAYBE - candidate after secret review","False","False"
"archive\prototype_kaggle\outputs\tables\baseline_episode_results.csv",".csv","1.913","legacy/prototype archive, mostly exclude except documentation if needed","YES/MAYBE - candidate after secret review","False","False"
"archive\prototype_kaggle\outputs\tables\baseline_paired_comparisons.csv",".csv","0.01","legacy/prototype archive, mostly exclude except documentation if needed","YES/MAYBE - candidate after secret review","False","False"
"archive\prototype_kaggle\outputs\tables\baseline_reward_scale_diagnostics.csv",".csv","0.002","legacy/prototype archive, mostly exclude except documentation if needed","YES/MAYBE - candidate after secret review","False","False"
"archive\prototype_kaggle\outputs\tables\baseline_summary.csv",".csv","0.01","legacy/prototype archive, mostly exclude except documentation if needed","YES/MAYBE - candidate after secret review","False","False"
"archive\prototype_kaggle\outputs\tables\column_name_mapping.csv",".csv","0.001","legacy/prototype archive, mostly exclude except documentation if needed","YES/MAYBE - candidate after secret review","False","False"
"archive\prototype_kaggle\outputs\tables\counterfactual_audit_summary.csv",".csv","0.003","legacy/prototype archive, mostly exclude except documentation if needed","YES/MAYBE - candidate after secret review","False","False"
"archive\prototype_kaggle\outputs\tables\counterfactual_discount_predictions.csv",".csv","0.778","legacy/prototype archive, mostly exclude except documentation if needed","YES/MAYBE - candidate after secret review","False","False"
"archive\prototype_kaggle\outputs\tables\counterfactual_state_profiles.csv",".csv","0.008","legacy/prototype archive, mostly exclude except documentation if needed","YES/MAYBE - candidate after secret review","False","False"
"archive\prototype_kaggle\outputs\tables\counterfactual_support_analysis.csv",".csv","0.066","legacy/prototype archive, mostly exclude except documentation if needed","YES/MAYBE - candidate after secret review","False","False"
"archive\prototype_kaggle\outputs\tables\dataset_metadata_audit.csv",".csv","0","legacy/prototype archive, mostly exclude except documentation if needed","YES/MAYBE - candidate after secret review","False","False"
"archive\prototype_kaggle\outputs\tables\data_quality_summary.csv",".csv","0","legacy/prototype archive, mostly exclude except documentation if needed","YES/MAYBE - candidate after secret review","False","False"
"archive\prototype_kaggle\outputs\tables\demand_by_discount.csv",".csv","0.001","legacy/prototype archive, mostly exclude except documentation if needed","YES/MAYBE - candidate after secret review","False","False"
"archive\prototype_kaggle\outputs\tables\demand_by_discount_and_category.csv",".csv","0.004","legacy/prototype archive, mostly exclude except documentation if needed","YES/MAYBE - candidate after secret review","False","False"
"archive\prototype_kaggle\outputs\tables\demand_model_coefficients.csv",".csv","0.001","legacy/prototype archive, mostly exclude except documentation if needed","YES/MAYBE - candidate after secret review","False","False"
"archive\prototype_kaggle\outputs\tables\demand_model_metrics.csv",".csv","0","legacy/prototype archive, mostly exclude except documentation if needed","YES/MAYBE - candidate after secret review","False","False"
"archive\prototype_kaggle\outputs\tables\demand_relationship_summary.csv",".csv","0.002","legacy/prototype archive, mostly exclude except documentation if needed","YES/MAYBE - candidate after secret review","False","False"
"archive\prototype_kaggle\outputs\tables\derived_field_audit.csv",".csv","0.003","legacy/prototype archive, mostly exclude except documentation if needed","YES/MAYBE - candidate after secret review","False","False"
"archive\prototype_kaggle\outputs\tables\deterministic_formula_audit.csv",".csv","0.001","legacy/prototype archive, mostly exclude except documentation if needed","YES/MAYBE - candidate after secret review","False","False"
"archive\prototype_kaggle\outputs\tables\discount_bin_support.csv",".csv","0","legacy/prototype archive, mostly exclude except documentation if needed","YES/MAYBE - candidate after secret review","False","False"
"archive\prototype_kaggle\outputs\tables\discount_confounding_checks.csv",".csv","0.001","legacy/prototype archive, mostly exclude except documentation if needed","YES/MAYBE - candidate after secret review","False","False"
"archive\prototype_kaggle\outputs\tables\discount_response_scenarios.csv",".csv","0.001","legacy/prototype archive, mostly exclude except documentation if needed","YES/MAYBE - candidate after secret review","False","False"
"archive\prototype_kaggle\outputs\tables\distribution_forensics.csv",".csv","0.006","legacy/prototype archive, mostly exclude except documentation if needed","YES/MAYBE - candidate after secret review","False","False"
"archive\prototype_kaggle\outputs\tables\environment_fixed_policy_sanity.csv",".csv","0.006","legacy/prototype archive, mostly exclude except documentation if needed","YES/MAYBE - candidate after secret review","False","False"
"archive\prototype_kaggle\outputs\tables\environment_validation_episodes.csv",".csv","0.041","legacy/prototype archive, mostly exclude except documentation if needed","YES/MAYBE - candidate after secret review","False","False"
"archive\prototype_kaggle\outputs\tables\identifier_and_date_audit.csv",".csv","0.001","legacy/prototype archive, mostly exclude except documentation if needed","YES/MAYBE - candidate after secret review","False","False"
"archive\prototype_kaggle\outputs\tables\logical_consistency_checks.csv",".csv","0.001","legacy/prototype archive, mostly exclude except documentation if needed","YES/MAYBE - candidate after secret review","False","False"
"archive\prototype_kaggle\outputs\tables\logical_consistency_violation_examples.csv",".csv","0","legacy/prototype archive, mostly exclude except documentation if needed","YES/MAYBE - candidate after secret review","False","False"
"archive\prototype_kaggle\outputs\tables\numeric_summary.csv",".csv","0.002","legacy/prototype archive, mostly exclude except documentation if needed","YES/MAYBE - candidate after secret review","False","False"
"archive\prototype_kaggle\outputs\tables\panel_structure_audit.csv",".csv","0","legacy/prototype archive, mostly exclude except documentation if needed","YES/MAYBE - candidate after secret review","False","False"
"archive\prototype_kaggle\outputs\tables\ppo_financial_action_distribution.csv",".csv","4.208","legacy/prototype archive, mostly exclude except documentation if needed","YES/MAYBE - candidate after secret review","False","False"
"archive\prototype_kaggle\outputs\tables\ppo_financial_action_distribution_summary.csv",".csv","0.258","legacy/prototype archive, mostly exclude except documentation if needed","YES/MAYBE - candidate after secret review","False","False"
"archive\prototype_kaggle\outputs\tables\ppo_financial_baseline_reference_comparison.csv",".csv","0.001","legacy/prototype archive, mostly exclude except documentation if needed","YES/MAYBE - candidate after secret review","False","False"
"archive\prototype_kaggle\outputs\tables\ppo_financial_corrected_status_summary.csv",".csv","0.001","legacy/prototype archive, mostly exclude except documentation if needed","YES/MAYBE - candidate after secret review","False","False"
"archive\prototype_kaggle\outputs\tables\ppo_financial_corrected_status_summary.json",".json","0.007","legacy/prototype archive, mostly exclude except documentation if needed","YES/MAYBE - candidate after secret review","False","False"
"archive\prototype_kaggle\outputs\tables\ppo_financial_pilot_results.csv",".csv","0.53","legacy/prototype archive, mostly exclude except documentation if needed","YES/MAYBE - candidate after secret review","False","False"
"archive\prototype_kaggle\outputs\tables\ppo_financial_seed_stability.csv",".csv","0.002","legacy/prototype archive, mostly exclude except documentation if needed","YES/MAYBE - candidate after secret review","False","False"
"archive\prototype_kaggle\outputs\tables\ppo_financial_training_episodes.csv",".csv","5.074","legacy/prototype archive, mostly exclude except documentation if needed","YES/MAYBE - candidate after secret review","False","False"
"archive\prototype_kaggle\outputs\tables\ppo_financial_training_evaluations.csv",".csv","0.003","legacy/prototype archive, mostly exclude except documentation if needed","YES/MAYBE - candidate after secret review","False","False"
"archive\prototype_kaggle\outputs\tables\profit_formula_audit.csv",".csv","0.001","legacy/prototype archive, mostly exclude except documentation if needed","YES/MAYBE - candidate after secret review","False","False"
"archive\prototype_kaggle\outputs\tables\provenance_evidence_matrix.csv",".csv","0.002","legacy/prototype archive, mostly exclude except documentation if needed","YES/MAYBE - candidate after secret review","False","False"
"archive\prototype_kaggle\outputs\tables\provenance_search_queries.csv",".csv","0.058","legacy/prototype archive, mostly exclude except documentation if needed","YES/MAYBE - candidate after secret review","False","False"
"archive\prototype_kaggle\outputs\tables\rl_column_mapping.csv",".csv","0.001","legacy/prototype archive, mostly exclude except documentation if needed","YES/MAYBE - candidate after secret review","False","False"
"archive\prototype_kaggle\outputs\tables\source_file_inventory.csv",".csv","0","legacy/prototype archive, mostly exclude except documentation if needed","YES/MAYBE - candidate after secret review","False","False"
"archive\prototype_kaggle\outputs\tables\waste_cost_calibration.csv",".csv","0.001","legacy/prototype archive, mostly exclude except documentation if needed","YES/MAYBE - candidate after secret review","False","False"
"archive\prototype_kaggle\src\baselines.py",".py","0.04","legacy/prototype archive, mostly exclude except documentation if needed","YES/MAYBE - candidate after secret review","False","False"
"archive\prototype_kaggle\src\counterfactual_demand_audit.py",".py","0.032","legacy/prototype archive, mostly exclude except documentation if needed","YES/MAYBE - candidate after secret review","False","False"
"archive\prototype_kaggle\src\dataset_provenance_audit.py",".py","0.045","legacy/prototype archive, mostly exclude except documentation if needed","YES/MAYBE - candidate after secret review","False","False"
"archive\prototype_kaggle\src\data_processing.py",".py","0.041","legacy/prototype archive, mostly exclude except documentation if needed","YES/MAYBE - candidate after secret review","False","False"
"archive\prototype_kaggle\src\demand_model.py",".py","0.031","legacy/prototype archive, mostly exclude except documentation if needed","YES/MAYBE - candidate after secret review","False","False"
"archive\prototype_kaggle\src\pricing_env.py",".py","0.035","legacy/prototype archive, mostly exclude except documentation if needed","YES/MAYBE - candidate after secret review","False","False"
"archive\prototype_kaggle\src\train_ppo.py",".py","0.044","legacy/prototype archive, mostly exclude except documentation if needed","YES/MAYBE - candidate after secret review","False","False"
"archive\prototype_kaggle\src\verify_ppo_results.py",".py","0.008","legacy/prototype archive, mostly exclude except documentation if needed","YES/MAYBE - candidate after secret review","False","False"
"data\freshretail\processed\freshretail_demand_recovered.parquet",".parquet","1.599","processed data, exclude unless tiny documented sample","NO - derived dataset","True","False"
"data\freshretail\processed\freshretail_modeling_subset.parquet",".parquet","0.184","processed data, exclude unless tiny documented sample","NO - derived dataset","True","False"
"data\freshretail\processed\freshretail_pilot_subset.parquet",".parquet","0.014","processed data, exclude unless tiny documented sample","NO - derived dataset","True","False"
"data\operational\processed\.gitkeep",".gitkeep","0","processed data, exclude unless tiny documented sample","NO - derived dataset","True","False"
"data\operational\processed\freshretail\freshretail_student_subset.parquet",".parquet","0.014","processed data, exclude unless tiny documented sample","NO - derived dataset","True","False"
"data\operational\raw\README.md",".md","0","raw dataset, exclude from public repo","NO - raw dataset","True","False"
"data\operational\raw\freshretail\raw\freshretail_eval.parquet",".parquet","132.378","raw dataset, exclude from public repo","NO - raw dataset","True","True"
"data\operational\raw\freshretail\raw\freshretail_train.parquet",".parquet","1696.304","raw dataset, exclude from public repo","NO - raw dataset","True","True"
"docs\dqn_final_statistical_decision.md",".md","0.003","documentation","YES/MAYBE - candidate after secret review","False","False"
"docs\final_candidate_model_selection.md",".md","0.001","documentation","YES/MAYBE - candidate after secret review","False","False"
"docs\final_dqn_ensemble_test_decision.md",".md","0.002","documentation","YES/MAYBE - candidate after secret review","False","False"
"docs\final_figure_interpretation.md",".md","0.004","documentation","YES/MAYBE - candidate after secret review","False","False"
"docs\final_model_decision_task_interpretation.md",".md","0.003","documentation","YES/MAYBE - candidate after secret review","False","False"
"docs\limited_horizon_planning_decision.md",".md","0.002","documentation","YES/MAYBE - candidate after secret review","False","False"
"docs\machine_specific_path_audit.csv",".csv","0.028","documentation","YES/MAYBE - candidate after secret review","False","False"
"docs\planning_distillation_decision.md",".md","0.001","documentation","YES/MAYBE - candidate after secret review","False","False"
"docs\ppo_redesign_reporting_corrections.md",".md","0.003","documentation","YES/MAYBE - candidate after secret review","False","False"
"docs\project_progress_and_redesign.md",".md","0.006","documentation","YES/MAYBE - candidate after secret review","False","False"
"notebooks\README.md",".md","0","project file","YES/MAYBE - candidate after secret review","False","False"
"outputs\configs\dqn_equal_weight_ensemble_candidate.json",".json","0.003","experiment config or protocol","YES/MAYBE - candidate after secret review","False","False"
"outputs\configs\dqn_locked_candidate.json",".json","0.004","experiment config or protocol","YES/MAYBE - candidate after secret review","False","False"
"outputs\configs\dqn_locked_candidate_hashes.json",".json","0.001","experiment config or protocol","YES/MAYBE - candidate after secret review","False","False"
"outputs\configs\final_candidate_locked_model.json",".json","0","experiment config or protocol","YES/MAYBE - candidate after secret review","False","False"
"outputs\configs\final_high_risk_b_candidate.json",".json","0","experiment config or protocol","YES/MAYBE - candidate after secret review","False","False"
"outputs\configs\final_high_risk_b_candidate_hashes.json",".json","0.001","experiment config or protocol","YES/MAYBE - candidate after secret review","False","False"
"outputs\configs\final_locked_dqn_ensemble.json",".json","0.004","experiment config or protocol","YES/MAYBE - candidate after secret review","False","False"
"outputs\configs\final_locked_dqn_ensemble_hashes.json",".json","0.002","experiment config or protocol","YES/MAYBE - candidate after secret review","False","False"
"outputs\configs\final_test_evaluation_protocol.json",".json","0.001","experiment config or protocol","YES/MAYBE - candidate after secret review","False","False"
"outputs\configs\perishability_accounting_specification.json",".json","0.001","experiment config or protocol","YES/MAYBE - candidate after secret review","False","False"
"outputs\configs\perishability_financial_reward_specification.json",".json","0","experiment config or protocol","YES/MAYBE - candidate after secret review","False","False"
"outputs\configs\perishability_master_config.json",".json","0.002","experiment config or protocol","YES/MAYBE - candidate after secret review","False","False"
"outputs\configs\perishability_sustainability_reward_specification.json",".json","0","experiment config or protocol","YES/MAYBE - candidate after secret review","False","False"
"outputs\configs\perishability_transition_specification.json",".json","0.001","experiment config or protocol","YES/MAYBE - candidate after secret review","False","False"
"outputs\configs\ppo_input_artifact_hashes.json",".json","0.002","experiment config or protocol","YES/MAYBE - candidate after secret review","False","False"
"outputs\configs\ppo_operational_experiment_config.json",".json","0.006","experiment config or protocol","YES/MAYBE - candidate after secret review","False","False"
"outputs\configs\ppo_redesign_selected_model.json",".json","0.004","experiment config or protocol","YES/MAYBE - candidate after secret review","False","False"
"outputs\configs\ppo_redesign_selected_model_hashes.json",".json","0.002","experiment config or protocol","YES/MAYBE - candidate after secret review","False","False"
"outputs\configs\ppo_selected_financial_models.json",".json","0.002","experiment config or protocol","YES/MAYBE - candidate after secret review","False","False"
"outputs\configs\ppo_selected_financial_model_hashes.json",".json","0.002","experiment config or protocol","YES/MAYBE - candidate after secret review","False","False"
"outputs\configs\ppo_validation_episode_manifest.csv",".csv","0.001","experiment config or protocol","YES/MAYBE - candidate after secret review","False","False"
"outputs\configs\pricing_env_operational_config.json",".json","0.004","experiment config or protocol","YES/MAYBE - candidate after secret review","False","False"
"outputs\configs\sustainability_audit_metadata.json",".json","0.001","experiment config or protocol","YES/MAYBE - candidate after secret review","False","False"
"outputs\configs\sustainability_extension_config.json",".json","0","experiment config or protocol","YES/MAYBE - candidate after secret review","False","False"
"outputs\figures\.gitkeep",".gitkeep","0","report figure","YES/MAYBE - candidate after secret review","False","False"
"outputs\figures\discount_response\action_ranking_comparison.png",".png","0.054","report figure","YES/MAYBE - candidate after secret review","False","False"
"outputs\figures\discount_response\demand_by_markdown_bin.png",".png","0.096","report figure","YES/MAYBE - candidate after secret review","False","False"
"outputs\figures\discount_response\implied_demand_uplift_by_markdown.png",".png","0.072","report figure","YES/MAYBE - candidate after secret review","False","False"
"outputs\figures\discount_response\markdown_distribution_support.png",".png","0.038","report figure","YES/MAYBE - candidate after secret review","False","False"
"outputs\figures\discount_response\model_implied_markdown_response_curves.png",".png","0.063","report figure","YES/MAYBE - candidate after secret review","False","False"
"outputs\figures\discount_response\model_performance_by_target.png",".png","0.076","report figure","YES/MAYBE - candidate after secret review","False","False"
"outputs\figures\discount_response\observed_vs_recovered_predicted_demand.png",".png","0.076","report figure","YES/MAYBE - candidate after secret review","False","False"
"outputs\figures\discount_response\response_difference_by_promotion_status.png",".png","0.038","report figure","YES/MAYBE - candidate after secret review","False","False"
"outputs\figures\discount_response\response_difference_by_stockout_risk_group.png",".png","0.043","report figure","YES/MAYBE - candidate after secret review","False","False"
"outputs\figures\discount_response\robustness_comparison.png",".png","0.118","report figure","YES/MAYBE - candidate after secret review","False","False"
"outputs\figures\dqn_final_candidate\action_distribution.png",".png","0.027","report figure","YES/MAYBE - candidate after secret review","False","False"
"outputs\figures\dqn_final_candidate\dqn_paired_gain_vs_baseline.png",".png","0.071","report figure","YES/MAYBE - candidate after secret review","False","False"
"outputs\figures\dqn_final_candidate\dqn_seed_stability.png",".png","0.039","report figure","YES/MAYBE - candidate after secret review","False","False"
"outputs\figures\dqn_final_candidate\dqn_validation_profit_by_timestep.png",".png","0.068","report figure","YES/MAYBE - candidate after secret review","False","False"
"outputs\figures\dqn_final_candidate\dqn_vs_ppo_vs_planning.png",".png","0.071","report figure","YES/MAYBE - candidate after secret review","False","False"
"outputs\figures\dqn_final_candidate\profit_waste_comparison.png",".png","0.065","report figure","YES/MAYBE - candidate after secret review","False","False"
"outputs\figures\dqn_final_candidate\standard_dqn_action_distribution_by_seed.png",".png","0.049","report figure","YES/MAYBE - candidate after secret review","False","False"
"outputs\figures\dqn_final_candidate\standard_dqn_paired_gain_by_selected_seed.png",".png","0.037","report figure","YES/MAYBE - candidate after secret review","False","False"
"outputs\figures\dqn_final_candidate\standard_dqn_pooled_confidence_interval.png",".png","0.027","report figure","YES/MAYBE - candidate after secret review","False","False"
"outputs\figures\dqn_final_candidate\standard_dqn_profit_waste_comparison.png",".png","0.056","report figure","YES/MAYBE - candidate after secret review","False","False"
"outputs\figures\dqn_final_candidate\standard_dqn_seed_stability.png",".png","0.024","report figure","YES/MAYBE - candidate after secret review","False","False"
"outputs\figures\dqn_final_candidate\standard_dqn_validation_profit_by_timestep_all_seeds.png",".png","0.091","report figure","YES/MAYBE - candidate after secret review","False","False"
"outputs\figures\dqn_final_candidate\standard_dqn_vs_planning_baseline.png",".png","0.071","report figure","YES/MAYBE - candidate after secret review","False","False"
"outputs\figures\dqn_final_candidate\standard_dqn_worst_episode_loss_decomposition.png",".png","0.05","report figure","YES/MAYBE - candidate after secret review","False","False"
"outputs\figures\dqn_final_candidate\worst_case_episode_differences.png",".png","0.042","report figure","YES/MAYBE - candidate after secret review","False","False"
"outputs\figures\dqn_final_statistical_audit\corrected_clustered_confidence_interval.png",".png","0.03","report figure","YES/MAYBE - candidate after secret review","False","False"
"outputs\figures\dqn_final_statistical_audit\ensemble_paired_episode_differences.png",".png","0.033","report figure","YES/MAYBE - candidate after secret review","False","False"
"outputs\figures\dqn_final_statistical_audit\episode_mean_gain_across_seeds.png",".png","0.051","report figure","YES/MAYBE - candidate after secret review","False","False"
"outputs\figures\dqn_final_statistical_audit\individual_seeds_vs_equal_weight_ensemble.png",".png","0.051","report figure","YES/MAYBE - candidate after secret review","False","False"
"outputs\figures\dqn_final_statistical_audit\profit_waste_comparison.png",".png","0.043","report figure","YES/MAYBE - candidate after secret review","False","False"
"outputs\figures\dqn_final_statistical_audit\tail_loss_comparison.png",".png","0.03","report figure","YES/MAYBE - candidate after secret review","False","False"
"outputs\figures\final_candidate_selection\action_distribution_by_risk_level.png",".png","0.025","report figure","YES/MAYBE - candidate after secret review","False","False"
"outputs\figures\final_candidate_selection\candidate_confidence_intervals.png",".png","0.03","report figure","YES/MAYBE - candidate after secret review","False","False"
"outputs\figures\final_candidate_selection\candidate_profit_gain_versus_baseline.png",".png","0.036","report figure","YES/MAYBE - candidate after secret review","False","False"
"outputs\figures\final_candidate_selection\planning_gain_captured.png",".png","0.039","report figure","YES/MAYBE - candidate after secret review","False","False"
"outputs\figures\final_candidate_selection\profit_waste_comparison.png",".png","0.039","report figure","YES/MAYBE - candidate after secret review","False","False"
"outputs\figures\final_candidate_selection\seed_stability.png",".png","0.033","report figure","YES/MAYBE - candidate after secret review","False","False"
"outputs\figures\final_candidate_selection\win_tie_loss_shares.png",".png","0.022","report figure","YES/MAYBE - candidate after secret review","False","False"
"outputs\figures\final_candidate_selection\worst_case_episode_losses.png",".png","0.04","report figure","YES/MAYBE - candidate after secret review","False","False"
"outputs\figures\final_dqn_ensemble_test\final_test_ensemble_vs_baseline_profit.png",".png","0.021","report figure","YES/MAYBE - candidate after secret review","False","False"
"outputs\figures\final_dqn_ensemble_test\paired_test_episode_profit_differences.png",".png","0.033","report figure","YES/MAYBE - candidate after secret review","False","False"
"outputs\figures\final_dqn_ensemble_test\test_action_distribution_by_risk_level.png",".png","0.024","report figure","YES/MAYBE - candidate after secret review","False","False"
"outputs\figures\final_dqn_ensemble_test\test_bootstrap_confidence_interval.png",".png","0.023","report figure","YES/MAYBE - candidate after secret review","False","False"
"outputs\figures\final_dqn_ensemble_test\test_profit_waste_comparison.png",".png","0.041","report figure","YES/MAYBE - candidate after secret review","False","False"
"outputs\figures\final_dqn_ensemble_test\test_win_tie_loss_shares.png",".png","0.02","report figure","YES/MAYBE - candidate after secret review","False","False"
"outputs\figures\final_dqn_ensemble_test\validation_vs_test_comparison.png",".png","0.031","report figure","YES/MAYBE - candidate after secret review","False","False"
"outputs\figures\final_dqn_ensemble_test\worst_test_episode_diagnostics.png",".png","0.027","report figure","YES/MAYBE - candidate after secret review","False","False"
"outputs\figures\final_model_decision_task\candidate_population_state_counts.png",".png","0.035","report figure","YES/MAYBE - candidate after secret review","False","False"
"outputs\figures\final_model_decision_task\dynamic_vs_locked_baseline_validation.png",".png","0.08","report figure","YES/MAYBE - candidate after secret review","False","False"
"outputs\figures\final_model_decision_task\locked_baseline_selection.png",".png","0.052","report figure","YES/MAYBE - candidate after secret review","False","False"
"outputs\figures\final_report\figure_empirical_profit_waste_tradeoff.png",".png","0.1","report figure","YES/MAYBE - candidate after secret review","False","False"
"outputs\figures\final_report\figure_financial_markdown_opportunity_map.png",".png","0.086","report figure","YES/MAYBE - candidate after secret review","False","False"
"outputs\figures\final_report\figure_observed_action_distribution_over_training.png",".png","0.065","report figure","YES/MAYBE - candidate after secret review","False","False"
"outputs\figures\final_report\figure_observed_vs_recovered_selected_policy.png",".png","0.068","report figure","YES/MAYBE - candidate after secret review","False","False"
"outputs\figures\final_report\figure_oracle_action_values_by_state.png",".png","0.051","report figure","YES/MAYBE - candidate after secret review","False","False"
"outputs\figures\final_report\figure_policy_entropy_and_collapse.png",".png","0.098","report figure","YES/MAYBE - candidate after secret review","False","False"
"outputs\figures\final_report\figure_ppo_validation_return_over_training.png",".png","0.103","report figure","YES/MAYBE - candidate after secret review","False","False"
"outputs\figures\final_report\figure_ppo_vs_baselines_normalized_profit.png",".png","0.127","report figure","YES/MAYBE - candidate after secret review","False","False"
"outputs\figures\final_report\figure_ppo_vs_oracle_error_decomposition.png",".png","0.11","report figure","YES/MAYBE - candidate after secret review","False","False"
"outputs\figures\final_report\figure_recovered_action_distribution_over_training.png",".png","0.067","report figure","YES/MAYBE - candidate after secret review","False","False"
"outputs\figures\final_report\figure_waste_reduction_efficiency.png",".png","0.093","report figure","YES/MAYBE - candidate after secret review","False","False"
"outputs\figures\final_report\appendix_training_diagnostics\appendix_approx_kl.png",".png","0.069","report figure","YES/MAYBE - candidate after secret review","False","False"
"outputs\figures\final_report\appendix_training_diagnostics\appendix_clip_fraction.png",".png","0.067","report figure","YES/MAYBE - candidate after secret review","False","False"
"outputs\figures\final_report\appendix_training_diagnostics\appendix_entropy_loss.png",".png","0.049","report figure","YES/MAYBE - candidate after secret review","False","False"
"outputs\figures\final_report\appendix_training_diagnostics\appendix_explained_variance.png",".png","0.062","report figure","YES/MAYBE - candidate after secret review","False","False"
"outputs\figures\final_report\appendix_training_diagnostics\appendix_policy_gradient_loss.png",".png","0.06","report figure","YES/MAYBE - candidate after secret review","False","False"
"outputs\figures\final_report\appendix_training_diagnostics\appendix_value_loss.png",".png","0.06","report figure","YES/MAYBE - candidate after secret review","False","False"
"outputs\figures\financial_markdown_opportunity_audit\multistep_action_value_vs_markdown.png",".png","0.053","report figure","YES/MAYBE - candidate after secret review","False","False"
"outputs\figures\financial_markdown_opportunity_audit\optimal_action_by_inventory_and_expiry.png",".png","0.051","report figure","YES/MAYBE - candidate after secret review","False","False"
"outputs\figures\financial_markdown_opportunity_audit\positive_markdown_gain_over_zero.png",".png","0.034","report figure","YES/MAYBE - candidate after secret review","False","False"
"outputs\figures\financial_markdown_opportunity_audit\ppo_vs_oracle_action_comparison.png",".png","0.043","report figure","YES/MAYBE - candidate after secret review","False","False"
"outputs\figures\financial_markdown_opportunity_audit\share_states_preferring_each_action.png",".png","0.031","report figure","YES/MAYBE - candidate after secret review","False","False"
"outputs\figures\financial_markdown_opportunity_audit\state_map_financially_justified_markdown.png",".png","0.046","report figure","YES/MAYBE - candidate after secret review","False","False"
"outputs\figures\freshretail_modeling_subset\example_complete_97_day_series.png",".png","0.191","report figure","YES/MAYBE - candidate after secret review","False","False"
"outputs\figures\freshretail_modeling_subset\markdown_distribution_comparison.png",".png","0.04","report figure","YES/MAYBE - candidate after secret review","False","False"
"outputs\figures\freshretail_modeling_subset\promotion_rate_comparison.png",".png","0.032","report figure","YES/MAYBE - candidate after secret review","False","False"
"outputs\figures\freshretail_modeling_subset\sales_distribution_comparison.png",".png","0.036","report figure","YES/MAYBE - candidate after secret review","False","False"
"outputs\figures\freshretail_modeling_subset\selected_series_stockout_vs_promotion.png",".png","0.186","report figure","YES/MAYBE - candidate after secret review","False","False"
"outputs\figures\freshretail_modeling_subset\stockout_rate_comparison.png",".png","0.031","report figure","YES/MAYBE - candidate after secret review","False","False"
"outputs\figures\freshretail_modeling_subset\train_validation_test_date_split.png",".png","0.036","report figure","YES/MAYBE - candidate after secret review","False","False"
"outputs\figures\freshretail_processing\discount_distribution.png",".png","0.027","report figure","YES/MAYBE - candidate after secret review","False","False"
"outputs\figures\freshretail_processing\example_promotion_stockout_timeseries.png",".png","0.199","report figure","YES/MAYBE - candidate after secret review","False","False"
"outputs\figures\freshretail_processing\example_sales_inventory_timeseries.png",".png","0.199","report figure","YES/MAYBE - candidate after secret review","False","False"
"outputs\figures\freshretail_processing\promotion_rate_by_category.png",".png","0.037","report figure","YES/MAYBE - candidate after secret review","False","False"
"outputs\figures\freshretail_processing\sequence_length_distribution.png",".png","0.035","report figure","YES/MAYBE - candidate after secret review","False","False"
"outputs\figures\freshretail_processing\stockout_rate_distribution_by_series.png",".png","0.031","report figure","YES/MAYBE - candidate after secret review","False","False"
"outputs\figures\freshretail_processing\subset_category_composition.png",".png","0.037","report figure","YES/MAYBE - candidate after secret review","False","False"
"outputs\figures\latent_demand_recovery\aggregate_observed_vs_recovered_over_time.png",".png","0.169","report figure","YES/MAYBE - candidate after secret review","False","False"
"outputs\figures\latent_demand_recovery\artificial_censoring_predicted_vs_true.png",".png","0.077","report figure","YES/MAYBE - candidate after secret review","False","False"
"outputs\figures\latent_demand_recovery\example_store_product_recovered_series.png",".png","0.173","report figure","YES/MAYBE - candidate after secret review","False","False"
"outputs\figures\latent_demand_recovery\model_performance_by_censoring_severity.png",".png","0.097","report figure","YES/MAYBE - candidate after secret review","False","False"
"outputs\figures\latent_demand_recovery\observed_vs_recovered_distribution.png",".png","0.035","report figure","YES/MAYBE - candidate after secret review","False","False"
"outputs\figures\latent_demand_recovery\recovery_amount_by_promotion_status.png",".png","0.029","report figure","YES/MAYBE - candidate after secret review","False","False"
"outputs\figures\latent_demand_recovery\recovery_amount_by_stockout_status.png",".png","0.03","report figure","YES/MAYBE - candidate after secret review","False","False"
"outputs\figures\latent_demand_recovery\recovery_error_by_model.png",".png","0.057","report figure","YES/MAYBE - candidate after secret review","False","False"
"outputs\figures\latent_demand_recovery\recovery_ratio_distribution.png",".png","0.038","report figure","YES/MAYBE - candidate after secret review","False","False"
"outputs\figures\limited_horizon_planning\episode_level_paired_profit_differences.png",".png","0.039","report figure","YES/MAYBE - candidate after secret review","False","False"
"outputs\figures\limited_horizon_planning\planning_action_distribution_by_risk_level.png",".png","0.03","report figure","YES/MAYBE - candidate after secret review","False","False"
"outputs\figures\limited_horizon_planning\planning_ppo_baseline_comparison.png",".png","0.039","report figure","YES/MAYBE - candidate after secret review","False","False"
"outputs\figures\limited_horizon_planning\planning_vs_baseline_by_scenario.png",".png","0.034","report figure","YES/MAYBE - candidate after secret review","False","False"
"outputs\figures\limited_horizon_planning\planning_vs_locked_baseline_paired_profit.png",".png","0.053","report figure","YES/MAYBE - candidate after secret review","False","False"
"outputs\figures\limited_horizon_planning\profit_gain_confidence_interval.png",".png","0.025","report figure","YES/MAYBE - candidate after secret review","False","False"
"outputs\figures\limited_horizon_planning\waste_and_profit_comparison.png",".png","0.039","report figure","YES/MAYBE - candidate after secret review","False","False"
"outputs\figures\perishability_scenarios\accounting_identity_validation_summary.png",".png","0.069","report figure","YES/MAYBE - candidate after secret review","False","False"
"outputs\figures\perishability_scenarios\economic_scenario_comparison.png",".png","0.07","report figure","YES/MAYBE - candidate after secret review","False","False"
"outputs\figures\perishability_scenarios\fixed_policy_profit_comparison.png",".png","0.056","report figure","YES/MAYBE - candidate after secret review","False","False"
"outputs\figures\perishability_scenarios\fixed_policy_waste_comparison.png",".png","0.063","report figure","YES/MAYBE - candidate after secret review","False","False"
"outputs\figures\perishability_scenarios\inventory_age_profile_examples.png",".png","0.079","report figure","YES/MAYBE - candidate after secret review","False","False"
"outputs\figures\perishability_scenarios\observed_vs_recovered_scenario_comparison.png",".png","0.109","report figure","YES/MAYBE - candidate after secret review","False","False"
"outputs\figures\perishability_scenarios\profit_versus_waste_scatter.png",".png","0.073","report figure","YES/MAYBE - candidate after secret review","False","False"
"outputs\figures\perishability_scenarios\sensitivity_by_inventory_coverage.png",".png","0.052","report figure","YES/MAYBE - candidate after secret review","False","False"
"outputs\figures\perishability_scenarios\sensitivity_by_shelf_life.png",".png","0.045","report figure","YES/MAYBE - candidate after secret review","False","False"
"outputs\figures\perishability_scenarios\shelf_life_scenario_overview.png",".png","0.056","report figure","YES/MAYBE - candidate after secret review","False","False"
"outputs\figures\planning_distillation\action_distribution_by_risk_state.png",".png","0.028","report figure","YES/MAYBE - candidate after secret review","False","False"
"outputs\figures\planning_distillation\distilled_candidates_vs_baseline_profit.png",".png","0.046","report figure","YES/MAYBE - candidate after secret review","False","False"
"outputs\figures\planning_distillation\paired_episode_profit_differences_limited_horizon_planning_policy.png",".png","0.035","report figure","YES/MAYBE - candidate after secret review","False","False"
"outputs\figures\planning_distillation\paired_episode_profit_differences_planning_distilled_policy.png",".png","0.035","report figure","YES/MAYBE - candidate after secret review","False","False"
"outputs\figures\planning_distillation\planning_gain_captured.png",".png","0.031","report figure","YES/MAYBE - candidate after secret review","False","False"
"outputs\figures\planning_distillation\planning_vs_learned_confusion_matrix.png",".png","0.028","report figure","YES/MAYBE - candidate after secret review","False","False"
"outputs\figures\planning_distillation\profit_waste_comparison.png",".png","0.041","report figure","YES/MAYBE - candidate after secret review","False","False"
"outputs\figures\planning_distillation\win_tie_loss_shares.png",".png","0.043","report figure","YES/MAYBE - candidate after secret review","False","False"
"outputs\figures\planning_distillation\worst_case_episode_comparison.png",".png","0.038","report figure","YES/MAYBE - candidate after secret review","False","False"
"outputs\figures\ppo_checkpoint_validation\accounting_profit_by_checkpoint.png",".png","0.14","report figure","YES/MAYBE - candidate after secret review","False","False"
"outputs\figures\ppo_checkpoint_validation\action_distribution_by_checkpoint.png",".png","0.145","report figure","YES/MAYBE - candidate after secret review","False","False"
"outputs\figures\ppo_checkpoint_validation\action_entropy_over_training.png",".png","0.136","report figure","YES/MAYBE - candidate after secret review","False","False"
"outputs\figures\ppo_checkpoint_validation\observed_vs_recovered_checkpoint_comparison.png",".png","0.046","report figure","YES/MAYBE - candidate after secret review","False","False"
"outputs\figures\ppo_checkpoint_validation\paired_profit_difference_vs_always_zero.png",".png","0.13","report figure","YES/MAYBE - candidate after secret review","False","False"
"outputs\figures\ppo_checkpoint_validation\state_dependent_markdown_behavior.png",".png","0.063","report figure","YES/MAYBE - candidate after secret review","False","False"
"outputs\figures\ppo_checkpoint_validation\validation_performance_by_checkpoint.png",".png","0.135","report figure","YES/MAYBE - candidate after secret review","False","False"
"outputs\figures\ppo_checkpoint_validation\waste_rate_by_checkpoint.png",".png","0.137","report figure","YES/MAYBE - candidate after secret review","False","False"
"outputs\figures\ppo_financial_paired_validation\calibration_transmission_summary.png",".png","0.019","report figure","YES/MAYBE - candidate after secret review","False","False"
"outputs\figures\ppo_financial_paired_validation\initial_inventory_comparability.png",".png","0.018","report figure","YES/MAYBE - candidate after secret review","False","False"
"outputs\figures\ppo_financial_paired_validation\markdown_by_fraction_expiring_soon.png",".png","0.048","report figure","YES/MAYBE - candidate after secret review","False","False"
"outputs\figures\ppo_financial_paired_validation\normalized_accounting_profit_by_policy.png",".png","0.087","report figure","YES/MAYBE - candidate after secret review","False","False"
"outputs\figures\ppo_financial_paired_validation\observed_vs_recovered_action_distribution.png",".png","0.04","report figure","YES/MAYBE - candidate after secret review","False","False"
"outputs\figures\ppo_financial_paired_validation\paired_profit_difference_confidence_intervals.png",".png","0.063","report figure","YES/MAYBE - candidate after secret review","False","False"
"outputs\figures\ppo_financial_paired_validation\policy_win_tie_loss_comparison.png",".png","0.12","report figure","YES/MAYBE - candidate after secret review","False","False"
"outputs\figures\ppo_financial_paired_validation\profit_versus_waste_scatter.png",".png","0.04","report figure","YES/MAYBE - candidate after secret review","False","False"
"outputs\figures\ppo_financial_paired_validation\sell_through_rate_by_policy.png",".png","0.085","report figure","YES/MAYBE - candidate after secret review","False","False"
"outputs\figures\ppo_financial_paired_validation\waste_rate_by_policy.png",".png","0.085","report figure","YES/MAYBE - candidate after secret review","False","False"
"outputs\figures\ppo_training_redesign\action_entropy_by_timestep.png",".png","0.056","report figure","YES/MAYBE - candidate after secret review","False","False"
"outputs\figures\ppo_training_redesign\diagnostic_oracle_value_gap_by_timestep.png",".png","0.067","report figure","YES/MAYBE - candidate after secret review","False","False"
"outputs\figures\ppo_training_redesign\high_risk_state_action_behavior.png",".png","0.062","report figure","YES/MAYBE - candidate after secret review","False","False"
"outputs\figures\ppo_training_redesign\multimetric_checkpoint_selection_summary.png",".png","0.052","report figure","YES/MAYBE - candidate after secret review","False","False"
"outputs\figures\ppo_training_redesign\oracle_regret_by_timestep.png",".png","0.067","report figure","YES/MAYBE - candidate after secret review","False","False"
"outputs\figures\ppo_training_redesign\original_vs_redesigned_error_decomposition.png",".png","0.055","report figure","YES/MAYBE - candidate after secret review","False","False"
"outputs\figures\ppo_training_redesign\ppo_vs_always_zero_paired_profit.png",".png","0.062","report figure","YES/MAYBE - candidate after secret review","False","False"
"outputs\figures\ppo_training_redesign\selected_action_distributions.png",".png","0.05","report figure","YES/MAYBE - candidate after secret review","False","False"
"outputs\figures\ppo_training_redesign\selected_model_comparison_after_audit.png",".png","0.072","report figure","YES/MAYBE - candidate after secret review","False","False"
"outputs\figures\ppo_training_redesign\unnecessary_markdown_by_timestep.png",".png","0.06","report figure","YES/MAYBE - candidate after secret review","False","False"
"outputs\figures\ppo_training_redesign\validation_profit_by_timestep.png",".png","0.063","report figure","YES/MAYBE - candidate after secret review","False","False"
"outputs\figures\ppo_training_redesign\zero_action_share_by_timestep.png",".png","0.054","report figure","YES/MAYBE - candidate after secret review","False","False"
"outputs\figures\pricing_env_validation\action_effect_curves.png",".png","0.05","report figure","YES/MAYBE - candidate after secret review","False","False"
"outputs\figures\pricing_env_validation\conservation_error_summary.png",".png","0.022","report figure","YES/MAYBE - candidate after secret review","False","False"
"outputs\figures\pricing_env_validation\inventory_sales_waste_trajectory.png",".png","0.136","report figure","YES/MAYBE - candidate after secret review","False","False"
"outputs\figures\pricing_env_validation\observed_vs_recovered_calibration_comparison.png",".png","0.049","report figure","YES/MAYBE - candidate after secret review","False","False"
"outputs\figures\pricing_env_validation\preferred_action_by_fraction_expiring_soon.png",".png","0.04","report figure","YES/MAYBE - candidate after secret review","False","False"
"outputs\figures\pricing_env_validation\preferred_action_distribution.png",".png","0.067","report figure","YES/MAYBE - candidate after secret review","False","False"
"outputs\figures\pricing_env_validation\profit_comparison_by_fixed_policy.png",".png","0.061","report figure","YES/MAYBE - candidate after secret review","False","False"
"outputs\figures\pricing_env_validation\profit_versus_waste_scatter.png",".png","0.03","report figure","YES/MAYBE - candidate after secret review","False","False"
"outputs\figures\pricing_env_validation\remaining_life_bucket_trajectory.png",".png","0.021","report figure","YES/MAYBE - candidate after secret review","False","False"
"outputs\figures\pricing_env_validation\reward_component_distributions.png",".png","0.023","report figure","YES/MAYBE - candidate after secret review","False","False"
"outputs\figures\pricing_env_validation\scenario_sensitivity_matrix.png",".png","0.023","report figure","YES/MAYBE - candidate after secret review","False","False"
"outputs\figures\pricing_env_validation\waste_comparison_by_fixed_policy.png",".png","0.06","report figure","YES/MAYBE - candidate after secret review","False","False"
"outputs\figures\sustainability_opportunity_audit\fixed_policy_ranking_by_lambda.png",".png","0.031","report figure","YES/MAYBE - candidate after secret review","False","False"
"outputs\figures\sustainability_opportunity_audit\normalized_profit_by_scenario_and_policy.png",".png","0.065","report figure","YES/MAYBE - candidate after secret review","False","False"
"outputs\figures\sustainability_opportunity_audit\profit_versus_waste_scatter_candidate_scenarios.png",".png","0.031","report figure","YES/MAYBE - candidate after secret review","False","False"
"outputs\figures\sustainability_opportunity_audit\reward_component_magnitude_by_lambda.png",".png","0.047","report figure","YES/MAYBE - candidate after secret review","False","False"
"outputs\figures\sustainability_opportunity_audit\selected_sustainability_scenario_overview.png",".png","0.032","report figure","YES/MAYBE - candidate after secret review","False","False"
"outputs\figures\sustainability_opportunity_audit\waste_rate_by_scenario_and_policy.png",".png","0.069","report figure","YES/MAYBE - candidate after secret review","False","False"
"outputs\figures\sustainability_opportunity_audit\waste_reduction_versus_profit_sacrifice.png",".png","0.032","report figure","YES/MAYBE - candidate after secret review","False","False"
"outputs\figures\sustainability_tradeoff_analysis\empirical_nondominated_policy_set.png",".png","0.031","report figure","YES/MAYBE - candidate after secret review","False","False"
"outputs\figures\sustainability_tradeoff_analysis\managerial_decision_map.png",".png","0.042","report figure","YES/MAYBE - candidate after secret review","False","False"
"outputs\figures\sustainability_tradeoff_analysis\observed_vs_recovered_calibration_tradeoff.png",".png","0.03","report figure","YES/MAYBE - candidate after secret review","False","False"
"outputs\figures\sustainability_tradeoff_analysis\policy_normalized_profit_by_scenario.png",".png","0.047","report figure","YES/MAYBE - candidate after secret review","False","False"
"outputs\figures\sustainability_tradeoff_analysis\policy_waste_rate_by_scenario.png",".png","0.052","report figure","YES/MAYBE - candidate after secret review","False","False"
"outputs\figures\sustainability_tradeoff_analysis\profit_vs_waste_scatter_by_scenario.png",".png","0.041","report figure","YES/MAYBE - candidate after secret review","False","False"
"outputs\figures\sustainability_tradeoff_analysis\scenario_tradeoff_classification.png",".png","0.047","report figure","YES/MAYBE - candidate after secret review","False","False"
"outputs\figures\sustainability_tradeoff_analysis\waste_constrained_policy_recommendations.png",".png","0.057","report figure","YES/MAYBE - candidate after secret review","False","False"
"outputs\figures\sustainability_tradeoff_analysis\waste_reduction_efficiency.png",".png","0.032","report figure","YES/MAYBE - candidate after secret review","False","False"
"outputs\figures\sustainability_tradeoff_analysis\waste_reduction_vs_profit_sacrifice.png",".png","0.032","report figure","YES/MAYBE - candidate after secret review","False","False"
"outputs\manifests\high_risk_b_expanded_validation_manifest.csv",".csv","0.002","episode or artifact manifest","YES/MAYBE - candidate after secret review","False","False"
"outputs\manifests\high_risk_b_final_test_manifest.csv",".csv","0.008","episode or artifact manifest","YES/MAYBE - candidate after secret review","False","False"
"outputs\manifests\high_risk_b_final_test_manifest.partial.csv",".csv","0.008","episode or artifact manifest","YES/MAYBE - candidate after secret review","False","False"
"outputs\models\.gitkeep",".gitkeep","0","model artifact or metadata","YES/MAYBE - candidate after secret review","False","False"
"outputs\models\discount_response_config.json",".json","0.003","model artifact or metadata","YES/MAYBE - candidate after secret review","False","False"
"outputs\models\discount_response_observed.joblib",".joblib","0.651","model artifact or metadata","YES/MAYBE - candidate after secret review","False","False"
"outputs\models\discount_response_recovered.joblib",".joblib","0.651","model artifact or metadata","YES/MAYBE - candidate after secret review","False","False"
"outputs\models\freshretail_latent_demand_model.joblib",".joblib","5.496","model artifact or metadata","YES/MAYBE - candidate after secret review","False","False"
"outputs\models\dqn_high_risk_b\STABLE_DQN\seed_42\final_model.zip",".zip","0.373","model artifact or metadata","MAYBE - essential model only, preferably LFS or external artifact manifest","False","True"
"outputs\models\dqn_high_risk_b\STABLE_DQN\seed_42\run_state.json",".json","0.001","model artifact or metadata","YES/MAYBE - candidate after secret review","False","False"
"outputs\models\dqn_high_risk_b\STABLE_DQN\seed_42\training_config.json",".json","0.001","model artifact or metadata","YES/MAYBE - candidate after secret review","False","False"
"outputs\models\dqn_high_risk_b\STABLE_DQN\seed_42\vecnormalize.pkl",".pkl","0.003","model artifact or metadata","YES/MAYBE - candidate after secret review","False","False"
"outputs\models\dqn_high_risk_b\STABLE_DQN\seed_42\checkpoints\dqn_5000_steps.zip",".zip","0.373","model artifact or metadata","MAYBE - essential model only, preferably LFS or external artifact manifest","False","True"
"outputs\models\dqn_high_risk_b\STABLE_DQN\seed_42\checkpoints\vecnormalize_5000_steps.pkl",".pkl","0.003","model artifact or metadata","YES/MAYBE - candidate after secret review","False","False"
"outputs\models\dqn_high_risk_b\STABLE_DQN\seed_42\monitor\monitor_42.csv.monitor.csv",".csv","0.03","model artifact or metadata","YES/MAYBE - candidate after secret review","False","False"
"outputs\models\dqn_high_risk_b\STANDARD_DQN\seed_123\final_model.zip",".zip","0.372","model artifact or metadata","MAYBE - essential model only, preferably LFS or external artifact manifest","False","True"
"outputs\models\dqn_high_risk_b\STANDARD_DQN\seed_123\run_state.json",".json","0.001","model artifact or metadata","YES/MAYBE - candidate after secret review","False","False"
"outputs\models\dqn_high_risk_b\STANDARD_DQN\seed_123\training_config.json",".json","0.001","model artifact or metadata","YES/MAYBE - candidate after secret review","False","False"
"outputs\models\dqn_high_risk_b\STANDARD_DQN\seed_123\vecnormalize.pkl",".pkl","0.002","model artifact or metadata","YES/MAYBE - candidate after secret review","False","False"
"outputs\models\dqn_high_risk_b\STANDARD_DQN\seed_123\checkpoints\dqn_10000_steps.zip",".zip","0.373","model artifact or metadata","MAYBE - essential model only, preferably LFS or external artifact manifest","False","True"
"outputs\models\dqn_high_risk_b\STANDARD_DQN\seed_123\checkpoints\dqn_15000_steps.zip",".zip","0.373","model artifact or metadata","MAYBE - essential model only, preferably LFS or external artifact manifest","False","True"
"outputs\models\dqn_high_risk_b\STANDARD_DQN\seed_123\checkpoints\dqn_20000_steps.zip",".zip","0.373","model artifact or metadata","MAYBE - essential model only, preferably LFS or external artifact manifest","False","True"
"outputs\models\dqn_high_risk_b\STANDARD_DQN\seed_123\checkpoints\dqn_25000_steps.zip",".zip","0.373","model artifact or metadata","MAYBE - essential model only, preferably LFS or external artifact manifest","False","True"
"outputs\models\dqn_high_risk_b\STANDARD_DQN\seed_123\checkpoints\dqn_30000_steps.zip",".zip","0.373","model artifact or metadata","MAYBE - essential model only, preferably LFS or external artifact manifest","False","True"
"outputs\models\dqn_high_risk_b\STANDARD_DQN\seed_123\checkpoints\dqn_5000_steps.zip",".zip","0.373","model artifact or metadata","MAYBE - essential model only, preferably LFS or external artifact manifest","False","True"
"outputs\models\dqn_high_risk_b\STANDARD_DQN\seed_123\checkpoints\vecnormalize_10000_steps.pkl",".pkl","0.003","model artifact or metadata","YES/MAYBE - candidate after secret review","False","False"
"outputs\models\dqn_high_risk_b\STANDARD_DQN\seed_123\checkpoints\vecnormalize_15000_steps.pkl",".pkl","0.003","model artifact or metadata","YES/MAYBE - candidate after secret review","False","False"
"outputs\models\dqn_high_risk_b\STANDARD_DQN\seed_123\checkpoints\vecnormalize_20000_steps.pkl",".pkl","0.003","model artifact or metadata","YES/MAYBE - candidate after secret review","False","False"
"outputs\models\dqn_high_risk_b\STANDARD_DQN\seed_123\checkpoints\vecnormalize_25000_steps.pkl",".pkl","0.002","model artifact or metadata","YES/MAYBE - candidate after secret review","False","False"
"outputs\models\dqn_high_risk_b\STANDARD_DQN\seed_123\checkpoints\vecnormalize_30000_steps.pkl",".pkl","0.002","model artifact or metadata","YES/MAYBE - candidate after secret review","False","False"
"outputs\models\dqn_high_risk_b\STANDARD_DQN\seed_123\checkpoints\vecnormalize_5000_steps.pkl",".pkl","0.003","model artifact or metadata","YES/MAYBE - candidate after secret review","False","False"
"outputs\models\dqn_high_risk_b\STANDARD_DQN\seed_123\monitor\monitor_123.csv.monitor.csv",".csv","0","model artifact or metadata","YES/MAYBE - candidate after secret review","False","False"
"outputs\models\dqn_high_risk_b\STANDARD_DQN\seed_42\final_model.zip",".zip","0.372","model artifact or metadata","MAYBE - essential model only, preferably LFS or external artifact manifest","False","True"
"outputs\models\dqn_high_risk_b\STANDARD_DQN\seed_42\run_state.json",".json","0.001","model artifact or metadata","YES/MAYBE - candidate after secret review","False","False"
"outputs\models\dqn_high_risk_b\STANDARD_DQN\seed_42\training_config.json",".json","0.001","model artifact or metadata","YES/MAYBE - candidate after secret review","False","False"
"outputs\models\dqn_high_risk_b\STANDARD_DQN\seed_42\vecnormalize.pkl",".pkl","0.002","model artifact or metadata","YES/MAYBE - candidate after secret review","False","False"
"outputs\models\dqn_high_risk_b\STANDARD_DQN\seed_42\checkpoints\dqn_10000_steps.zip",".zip","0.373","model artifact or metadata","MAYBE - essential model only, preferably LFS or external artifact manifest","False","True"
"outputs\models\dqn_high_risk_b\STANDARD_DQN\seed_42\checkpoints\dqn_15000_steps.zip",".zip","0.373","model artifact or metadata","MAYBE - essential model only, preferably LFS or external artifact manifest","False","True"
"outputs\models\dqn_high_risk_b\STANDARD_DQN\seed_42\checkpoints\dqn_20000_steps.zip",".zip","0.373","model artifact or metadata","MAYBE - essential model only, preferably LFS or external artifact manifest","False","True"
"outputs\models\dqn_high_risk_b\STANDARD_DQN\seed_42\checkpoints\dqn_25000_steps.zip",".zip","0.373","model artifact or metadata","MAYBE - essential model only, preferably LFS or external artifact manifest","False","True"
"outputs\models\dqn_high_risk_b\STANDARD_DQN\seed_42\checkpoints\dqn_30000_steps.zip",".zip","0.373","model artifact or metadata","MAYBE - essential model only, preferably LFS or external artifact manifest","False","True"
"outputs\models\dqn_high_risk_b\STANDARD_DQN\seed_42\checkpoints\dqn_5000_steps.zip",".zip","0.373","model artifact or metadata","MAYBE - essential model only, preferably LFS or external artifact manifest","False","True"
"outputs\models\dqn_high_risk_b\STANDARD_DQN\seed_42\checkpoints\vecnormalize_10000_steps.pkl",".pkl","0.003","model artifact or metadata","YES/MAYBE - candidate after secret review","False","False"
"outputs\models\dqn_high_risk_b\STANDARD_DQN\seed_42\checkpoints\vecnormalize_15000_steps.pkl",".pkl","0.003","model artifact or metadata","YES/MAYBE - candidate after secret review","False","False"
"outputs\models\dqn_high_risk_b\STANDARD_DQN\seed_42\checkpoints\vecnormalize_20000_steps.pkl",".pkl","0.003","model artifact or metadata","YES/MAYBE - candidate after secret review","False","False"
"outputs\models\dqn_high_risk_b\STANDARD_DQN\seed_42\checkpoints\vecnormalize_25000_steps.pkl",".pkl","0.002","model artifact or metadata","YES/MAYBE - candidate after secret review","False","False"
"outputs\models\dqn_high_risk_b\STANDARD_DQN\seed_42\checkpoints\vecnormalize_30000_steps.pkl",".pkl","0.002","model artifact or metadata","YES/MAYBE - candidate after secret review","False","False"
"outputs\models\dqn_high_risk_b\STANDARD_DQN\seed_42\checkpoints\vecnormalize_5000_steps.pkl",".pkl","0.003","model artifact or metadata","YES/MAYBE - candidate after secret review","False","False"
"outputs\models\dqn_high_risk_b\STANDARD_DQN\seed_42\monitor\monitor_42.csv.monitor.csv",".csv","0","model artifact or metadata","YES/MAYBE - candidate after secret review","False","False"
"outputs\models\dqn_high_risk_b\STANDARD_DQN\seed_456\final_model.zip",".zip","0.372","model artifact or metadata","MAYBE - essential model only, preferably LFS or external artifact manifest","False","True"
"outputs\models\dqn_high_risk_b\STANDARD_DQN\seed_456\run_state.json",".json","0.001","model artifact or metadata","YES/MAYBE - candidate after secret review","False","False"
"outputs\models\dqn_high_risk_b\STANDARD_DQN\seed_456\training_config.json",".json","0.001","model artifact or metadata","YES/MAYBE - candidate after secret review","False","False"
"outputs\models\dqn_high_risk_b\STANDARD_DQN\seed_456\vecnormalize.pkl",".pkl","0.002","model artifact or metadata","YES/MAYBE - candidate after secret review","False","False"
"outputs\models\dqn_high_risk_b\STANDARD_DQN\seed_456\checkpoints\dqn_10000_steps.zip",".zip","0.373","model artifact or metadata","MAYBE - essential model only, preferably LFS or external artifact manifest","False","True"
"outputs\models\dqn_high_risk_b\STANDARD_DQN\seed_456\checkpoints\dqn_15000_steps.zip",".zip","0.373","model artifact or metadata","MAYBE - essential model only, preferably LFS or external artifact manifest","False","True"
"outputs\models\dqn_high_risk_b\STANDARD_DQN\seed_456\checkpoints\dqn_20000_steps.zip",".zip","0.373","model artifact or metadata","MAYBE - essential model only, preferably LFS or external artifact manifest","False","True"
"outputs\models\dqn_high_risk_b\STANDARD_DQN\seed_456\checkpoints\dqn_25000_steps.zip",".zip","0.373","model artifact or metadata","MAYBE - essential model only, preferably LFS or external artifact manifest","False","True"
"outputs\models\dqn_high_risk_b\STANDARD_DQN\seed_456\checkpoints\dqn_30000_steps.zip",".zip","0.373","model artifact or metadata","MAYBE - essential model only, preferably LFS or external artifact manifest","False","True"
"outputs\models\dqn_high_risk_b\STANDARD_DQN\seed_456\checkpoints\dqn_5000_steps.zip",".zip","0.373","model artifact or metadata","MAYBE - essential model only, preferably LFS or external artifact manifest","False","True"
"outputs\models\dqn_high_risk_b\STANDARD_DQN\seed_456\checkpoints\vecnormalize_10000_steps.pkl",".pkl","0.003","model artifact or metadata","YES/MAYBE - candidate after secret review","False","False"
"outputs\models\dqn_high_risk_b\STANDARD_DQN\seed_456\checkpoints\vecnormalize_15000_steps.pkl",".pkl","0.003","model artifact or metadata","YES/MAYBE - candidate after secret review","False","False"
"outputs\models\dqn_high_risk_b\STANDARD_DQN\seed_456\checkpoints\vecnormalize_20000_steps.pkl",".pkl","0.003","model artifact or metadata","YES/MAYBE - candidate after secret review","False","False"
"outputs\models\dqn_high_risk_b\STANDARD_DQN\seed_456\checkpoints\vecnormalize_25000_steps.pkl",".pkl","0.003","model artifact or metadata","YES/MAYBE - candidate after secret review","False","False"
"outputs\models\dqn_high_risk_b\STANDARD_DQN\seed_456\checkpoints\vecnormalize_30000_steps.pkl",".pkl","0.003","model artifact or metadata","YES/MAYBE - candidate after secret review","False","False"
"outputs\models\dqn_high_risk_b\STANDARD_DQN\seed_456\checkpoints\vecnormalize_5000_steps.pkl",".pkl","0.003","model artifact or metadata","YES/MAYBE - candidate after secret review","False","False"
"outputs\models\dqn_high_risk_b\STANDARD_DQN\seed_456\monitor\monitor_456.csv.monitor.csv",".csv","0","model artifact or metadata","YES/MAYBE - candidate after secret review","False","False"
"outputs\models\planning_distillation\best_planning_distilled_model.pkl",".pkl","0.98","model artifact or metadata","YES/MAYBE - candidate after secret review","False","False"
"outputs\models\ppo_operational\observed_financial\seed_42\best_model.zip",".zip","0.545","model artifact or metadata","MAYBE - essential model only, preferably LFS or external artifact manifest","False","True"
"outputs\models\ppo_operational\observed_financial\seed_42\final_model.zip",".zip","0.545","model artifact or metadata","MAYBE - essential model only, preferably LFS or external artifact manifest","False","True"
"outputs\models\ppo_operational\observed_financial\seed_42\learning_curve.csv",".csv","0.001","model artifact or metadata","YES/MAYBE - candidate after secret review","False","False"
"outputs\models\ppo_operational\observed_financial\seed_42\run_state.json",".json","0.001","model artifact or metadata","YES/MAYBE - candidate after secret review","False","False"
"outputs\models\ppo_operational\observed_financial\seed_42\training_config.json",".json","0.001","model artifact or metadata","YES/MAYBE - candidate after secret review","False","False"
"outputs\models\ppo_operational\observed_financial\seed_42\training_summary.json",".json","0.002","model artifact or metadata","YES/MAYBE - candidate after secret review","False","False"
"outputs\models\ppo_operational\observed_financial\seed_42\vecnormalize.pkl",".pkl","0.003","model artifact or metadata","YES/MAYBE - candidate after secret review","False","False"
"outputs\models\ppo_operational\observed_financial\seed_42\checkpoints\pilot_observed_financial_17288_steps.zip",".zip","0.545","model artifact or metadata","MAYBE - essential model only, preferably LFS or external artifact manifest","False","True"
"outputs\models\ppo_operational\observed_financial\seed_42\checkpoints\pilot_observed_financial_22288_steps.zip",".zip","0.545","model artifact or metadata","MAYBE - essential model only, preferably LFS or external artifact manifest","False","True"
"outputs\models\ppo_operational\observed_financial\seed_42\checkpoints\pilot_observed_financial_27288_steps.zip",".zip","0.545","model artifact or metadata","MAYBE - essential model only, preferably LFS or external artifact manifest","False","True"
"outputs\models\ppo_operational\observed_financial\seed_42\checkpoints\pilot_observed_financial_32288_steps.zip",".zip","0.545","model artifact or metadata","MAYBE - essential model only, preferably LFS or external artifact manifest","False","True"
"outputs\models\ppo_operational\observed_financial\seed_42\monitor\monitor_1051.csv.monitor.csv",".csv","0.041","model artifact or metadata","YES/MAYBE - candidate after secret review","False","False"
"outputs\models\ppo_operational\observed_financial\seed_42\monitor\monitor_2060.csv.monitor.csv",".csv","0.041","model artifact or metadata","YES/MAYBE - candidate after secret review","False","False"
"outputs\models\ppo_operational\observed_financial\seed_42\monitor\monitor_3069.csv.monitor.csv",".csv","0.041","model artifact or metadata","YES/MAYBE - candidate after secret review","False","False"
"outputs\models\ppo_operational\observed_financial\seed_42\monitor\monitor_42.csv.monitor.csv",".csv","0.042","model artifact or metadata","YES/MAYBE - candidate after secret review","False","False"
"outputs\models\ppo_operational\recovered_financial\seed_42\best_model.zip",".zip","0.545","model artifact or metadata","MAYBE - essential model only, preferably LFS or external artifact manifest","False","True"
"outputs\models\ppo_operational\recovered_financial\seed_42\final_model.zip",".zip","0.545","model artifact or metadata","MAYBE - essential model only, preferably LFS or external artifact manifest","False","True"
"outputs\models\ppo_operational\recovered_financial\seed_42\learning_curve.csv",".csv","0.001","model artifact or metadata","YES/MAYBE - candidate after secret review","False","False"
"outputs\models\ppo_operational\recovered_financial\seed_42\run_state.json",".json","0.001","model artifact or metadata","YES/MAYBE - candidate after secret review","False","False"
"outputs\models\ppo_operational\recovered_financial\seed_42\training_config.json",".json","0.001","model artifact or metadata","YES/MAYBE - candidate after secret review","False","False"
"outputs\models\ppo_operational\recovered_financial\seed_42\training_summary.json",".json","0.002","model artifact or metadata","YES/MAYBE - candidate after secret review","False","False"
"outputs\models\ppo_operational\recovered_financial\seed_42\vecnormalize.pkl",".pkl","0.003","model artifact or metadata","YES/MAYBE - candidate after secret review","False","False"
"outputs\models\ppo_operational\recovered_financial\seed_42\checkpoints\pilot_recovered_financial_17288_steps.zip",".zip","0.545","model artifact or metadata","MAYBE - essential model only, preferably LFS or external artifact manifest","False","True"
"outputs\models\ppo_operational\recovered_financial\seed_42\checkpoints\pilot_recovered_financial_22288_steps.zip",".zip","0.545","model artifact or metadata","MAYBE - essential model only, preferably LFS or external artifact manifest","False","True"
"outputs\models\ppo_operational\recovered_financial\seed_42\checkpoints\pilot_recovered_financial_27288_steps.zip",".zip","0.545","model artifact or metadata","MAYBE - essential model only, preferably LFS or external artifact manifest","False","True"
"outputs\models\ppo_operational\recovered_financial\seed_42\checkpoints\pilot_recovered_financial_32288_steps.zip",".zip","0.545","model artifact or metadata","MAYBE - essential model only, preferably LFS or external artifact manifest","False","True"
"outputs\models\ppo_operational\recovered_financial\seed_42\checkpoints\smoke_recovered_financial_128_steps.zip",".zip","0.193","model artifact or metadata","MAYBE - essential model only, preferably LFS or external artifact manifest","False","True"
"outputs\models\ppo_operational\recovered_financial\seed_42\checkpoints\smoke_recovered_financial_32_steps.zip",".zip","0.192","model artifact or metadata","MAYBE - essential model only, preferably LFS or external artifact manifest","False","True"
"outputs\models\ppo_operational\recovered_financial\seed_42\checkpoints\smoke_recovered_financial_4000_steps.zip",".zip","0.196","model artifact or metadata","MAYBE - essential model only, preferably LFS or external artifact manifest","False","True"
"outputs\models\ppo_operational\recovered_financial\seed_42\checkpoints\smoke_recovered_financial_64_steps.zip",".zip","0.192","model artifact or metadata","MAYBE - essential model only, preferably LFS or external artifact manifest","False","True"
"outputs\models\ppo_operational\recovered_financial\seed_42\checkpoints\smoke_recovered_financial_96_steps.zip",".zip","0.193","model artifact or metadata","MAYBE - essential model only, preferably LFS or external artifact manifest","False","True"
"outputs\models\ppo_operational\recovered_financial\seed_42\monitor\monitor_1051.csv.monitor.csv",".csv","0.041","model artifact or metadata","YES/MAYBE - candidate after secret review","False","False"
"outputs\models\ppo_operational\recovered_financial\seed_42\monitor\monitor_2060.csv.monitor.csv",".csv","0.042","model artifact or metadata","YES/MAYBE - candidate after secret review","False","False"
"outputs\models\ppo_operational\recovered_financial\seed_42\monitor\monitor_3069.csv.monitor.csv",".csv","0.041","model artifact or metadata","YES/MAYBE - candidate after secret review","False","False"
"outputs\models\ppo_operational\recovered_financial\seed_42\monitor\monitor_42.csv.monitor.csv",".csv","0.041","model artifact or metadata","YES/MAYBE - candidate after secret review","False","False"
"outputs\models\ppo_operational\recovered_financial_metrics\seed_77\best_model.zip",".zip","0.54","model artifact or metadata","MAYBE - essential model only, preferably LFS or external artifact manifest","False","True"
"outputs\models\ppo_operational\recovered_financial_metrics\seed_77\final_model.zip",".zip","0.54","model artifact or metadata","MAYBE - essential model only, preferably LFS or external artifact manifest","False","True"
"outputs\models\ppo_operational\recovered_financial_metrics\seed_77\learning_curve.csv",".csv","0","model artifact or metadata","YES/MAYBE - candidate after secret review","False","False"
"outputs\models\ppo_operational\recovered_financial_metrics\seed_77\training_config.json",".json","0.001","model artifact or metadata","YES/MAYBE - candidate after secret review","False","False"
"outputs\models\ppo_operational\recovered_financial_metrics\seed_77\training_summary.json",".json","0.001","model artifact or metadata","YES/MAYBE - candidate after secret review","False","False"
"outputs\models\ppo_operational\recovered_financial_metrics\seed_77\vecnormalize.pkl",".pkl","0.003","model artifact or metadata","YES/MAYBE - candidate after secret review","False","False"
"outputs\models\ppo_operational\recovered_financial_metrics\seed_77\checkpoints\smoke_recovered_financial_metrics_4_steps.zip",".zip","0.191","model artifact or metadata","MAYBE - essential model only, preferably LFS or external artifact manifest","False","True"
"outputs\models\ppo_operational\recovered_financial_metrics\seed_77\checkpoints\smoke_recovered_financial_metrics_8_steps.zip",".zip","0.191","model artifact or metadata","MAYBE - essential model only, preferably LFS or external artifact manifest","False","True"
"outputs\models\ppo_operational\recovered_financial_metrics\seed_77\monitor\monitor_77.csv.monitor.csv",".csv","0","model artifact or metadata","YES/MAYBE - candidate after secret review","False","False"
"outputs\models\ppo_operational\recovered_financial_pytest\seed_2026\best_model.zip",".zip","0.54","model artifact or metadata","MAYBE - essential model only, preferably LFS or external artifact manifest","False","True"
"outputs\models\ppo_operational\recovered_financial_pytest\seed_2026\final_model.zip",".zip","0.54","model artifact or metadata","MAYBE - essential model only, preferably LFS or external artifact manifest","False","True"
"outputs\models\ppo_operational\recovered_financial_pytest\seed_2026\learning_curve.csv",".csv","0","model artifact or metadata","YES/MAYBE - candidate after secret review","False","False"
"outputs\models\ppo_operational\recovered_financial_pytest\seed_2026\training_config.json",".json","0.001","model artifact or metadata","YES/MAYBE - candidate after secret review","False","False"
"outputs\models\ppo_operational\recovered_financial_pytest\seed_2026\training_summary.json",".json","0.001","model artifact or metadata","YES/MAYBE - candidate after secret review","False","False"
"outputs\models\ppo_operational\recovered_financial_pytest\seed_2026\vecnormalize.pkl",".pkl","0.003","model artifact or metadata","YES/MAYBE - candidate after secret review","False","False"
"outputs\models\ppo_operational\recovered_financial_pytest\seed_2026\checkpoints\smoke_recovered_financial_pytest_4_steps.zip",".zip","0.191","model artifact or metadata","MAYBE - essential model only, preferably LFS or external artifact manifest","False","True"
"outputs\models\ppo_operational\recovered_financial_pytest\seed_2026\checkpoints\smoke_recovered_financial_pytest_8_steps.zip",".zip","0.191","model artifact or metadata","MAYBE - essential model only, preferably LFS or external artifact manifest","False","True"
"outputs\models\ppo_operational\recovered_financial_pytest\seed_2026\monitor\monitor_2026.csv.monitor.csv",".csv","0","model artifact or metadata","YES/MAYBE - candidate after secret review","False","False"
"outputs\models\ppo_operational\recovered_financial_repro\seed_42\best_model.zip",".zip","0.54","model artifact or metadata","MAYBE - essential model only, preferably LFS or external artifact manifest","False","True"
"outputs\models\ppo_operational\recovered_financial_repro\seed_42\final_model.zip",".zip","0.54","model artifact or metadata","MAYBE - essential model only, preferably LFS or external artifact manifest","False","True"
"outputs\models\ppo_operational\recovered_financial_repro\seed_42\learning_curve.csv",".csv","0","model artifact or metadata","YES/MAYBE - candidate after secret review","False","False"
"outputs\models\ppo_operational\recovered_financial_repro\seed_42\training_config.json",".json","0.001","model artifact or metadata","YES/MAYBE - candidate after secret review","False","False"
"outputs\models\ppo_operational\recovered_financial_repro\seed_42\training_summary.json",".json","0.001","model artifact or metadata","YES/MAYBE - candidate after secret review","False","False"
"outputs\models\ppo_operational\recovered_financial_repro\seed_42\vecnormalize.pkl",".pkl","0.003","model artifact or metadata","YES/MAYBE - candidate after secret review","False","False"
"outputs\models\ppo_operational\recovered_financial_repro\seed_42\checkpoints\smoke_recovered_financial_repro_4_steps.zip",".zip","0.191","model artifact or metadata","MAYBE - essential model only, preferably LFS or external artifact manifest","False","True"
"outputs\models\ppo_operational\recovered_financial_repro\seed_42\checkpoints\smoke_recovered_financial_repro_8_steps.zip",".zip","0.191","model artifact or metadata","MAYBE - essential model only, preferably LFS or external artifact manifest","False","True"
"outputs\models\ppo_operational\recovered_financial_repro\seed_42\monitor\monitor_42.csv.monitor.csv",".csv","0","model artifact or metadata","YES/MAYBE - candidate after secret review","False","False"
"outputs\models\ppo_operational\_pytest_monitor\monitor_1051.csv.monitor.csv",".csv","0","model artifact or metadata","YES/MAYBE - candidate after secret review","False","False"
"outputs\models\ppo_operational\_pytest_monitor\monitor_42.csv.monitor.csv",".csv","0","model artifact or metadata","YES/MAYBE - candidate after secret review","False","False"
"outputs\models\ppo_training_redesign\balanced\seed_123\final_model.zip",".zip","0.545","model artifact or metadata","MAYBE - essential model only, preferably LFS or external artifact manifest","False","True"
"outputs\models\ppo_training_redesign\balanced\seed_123\run_state.json",".json","0","model artifact or metadata","YES/MAYBE - candidate after secret review","False","False"
"outputs\models\ppo_training_redesign\balanced\seed_123\training_metadata.json",".json","0","model artifact or metadata","YES/MAYBE - candidate after secret review","False","False"
"outputs\models\ppo_training_redesign\balanced\seed_123\vecnormalize.pkl",".pkl","0.003","model artifact or metadata","YES/MAYBE - candidate after secret review","False","False"
"outputs\models\ppo_training_redesign\balanced\seed_123\checkpoints\redesign_balanced_10000_steps.zip",".zip","0.545","model artifact or metadata","MAYBE - essential model only, preferably LFS or external artifact manifest","False","True"
"outputs\models\ppo_training_redesign\balanced\seed_123\checkpoints\redesign_balanced_15000_steps.zip",".zip","0.545","model artifact or metadata","MAYBE - essential model only, preferably LFS or external artifact manifest","False","True"
"outputs\models\ppo_training_redesign\balanced\seed_123\checkpoints\redesign_balanced_20000_steps.zip",".zip","0.545","model artifact or metadata","MAYBE - essential model only, preferably LFS or external artifact manifest","False","True"
"outputs\models\ppo_training_redesign\balanced\seed_123\checkpoints\redesign_balanced_5000_steps.zip",".zip","0.545","model artifact or metadata","MAYBE - essential model only, preferably LFS or external artifact manifest","False","True"
"outputs\models\ppo_training_redesign\balanced\seed_123\monitor\monitor_1132.csv.monitor.csv",".csv","0.035","model artifact or metadata","YES/MAYBE - candidate after secret review","False","False"
"outputs\models\ppo_training_redesign\balanced\seed_123\monitor\monitor_123.csv.monitor.csv",".csv","0.036","model artifact or metadata","YES/MAYBE - candidate after secret review","False","False"
"outputs\models\ppo_training_redesign\balanced\seed_123\monitor\monitor_2141.csv.monitor.csv",".csv","0.036","model artifact or metadata","YES/MAYBE - candidate after secret review","False","False"
"outputs\models\ppo_training_redesign\balanced\seed_123\monitor\monitor_3150.csv.monitor.csv",".csv","0.036","model artifact or metadata","YES/MAYBE - candidate after secret review","False","False"
"outputs\models\ppo_training_redesign\balanced_stable\seed_123\final_model.zip",".zip","0.545","model artifact or metadata","MAYBE - essential model only, preferably LFS or external artifact manifest","False","True"
"outputs\models\ppo_training_redesign\balanced_stable\seed_123\run_state.json",".json","0","model artifact or metadata","YES/MAYBE - candidate after secret review","False","False"
"outputs\models\ppo_training_redesign\balanced_stable\seed_123\training_metadata.json",".json","0.001","model artifact or metadata","YES/MAYBE - candidate after secret review","False","False"
"outputs\models\ppo_training_redesign\balanced_stable\seed_123\vecnormalize.pkl",".pkl","0.003","model artifact or metadata","YES/MAYBE - candidate after secret review","False","False"
"outputs\models\ppo_training_redesign\balanced_stable\seed_123\checkpoints\redesign_balanced_stable_10000_steps.zip",".zip","0.545","model artifact or metadata","MAYBE - essential model only, preferably LFS or external artifact manifest","False","True"
"outputs\models\ppo_training_redesign\balanced_stable\seed_123\checkpoints\redesign_balanced_stable_15000_steps.zip",".zip","0.545","model artifact or metadata","MAYBE - essential model only, preferably LFS or external artifact manifest","False","True"
"outputs\models\ppo_training_redesign\balanced_stable\seed_123\checkpoints\redesign_balanced_stable_20000_steps.zip",".zip","0.545","model artifact or metadata","MAYBE - essential model only, preferably LFS or external artifact manifest","False","True"
"outputs\models\ppo_training_redesign\balanced_stable\seed_123\checkpoints\redesign_balanced_stable_5000_steps.zip",".zip","0.545","model artifact or metadata","MAYBE - essential model only, preferably LFS or external artifact manifest","False","True"
"outputs\models\ppo_training_redesign\balanced_stable\seed_123\monitor\monitor_1132.csv.monitor.csv",".csv","0.036","model artifact or metadata","YES/MAYBE - candidate after secret review","False","False"
"outputs\models\ppo_training_redesign\balanced_stable\seed_123\monitor\monitor_123.csv.monitor.csv",".csv","0.036","model artifact or metadata","YES/MAYBE - candidate after secret review","False","False"
"outputs\models\ppo_training_redesign\balanced_stable\seed_123\monitor\monitor_2141.csv.monitor.csv",".csv","0.036","model artifact or metadata","YES/MAYBE - candidate after secret review","False","False"
"outputs\models\ppo_training_redesign\balanced_stable\seed_123\monitor\monitor_3150.csv.monitor.csv",".csv","0.036","model artifact or metadata","YES/MAYBE - candidate after secret review","False","False"
"outputs\tables\.gitkeep",".gitkeep","0","result table","YES/MAYBE - candidate after secret review","False","False"
"outputs\tables\discount_response_action_ranking.csv",".csv","0.007","result table","YES/MAYBE - candidate after secret review","False","False"
"outputs\tables\discount_response_bias_transmission_summary.csv",".csv","0.001","result table","YES/MAYBE - candidate after secret review","False","False"
"outputs\tables\discount_response_by_product.csv",".csv","0.022","result table","YES/MAYBE - candidate after secret review","False","False"
"outputs\tables\discount_response_by_store.csv",".csv","0.028","result table","YES/MAYBE - candidate after secret review","False","False"
"outputs\tables\discount_response_comparison_by_segment.csv",".csv","0.014","result table","YES/MAYBE - candidate after secret review","False","False"
"outputs\tables\discount_response_confounding_audit.csv",".csv","0.001","result table","YES/MAYBE - candidate after secret review","False","False"
"outputs\tables\discount_response_correlations.csv",".csv","0.001","result table","YES/MAYBE - candidate after secret review","False","False"
"outputs\tables\discount_response_curves.csv",".csv","0.173","result table","YES/MAYBE - candidate after secret review","False","False"
"outputs\tables\discount_response_descriptive_summary.csv",".csv","0.001","result table","YES/MAYBE - candidate after secret review","False","False"
"outputs\tables\discount_response_implied_sensitivity.csv",".csv","0.017","result table","YES/MAYBE - candidate after secret review","False","False"
"outputs\tables\discount_response_markdown_support.csv",".csv","0.003","result table","YES/MAYBE - candidate after secret review","False","False"
"outputs\tables\discount_response_model_metrics.csv",".csv","0.001","result table","YES/MAYBE - candidate after secret review","False","False"
"outputs\tables\discount_response_robustness.csv",".csv","0.001","result table","YES/MAYBE - candidate after secret review","False","False"
"outputs\tables\discount_response_segment_metrics.csv",".csv","0.018","result table","YES/MAYBE - candidate after secret review","False","False"
"outputs\tables\discount_response_support_audit.csv",".csv","0","result table","YES/MAYBE - candidate after secret review","False","False"
"outputs\tables\discount_response_target_comparison.csv",".csv","0.139","result table","YES/MAYBE - candidate after secret review","False","False"
"outputs\tables\dqn_canonical_candidate_selection.csv",".csv","0.001","result table","YES/MAYBE - candidate after secret review","False","False"
"outputs\tables\dqn_checkpoint_evaluation_all_seeds.csv",".csv","0.013","result table","YES/MAYBE - candidate after secret review","False","False"
"outputs\tables\dqn_checkpoint_state_actions.csv",".csv","0.15","result table","YES/MAYBE - candidate after secret review","False","False"
"outputs\tables\dqn_checkpoint_validation_episode_results.csv",".csv","0.141","result table","YES/MAYBE - candidate after secret review","False","False"
"outputs\tables\dqn_checkpoint_validation_summary.csv",".csv","0.011","result table","YES/MAYBE - candidate after secret review","False","False"
"outputs\tables\dqn_clustered_validation_inference.csv",".csv","0.001","result table","YES/MAYBE - candidate after secret review","False","False"
"outputs\tables\dqn_environment_compatibility_audit.csv",".csv","0.001","result table","YES/MAYBE - candidate after secret review","False","False"
"outputs\tables\dqn_episode_mean_gain_across_seeds.csv",".csv","0.002","result table","YES/MAYBE - candidate after secret review","False","False"
"outputs\tables\dqn_equal_weight_ensemble_state_actions.csv",".csv","0.013","result table","YES/MAYBE - candidate after secret review","False","False"
"outputs\tables\dqn_equal_weight_ensemble_validation.csv",".csv","0.001","result table","YES/MAYBE - candidate after secret review","False","False"
"outputs\tables\dqn_final_candidate_comparison.csv",".csv","0.004","result table","YES/MAYBE - candidate after secret review","False","False"
"outputs\tables\dqn_pooled_inference_audit.csv",".csv","0.001","result table","YES/MAYBE - candidate after secret review","False","False"
"outputs\tables\dqn_pooled_validation_results.csv",".csv","0.001","result table","YES/MAYBE - candidate after secret review","False","False"
"outputs\tables\dqn_seed_by_episode_profit_differences.csv",".csv","0.019","result table","YES/MAYBE - candidate after secret review","False","False"
"outputs\tables\dqn_seed_stability.csv",".csv","0.001","result table","YES/MAYBE - candidate after secret review","False","False"
"outputs\tables\dqn_training_population_audit.csv",".csv","0.001","result table","YES/MAYBE - candidate after secret review","False","False"
"outputs\tables\dqn_worst_episode_diagnostics.csv",".csv","0.002","result table","YES/MAYBE - candidate after secret review","False","False"
"outputs\tables\final_candidate_model_comparison.csv",".csv","0","result table","YES/MAYBE - candidate after secret review","False","False"
"outputs\tables\final_candidate_paired_episode_results.csv",".csv","0","result table","YES/MAYBE - candidate after secret review","False","False"
"outputs\tables\final_candidate_seed_stability.csv",".csv","0","result table","YES/MAYBE - candidate after secret review","False","False"
"outputs\tables\final_dqn_ensemble_test_episode_results.csv",".csv","0.024","result table","YES/MAYBE - candidate after secret review","False","False"
"outputs\tables\final_dqn_ensemble_test_pairing_audit.csv",".csv","0.004","result table","YES/MAYBE - candidate after secret review","False","False"
"outputs\tables\final_dqn_ensemble_test_population_audit.csv",".csv","0.001","result table","YES/MAYBE - candidate after secret review","False","False"
"outputs\tables\final_dqn_ensemble_test_state_actions.csv",".csv","0.029","result table","YES/MAYBE - candidate after secret review","False","False"
"outputs\tables\final_dqn_ensemble_test_summary.csv",".csv","0.001","result table","YES/MAYBE - candidate after secret review","False","False"
"outputs\tables\final_figure_artifact_inventory.csv",".csv","0.011","result table","YES/MAYBE - candidate after secret review","False","False"
"outputs\tables\final_ppo_training_curve_data.csv",".csv","0.002","result table","YES/MAYBE - candidate after secret review","False","False"
"outputs\tables\final_report_figure_selection.csv",".csv","0.002","result table","YES/MAYBE - candidate after secret review","False","False"
"outputs\tables\final_task_dynamic_value_existing_policy_audit.csv",".csv","0.003","result table","YES/MAYBE - candidate after secret review","False","False"
"outputs\tables\final_task_dynamic_value_planning_audit.csv",".csv","0.001","result table","YES/MAYBE - candidate after secret review","False","False"
"outputs\tables\final_task_locked_baselines.csv",".csv","0.001","result table","YES/MAYBE - candidate after secret review","False","False"
"outputs\tables\final_task_locked_population_definition.csv",".csv","0.001","result table","YES/MAYBE - candidate after secret review","False","False"
"outputs\tables\final_task_phase_gate_decision.csv",".csv","0","result table","YES/MAYBE - candidate after secret review","False","False"
"outputs\tables\final_task_population_candidates.csv",".csv","0.002","result table","YES/MAYBE - candidate after secret review","False","False"
"outputs\tables\final_task_population_summary.csv",".csv","0","result table","YES/MAYBE - candidate after secret review","False","False"
"outputs\tables\final_training_and_result_figures_report.json",".json","0.003","result table","YES/MAYBE - candidate after secret review","False","False"
"outputs\tables\financial_markdown_multistep_action_values.csv",".csv","0.434","result table","YES/MAYBE - candidate after secret review","False","False"
"outputs\tables\financial_markdown_opportunity_classification.csv",".csv","0.002","result table","YES/MAYBE - candidate after secret review","False","False"
"outputs\tables\financial_markdown_opportunity_report.json",".json","0.001","result table","YES/MAYBE - candidate after secret review","False","False"
"outputs\tables\financial_markdown_oracle_diagnostic.csv",".csv","0.051","result table","YES/MAYBE - candidate after secret review","False","False"
"outputs\tables\financial_markdown_ppo_regret.csv",".csv","0.107","result table","YES/MAYBE - candidate after secret review","False","False"
"outputs\tables\financial_markdown_representative_states.csv",".csv","0.012","result table","YES/MAYBE - candidate after secret review","False","False"
"outputs\tables\financial_markdown_state_audit.csv",".csv","0.1","result table","YES/MAYBE - candidate after secret review","False","False"
"outputs\tables\freshretail_column_mapping.csv",".csv","0.003","result table","YES/MAYBE - candidate after secret review","False","False"
"outputs\tables\freshretail_discount_semantics_audit.csv",".csv","0.001","result table","YES/MAYBE - candidate after secret review","False","False"
"outputs\tables\freshretail_file_inventory.csv",".csv","0","result table","YES/MAYBE - candidate after secret review","False","False"
"outputs\tables\freshretail_modeling_subset_series.csv",".csv","0.063","result table","YES/MAYBE - candidate after secret review","False","False"
"outputs\tables\freshretail_modeling_subset_summary.csv",".csv","0.002","result table","YES/MAYBE - candidate after secret review","False","False"
"outputs\tables\freshretail_promotion_support.csv",".csv","0.001","result table","YES/MAYBE - candidate after secret review","False","False"
"outputs\tables\freshretail_schema_summary.csv",".csv","0.008","result table","YES/MAYBE - candidate after secret review","False","False"
"outputs\tables\freshretail_selected_series.csv",".csv","0.004","result table","YES/MAYBE - candidate after secret review","False","False"
"outputs\tables\freshretail_stockout_summary.csv",".csv","0.001","result table","YES/MAYBE - candidate after secret review","False","False"
"outputs\tables\freshretail_subset_representativeness.csv",".csv","0.001","result table","YES/MAYBE - candidate after secret review","False","False"
"outputs\tables\freshretail_subset_summary.csv",".csv","0.001","result table","YES/MAYBE - candidate after secret review","False","False"
"outputs\tables\freshretail_temporal_split_summary.csv",".csv","0","result table","YES/MAYBE - candidate after secret review","False","False"
"outputs\tables\freshretail_timeseries_quality.csv",".csv","0","result table","YES/MAYBE - candidate after secret review","False","False"
"outputs\tables\high_risk_b_distilled_validation_episode_results.csv",".csv","0.014","result table","YES/MAYBE - candidate after secret review","False","False"
"outputs\tables\high_risk_b_distilled_validation_state_actions.csv",".csv","0.122","result table","YES/MAYBE - candidate after secret review","False","False"
"outputs\tables\high_risk_b_expanded_validation_manifest_summary.csv",".csv","0","result table","YES/MAYBE - candidate after secret review","False","False"
"outputs\tables\high_risk_b_final_candidate_comparison.csv",".csv","0.001","result table","YES/MAYBE - candidate after secret review","False","False"
"outputs\tables\high_risk_b_planning_training_labels.csv",".csv","0.419","result table","YES/MAYBE - candidate after secret review","False","False"
"outputs\tables\high_risk_b_planning_training_labels.partial.csv",".csv","0.419","result table","YES/MAYBE - candidate after secret review","False","False"
"outputs\tables\high_risk_b_planning_training_label_summary.csv",".csv","0","result table","YES/MAYBE - candidate after secret review","False","False"
"outputs\tables\latent_demand_censoring_labels.csv",".csv","0.001","result table","YES/MAYBE - candidate after secret review","False","False"
"outputs\tables\latent_demand_model_selection.csv",".csv","0.001","result table","YES/MAYBE - candidate after secret review","False","False"
"outputs\tables\latent_demand_promotion_stockout_interaction.csv",".csv","0.001","result table","YES/MAYBE - candidate after secret review","False","False"
"outputs\tables\latent_demand_recovery_by_markdown.csv",".csv","0.001","result table","YES/MAYBE - candidate after secret review","False","False"
"outputs\tables\latent_demand_recovery_by_product.csv",".csv","0.022","result table","YES/MAYBE - candidate after secret review","False","False"
"outputs\tables\latent_demand_recovery_by_promotion.csv",".csv","0","result table","YES/MAYBE - candidate after secret review","False","False"
"outputs\tables\latent_demand_recovery_by_store.csv",".csv","0.028","result table","YES/MAYBE - candidate after secret review","False","False"
"outputs\tables\latent_demand_recovery_metadata.json",".json","0.001","result table","YES/MAYBE - candidate after secret review","False","False"
"outputs\tables\latent_demand_recovery_robustness.csv",".csv","0","result table","YES/MAYBE - candidate after secret review","False","False"
"outputs\tables\latent_demand_recovery_summary.csv",".csv","0","result table","YES/MAYBE - candidate after secret review","False","False"
"outputs\tables\latent_demand_validation_by_segment.csv",".csv","0.296","result table","YES/MAYBE - candidate after secret review","False","False"
"outputs\tables\latent_demand_validation_metrics.csv",".csv","0.007","result table","YES/MAYBE - candidate after secret review","False","False"
"outputs\tables\latent_demand_validation_predictions.csv",".csv","10.494","result table","YES/MAYBE - candidate after secret review","False","False"
"outputs\tables\limited_horizon_planning_episode_results.csv",".csv","0.014","result table","YES/MAYBE - candidate after secret review","False","False"
"outputs\tables\perishability_accounting_identity_checks.csv",".csv","0.046","result table","YES/MAYBE - candidate after secret review","False","False"
"outputs\tables\perishability_core_scenario_grid.csv",".csv","0.003","result table","YES/MAYBE - candidate after secret review","False","False"
"outputs\tables\perishability_economic_scenarios.csv",".csv","0.001","result table","YES/MAYBE - candidate after secret review","False","False"
"outputs\tables\perishability_inventory_initialization_scenarios.csv",".csv","0.002","result table","YES/MAYBE - candidate after secret review","False","False"
"outputs\tables\perishability_markdown_action_audit.csv",".csv","0.007","result table","YES/MAYBE - candidate after secret review","False","False"
"outputs\tables\perishability_pre_environment_sensitivity.csv",".csv","0.021","result table","YES/MAYBE - candidate after secret review","False","False"
"outputs\tables\perishability_pre_environment_validation.csv",".csv","0.215","result table","YES/MAYBE - candidate after secret review","False","False"
"outputs\tables\perishability_product_metadata_audit.csv",".csv","0","result table","YES/MAYBE - candidate after secret review","False","False"
"outputs\tables\perishability_product_scenario_assignment.csv",".csv","0.058","result table","YES/MAYBE - candidate after secret review","False","False"
"outputs\tables\perishability_sensitivity_scenario_grid.csv",".csv","0.004","result table","YES/MAYBE - candidate after secret review","False","False"
"outputs\tables\perishability_shelf_life_scenarios.csv",".csv","0.001","result table","YES/MAYBE - candidate after secret review","False","False"
"outputs\tables\perishability_stress_test_grid.csv",".csv","0.001","result table","YES/MAYBE - candidate after secret review","False","False"
"outputs\tables\perishability_sustainability_reward_scenarios.csv",".csv","0.001","result table","YES/MAYBE - candidate after secret review","False","False"
"outputs\tables\perishability_variable_source_registry.csv",".csv","0.003","result table","YES/MAYBE - candidate after secret review","False","False"
"outputs\tables\planning_distillation_leakage_audit.csv",".csv","0","result table","YES/MAYBE - candidate after secret review","False","False"
"outputs\tables\planning_distillation_training_metrics.csv",".csv","0.003","result table","YES/MAYBE - candidate after secret review","False","False"
"outputs\tables\planning_expanded_validation_episode_results.csv",".csv","0.013","result table","YES/MAYBE - candidate after secret review","False","False"
"outputs\tables\planning_expanded_validation_summary.csv",".csv","0.001","result table","YES/MAYBE - candidate after secret review","False","False"
"outputs\tables\planning_locked_task_definition.csv",".csv","0","result table","YES/MAYBE - candidate after secret review","False","False"
"outputs\tables\planning_pairing_audit.csv",".csv","0.003","result table","YES/MAYBE - candidate after secret review","False","False"
"outputs\tables\planning_ppo_baseline_comparison.csv",".csv","0.001","result table","YES/MAYBE - candidate after secret review","False","False"
"outputs\tables\planning_vs_baseline_by_scenario.csv",".csv","0.001","result table","YES/MAYBE - candidate after secret review","False","False"
"outputs\tables\planning_vs_locked_baseline_summary.csv",".csv","0.001","result table","YES/MAYBE - candidate after secret review","False","False"
"outputs\tables\ppo_action_distribution_diagnostics.csv",".csv","0","result table","YES/MAYBE - candidate after secret review","False","False"
"outputs\tables\ppo_baseline_evaluation.csv",".csv","0.002","result table","YES/MAYBE - candidate after secret review","False","False"
"outputs\tables\ppo_checkpoint_action_diagnostics.csv",".csv","0.002","result table","YES/MAYBE - candidate after secret review","False","False"
"outputs\tables\ppo_checkpoint_level_evaluation.csv",".csv","0.083","result table","YES/MAYBE - candidate after secret review","False","False"
"outputs\tables\ppo_checkpoint_missing_artifacts.csv",".csv","0","result table","YES/MAYBE - candidate after secret review","False","False"
"outputs\tables\ppo_checkpoint_model_selection.csv",".csv","0.001","result table","YES/MAYBE - candidate after secret review","False","False"
"outputs\tables\ppo_checkpoint_paired_comparisons.csv",".csv","0.03","result table","YES/MAYBE - candidate after secret review","False","False"
"outputs\tables\ppo_checkpoint_state_dependence.csv",".csv","0.007","result table","YES/MAYBE - candidate after secret review","False","False"
"outputs\tables\ppo_checkpoint_validation_report.json",".json","0.002","result table","YES/MAYBE - candidate after secret review","False","False"
"outputs\tables\ppo_environment_compatibility_audit.csv",".csv","0.001","result table","YES/MAYBE - candidate after secret review","False","False"
"outputs\tables\ppo_episode_level_evaluation.csv",".csv","0.003","result table","YES/MAYBE - candidate after secret review","False","False"
"outputs\tables\ppo_financial_baseline_value_classification.csv",".csv","0","result table","YES/MAYBE - candidate after secret review","False","False"
"outputs\tables\ppo_financial_calibration_transmission.csv",".csv","0.001","result table","YES/MAYBE - candidate after secret review","False","False"
"outputs\tables\ppo_financial_paired_policy_comparisons.csv",".csv","0.007","result table","YES/MAYBE - candidate after secret review","False","False"
"outputs\tables\ppo_financial_paired_validation_episode_level.csv",".csv","0.058","result table","YES/MAYBE - candidate after secret review","False","False"
"outputs\tables\ppo_financial_paired_validation_report.json",".json","0.004","result table","YES/MAYBE - candidate after secret review","False","False"
"outputs\tables\ppo_financial_paired_validation_summary.csv",".csv","0.007","result table","YES/MAYBE - candidate after secret review","False","False"
"outputs\tables\ppo_financial_profit_comparability_audit.csv",".csv","0.003","result table","YES/MAYBE - candidate after secret review","False","False"
"outputs\tables\ppo_financial_profit_waste_tradeoff.csv",".csv","0.001","result table","YES/MAYBE - candidate after secret review","False","False"
"outputs\tables\ppo_financial_state_dependent_actions.csv",".csv","0.005","result table","YES/MAYBE - candidate after secret review","False","False"
"outputs\tables\ppo_hyperparameter_selection.csv",".csv","0.001","result table","YES/MAYBE - candidate after secret review","False","False"
"outputs\tables\ppo_lambda_selection.csv",".csv","0.001","result table","YES/MAYBE - candidate after secret review","False","False"
"outputs\tables\ppo_multimetric_checkpoint_selection.csv",".csv","0.005","result table","YES/MAYBE - candidate after secret review","False","False"
"outputs\tables\ppo_oracle_pairing_audit.csv",".csv","0.027","result table","YES/MAYBE - candidate after secret review","False","False"
"outputs\tables\ppo_oracle_regret_definition_audit.csv",".csv","0.002","result table","YES/MAYBE - candidate after secret review","False","False"
"outputs\tables\ppo_pilot_final_report.json",".json","0.001","result table","YES/MAYBE - candidate after secret review","False","False"
"outputs\tables\ppo_redesign_duplicate_model_audit.csv",".csv","0.002","result table","YES/MAYBE - candidate after secret review","False","False"
"outputs\tables\ppo_redesign_sampling_weights.csv",".csv","0.001","result table","YES/MAYBE - candidate after secret review","False","False"
"outputs\tables\ppo_reward_value_diagnostics.csv",".csv","0","result table","YES/MAYBE - candidate after secret review","False","False"
"outputs\tables\ppo_smoke_final_report.json",".json","0.001","result table","YES/MAYBE - candidate after secret review","False","False"
"outputs\tables\ppo_training_curves.csv",".csv","0.001","result table","YES/MAYBE - candidate after secret review","False","False"
"outputs\tables\ppo_training_design_audit.csv",".csv","0.001","result table","YES/MAYBE - candidate after secret review","False","False"
"outputs\tables\ppo_training_diagnostics.csv",".csv","0.001","result table","YES/MAYBE - candidate after secret review","False","False"
"outputs\tables\ppo_training_redesign_report.json",".json","0.002","result table","YES/MAYBE - candidate after secret review","False","False"
"outputs\tables\ppo_training_redesign_results.csv",".csv","0.004","result table","YES/MAYBE - candidate after secret review","False","False"
"outputs\tables\ppo_training_state_balance_audit.csv",".csv","0.001","result table","YES/MAYBE - candidate after secret review","False","False"
"outputs\tables\pricing_env_accounting_validation.csv",".csv","0","result table","YES/MAYBE - candidate after secret review","False","False"
"outputs\tables\pricing_env_action_effect_audit.csv",".csv","0.014","result table","YES/MAYBE - candidate after secret review","False","False"
"outputs\tables\pricing_env_api_validation.csv",".csv","0","result table","YES/MAYBE - candidate after secret review","False","False"
"outputs\tables\pricing_env_artifact_compatibility_audit.csv",".csv","0.001","result table","YES/MAYBE - candidate after secret review","False","False"
"outputs\tables\pricing_env_calibration_transmission.csv",".csv","0.001","result table","YES/MAYBE - candidate after secret review","False","False"
"outputs\tables\pricing_env_feature_source_audit.csv",".csv","0.003","result table","YES/MAYBE - candidate after secret review","False","False"
"outputs\tables\pricing_env_non_degeneracy_diagnostic.csv",".csv","0","result table","YES/MAYBE - candidate after secret review","False","False"
"outputs\tables\pricing_env_paired_policy_comparison.csv",".csv","0.006","result table","YES/MAYBE - candidate after secret review","False","False"
"outputs\tables\pricing_env_reward_scale_diagnostic.csv",".csv","0.001","result table","YES/MAYBE - candidate after secret review","False","False"
"outputs\tables\pricing_env_rollout_results.csv",".csv","0.026","result table","YES/MAYBE - candidate after secret review","False","False"
"outputs\tables\pricing_env_scenario_sensitivity.csv",".csv","0.028","result table","YES/MAYBE - candidate after secret review","False","False"
"outputs\tables\sustainability_calibration_transmission.csv",".csv","0.001","result table","YES/MAYBE - candidate after secret review","False","False"
"outputs\tables\sustainability_fixed_policy_episode_level.csv",".csv","0.339","result table","YES/MAYBE - candidate after secret review","False","False"
"outputs\tables\sustainability_fixed_policy_evaluation.csv",".csv","0.025","result table","YES/MAYBE - candidate after secret review","False","False"
"outputs\tables\sustainability_lambda_audit.csv",".csv","0.005","result table","YES/MAYBE - candidate after secret review","False","False"
"outputs\tables\sustainability_managerial_policy_summary.csv",".csv","0.004","result table","YES/MAYBE - candidate after secret review","False","False"
"outputs\tables\sustainability_nondominated_policy_set.csv",".csv","0.038","result table","YES/MAYBE - candidate after secret review","False","False"
"outputs\tables\sustainability_opportunity_audit_report.json",".json","0.001","result table","YES/MAYBE - candidate after secret review","False","False"
"outputs\tables\sustainability_profit_waste_tradeoff.csv",".csv","0.026","result table","YES/MAYBE - candidate after secret review","False","False"
"outputs\tables\sustainability_reward_wiring_audit.csv",".csv","0.007","result table","YES/MAYBE - candidate after secret review","False","False"
"outputs\tables\sustainability_scenario_audit.csv",".csv","0.016","result table","YES/MAYBE - candidate after secret review","False","False"
"outputs\tables\sustainability_scenario_selection.csv",".csv","0.001","result table","YES/MAYBE - candidate after secret review","False","False"
"outputs\tables\sustainability_scenario_tradeoff_classification.csv",".csv","0.001","result table","YES/MAYBE - candidate after secret review","False","False"
"outputs\tables\sustainability_selected_tradeoff_scenarios.csv",".csv","0.002","result table","YES/MAYBE - candidate after secret review","False","False"
"outputs\tables\sustainability_tradeoff_analysis_report.json",".json","0.001","result table","YES/MAYBE - candidate after secret review","False","False"
"outputs\tables\sustainability_tradeoff_episode_level.csv",".csv","0.426","result table","YES/MAYBE - candidate after secret review","False","False"
"outputs\tables\sustainability_tradeoff_vs_always_zero.csv",".csv","0.045","result table","YES/MAYBE - candidate after secret review","False","False"
"outputs\tables\sustainability_waste_constrained_policy_selection.csv",".csv","0.013","result table","YES/MAYBE - candidate after secret review","False","False"
"outputs\tables\sustainability_waste_reduction_efficiency.csv",".csv","0.031","result table","YES/MAYBE - candidate after secret review","False","False"
"src\complete_standard_dqn_multiseed.py",".py","0.024","source code","YES/MAYBE - candidate after secret review","False","False"
"src\discount_response.py",".py","0.05","source code","YES/MAYBE - candidate after secret review","False","False"
"src\dqn_statistical_audit_and_ensemble.py",".py","0.023","source code","YES/MAYBE - candidate after secret review","False","False"
"src\evaluate_ppo_checkpoints.py",".py","0.024","source code","YES/MAYBE - candidate after secret review","False","False"
"src\evaluate_ppo_financial_paired_validation.py",".py","0.038","source code","YES/MAYBE - candidate after secret review","False","False"
"src\evaluate_ppo_operational.py",".py","0.019","source code","YES/MAYBE - candidate after secret review","False","False"
"src\final_dqn_ensemble_test_evaluation.py",".py","0.029","source code","YES/MAYBE - candidate after secret review","False","False"
"src\final_model_decision_task_audit.py",".py","0.029","source code","YES/MAYBE - candidate after secret review","False","False"
"src\final_report_figures.py",".py","0.03","source code","YES/MAYBE - candidate after secret review","False","False"
"src\final_validation_locked_model_development.py",".py","0.025","source code","YES/MAYBE - candidate after secret review","False","False"
"src\financial_markdown_opportunity_audit.py",".py","0.029","source code","YES/MAYBE - candidate after secret review","False","False"
"src\freshretail_data_processing.py",".py","0.059","source code","YES/MAYBE - candidate after secret review","False","False"
"src\high_risk_b_planning_distillation.py",".py","0.038","source code","YES/MAYBE - candidate after secret review","False","False"
"src\latent_demand_recovery.py",".py","0.045","source code","YES/MAYBE - candidate after secret review","False","False"
"src\limited_horizon_planning_evaluation.py",".py","0.032","source code","YES/MAYBE - candidate after secret review","False","False"
"src\perishability_scenarios.py",".py","0.048","source code","YES/MAYBE - candidate after secret review","False","False"
"src\ppo_redesign_reporting_integrity_audit.py",".py","0.023","source code","YES/MAYBE - candidate after secret review","False","False"
"src\pricing_env_operational.py",".py","0.035","source code","YES/MAYBE - candidate after secret review","False","False"
"src\sustainability_opportunity_audit.py",".py","0.032","source code","YES/MAYBE - candidate after secret review","False","False"
"src\sustainability_tradeoff_analysis.py",".py","0.033","source code","YES/MAYBE - candidate after secret review","False","False"
"src\train_dqn_high_risk_b.py",".py","0.044","source code","YES/MAYBE - candidate after secret review","False","False"
"src\train_ppo_operational.py",".py","0.035","source code","YES/MAYBE - candidate after secret review","False","False"
"src\train_ppo_recovered_redesign.py",".py","0.034","source code","YES/MAYBE - candidate after secret review","False","False"
"src\validate_pricing_env_operational.py",".py","0.024","source code","YES/MAYBE - candidate after secret review","False","False"
"src\__pycache__\complete_standard_dqn_multiseed.cpython-313.pyc",".pyc","0.034","source code","NO - cache","True","False"
"src\__pycache__\dqn_statistical_audit_and_ensemble.cpython-313.pyc",".pyc","0.034","source code","NO - cache","True","False"
"src\__pycache__\evaluate_ppo_checkpoints.cpython-313.pyc",".pyc","0.031","source code","NO - cache","True","False"
"src\__pycache__\evaluate_ppo_financial_paired_validation.cpython-313.pyc",".pyc","0.046","source code","NO - cache","True","False"
"src\__pycache__\evaluate_ppo_operational.cpython-313.pyc",".pyc","0.023","source code","NO - cache","True","False"
"src\__pycache__\final_report_figures.cpython-313.pyc",".pyc","0.039","source code","NO - cache","True","False"
"src\__pycache__\financial_markdown_opportunity_audit.cpython-313.pyc",".pyc","0.035","source code","NO - cache","True","False"
"src\__pycache__\freshretail_data_processing.cpython-313.pyc",".pyc","0.058","source code","NO - cache","True","False"
"src\__pycache__\high_risk_b_planning_distillation.cpython-313.pyc",".pyc","0.052","source code","NO - cache","True","False"
"src\__pycache__\ppo_redesign_reporting_integrity_audit.cpython-313.pyc",".pyc","0.028","source code","NO - cache","True","False"
"src\__pycache__\pricing_env_operational.cpython-313.pyc",".pyc","0.049","source code","NO - cache","True","False"
"src\__pycache__\sustainability_opportunity_audit.cpython-313.pyc",".pyc","0.034","source code","NO - cache","True","False"
"src\__pycache__\sustainability_tradeoff_analysis.cpython-313.pyc",".pyc","0.039","source code","NO - cache","True","False"
"src\__pycache__\train_dqn_high_risk_b.cpython-313.pyc",".pyc","0.065","source code","NO - cache","True","False"
"src\__pycache__\train_ppo_operational.cpython-313.pyc",".pyc","0.043","source code","NO - cache","True","False"
"src\__pycache__\train_ppo_recovered_redesign.cpython-313.pyc",".pyc","0.044","source code","NO - cache","True","False"
"tests\test_ppo_pipeline_operational.py",".py","0.009","tests","YES/MAYBE - candidate after secret review","False","False"
"tests\test_pricing_env_operational.py",".py","0.006","tests","YES/MAYBE - candidate after secret review","False","False"
"tests\__pycache__\test_ppo_pipeline_operational.cpython-313-pytest-8.4.2.pyc",".pyc","0.039","tests","NO - cache","True","False"
"tests\__pycache__\test_pricing_env_operational.cpython-313-pytest-8.4.2.pyc",".pyc","0.037","tests","NO - cache","True","False"
